destination_port,flow_duration,total_fwd_packets,total_backward_packets,total_length_of_fwd_packets,total_length_of_bwd_packets,fwd_packet_length_max,fwd_packet_length_min,fwd_packet_length_mean,fwd_packet_length_std,bwd_packet_length_max,bwd_packet_length_min,bwd_packet_length_mean,bwd_packet_length_std,flow_bytes_s,flow_packets_s,flow_iat_mean,flow_iat_std,flow_iat_max,flow_iat_min,fwd_iat_total,fwd_iat_mean,fwd_iat_std,fwd_iat_max,fwd_iat_min,bwd_iat_total,bwd_iat_mean,bwd_iat_std,bwd_iat_max,bwd_iat_min,fwd_psh_flags,bwd_psh_flags,fwd_urg_flags,bwd_urg_flags,fwd_header_length,bwd_header_length,fwd_packets_s,bwd_packets_s,min_packet_length,max_packet_length,packet_length_mean,packet_length_std,packet_length_variance,fin_flag_count,syn_flag_count,rst_flag_count,psh_flag_count,ack_flag_count,urg_flag_count,cwe_flag_count,ece_flag_count,down_up_ratio,average_packet_size,avg_fwd_segment_size,avg_bwd_segment_size,fwd_header_length.1,fwd_avg_bytes_bulk,fwd_avg_packets_bulk,fwd_avg_bulk_rate,bwd_avg_bytes_bulk,bwd_avg_packets_bulk,bwd_avg_bulk_rate,subflow_fwd_packets,subflow_fwd_bytes,subflow_bwd_packets,subflow_bwd_bytes,init_win_bytes_forward,init_win_bytes_backward,act_data_pkt_fwd,min_seg_size_forward,active_mean,active_std,active_max,active_min,idle_mean,idle_std,idle_max,idle_min
8080.0,9158.0,3.0,4.0,79.0,220.0,79.0,0.0,26.333334,45.610672,185.0,0.0,55.0,88.223206,32649.05,764.359,1526.3334,2723.075,7064.0,12.0,1163.0,581.5,805.39465,1151.0,12.0,8617.0,2872.3333,3661.36,7064.0,299.0,0.0,0.0,0.0,0.0,104.0,136.0,327.58243,436.77658,0.0,185.0,37.375,66.02583,4359.4106,0.0,0.0,0.0,1.0,0.0,0.0,0.0,0.0,1.0,42.714287,26.333334,55.0,104.0,0.0,0.0,0.0,0.0,0.0,0.0,3.0,79.0,4.0,220.0,64240.0,255.0,1.0,32.0,0.0,0.0,0.0,0.0,0.0,0.0,0.0,0.0
8080.0,13283.0,4.0,4.0,79.0,220.0,79.0,0.0,19.75,39.5,185.0,0.0,55.0,88.223206,22509.975,602.27356,1897.5714,3367.0723,9508.0,319.0,12964.0,4321.3335,5792.095,10968.0,354.0,12173.0,4057.6667,4735.3584,9508.0,953.0,0.0,0.0,0.0,0.0,136.0,136.0,301.13678,301.13678,0.0,185.0,33.22222,63.005512,3969.6943,0.0,0.0,0.0,1.0,0.0,0.0,0.0,0.0,1.0,37.375,19.75,55.0,136.0,0.0,0.0,0.0,0.0,0.0,0.0,4.0,79.0,4.0,220.0,64240.0,255.0,1.0,32.0,0.0,0.0,0.0,0.0,0.0,0.0,0.0,0.0
8080.0,389.0,2.0,0.0,0.0,0.0,0.0,0.0,0.0,0.0,0.0,0.0,0.0,0.0,0.0,5141.388,389.0,0.0,389.0,389.0,389.0,389.0,0.0,389.0,389.0,0.0,0.0,0.0,0.0,0.0,0.0,0.0,0.0,0.0,64.0,0.0,5141.388,0.0,0.0,0.0,0.0,0.0,0.0,0.0,0.0,0.0,0.0,1.0,0.0,0.0,0.0,0.0,0.0,0.0,0.0,64.0,0.0,0.0,0.0,0.0,0.0,0.0,2.0,0.0,0.0,0.0,251.0,-1.0,0.0,32.0,0.0,0.0,0.0,0.0,0.0,0.0,0.0,0.0
8080.0,10310.0,4.0,5.0,79.0,220.0,79.0,0.0,19.75,39.5,185.0,0.0,44.0,80.26518,29000.97,872.9389,1288.75,2012.8777,6193.0,0.0,9021.0,3007.0,3603.5334,7156.0,659.0,9773.0,2443.25,2638.428,6193.0,0.0,0.0,0.0,0.0,0.0,136.0,168.0,387.97284,484.96606,0.0,185.0,29.9,60.32403,3638.9888,0.0,0.0,0.0,1.0,0.0,0.0,0.0,0.0,1.0,33.22222,19.75,44.0,136.0,0.0,0.0,0.0,0.0,0.0,0.0,4.0,79.0,5.0,220.0,64240.0,255.0,1.0,32.0,0.0,0.0,0.0,0.0,0.0,0.0,0.0,0.0
8080.0,9116.0,3.0,4.0,79.0,220.0,79.0,0.0,26.333334,45.610672,185.0,0.0,55.0,88.223206,32799.473,767.8807,1519.3334,2819.7637,7238.0,0.0,1446.0,723.0,1002.6774,1432.0,14.0,8449.0,2816.3333,3876.852,7238.0,0.0,0.0,0.0,0.0,0.0,104.0,136.0,329.0917,438.78894,0.0,185.0,37.375,66.02583,4359.4106,0.0,0.0,0.0,1.0,0.0,0.0,0.0,0.0,1.0,42.714287,26.333334,55.0,104.0,0.0,0.0,0.0,0.0,0.0,0.0,3.0,79.0,4.0,220.0,64240.0,255.0,1.0,32.0,0.0,0.0,0.0,0.0,0.0,0.0,0.0,0.0
8080.0,36.0,2.0,0.0,0.0,0.0,0.0,0.0,0.0,0.0,0.0,0.0,0.0,0.0,0.0,55555.555,36.0,0.0,36.0,36.0,36.0,36.0,0.0,36.0,36.0,0.0,0.0,0.0,0.0,0.0,0.0,0.0,0.0,0.0,64.0,0.0,55555.555,0.0,0.0,0.0,0.0,0.0,0.0,0.0,0.0,0.0,0.0,1.0,0.0,0.0,0.0,0.0,0.0,0.0,0.0,64.0,0.0,0.0,0.0,0.0,0.0,0.0,2.0,0.0,0.0,0.0,251.0,-1.0,0.0,32.0,0.0,0.0,0.0,0.0,0.0,0.0,0.0,0.0
8080.0,177.0,2.0,0.0,0.0,0.0,0.0,0.0,0.0,0.0,0.0,0.0,0.0,0.0,0.0,11299.435,177.0,0.0,177.0,177.0,177.0,177.0,0.0,177.0,177.0,0.0,0.0,0.0,0.0,0.0,0.0,0.0,0.0,0.0,64.0,0.0,11299.435,0.0,0.0,0.0,0.0,0.0,0.0,0.0,0.0,0.0,0.0,1.0,0.0,0.0,0.0,0.0,0.0,0.0,0.0,64.0,0.0,0.0,0.0,0.0,0.0,0.0,2.0,0.0,0.0,0.0,251.0,-1.0,0.0,32.0,0.0,0.0,0.0,0.0,0.0,0.0,0.0,0.0
8080.0,3345.0,3.0,4.0,79.0,220.0,79.0,0.0,26.333334,45.610672,185.0,0.0,55.0,88.223206,89387.15,2092.6755,557.5,537.6091,1631.0,177.0,2397.0,1198.5,611.64734,1631.0,766.0,2981.0,993.6667,1335.6262,2535.0,177.0,0.0,0.0,0.0,0.0,104.0,136.0,896.86096,1195.8147,0.0,185.0,37.375,66.02583,4359.4106,0.0,0.0,0.0,1.0,0.0,0.0,0.0,0.0,1.0,42.714287,26.333334,55.0,104.0,0.0,0.0,0.0,0.0,0.0,0.0,3.0,79.0,4.0,220.0,64240.0,255.0,1.0,32.0,0.0,0.0,0.0,0.0,0.0,0.0,0.0,0.0
8080.0,3358.0,3.0,4.0,79.0,220.0,79.0,0.0,26.333334,45.610672,185.0,0.0,55.0,88.223206,89041.09,2084.5742,559.6667,490.0015,1455.0,0.0,2225.0,1112.5,484.36813,1455.0,770.0,2981.0,993.6667,1184.1927,2304.0,0.0,0.0,0.0,0.0,0.0,104.0,136.0,893.3889,1191.1852,0.0,185.0,37.375,66.02583,4359.4106,0.0,0.0,0.0,1.0,0.0,0.0,0.0,0.0,1.0,42.714287,26.333334,55.0,104.0,0.0,0.0,0.0,0.0,0.0,0.0,3.0,79.0,4.0,220.0,64240.0,255.0,1.0,32.0,0.0,0.0,0.0,0.0,0.0,0.0,0.0,0.0
8080.0,8.0,2.0,0.0,0.0,0.0,0.0,0.0,0.0,0.0,0.0,0.0,0.0,0.0,0.0,250000.0,8.0,0.0,8.0,8.0,8.0,8.0,0.0,8.0,8.0,0.0,0.0,0.0,0.0,0.0,0.0,0.0,0.0,0.0,64.0,0.0,250000.0,0.0,0.0,0.0,0.0,0.0,0.0,0.0,0.0,0.0,0.0,1.0,0.0,0.0,0.0,0.0,0.0,0.0,0.0,64.0,0.0,0.0,0.0,0.0,0.0,0.0,2.0,0.0,0.0,0.0,251.0,-1.0,0.0,32.0,0.0,0.0,0.0,0.0,0.0,0.0,0.0,0.0
8080.0,511.0,2.0,0.0,0.0,0.0,0.0,0.0,0.0,0.0,0.0,0.0,0.0,0.0,0.0,3913.8943,511.0,0.0,511.0,511.0,511.0,511.0,0.0,511.0,511.0,0.0,0.0,0.0,0.0,0.0,0.0,0.0,0.0,0.0,64.0,0.0,3913.8943,0.0,0.0,0.0,0.0,0.0,0.0,0.0,0.0,0.0,0.0,1.0,0.0,0.0,0.0,0.0,0.0,0.0,0.0,64.0,0.0,0.0,0.0,0.0,0.0,0.0,2.0,0.0,0.0,0.0,251.0,-1.0,0.0,32.0,0.0,0.0,0.0,0.0,0.0,0.0,0.0,0.0
8080.0,2901.0,3.0,4.0,79.0,220.0,79.0,0.0,26.333334,45.610672,185.0,0.0,55.0,88.223206,103067.91,2412.961,483.5,392.4379,1159.0,8.0,1026.0,513.0,714.17786,1018.0,8.0,2485.0,828.3333,526.6586,1159.0,221.0,0.0,0.0,0.0,0.0,104.0,136.0,1034.1262,1378.8348,0.0,185.0,37.375,66.02583,4359.4106,0.0,0.0,0.0,1.0,0.0,0.0,0.0,0.0,1.0,42.714287,26.333334,55.0,104.0,0.0,0.0,0.0,0.0,0.0,0.0,3.0,79.0,4.0,220.0,64240.0,255.0,1.0,32.0,0.0,0.0,0.0,0.0,0.0,0.0,0.0,0.0
8080.0,3615.0,3.0,4.0,79.0,220.0,79.0,0.0,26.333334,45.610672,185.0,0.0,55.0,88.223206,82710.93,1936.3762,602.5,673.0699,1891.0,1.0,1300.0,650.0,680.2367,1131.0,169.0,3150.0,1050.0,962.0151,1891.0,1.0,0.0,0.0,0.0,0.0,104.0,136.0,829.8755,1106.5007,0.0,185.0,37.375,66.02583,4359.4106,0.0,0.0,0.0,1.0,0.0,0.0,0.0,0.0,1.0,42.714287,26.333334,55.0,104.0,0.0,0.0,0.0,0.0,0.0,0.0,3.0,79.0,4.0,220.0,64240.0,255.0,1.0,32.0,0.0,0.0,0.0,0.0,0.0,0.0,0.0,0.0
8080.0,110.0,2.0,0.0,0.0,0.0,0.0,0.0,0.0,0.0,0.0,0.0,0.0,0.0,0.0,18181.818,110.0,0.0,110.0,110.0,110.0,110.0,0.0,110.0,110.0,0.0,0.0,0.0,0.0,0.0,0.0,0.0,0.0,0.0,64.0,0.0,18181.818,0.0,0.0,0.0,0.0,0.0,0.0,0.0,0.0,0.0,0.0,1.0,0.0,0.0,0.0,0.0,0.0,0.0,0.0,64.0,0.0,0.0,0.0,0.0,0.0,0.0,2.0,0.0,0.0,0.0,251.0,-1.0,0.0,32.0,0.0,0.0,0.0,0.0,0.0,0.0,0.0,0.0
8080.0,5.0,2.0,0.0,0.0,0.0,0.0,0.0,0.0,0.0,0.0,0.0,0.0,0.0,0.0,400000.0,5.0,0.0,5.0,5.0,5.0,5.0,0.0,5.0,5.0,0.0,0.0,0.0,0.0,0.0,0.0,0.0,0.0,0.0,64.0,0.0,400000.0,0.0,0.0,0.0,0.0,0.0,0.0,0.0,0.0,0.0,0.0,1.0,0.0,0.0,0.0,0.0,0.0,0.0,0.0,64.0,0.0,0.0,0.0,0.0,0.0,0.0,2.0,0.0,0.0,0.0,251.0,-1.0,0.0,32.0,0.0,0.0,0.0,0.0,0.0,0.0,0.0,0.0
8080.0,2306.0,3.0,4.0,79.0,220.0,79.0,0.0,26.333334,45.610672,185.0,0.0,55.0,88.223206,129661.75,3035.5593,384.33334,278.66373,843.0,7.0,755.0,377.5,523.9661,748.0,7.0,1892.0,630.6667,346.34714,843.0,231.0,0.0,0.0,0.0,0.0,104.0,136.0,1300.954,1734.6053,0.0,185.0,37.375,66.02583,4359.4106,0.0,0.0,0.0,1.0,0.0,0.0,0.0,0.0,1.0,42.714287,26.333334,55.0,104.0,0.0,0.0,0.0,0.0,0.0,0.0,3.0,79.0,4.0,220.0,64240.0,255.0,1.0,32.0,0.0,0.0,0.0,0.0,0.0,0.0,0.0,0.0
8080.0,387.0,2.0,0.0,0.0,0.0,0.0,0.0,0.0,0.0,0.0,0.0,0.0,0.0,0.0,5167.9585,387.0,0.0,387.0,387.0,387.0,387.0,0.0,387.0,387.0,0.0,0.0,0.0,0.0,0.0,0.0,0.0,0.0,0.0,64.0,0.0,5167.9585,0.0,0.0,0.0,0.0,0.0,0.0,0.0,0.0,0.0,0.0,1.0,0.0,0.0,0.0,0.0,0.0,0.0,0.0,64.0,0.0,0.0,0.0,0.0,0.0,0.0,2.0,0.0,0.0,0.0,251.0,-1.0,0.0,32.0,0.0,0.0,0.0,0.0,0.0,0.0,0.0,0.0
8080.0,3181.0,3.0,4.0,79.0,220.0,79.0,0.0,26.333334,45.610672,185.0,0.0,55.0,88.223206,93995.6,2200.566,530.1667,721.6701,1941.0,7.0,698.0,349.0,483.66104,691.0,7.0,2812.0,937.3333,967.7605,1941.0,10.0,0.0,0.0,0.0,0.0,104.0,136.0,943.0997,1257.4662,0.0,185.0,37.375,66.02583,4359.4106,0.0,0.0,0.0,1.0,0.0,0.0,0.0,0.0,1.0,42.714287,26.333334,55.0,104.0,0.0,0.0,0.0,0.0,0.0,0.0,3.0,79.0,4.0,220.0,64240.0,255.0,1.0,32.0,0.0,0.0,0.0,0.0,0.0,0.0,0.0,0.0
8080.0,2341.0,3.0,4.0,79.0,220.0,79.0,0.0,26.333334,45.610672,185.0,0.0,55.0,88.223206,127723.195,2990.175,390.16666,289.2137,752.0,0.0,942.0,471.0,456.791,794.0,148.0,1872.0,624.0,612.8238,1225.0,0.0,0.0,0.0,0.0,0.0,104.0,136.0,1281.5037,1708.6715,0.0,185.0,37.375,66.02583,4359.4106,0.0,0.0,0.0,1.0,0.0,0.0,0.0,0.0,1.0,42.714287,26.333334,55.0,104.0,0.0,0.0,0.0,0.0,0.0,0.0,3.0,79.0,4.0,220.0,64240.0,255.0,1.0,32.0,0.0,0.0,0.0,0.0,0.0,0.0,0.0,0.0
8080.0,7.0,2.0,0.0,0.0,0.0,0.0,0.0,0.0,0.0,0.0,0.0,0.0,0.0,0.0,285714.28,7.0,0.0,7.0,7.0,7.0,7.0,0.0,7.0,7.0,0.0,0.0,0.0,0.0,0.0,0.0,0.0,0.0,0.0,64.0,0.0,285714.28,0.0,0.0,0.0,0.0,0.0,0.0,0.0,0.0,0.0,0.0,1.0,0.0,0.0,0.0,0.0,0.0,0.0,0.0,64.0,0.0,0.0,0.0,0.0,0.0,0.0,2.0,0.0,0.0,0.0,251.0,-1.0,0.0,32.0,0.0,0.0,0.0,0.0,0.0,0.0,0.0,0.0
8080.0,154.0,2.0,0.0,0.0,0.0,0.0,0.0,0.0,0.0,0.0,0.0,0.0,0.0,0.0,12987.013,154.0,0.0,154.0,154.0,154.0,154.0,0.0,154.0,154.0,0.0,0.0,0.0,0.0,0.0,0.0,0.0,0.0,0.0,64.0,0.0,12987.013,0.0,0.0,0.0,0.0,0.0,0.0,0.0,0.0,0.0,0.0,1.0,0.0,0.0,0.0,0.0,0.0,0.0,0.0,64.0,0.0,0.0,0.0,0.0,0.0,0.0,2.0,0.0,0.0,0.0,251.0,-1.0,0.0,32.0,0.0,0.0,0.0,0.0,0.0,0.0,0.0,0.0
8080.0,1776.0,3.0,4.0,79.0,220.0,79.0,0.0,26.333334,45.610672,185.0,0.0,55.0,88.223206,168355.86,3941.4414,296.0,194.486,461.0,0.0,911.0,455.5,490.025,802.0,109.0,1315.0,438.33334,439.50464,879.0,0.0,0.0,0.0,0.0,0.0,104.0,136.0,1689.1892,2252.2522,0.0,185.0,37.375,66.02583,4359.4106,0.0,0.0,0.0,1.0,0.0,0.0,0.0,0.0,1.0,42.714287,26.333334,55.0,104.0,0.0,0.0,0.0,0.0,0.0,0.0,3.0,79.0,4.0,220.0,64240.0,255.0,1.0,32.0,0.0,0.0,0.0,0.0,0.0,0.0,0.0,0.0
8080.0,8.0,2.0,0.0,0.0,0.0,0.0,0.0,0.0,0.0,0.0,0.0,0.0,0.0,0.0,250000.0,8.0,0.0,8.0,8.0,8.0,8.0,0.0,8.0,8.0,0.0,0.0,0.0,0.0,0.0,0.0,0.0,0.0,0.0,64.0,0.0,250000.0,0.0,0.0,0.0,0.0,0.0,0.0,0.0,0.0,0.0,0.0,1.0,0.0,0.0,0.0,0.0,0.0,0.0,0.0,64.0,0.0,0.0,0.0,0.0,0.0,0.0,2.0,0.0,0.0,0.0,251.0,-1.0,0.0,32.0,0.0,0.0,0.0,0.0,0.0,0.0,0.0,0.0
8080.0,1866.0,3.0,4.0,79.0,220.0,79.0,0.0,26.333334,45.610672,185.0,0.0,55.0,88.223206,160235.8,3751.3398,311.0,179.1703,560.0,0.0,1232.0,616.0,79.19596,672.0,560.0,1538.0,512.6667,624.37274,1208.0,0.0,0.0,0.0,0.0,0.0,104.0,136.0,1607.717,2143.6228,0.0,185.0,37.375,66.02583,4359.4106,0.0,0.0,0.0,1.0,0.0,0.0,0.0,0.0,1.0,42.714287,26.333334,55.0,104.0,0.0,0.0,0.0,0.0,0.0,0.0,3.0,79.0,4.0,220.0,64240.0,255.0,1.0,32.0,0.0,0.0,0.0,0.0,0.0,0.0,0.0,0.0
8080.0,173.0,2.0,0.0,0.0,0.0,0.0,0.0,0.0,0.0,0.0,0.0,0.0,0.0,0.0,11560.693,173.0,0.0,173.0,173.0,173.0,173.0,0.0,173.0,173.0,0.0,0.0,0.0,0.0,0.0,0.0,0.0,0.0,0.0,64.0,0.0,11560.693,0.0,0.0,0.0,0.0,0.0,0.0,0.0,0.0,0.0,0.0,1.0,0.0,0.0,0.0,0.0,0.0,0.0,0.0,64.0,0.0,0.0,0.0,0.0,0.0,0.0,2.0,0.0,0.0,0.0,251.0,-1.0,0.0,32.0,0.0,0.0,0.0,0.0,0.0,0.0,0.0,0.0
8080.0,2046.0,3.0,4.0,79.0,220.0,79.0,0.0,26.333334,45.610672,185.0,0.0,55.0,88.223206,146138.81,3421.3098,341.0,181.29314,497.0,0.0,1321.0,660.5,231.22392,824.0,497.0,1556.0,518.6667,623.2057,1210.0,0.0,0.0,0.0,0.0,0.0,104.0,136.0,1466.2756,1955.0342,0.0,185.0,37.375,66.02583,4359.4106,0.0,0.0,0.0,1.0,0.0,0.0,0.0,0.0,1.0,42.714287,26.333334,55.0,104.0,0.0,0.0,0.0,0.0,0.0,0.0,3.0,79.0,4.0,220.0,64240.0,255.0,1.0,32.0,0.0,0.0,0.0,0.0,0.0,0.0,0.0,0.0
8080.0,2195.0,3.0,4.0,79.0,220.0,79.0,0.0,26.333334,45.610672,185.0,0.0,55.0,88.223206,136218.67,3189.0662,365.83334,284.48367,693.0,0.0,980.0,490.0,639.22455,942.0,38.0,1654.0,551.3333,495.91565,961.0,0.0,0.0,0.0,0.0,0.0,104.0,136.0,1366.7426,1822.3235,0.0,185.0,37.375,66.02583,4359.4106,0.0,0.0,0.0,1.0,0.0,0.0,0.0,0.0,1.0,42.714287,26.333334,55.0,104.0,0.0,0.0,0.0,0.0,0.0,0.0,3.0,79.0,4.0,220.0,64240.0,255.0,1.0,32.0,0.0,0.0,0.0,0.0,0.0,0.0,0.0,0.0
8080.0,174.0,2.0,0.0,0.0,0.0,0.0,0.0,0.0,0.0,0.0,0.0,0.0,0.0,0.0,11494.253,174.0,0.0,174.0,174.0,174.0,174.0,0.0,174.0,174.0,0.0,0.0,0.0,0.0,0.0,0.0,0.0,0.0,0.0,64.0,0.0,11494.253,0.0,0.0,0.0,0.0,0.0,0.0,0.0,0.0,0.0,0.0,1.0,0.0,0.0,0.0,0.0,0.0,0.0,0.0,64.0,0.0,0.0,0.0,0.0,0.0,0.0,2.0,0.0,0.0,0.0,251.0,-1.0,0.0,32.0,0.0,0.0,0.0,0.0,0.0,0.0,0.0,0.0
8080.0,319.0,2.0,0.0,0.0,0.0,0.0,0.0,0.0,0.0,0.0,0.0,0.0,0.0,0.0,6269.5923,319.0,0.0,319.0,319.0,319.0,319.0,0.0,319.0,319.0,0.0,0.0,0.0,0.0,0.0,0.0,0.0,0.0,0.0,64.0,0.0,6269.5923,0.0,0.0,0.0,0.0,0.0,0.0,0.0,0.0,0.0,0.0,1.0,0.0,0.0,0.0,0.0,0.0,0.0,0.0,64.0,0.0,0.0,0.0,0.0,0.0,0.0,2.0,0.0,0.0,0.0,251.0,-1.0,0.0,32.0,0.0,0.0,0.0,0.0,0.0,0.0,0.0,0.0
8080.0,1670.0,3.0,4.0,79.0,220.0,79.0,0.0,26.333334,45.610672,185.0,0.0,55.0,88.223206,179041.92,4191.6167,278.33334,160.24939,487.0,0.0,1015.0,507.5,28.991379,528.0,487.0,1433.0,477.66666,555.33264,1087.0,0.0,0.0,0.0,0.0,0.0,104.0,136.0,1796.4072,2395.2095,0.0,185.0,37.375,66.02583,4359.4106,0.0,0.0,0.0,1.0,0.0,0.0,0.0,0.0,1.0,42.714287,26.333334,55.0,104.0,0.0,0.0,0.0,0.0,0.0,0.0,3.0,79.0,4.0,220.0,64240.0,255.0,1.0,32.0,0.0,0.0,0.0,0.0,0.0,0.0,0.0,0.0
8080.0,7.0,2.0,0.0,0.0,0.0,0.0,0.0,0.0,0.0,0.0,0.0,0.0,0.0,0.0,285714.28,7.0,0.0,7.0,7.0,7.0,7.0,0.0,7.0,7.0,0.0,0.0,0.0,0.0,0.0,0.0,0.0,0.0,0.0,64.0,0.0,285714.28,0.0,0.0,0.0,0.0,0.0,0.0,0.0,0.0,0.0,0.0,1.0,0.0,0.0,0.0,0.0,0.0,0.0,0.0,64.0,0.0,0.0,0.0,0.0,0.0,0.0,2.0,0.0,0.0,0.0,251.0,-1.0,0.0,32.0,0.0,0.0,0.0,0.0,0.0,0.0,0.0,0.0
8080.0,2477.0,3.0,4.0,79.0,220.0,79.0,0.0,26.333334,45.610672,185.0,0.0,55.0,88.223206,120710.54,2825.9993,412.83334,551.45966,1518.0,0.0,2037.0,1018.5,706.39966,1518.0,519.0,2253.0,751.0,1155.8464,2082.0,0.0,0.0,0.0,0.0,0.0,104.0,136.0,1211.1425,1614.8567,0.0,185.0,37.375,66.02583,4359.4106,0.0,0.0,0.0,1.0,0.0,0.0,0.0,0.0,1.0,42.714287,26.333334,55.0,104.0,0.0,0.0,0.0,0.0,0.0,0.0,3.0,79.0,4.0,220.0,64240.0,255.0,1.0,32.0,0.0,0.0,0.0,0.0,0.0,0.0,0.0,0.0
8080.0,103.0,2.0,0.0,0.0,0.0,0.0,0.0,0.0,0.0,0.0,0.0,0.0,0.0,0.0,19417.477,103.0,0.0,103.0,103.0,103.0,103.0,0.0,103.0,103.0,0.0,0.0,0.0,0.0,0.0,0.0,0.0,0.0,0.0,64.0,0.0,19417.477,0.0,0.0,0.0,0.0,0.0,0.0,0.0,0.0,0.0,0.0,1.0,0.0,0.0,0.0,0.0,0.0,0.0,0.0,64.0,0.0,0.0,0.0,0.0,0.0,0.0,2.0,0.0,0.0,0.0,251.0,-1.0,0.0,32.0,0.0,0.0,0.0,0.0,0.0,0.0,0.0,0.0
8080.0,1657.0,3.0,4.0,79.0,220.0,79.0,0.0,26.333334,45.610672,185.0,0.0,55.0,88.223206,180446.6,4224.502,276.16666,243.55157,700.0,0.0,1274.0,637.0,89.09545,700.0,574.0,1390.0,463.33334,735.1628,1311.0,0.0,0.0,0.0,0.0,0.0,104.0,136.0,1810.5009,2414.0012,0.0,185.0,37.375,66.02583,4359.4106,0.0,0.0,0.0,1.0,0.0,0.0,0.0,0.0,1.0,42.714287,26.333334,55.0,104.0,0.0,0.0,0.0,0.0,0.0,0.0,3.0,79.0,4.0,220.0,64240.0,255.0,1.0,32.0,0.0,0.0,0.0,0.0,0.0,0.0,0.0,0.0
8080.0,100.0,2.0,0.0,0.0,0.0,0.0,0.0,0.0,0.0,0.0,0.0,0.0,0.0,0.0,20000.0,100.0,0.0,100.0,100.0,100.0,100.0,0.0,100.0,100.0,0.0,0.0,0.0,0.0,0.0,0.0,0.0,0.0,0.0,64.0,0.0,20000.0,0.0,0.0,0.0,0.0,0.0,0.0,0.0,0.0,0.0,0.0,1.0,0.0,0.0,0.0,0.0,0.0,0.0,0.0,64.0,0.0,0.0,0.0,0.0,0.0,0.0,2.0,0.0,0.0,0.0,251.0,-1.0,0.0,32.0,0.0,0.0,0.0,0.0,0.0,0.0,0.0,0.0
8080.0,2254.0,3.0,4.0,79.0,220.0,79.0,0.0,26.333334,45.610672,185.0,0.0,55.0,88.223206,132653.06,3105.59,375.66666,250.92603,660.0,0.0,1318.0,659.0,49.497475,694.0,624.0,2006.0,668.6667,673.0419,1346.0,0.0,0.0,0.0,0.0,0.0,104.0,136.0,1330.9672,1774.6229,0.0,185.0,37.375,66.02583,4359.4106,0.0,0.0,0.0,1.0,0.0,0.0,0.0,0.0,1.0,42.714287,26.333334,55.0,104.0,0.0,0.0,0.0,0.0,0.0,0.0,3.0,79.0,4.0,220.0,64240.0,255.0,1.0,32.0,0.0,0.0,0.0,0.0,0.0,0.0,0.0,0.0
8080.0,16.0,2.0,0.0,0.0,0.0,0.0,0.0,0.0,0.0,0.0,0.0,0.0,0.0,0.0,125000.0,16.0,0.0,16.0,16.0,16.0,16.0,0.0,16.0,16.0,0.0,0.0,0.0,0.0,0.0,0.0,0.0,0.0,0.0,64.0,0.0,125000.0,0.0,0.0,0.0,0.0,0.0,0.0,0.0,0.0,0.0,0.0,1.0,0.0,0.0,0.0,0.0,0.0,0.0,0.0,64.0,0.0,0.0,0.0,0.0,0.0,0.0,2.0,0.0,0.0,0.0,251.0,-1.0,0.0,32.0,0.0,0.0,0.0,0.0,0.0,0.0,0.0,0.0
8080.0,2175.0,3.0,4.0,79.0,220.0,79.0,0.0,26.333334,45.610672,185.0,0.0,55.0,88.223206,137471.27,3218.3909,362.5,244.93816,840.0,143.0,820.0,410.0,377.59503,677.0,143.0,1853.0,617.6667,318.33368,840.0,253.0,0.0,0.0,0.0,0.0,104.0,136.0,1379.3103,1839.0804,0.0,185.0,37.375,66.02583,4359.4106,0.0,0.0,0.0,1.0,0.0,0.0,0.0,0.0,1.0,42.714287,26.333334,55.0,104.0,0.0,0.0,0.0,0.0,0.0,0.0,3.0,79.0,4.0,220.0,64240.0,255.0,1.0,32.0,0.0,0.0,0.0,0.0,0.0,0.0,0.0,0.0
8080.0,2186.0,3.0,4.0,79.0,220.0,79.0,0.0,26.333334,45.610672,185.0,0.0,55.0,88.223206,136779.5,3202.1958,364.33334,398.71225,1093.0,0.0,689.0,344.5,478.7113,683.0,6.0,1853.0,617.6667,560.2288,1093.0,0.0,0.0,0.0,0.0,0.0,104.0,136.0,1372.3696,1829.8262,0.0,185.0,37.375,66.02583,4359.4106,0.0,0.0,0.0,1.0,0.0,0.0,0.0,0.0,1.0,42.714287,26.333334,55.0,104.0,0.0,0.0,0.0,0.0,0.0,0.0,3.0,79.0,4.0,220.0,64240.0,255.0,1.0,32.0,0.0,0.0,0.0,0.0,0.0,0.0,0.0,0.0
8080.0,182.0,2.0,0.0,0.0,0.0,0.0,0.0,0.0,0.0,0.0,0.0,0.0,0.0,0.0,10989.011,182.0,0.0,182.0,182.0,182.0,182.0,0.0,182.0,182.0,0.0,0.0,0.0,0.0,0.0,0.0,0.0,0.0,0.0,64.0,0.0,10989.011,0.0,0.0,0.0,0.0,0.0,0.0,0.0,0.0,0.0,0.0,1.0,0.0,0.0,0.0,0.0,0.0,0.0,0.0,64.0,0.0,0.0,0.0,0.0,0.0,0.0,2.0,0.0,0.0,0.0,251.0,-1.0,0.0,32.0,0.0,0.0,0.0,0.0,0.0,0.0,0.0,0.0
8080.0,649.0,2.0,0.0,0.0,0.0,0.0,0.0,0.0,0.0,0.0,0.0,0.0,0.0,0.0,3081.664,649.0,0.0,649.0,649.0,649.0,649.0,0.0,649.0,649.0,0.0,0.0,0.0,0.0,0.0,0.0,0.0,0.0,0.0,64.0,0.0,3081.664,0.0,0.0,0.0,0.0,0.0,0.0,0.0,0.0,0.0,0.0,1.0,0.0,0.0,0.0,0.0,0.0,0.0,0.0,64.0,0.0,0.0,0.0,0.0,0.0,0.0,2.0,0.0,0.0,0.0,251.0,-1.0,0.0,32.0,0.0,0.0,0.0,0.0,0.0,0.0,0.0,0.0
8080.0,1642.0,3.0,4.0,79.0,220.0,79.0,0.0,26.333334,45.610672,185.0,0.0,55.0,88.223206,182095.0,4263.0938,273.66666,185.21088,559.0,0.0,1196.0,598.0,55.154327,637.0,559.0,1334.0,444.66666,629.52386,1165.0,0.0,0.0,0.0,0.0,0.0,104.0,136.0,1827.0402,2436.0537,0.0,185.0,37.375,66.02583,4359.4106,0.0,0.0,0.0,1.0,0.0,0.0,0.0,0.0,1.0,42.714287,26.333334,55.0,104.0,0.0,0.0,0.0,0.0,0.0,0.0,3.0,79.0,4.0,220.0,64240.0,255.0,1.0,32.0,0.0,0.0,0.0,0.0,0.0,0.0,0.0,0.0
8080.0,4.0,2.0,0.0,0.0,0.0,0.0,0.0,0.0,0.0,0.0,0.0,0.0,0.0,0.0,500000.0,4.0,0.0,4.0,4.0,4.0,4.0,0.0,4.0,4.0,0.0,0.0,0.0,0.0,0.0,0.0,0.0,0.0,0.0,64.0,0.0,500000.0,0.0,0.0,0.0,0.0,0.0,0.0,0.0,0.0,0.0,0.0,1.0,0.0,0.0,0.0,0.0,0.0,0.0,0.0,64.0,0.0,0.0,0.0,0.0,0.0,0.0,2.0,0.0,0.0,0.0,251.0,-1.0,0.0,32.0,0.0,0.0,0.0,0.0,0.0,0.0,0.0,0.0
8080.0,1878.0,3.0,4.0,79.0,220.0,79.0,0.0,26.333334,45.610672,185.0,0.0,55.0,88.223206,159211.92,3727.3696,313.0,232.72043,683.0,5.0,734.0,367.0,511.9453,729.0,5.0,1501.0,500.33334,319.8583,687.0,131.0,0.0,0.0,0.0,0.0,104.0,136.0,1597.4441,2129.9255,0.0,185.0,37.375,66.02583,4359.4106,0.0,0.0,0.0,1.0,0.0,0.0,0.0,0.0,1.0,42.714287,26.333334,55.0,104.0,0.0,0.0,0.0,0.0,0.0,0.0,3.0,79.0,4.0,220.0,64240.0,255.0,1.0,32.0,0.0,0.0,0.0,0.0,0.0,0.0,0.0,0.0
8080.0,2666.0,4.0,5.0,79.0,220.0,79.0,0.0,19.75,39.5,185.0,0.0,44.0,80.26518,112153.04,3375.844,333.25,244.33452,727.0,1.0,1938.0,646.0,565.52014,1082.0,7.0,2256.0,564.0,433.57968,1025.0,1.0,0.0,0.0,0.0,0.0,136.0,168.0,1500.3751,1875.4689,0.0,185.0,29.9,60.32403,3638.9888,0.0,0.0,0.0,1.0,0.0,0.0,0.0,0.0,1.0,33.22222,19.75,44.0,136.0,0.0,0.0,0.0,0.0,0.0,0.0,4.0,79.0,5.0,220.0,64240.0,255.0,1.0,32.0,0.0,0.0,0.0,0.0,0.0,0.0,0.0,0.0
8080.0,287.0,2.0,0.0,0.0,0.0,0.0,0.0,0.0,0.0,0.0,0.0,0.0,0.0,0.0,6968.641,287.0,0.0,287.0,287.0,287.0,287.0,0.0,287.0,287.0,0.0,0.0,0.0,0.0,0.0,0.0,0.0,0.0,0.0,64.0,0.0,6968.641,0.0,0.0,0.0,0.0,0.0,0.0,0.0,0.0,0.0,0.0,1.0,0.0,0.0,0.0,0.0,0.0,0.0,0.0,64.0,0.0,0.0,0.0,0.0,0.0,0.0,2.0,0.0,0.0,0.0,251.0,-1.0,0.0,32.0,0.0,0.0,0.0,0.0,0.0,0.0,0.0,0.0
8080.0,7.0,2.0,0.0,0.0,0.0,0.0,0.0,0.0,0.0,0.0,0.0,0.0,0.0,0.0,285714.28,7.0,0.0,7.0,7.0,7.0,7.0,0.0,7.0,7.0,0.0,0.0,0.0,0.0,0.0,0.0,0.0,0.0,0.0,64.0,0.0,285714.28,0.0,0.0,0.0,0.0,0.0,0.0,0.0,0.0,0.0,0.0,1.0,0.0,0.0,0.0,0.0,0.0,0.0,0.0,64.0,0.0,0.0,0.0,0.0,0.0,0.0,2.0,0.0,0.0,0.0,251.0,-1.0,0.0,32.0,0.0,0.0,0.0,0.0,0.0,0.0,0.0,0.0
8080.0,1973.0,3.0,4.0,79.0,220.0,79.0,0.0,26.333334,45.610672,185.0,0.0,55.0,88.223206,151545.88,3547.8965,328.83334,353.52704,1006.0,0.0,766.0,383.0,360.62445,638.0,128.0,1628.0,542.6667,507.6705,1006.0,0.0,0.0,0.0,0.0,0.0,104.0,136.0,1520.5271,2027.3695,0.0,185.0,37.375,66.02583,4359.4106,0.0,0.0,0.0,1.0,0.0,0.0,0.0,0.0,1.0,42.714287,26.333334,55.0,104.0,0.0,0.0,0.0,0.0,0.0,0.0,3.0,79.0,4.0,220.0,64240.0,255.0,1.0,32.0,0.0,0.0,0.0,0.0,0.0,0.0,0.0,0.0
8080.0,8.0,2.0,0.0,0.0,0.0,0.0,0.0,0.0,0.0,0.0,0.0,0.0,0.0,0.0,250000.0,8.0,0.0,8.0,8.0,8.0,8.0,0.0,8.0,8.0,0.0,0.0,0.0,0.0,0.0,0.0,0.0,0.0,0.0,64.0,0.0,250000.0,0.0,0.0,0.0,0.0,0.0,0.0,0.0,0.0,0.0,0.0,1.0,0.0,0.0,0.0,0.0,0.0,0.0,0.0,64.0,0.0,0.0,0.0,0.0,0.0,0.0,2.0,0.0,0.0,0.0,251.0,-1.0,0.0,32.0,0.0,0.0,0.0,0.0,0.0,0.0,0.0,0.0
8080.0,1287.0,3.0,4.0,79.0,220.0,79.0,0.0,26.333334,45.610672,185.0,0.0,55.0,88.223206,232323.23,5439.0054,214.5,105.4699,339.0,26.0,603.0,301.5,389.61584,577.0,26.0,1049.0,349.66666,252.33377,641.0,200.0,0.0,0.0,0.0,0.0,104.0,136.0,2331.0024,3108.0032,0.0,185.0,37.375,66.02583,4359.4106,0.0,0.0,0.0,1.0,0.0,0.0,0.0,0.0,1.0,42.714287,26.333334,55.0,104.0,0.0,0.0,0.0,0.0,0.0,0.0,3.0,79.0,4.0,220.0,64240.0,255.0,1.0,32.0,0.0,0.0,0.0,0.0,0.0,0.0,0.0,0.0
8080.0,190.0,2.0,0.0,0.0,0.0,0.0,0.0,0.0,0.0,0.0,0.0,0.0,0.0,0.0,10526.315,190.0,0.0,190.0,190.0,190.0,190.0,0.0,190.0,190.0,0.0,0.0,0.0,0.0,0.0,0.0,0.0,0.0,0.0,64.0,0.0,10526.315,0.0,0.0,0.0,0.0,0.0,0.0,0.0,0.0,0.0,0.0,1.0,0.0,0.0,0.0,0.0,0.0,0.0,0.0,64.0,0.0,0.0,0.0,0.0,0.0,0.0,2.0,0.0,0.0,0.0,251.0,-1.0,0.0,32.0,0.0,0.0,0.0,0.0,0.0,0.0,0.0,0.0
8080.0,1721.0,3.0,4.0,79.0,220.0,79.0,0.0,26.333334,45.610672,185.0,0.0,55.0,88.223206,173736.2,4067.4026,286.83334,251.51813,599.0,0.0,892.0,446.0,618.01135,883.0,9.0,1215.0,405.0,350.84326,616.0,0.0,0.0,0.0,0.0,0.0,104.0,136.0,1743.1726,2324.23,0.0,185.0,37.375,66.02583,4359.4106,0.0,0.0,0.0,1.0,0.0,0.0,0.0,0.0,1.0,42.714287,26.333334,55.0,104.0,0.0,0.0,0.0,0.0,0.0,0.0,3.0,79.0,4.0,220.0,64240.0,255.0,1.0,32.0,0.0,0.0,0.0,0.0,0.0,0.0,0.0,0.0
8080.0,4.0,2.0,0.0,0.0,0.0,0.0,0.0,0.0,0.0,0.0,0.0,0.0,0.0,0.0,500000.0,4.0,0.0,4.0,4.0,4.0,4.0,0.0,4.0,4.0,0.0,0.0,0.0,0.0,0.0,0.0,0.0,0.0,0.0,64.0,0.0,500000.0,0.0,0.0,0.0,0.0,0.0,0.0,0.0,0.0,0.0,0.0,1.0,0.0,0.0,0.0,0.0,0.0,0.0,0.0,64.0,0.0,0.0,0.0,0.0,0.0,0.0,2.0,0.0,0.0,0.0,251.0,-1.0,0.0,32.0,0.0,0.0,0.0,0.0,0.0,0.0,0.0,0.0
8080.0,1412.0,3.0,4.0,79.0,220.0,79.0,0.0,26.333334,45.610672,185.0,0.0,55.0,88.223206,211756.38,4957.5073,235.33333,181.43723,378.0,0.0,700.0,350.0,487.9037,695.0,5.0,1034.0,344.66666,340.57648,681.0,0.0,0.0,0.0,0.0,0.0,104.0,136.0,2124.646,2832.861,0.0,185.0,37.375,66.02583,4359.4106,0.0,0.0,0.0,1.0,0.0,0.0,0.0,0.0,1.0,42.714287,26.333334,55.0,104.0,0.0,0.0,0.0,0.0,0.0,0.0,3.0,79.0,4.0,220.0,64240.0,255.0,1.0,32.0,0.0,0.0,0.0,0.0,0.0,0.0,0.0,0.0
8080.0,2590.0,3.0,4.0,79.0,220.0,79.0,0.0,26.333334,45.610672,185.0,0.0,55.0,88.223206,115444.016,2702.7026,431.66666,417.8831,1220.0,1.0,856.0,428.0,603.8692,855.0,1.0,2119.0,706.3333,474.98666,1220.0,283.0,0.0,0.0,0.0,0.0,104.0,136.0,1158.3011,1544.4015,0.0,185.0,37.375,66.02583,4359.4106,0.0,0.0,0.0,1.0,0.0,0.0,0.0,0.0,1.0,42.714287,26.333334,55.0,104.0,0.0,0.0,0.0,0.0,0.0,0.0,3.0,79.0,4.0,220.0,64240.0,255.0,1.0,32.0,0.0,0.0,0.0,0.0,0.0,0.0,0.0,0.0
8080.0,1.0,2.0,0.0,0.0,0.0,0.0,0.0,0.0,0.0,0.0,0.0,0.0,0.0,0.0,2e+06,1.0,0.0,1.0,1.0,1.0,1.0,0.0,1.0,1.0,0.0,0.0,0.0,0.0,0.0,0.0,0.0,0.0,0.0,64.0,0.0,2e+06,0.0,0.0,0.0,0.0,0.0,0.0,0.0,0.0,0.0,0.0,1.0,0.0,0.0,0.0,0.0,0.0,0.0,0.0,64.0,0.0,0.0,0.0,0.0,0.0,0.0,2.0,0.0,0.0,0.0,251.0,-1.0,0.0,32.0,0.0,0.0,0.0,0.0,0.0,0.0,0.0,0.0
8080.0,213.0,2.0,0.0,0.0,0.0,0.0,0.0,0.0,0.0,0.0,0.0,0.0,0.0,0.0,9389.671,213.0,0.0,213.0,213.0,213.0,213.0,0.0,213.0,213.0,0.0,0.0,0.0,0.0,0.0,0.0,0.0,0.0,0.0,64.0,0.0,9389.671,0.0,0.0,0.0,0.0,0.0,0.0,0.0,0.0,0.0,0.0,1.0,0.0,0.0,0.0,0.0,0.0,0.0,0.0,64.0,0.0,0.0,0.0,0.0,0.0,0.0,2.0,0.0,0.0,0.0,251.0,-1.0,0.0,32.0,0.0,0.0,0.0,0.0,0.0,0.0,0.0,0.0
8080.0,1330.0,3.0,4.0,79.0,220.0,79.0,0.0,26.333334,45.610672,185.0,0.0,55.0,88.223206,224812.03,5263.1577,221.66667,179.63815,445.0,0.0,577.0,288.5,399.51532,571.0,6.0,1034.0,344.66666,307.05103,589.0,0.0,0.0,0.0,0.0,0.0,104.0,136.0,2255.6392,3007.5188,0.0,185.0,37.375,66.02583,4359.4106,0.0,0.0,0.0,1.0,0.0,0.0,0.0,0.0,1.0,42.714287,26.333334,55.0,104.0,0.0,0.0,0.0,0.0,0.0,0.0,3.0,79.0,4.0,220.0,64240.0,255.0,1.0,32.0,0.0,0.0,0.0,0.0,0.0,0.0,0.0,0.0
8080.0,0.0,2.0,0.0,0.0,0.0,0.0,0.0,0.0,0.0,0.0,0.0,0.0,0.0,,,0.0,0.0,0.0,0.0,0.0,0.0,0.0,0.0,0.0,0.0,0.0,0.0,0.0,0.0,0.0,0.0,0.0,0.0,64.0,0.0,0.0,0.0,0.0,0.0,0.0,0.0,0.0,0.0,0.0,0.0,0.0,1.0,0.0,0.0,0.0,0.0,0.0,0.0,0.0,64.0,0.0,0.0,0.0,0.0,0.0,0.0,2.0,0.0,0.0,0.0,251.0,-1.0,0.0,32.0,0.0,0.0,0.0,0.0,0.0,0.0,0.0,0.0
8080.0,2362.0,3.0,4.0,79.0,220.0,79.0,0.0,26.333334,45.610672,185.0,0.0,55.0,88.223206,126587.64,2963.59,393.66666,220.82089,609.0,0.0,1361.0,680.5,127.98633,771.0,590.0,2020.0,673.3333,707.6965,1411.0,0.0,0.0,0.0,0.0,0.0,104.0,136.0,1270.1101,1693.4801,0.0,185.0,37.375,66.02583,4359.4106,0.0,0.0,0.0,1.0,0.0,0.0,0.0,0.0,1.0,42.714287,26.333334,55.0,104.0,0.0,0.0,0.0,0.0,0.0,0.0,3.0,79.0,4.0,220.0,64240.0,255.0,1.0,32.0,0.0,0.0,0.0,0.0,0.0,0.0,0.0,0.0
8080.0,2.0,2.0,0.0,0.0,0.0,0.0,0.0,0.0,0.0,0.0,0.0,0.0,0.0,0.0,1e+06,2.0,0.0,2.0,2.0,2.0,2.0,0.0,2.0,2.0,0.0,0.0,0.0,0.0,0.0,0.0,0.0,0.0,0.0,64.0,0.0,1e+06,0.0,0.0,0.0,0.0,0.0,0.0,0.0,0.0,0.0,0.0,1.0,0.0,0.0,0.0,0.0,0.0,0.0,0.0,64.0,0.0,0.0,0.0,0.0,0.0,0.0,2.0,0.0,0.0,0.0,251.0,-1.0,0.0,32.0,0.0,0.0,0.0,0.0,0.0,0.0,0.0,0.0
8080.0,2229.0,4.0,4.0,79.0,220.0,79.0,0.0,19.75,39.5,185.0,0.0,55.0,88.223206,134140.88,3589.0535,318.42856,226.6097,609.0,19.0,2160.0,720.0,641.56604,1278.0,19.0,1942.0,647.3333,309.2868,974.0,359.0,0.0,0.0,0.0,0.0,136.0,136.0,1794.5267,1794.5267,0.0,185.0,33.22222,63.005512,3969.6943,0.0,0.0,0.0,1.0,0.0,0.0,0.0,0.0,1.0,37.375,19.75,55.0,136.0,0.0,0.0,0.0,0.0,0.0,0.0,4.0,79.0,4.0,220.0,64240.0,255.0,1.0,32.0,0.0,0.0,0.0,0.0,0.0,0.0,0.0,0.0
8080.0,1737.0,3.0,4.0,79.0,220.0,79.0,0.0,26.333334,45.610672,185.0,0.0,55.0,88.223206,172135.86,4029.9368,289.5,186.6952,544.0,0.0,1269.0,634.5,127.98633,725.0,544.0,1356.0,452.0,641.3205,1186.0,0.0,0.0,0.0,0.0,0.0,104.0,136.0,1727.1157,2302.821,0.0,185.0,37.375,66.02583,4359.4106,0.0,0.0,0.0,1.0,0.0,0.0,0.0,0.0,1.0,42.714287,26.333334,55.0,104.0,0.0,0.0,0.0,0.0,0.0,0.0,3.0,79.0,4.0,220.0,64240.0,255.0,1.0,32.0,0.0,0.0,0.0,0.0,0.0,0.0,0.0,0.0
8080.0,76.0,2.0,0.0,0.0,0.0,0.0,0.0,0.0,0.0,0.0,0.0,0.0,0.0,0.0,26315.79,76.0,0.0,76.0,76.0,76.0,76.0,0.0,76.0,76.0,0.0,0.0,0.0,0.0,0.0,0.0,0.0,0.0,0.0,64.0,0.0,26315.79,0.0,0.0,0.0,0.0,0.0,0.0,0.0,0.0,0.0,0.0,1.0,0.0,0.0,0.0,0.0,0.0,0.0,0.0,64.0,0.0,0.0,0.0,0.0,0.0,0.0,2.0,0.0,0.0,0.0,251.0,-1.0,0.0,32.0,0.0,0.0,0.0,0.0,0.0,0.0,0.0,0.0
8080.0,1546.0,3.0,4.0,79.0,220.0,79.0,0.0,26.333334,45.610672,185.0,0.0,55.0,88.223206,193402.33,4527.8135,257.66666,216.70686,516.0,0.0,789.0,394.5,549.422,783.0,6.0,1121.0,373.66666,326.65018,605.0,0.0,0.0,0.0,0.0,0.0,104.0,136.0,1940.4916,2587.322,0.0,185.0,37.375,66.02583,4359.4106,0.0,0.0,0.0,1.0,0.0,0.0,0.0,0.0,1.0,42.714287,26.333334,55.0,104.0,0.0,0.0,0.0,0.0,0.0,0.0,3.0,79.0,4.0,220.0,64240.0,255.0,1.0,32.0,0.0,0.0,0.0,0.0,0.0,0.0,0.0,0.0
8080.0,196.0,2.0,0.0,0.0,0.0,0.0,0.0,0.0,0.0,0.0,0.0,0.0,0.0,0.0,10204.082,196.0,0.0,196.0,196.0,196.0,196.0,0.0,196.0,196.0,0.0,0.0,0.0,0.0,0.0,0.0,0.0,0.0,0.0,64.0,0.0,10204.082,0.0,0.0,0.0,0.0,0.0,0.0,0.0,0.0,0.0,0.0,1.0,0.0,0.0,0.0,0.0,0.0,0.0,0.0,64.0,0.0,0.0,0.0,0.0,0.0,0.0,2.0,0.0,0.0,0.0,251.0,-1.0,0.0,32.0,0.0,0.0,0.0,0.0,0.0,0.0,0.0,0.0
8080.0,1450.0,3.0,4.0,79.0,220.0,79.0,0.0,26.333334,45.610672,185.0,0.0,55.0,88.223206,206206.89,4827.5864,241.66667,144.27289,361.0,0.0,737.0,368.5,311.83408,589.0,148.0,1106.0,368.66666,377.2762,754.0,0.0,0.0,0.0,0.0,0.0,104.0,136.0,2068.9656,2758.6206,0.0,185.0,37.375,66.02583,4359.4106,0.0,0.0,0.0,1.0,0.0,0.0,0.0,0.0,1.0,42.714287,26.333334,55.0,104.0,0.0,0.0,0.0,0.0,0.0,0.0,3.0,79.0,4.0,220.0,64240.0,255.0,1.0,32.0,0.0,0.0,0.0,0.0,0.0,0.0,0.0,0.0
8080.0,1709.0,3.0,4.0,79.0,220.0,79.0,0.0,26.333334,45.610672,185.0,0.0,55.0,88.223206,174956.11,4095.9626,284.83334,175.1701,495.0,0.0,1137.0,568.5,103.944695,642.0,495.0,1284.0,428.0,545.33295,1042.0,0.0,0.0,0.0,0.0,0.0,104.0,136.0,1755.4125,2340.55,0.0,185.0,37.375,66.02583,4359.4106,0.0,0.0,0.0,1.0,0.0,0.0,0.0,0.0,1.0,42.714287,26.333334,55.0,104.0,0.0,0.0,0.0,0.0,0.0,0.0,3.0,79.0,4.0,220.0,64240.0,255.0,1.0,32.0,0.0,0.0,0.0,0.0,0.0,0.0,0.0,0.0
8080.0,8.0,2.0,0.0,0.0,0.0,0.0,0.0,0.0,0.0,0.0,0.0,0.0,0.0,0.0,250000.0,8.0,0.0,8.0,8.0,8.0,8.0,0.0,8.0,8.0,0.0,0.0,0.0,0.0,0.0,0.0,0.0,0.0,0.0,64.0,0.0,250000.0,0.0,0.0,0.0,0.0,0.0,0.0,0.0,0.0,0.0,0.0,1.0,0.0,0.0,0.0,0.0,0.0,0.0,0.0,64.0,0.0,0.0,0.0,0.0,0.0,0.0,2.0,0.0,0.0,0.0,251.0,-1.0,0.0,32.0,0.0,0.0,0.0,0.0,0.0,0.0,0.0,0.0
8080.0,1093.0,2.0,0.0,0.0,0.0,0.0,0.0,0.0,0.0,0.0,0.0,0.0,0.0,0.0,1829.8262,1093.0,0.0,1093.0,1093.0,1093.0,1093.0,0.0,1093.0,1093.0,0.0,0.0,0.0,0.0,0.0,0.0,0.0,0.0,0.0,64.0,0.0,1829.8262,0.0,0.0,0.0,0.0,0.0,0.0,0.0,0.0,0.0,0.0,1.0,0.0,0.0,0.0,0.0,0.0,0.0,0.0,64.0,0.0,0.0,0.0,0.0,0.0,0.0,2.0,0.0,0.0,0.0,251.0,-1.0,0.0,32.0,0.0,0.0,0.0,0.0,0.0,0.0,0.0,0.0
8080.0,1260.0,3.0,4.0,79.0,220.0,79.0,0.0,26.333334,45.610672,185.0,0.0,55.0,88.223206,237301.6,5555.5557,210.0,124.872734,301.0,0.0,862.0,431.0,229.1026,593.0,269.0,959.0,319.66666,460.1047,847.0,0.0,0.0,0.0,0.0,0.0,104.0,136.0,2380.9524,3174.6033,0.0,185.0,37.375,66.02583,4359.4106,0.0,0.0,0.0,1.0,0.0,0.0,0.0,0.0,1.0,42.714287,26.333334,55.0,104.0,0.0,0.0,0.0,0.0,0.0,0.0,3.0,79.0,4.0,220.0,64240.0,255.0,1.0,32.0,0.0,0.0,0.0,0.0,0.0,0.0,0.0,0.0
8080.0,6.0,2.0,0.0,0.0,0.0,0.0,0.0,0.0,0.0,0.0,0.0,0.0,0.0,0.0,333333.34,6.0,0.0,6.0,6.0,6.0,6.0,0.0,6.0,6.0,0.0,0.0,0.0,0.0,0.0,0.0,0.0,0.0,0.0,64.0,0.0,333333.34,0.0,0.0,0.0,0.0,0.0,0.0,0.0,0.0,0.0,0.0,1.0,0.0,0.0,0.0,0.0,0.0,0.0,0.0,64.0,0.0,0.0,0.0,0.0,0.0,0.0,2.0,0.0,0.0,0.0,251.0,-1.0,0.0,32.0,0.0,0.0,0.0,0.0,0.0,0.0,0.0,0.0
8080.0,1167.0,3.0,4.0,79.0,220.0,79.0,0.0,26.333334,45.610672,185.0,0.0,55.0,88.223206,256212.52,5998.286,194.5,158.16289,414.0,0.0,530.0,265.0,347.89655,511.0,19.0,909.0,303.0,265.51273,495.0,0.0,0.0,0.0,0.0,0.0,104.0,136.0,2570.694,3427.592,0.0,185.0,37.375,66.02583,4359.4106,0.0,0.0,0.0,1.0,0.0,0.0,0.0,0.0,1.0,42.714287,26.333334,55.0,104.0,0.0,0.0,0.0,0.0,0.0,0.0,3.0,79.0,4.0,220.0,64240.0,255.0,1.0,32.0,0.0,0.0,0.0,0.0,0.0,0.0,0.0,0.0
8080.0,5.0,2.0,0.0,0.0,0.0,0.0,0.0,0.0,0.0,0.0,0.0,0.0,0.0,0.0,400000.0,5.0,0.0,5.0,5.0,5.0,5.0,0.0,5.0,5.0,0.0,0.0,0.0,0.0,0.0,0.0,0.0,0.0,0.0,64.0,0.0,400000.0,0.0,0.0,0.0,0.0,0.0,0.0,0.0,0.0,0.0,0.0,1.0,0.0,0.0,0.0,0.0,0.0,0.0,0.0,64.0,0.0,0.0,0.0,0.0,0.0,0.0,2.0,0.0,0.0,0.0,251.0,-1.0,0.0,32.0,0.0,0.0,0.0,0.0,0.0,0.0,0.0,0.0
8080.0,1357.0,3.0,4.0,79.0,220.0,79.0,0.0,26.333334,45.610672,185.0,0.0,55.0,88.223206,220338.98,5158.4375,226.16667,152.36852,358.0,0.0,779.0,389.5,450.42703,708.0,71.0,1007.0,335.66666,367.90533,729.0,0.0,0.0,0.0,0.0,0.0,104.0,136.0,2210.759,2947.6787,0.0,185.0,37.375,66.02583,4359.4106,0.0,0.0,0.0,1.0,0.0,0.0,0.0,0.0,1.0,42.714287,26.333334,55.0,104.0,0.0,0.0,0.0,0.0,0.0,0.0,3.0,79.0,4.0,220.0,64240.0,255.0,1.0,32.0,0.0,0.0,0.0,0.0,0.0,0.0,0.0,0.0
8080.0,4.0,2.0,0.0,0.0,0.0,0.0,0.0,0.0,0.0,0.0,0.0,0.0,0.0,0.0,500000.0,4.0,0.0,4.0,4.0,4.0,4.0,0.0,4.0,4.0,0.0,0.0,0.0,0.0,0.0,0.0,0.0,0.0,0.0,64.0,0.0,500000.0,0.0,0.0,0.0,0.0,0.0,0.0,0.0,0.0,0.0,0.0,1.0,0.0,0.0,0.0,0.0,0.0,0.0,0.0,64.0,0.0,0.0,0.0,0.0,0.0,0.0,2.0,0.0,0.0,0.0,251.0,-1.0,0.0,32.0,0.0,0.0,0.0,0.0,0.0,0.0,0.0,0.0
8080.0,1513.0,3.0,4.0,79.0,220.0,79.0,0.0,26.333334,45.610672,185.0,0.0,55.0,88.223206,197620.62,4626.57,252.16667,205.48422,460.0,0.0,770.0,385.0,537.4012,765.0,5.0,1195.0,398.33334,371.3601,735.0,0.0,0.0,0.0,0.0,0.0,104.0,136.0,1982.8156,2643.7542,0.0,185.0,37.375,66.02583,4359.4106,0.0,0.0,0.0,1.0,0.0,0.0,0.0,0.0,1.0,42.714287,26.333334,55.0,104.0,0.0,0.0,0.0,0.0,0.0,0.0,3.0,79.0,4.0,220.0,64240.0,255.0,1.0,32.0,0.0,0.0,0.0,0.0,0.0,0.0,0.0,0.0
8080.0,1.0,2.0,0.0,0.0,0.0,0.0,0.0,0.0,0.0,0.0,0.0,0.0,0.0,0.0,2e+06,1.0,0.0,1.0,1.0,1.0,1.0,0.0,1.0,1.0,0.0,0.0,0.0,0.0,0.0,0.0,0.0,0.0,0.0,64.0,0.0,2e+06,0.0,0.0,0.0,0.0,0.0,0.0,0.0,0.0,0.0,0.0,1.0,0.0,0.0,0.0,0.0,0.0,0.0,0.0,64.0,0.0,0.0,0.0,0.0,0.0,0.0,2.0,0.0,0.0,0.0,251.0,-1.0,0.0,32.0,0.0,0.0,0.0,0.0,0.0,0.0,0.0,0.0
8080.0,1135.0,3.0,4.0,79.0,220.0,79.0,0.0,26.333334,45.610672,185.0,0.0,55.0,88.223206,263436.12,6167.401,189.16667,161.19357,388.0,0.0,685.0,342.5,478.7113,681.0,4.0,747.0,249.0,299.26074,581.0,0.0,0.0,0.0,0.0,0.0,104.0,136.0,2643.1719,3524.229,0.0,185.0,37.375,66.02583,4359.4106,0.0,0.0,0.0,1.0,0.0,0.0,0.0,0.0,1.0,42.714287,26.333334,55.0,104.0,0.0,0.0,0.0,0.0,0.0,0.0,3.0,79.0,4.0,220.0,64240.0,255.0,1.0,32.0,0.0,0.0,0.0,0.0,0.0,0.0,0.0,0.0
8080.0,4.0,2.0,0.0,0.0,0.0,0.0,0.0,0.0,0.0,0.0,0.0,0.0,0.0,0.0,500000.0,4.0,0.0,4.0,4.0,4.0,4.0,0.0,4.0,4.0,0.0,0.0,0.0,0.0,0.0,0.0,0.0,0.0,0.0,64.0,0.0,500000.0,0.0,0.0,0.0,0.0,0.0,0.0,0.0,0.0,0.0,0.0,1.0,0.0,0.0,0.0,0.0,0.0,0.0,0.0,64.0,0.0,0.0,0.0,0.0,0.0,0.0,2.0,0.0,0.0,0.0,251.0,-1.0,0.0,32.0,0.0,0.0,0.0,0.0,0.0,0.0,0.0,0.0
8080.0,1086.0,3.0,4.0,79.0,220.0,79.0,0.0,26.333334,45.610672,185.0,0.0,55.0,88.223206,275322.28,6445.6724,181.0,149.22734,320.0,0.0,789.0,394.5,105.35891,469.0,320.0,791.0,263.66666,456.68405,791.0,0.0,0.0,0.0,0.0,0.0,104.0,136.0,2762.431,3683.2412,0.0,185.0,37.375,66.02583,4359.4106,0.0,0.0,0.0,1.0,0.0,0.0,0.0,0.0,1.0,42.714287,26.333334,55.0,104.0,0.0,0.0,0.0,0.0,0.0,0.0,3.0,79.0,4.0,220.0,64240.0,255.0,1.0,32.0,0.0,0.0,0.0,0.0,0.0,0.0,0.0,0.0
8080.0,6.0,2.0,0.0,0.0,0.0,0.0,0.0,0.0,0.0,0.0,0.0,0.0,0.0,0.0,333333.34,6.0,0.0,6.0,6.0,6.0,6.0,0.0,6.0,6.0,0.0,0.0,0.0,0.0,0.0,0.0,0.0,0.0,0.0,64.0,0.0,333333.34,0.0,0.0,0.0,0.0,0.0,0.0,0.0,0.0,0.0,0.0,1.0,0.0,0.0,0.0,0.0,0.0,0.0,0.0,64.0,0.0,0.0,0.0,0.0,0.0,0.0,2.0,0.0,0.0,0.0,251.0,-1.0,0.0,32.0,0.0,0.0,0.0,0.0,0.0,0.0,0.0,0.0
8080.0,1882.0,3.0,4.0,79.0,220.0,79.0,0.0,26.333334,45.610672,185.0,0.0,55.0,88.223206,158873.53,3719.4475,313.66666,272.40753,794.0,0.0,1466.0,733.0,86.26703,794.0,672.0,1555.0,518.3333,802.74054,1443.0,0.0,0.0,0.0,0.0,0.0,104.0,136.0,1594.0488,2125.3984,0.0,185.0,37.375,66.02583,4359.4106,0.0,0.0,0.0,1.0,0.0,0.0,0.0,0.0,1.0,42.714287,26.333334,55.0,104.0,0.0,0.0,0.0,0.0,0.0,0.0,3.0,79.0,4.0,220.0,64240.0,255.0,1.0,32.0,0.0,0.0,0.0,0.0,0.0,0.0,0.0,0.0
8080.0,5.0,2.0,0.0,0.0,0.0,0.0,0.0,0.0,0.0,0.0,0.0,0.0,0.0,0.0,400000.0,5.0,0.0,5.0,5.0,5.0,5.0,0.0,5.0,5.0,0.0,0.0,0.0,0.0,0.0,0.0,0.0,0.0,0.0,64.0,0.0,400000.0,0.0,0.0,0.0,0.0,0.0,0.0,0.0,0.0,0.0,0.0,1.0,0.0,0.0,0.0,0.0,0.0,0.0,0.0,64.0,0.0,0.0,0.0,0.0,0.0,0.0,2.0,0.0,0.0,0.0,251.0,-1.0,0.0,32.0,0.0,0.0,0.0,0.0,0.0,0.0,0.0,0.0
8080.0,1711.0,3.0,4.0,79.0,220.0,79.0,0.0,26.333334,45.610672,185.0,0.0,55.0,88.223206,174751.61,4091.1748,285.16666,291.39966,843.0,0.0,1283.0,641.5,284.96402,843.0,440.0,1509.0,503.0,758.1405,1375.0,0.0,0.0,0.0,0.0,0.0,104.0,136.0,1753.3606,2337.8142,0.0,185.0,37.375,66.02583,4359.4106,0.0,0.0,0.0,1.0,0.0,0.0,0.0,0.0,1.0,42.714287,26.333334,55.0,104.0,0.0,0.0,0.0,0.0,0.0,0.0,3.0,79.0,4.0,220.0,64240.0,255.0,1.0,32.0,0.0,0.0,0.0,0.0,0.0,0.0,0.0,0.0
8080.0,241.0,2.0,0.0,0.0,0.0,0.0,0.0,0.0,0.0,0.0,0.0,0.0,0.0,0.0,8298.755,241.0,0.0,241.0,241.0,241.0,241.0,0.0,241.0,241.0,0.0,0.0,0.0,0.0,0.0,0.0,0.0,0.0,0.0,64.0,0.0,8298.755,0.0,0.0,0.0,0.0,0.0,0.0,0.0,0.0,0.0,0.0,1.0,0.0,0.0,0.0,0.0,0.0,0.0,0.0,64.0,0.0,0.0,0.0,0.0,0.0,0.0,2.0,0.0,0.0,0.0,251.0,-1.0,0.0,32.0,0.0,0.0,0.0,0.0,0.0,0.0,0.0,0.0
8080.0,1402.0,3.0,4.0,79.0,220.0,79.0,0.0,26.333334,45.610672,185.0,0.0,55.0,88.223206,213266.77,4992.867,233.66667,186.75403,428.0,0.0,827.0,413.5,573.4636,819.0,8.0,1011.0,337.0,354.65335,707.0,0.0,0.0,0.0,0.0,0.0,104.0,136.0,2139.8003,2853.0671,0.0,185.0,37.375,66.02583,4359.4106,0.0,0.0,0.0,1.0,0.0,0.0,0.0,0.0,1.0,42.714287,26.333334,55.0,104.0,0.0,0.0,0.0,0.0,0.0,0.0,3.0,79.0,4.0,220.0,64240.0,255.0,1.0,32.0,0.0,0.0,0.0,0.0,0.0,0.0,0.0,0.0
8080.0,6.0,2.0,0.0,0.0,0.0,0.0,0.0,0.0,0.0,0.0,0.0,0.0,0.0,0.0,333333.34,6.0,0.0,6.0,6.0,6.0,6.0,0.0,6.0,6.0,0.0,0.0,0.0,0.0,0.0,0.0,0.0,0.0,0.0,64.0,0.0,333333.34,0.0,0.0,0.0,0.0,0.0,0.0,0.0,0.0,0.0,0.0,1.0,0.0,0.0,0.0,0.0,0.0,0.0,0.0,64.0,0.0,0.0,0.0,0.0,0.0,0.0,2.0,0.0,0.0,0.0,251.0,-1.0,0.0,32.0,0.0,0.0,0.0,0.0,0.0,0.0,0.0,0.0
8080.0,920.0,3.0,4.0,79.0,220.0,79.0,0.0,26.333334,45.610672,185.0,0.0,55.0,88.223206,325000.0,7608.696,153.33333,112.89228,329.0,0.0,423.0,211.5,207.18228,358.0,65.0,744.0,248.0,219.03653,415.0,0.0,0.0,0.0,0.0,0.0,104.0,136.0,3260.8696,4347.826,0.0,185.0,37.375,66.02583,4359.4106,0.0,0.0,0.0,1.0,0.0,0.0,0.0,0.0,1.0,42.714287,26.333334,55.0,104.0,0.0,0.0,0.0,0.0,0.0,0.0,3.0,79.0,4.0,220.0,64240.0,255.0,1.0,32.0,0.0,0.0,0.0,0.0,0.0,0.0,0.0,0.0
8080.0,42.0,2.0,0.0,0.0,0.0,0.0,0.0,0.0,0.0,0.0,0.0,0.0,0.0,0.0,47619.047,42.0,0.0,42.0,42.0,42.0,42.0,0.0,42.0,42.0,0.0,0.0,0.0,0.0,0.0,0.0,0.0,0.0,0.0,64.0,0.0,47619.047,0.0,0.0,0.0,0.0,0.0,0.0,0.0,0.0,0.0,0.0,1.0,0.0,0.0,0.0,0.0,0.0,0.0,0.0,64.0,0.0,0.0,0.0,0.0,0.0,0.0,2.0,0.0,0.0,0.0,251.0,-1.0,0.0,32.0,0.0,0.0,0.0,0.0,0.0,0.0,0.0,0.0
8080.0,1033.0,3.0,4.0,79.0,220.0,79.0,0.0,26.333334,45.610672,185.0,0.0,55.0,88.223206,289448.22,6776.3794,172.16667,95.60004,246.0,0.0,592.0,296.0,248.90158,472.0,120.0,807.0,269.0,304.12332,599.0,0.0,0.0,0.0,0.0,0.0,104.0,136.0,2904.1626,3872.2168,0.0,185.0,37.375,66.02583,4359.4106,0.0,0.0,0.0,1.0,0.0,0.0,0.0,0.0,1.0,42.714287,26.333334,55.0,104.0,0.0,0.0,0.0,0.0,0.0,0.0,3.0,79.0,4.0,220.0,64240.0,255.0,1.0,32.0,0.0,0.0,0.0,0.0,0.0,0.0,0.0,0.0
8080.0,4.0,2.0,0.0,0.0,0.0,0.0,0.0,0.0,0.0,0.0,0.0,0.0,0.0,0.0,500000.0,4.0,0.0,4.0,4.0,4.0,4.0,0.0,4.0,4.0,0.0,0.0,0.0,0.0,0.0,0.0,0.0,0.0,0.0,64.0,0.0,500000.0,0.0,0.0,0.0,0.0,0.0,0.0,0.0,0.0,0.0,0.0,1.0,0.0,0.0,0.0,0.0,0.0,0.0,0.0,64.0,0.0,0.0,0.0,0.0,0.0,0.0,2.0,0.0,0.0,0.0,251.0,-1.0,0.0,32.0,0.0,0.0,0.0,0.0,0.0,0.0,0.0,0.0
8080.0,1816.0,3.0,4.0,79.0,220.0,79.0,0.0,26.333334,45.610672,185.0,0.0,55.0,88.223206,164647.58,3854.6255,302.66666,335.97003,910.0,0.0,650.0,325.0,449.7199,643.0,7.0,1577.0,525.6667,700.5714,1321.0,0.0,0.0,0.0,0.0,0.0,104.0,136.0,1651.9824,2202.643,0.0,185.0,37.375,66.02583,4359.4106,0.0,0.0,0.0,1.0,0.0,0.0,0.0,0.0,1.0,42.714287,26.333334,55.0,104.0,0.0,0.0,0.0,0.0,0.0,0.0,3.0,79.0,4.0,220.0,64240.0,255.0,1.0,32.0,0.0,0.0,0.0,0.0,0.0,0.0,0.0,0.0
8080.0,0.0,2.0,0.0,0.0,0.0,0.0,0.0,0.0,0.0,0.0,0.0,0.0,0.0,,,0.0,0.0,0.0,0.0,0.0,0.0,0.0,0.0,0.0,0.0,0.0,0.0,0.0,0.0,0.0,0.0,0.0,0.0,64.0,0.0,0.0,0.0,0.0,0.0,0.0,0.0,0.0,0.0,0.0,0.0,0.0,1.0,0.0,0.0,0.0,0.0,0.0,0.0,0.0,64.0,0.0,0.0,0.0,0.0,0.0,0.0,2.0,0.0,0.0,0.0,251.0,-1.0,0.0,32.0,0.0,0.0,0.0,0.0,0.0,0.0,0.0,0.0
8080.0,1395.0,3.0,4.0,79.0,220.0,79.0,0.0,26.333334,45.610672,185.0,0.0,55.0,88.223206,214336.92,5017.9214,232.5,212.93544,573.0,0.0,869.0,434.5,605.99054,863.0,6.0,822.0,274.0,274.0,548.0,0.0,0.0,0.0,0.0,0.0,104.0,136.0,2150.5376,2867.3835,0.0,185.0,37.375,66.02583,4359.4106,0.0,0.0,0.0,1.0,0.0,0.0,0.0,0.0,1.0,42.714287,26.333334,55.0,104.0,0.0,0.0,0.0,0.0,0.0,0.0,3.0,79.0,4.0,220.0,64240.0,255.0,1.0,32.0,0.0,0.0,0.0,0.0,0.0,0.0,0.0,0.0
8080.0,73.0,2.0,0.0,0.0,0.0,0.0,0.0,0.0,0.0,0.0,0.0,0.0,0.0,0.0,27397.26,73.0,0.0,73.0,73.0,73.0,73.0,0.0,73.0,73.0,0.0,0.0,0.0,0.0,0.0,0.0,0.0,0.0,0.0,64.0,0.0,27397.26,0.0,0.0,0.0,0.0,0.0,0.0,0.0,0.0,0.0,0.0,1.0,0.0,0.0,0.0,0.0,0.0,0.0,0.0,64.0,0.0,0.0,0.0,0.0,0.0,0.0,2.0,0.0,0.0,0.0,251.0,-1.0,0.0,32.0,0.0,0.0,0.0,0.0,0.0,0.0,0.0,0.0
8080.0,3391.0,3.0,4.0,79.0,220.0,79.0,0.0,26.333334,45.610672,185.0,0.0,55.0,88.223206,88174.58,2064.2878,565.1667,670.1395,1861.0,0.0,2784.0,1392.0,663.2662,1861.0,923.0,2969.0,989.6667,1630.8698,2872.0,0.0,0.0,0.0,0.0,0.0,104.0,136.0,884.69476,1179.593,0.0,185.0,37.375,66.02583,4359.4106,0.0,0.0,0.0,1.0,0.0,0.0,0.0,0.0,1.0,42.714287,26.333334,55.0,104.0,0.0,0.0,0.0,0.0,0.0,0.0,3.0,79.0,4.0,220.0,64240.0,255.0,1.0,32.0,0.0,0.0,0.0,0.0,0.0,0.0,0.0,0.0
8080.0,248.0,2.0,0.0,0.0,0.0,0.0,0.0,0.0,0.0,0.0,0.0,0.0,0.0,0.0,8064.516,248.0,0.0,248.0,248.0,248.0,248.0,0.0,248.0,248.0,0.0,0.0,0.0,0.0,0.0,0.0,0.0,0.0,0.0,64.0,0.0,8064.516,0.0,0.0,0.0,0.0,0.0,0.0,0.0,0.0,0.0,0.0,1.0,0.0,0.0,0.0,0.0,0.0,0.0,0.0,64.0,0.0,0.0,0.0,0.0,0.0,0.0,2.0,0.0,0.0,0.0,251.0,-1.0,0.0,32.0,0.0,0.0,0.0,0.0,0.0,0.0,0.0,0.0
8080.0,1919.0,3.0,4.0,79.0,220.0,79.0,0.0,26.333334,45.610672,185.0,0.0,55.0,88.223206,155810.31,3647.7332,319.83334,197.80841,543.0,20.0,896.0,448.0,605.2834,876.0,20.0,1457.0,485.66666,305.06775,758.0,156.0,0.0,0.0,0.0,0.0,104.0,136.0,1563.3142,2084.419,0.0,185.0,37.375,66.02583,4359.4106,0.0,0.0,0.0,1.0,0.0,0.0,0.0,0.0,1.0,42.714287,26.333334,55.0,104.0,0.0,0.0,0.0,0.0,0.0,0.0,3.0,79.0,4.0,220.0,64240.0,255.0,1.0,32.0,0.0,0.0,0.0,0.0,0.0,0.0,0.0,0.0
8080.0,151.0,2.0,0.0,0.0,0.0,0.0,0.0,0.0,0.0,0.0,0.0,0.0,0.0,0.0,13245.033,151.0,0.0,151.0,151.0,151.0,151.0,0.0,151.0,151.0,0.0,0.0,0.0,0.0,0.0,0.0,0.0,0.0,0.0,64.0,0.0,13245.033,0.0,0.0,0.0,0.0,0.0,0.0,0.0,0.0,0.0,0.0,1.0,0.0,0.0,0.0,0.0,0.0,0.0,0.0,64.0,0.0,0.0,0.0,0.0,0.0,0.0,2.0,0.0,0.0,0.0,251.0,-1.0,0.0,32.0,0.0,0.0,0.0,0.0,0.0,0.0,0.0,0.0
8080.0,1263.0,3.0,4.0,79.0,220.0,79.0,0.0,26.333334,45.610672,185.0,0.0,55.0,88.223206,236737.92,5542.3594,210.5,168.77292,397.0,0.0,668.0,334.0,470.9331,667.0,1.0,993.0,331.0,360.43445,715.0,0.0,0.0,0.0,0.0,0.0,104.0,136.0,2375.2969,3167.0625,0.0,185.0,37.375,66.02583,4359.4106,0.0,0.0,0.0,1.0,0.0,0.0,0.0,0.0,1.0,42.714287,26.333334,55.0,104.0,0.0,0.0,0.0,0.0,0.0,0.0,3.0,79.0,4.0,220.0,64240.0,255.0,1.0,32.0,0.0,0.0,0.0,0.0,0.0,0.0,0.0,0.0
8080.0,3.0,2.0,0.0,0.0,0.0,0.0,0.0,0.0,0.0,0.0,0.0,0.0,0.0,0.0,666666.7,3.0,0.0,3.0,3.0,3.0,3.0,0.0,3.0,3.0,0.0,0.0,0.0,0.0,0.0,0.0,0.0,0.0,0.0,64.0,0.0,666666.7,0.0,0.0,0.0,0.0,0.0,0.0,0.0,0.0,0.0,0.0,1.0,0.0,0.0,0.0,0.0,0.0,0.0,0.0,64.0,0.0,0.0,0.0,0.0,0.0,0.0,2.0,0.0,0.0,0.0,251.0,-1.0,0.0,32.0,0.0,0.0,0.0,0.0,0.0,0.0,0.0,0.0
8080.0,1612.0,4.0,4.0,79.0,220.0,79.0,0.0,19.75,39.5,185.0,0.0,55.0,88.223206,185483.88,4962.7793,230.28572,132.69228,347.0,0.0,1612.0,537.3333,232.64636,715.0,274.0,1301.0,433.66666,399.1207,869.0,85.0,0.0,0.0,0.0,0.0,136.0,136.0,2481.3896,2481.3896,0.0,185.0,33.22222,63.005512,3969.6943,0.0,0.0,0.0,1.0,0.0,0.0,0.0,0.0,1.0,37.375,19.75,55.0,136.0,0.0,0.0,0.0,0.0,0.0,0.0,4.0,79.0,4.0,220.0,64240.0,255.0,1.0,32.0,0.0,0.0,0.0,0.0,0.0,0.0,0.0,0.0
8080.0,1748.0,3.0,4.0,79.0,220.0,79.0,0.0,26.333334,45.610672,185.0,0.0,55.0,88.223206,171052.62,4004.5767,291.33334,192.97012,566.0,0.0,1271.0,635.5,98.28784,705.0,566.0,1471.0,490.33334,674.0715,1259.0,0.0,0.0,0.0,0.0,0.0,104.0,136.0,1716.2472,2288.3296,0.0,185.0,37.375,66.02583,4359.4106,0.0,0.0,0.0,1.0,0.0,0.0,0.0,0.0,1.0,42.714287,26.333334,55.0,104.0,0.0,0.0,0.0,0.0,0.0,0.0,3.0,79.0,4.0,220.0,64240.0,255.0,1.0,32.0,0.0,0.0,0.0,0.0,0.0,0.0,0.0,0.0
8080.0,139.0,2.0,0.0,0.0,0.0,0.0,0.0,0.0,0.0,0.0,0.0,0.0,0.0,0.0,14388.489,139.0,0.0,139.0,139.0,139.0,139.0,0.0,139.0,139.0,0.0,0.0,0.0,0.0,0.0,0.0,0.0,0.0,0.0,64.0,0.0,14388.489,0.0,0.0,0.0,0.0,0.0,0.0,0.0,0.0,0.0,0.0,1.0,0.0,0.0,0.0,0.0,0.0,0.0,0.0,64.0,0.0,0.0,0.0,0.0,0.0,0.0,2.0,0.0,0.0,0.0,251.0,-1.0,0.0,32.0,0.0,0.0,0.0,0.0,0.0,0.0,0.0,0.0
8080.0,1594.0,3.0,4.0,79.0,220.0,79.0,0.0,26.333334,45.610672,185.0,0.0,55.0,88.223206,187578.42,4391.468,265.66666,218.90973,555.0,0.0,725.0,362.5,499.9245,716.0,9.0,1231.0,410.33334,360.47238,676.0,0.0,0.0,0.0,0.0,0.0,104.0,136.0,1882.0577,2509.4104,0.0,185.0,37.375,66.02583,4359.4106,0.0,0.0,0.0,1.0,0.0,0.0,0.0,0.0,1.0,42.714287,26.333334,55.0,104.0,0.0,0.0,0.0,0.0,0.0,0.0,3.0,79.0,4.0,220.0,64240.0,255.0,1.0,32.0,0.0,0.0,0.0,0.0,0.0,0.0,0.0,0.0
8080.0,114.0,2.0,0.0,0.0,0.0,0.0,0.0,0.0,0.0,0.0,0.0,0.0,0.0,0.0,17543.86,114.0,0.0,114.0,114.0,114.0,114.0,0.0,114.0,114.0,0.0,0.0,0.0,0.0,0.0,0.0,0.0,0.0,0.0,64.0,0.0,17543.86,0.0,0.0,0.0,0.0,0.0,0.0,0.0,0.0,0.0,0.0,1.0,0.0,0.0,0.0,0.0,0.0,0.0,0.0,64.0,0.0,0.0,0.0,0.0,0.0,0.0,2.0,0.0,0.0,0.0,251.0,-1.0,0.0,32.0,0.0,0.0,0.0,0.0,0.0,0.0,0.0,0.0
8080.0,1519.0,3.0,4.0,79.0,220.0,79.0,0.0,26.333334,45.610672,185.0,0.0,55.0,88.223206,196840.03,4608.295,253.16667,166.5646,470.0,0.0,1000.0,500.0,42.426407,530.0,470.0,1202.0,400.66666,565.0808,1047.0,0.0,0.0,0.0,0.0,0.0,104.0,136.0,1974.9835,2633.3113,0.0,185.0,37.375,66.02583,4359.4106,0.0,0.0,0.0,1.0,0.0,0.0,0.0,0.0,1.0,42.714287,26.333334,55.0,104.0,0.0,0.0,0.0,0.0,0.0,0.0,3.0,79.0,4.0,220.0,64240.0,255.0,1.0,32.0,0.0,0.0,0.0,0.0,0.0,0.0,0.0,0.0
8080.0,2986.0,3.0,4.0,79.0,220.0,79.0,0.0,26.333334,45.610672,185.0,0.0,55.0,88.223206,100133.96,2344.2732,497.66666,487.23163,1434.0,96.0,2055.0,1027.5,574.8778,1434.0,621.0,2726.0,908.6667,1008.9843,2038.0,96.0,0.0,0.0,0.0,0.0,104.0,136.0,1004.68854,1339.5847,0.0,185.0,37.375,66.02583,4359.4106,0.0,0.0,0.0,1.0,0.0,0.0,0.0,0.0,1.0,42.714287,26.333334,55.0,104.0,0.0,0.0,0.0,0.0,0.0,0.0,3.0,79.0,4.0,220.0,64240.0,255.0,1.0,32.0,0.0,0.0,0.0,0.0,0.0,0.0,0.0,0.0
8080.0,4.0,2.0,0.0,0.0,0.0,0.0,0.0,0.0,0.0,0.0,0.0,0.0,0.0,0.0,500000.0,4.0,0.0,4.0,4.0,4.0,4.0,0.0,4.0,4.0,0.0,0.0,0.0,0.0,0.0,0.0,0.0,0.0,0.0,64.0,0.0,500000.0,0.0,0.0,0.0,0.0,0.0,0.0,0.0,0.0,0.0,0.0,1.0,0.0,0.0,0.0,0.0,0.0,0.0,0.0,64.0,0.0,0.0,0.0,0.0,0.0,0.0,2.0,0.0,0.0,0.0,251.0,-1.0,0.0,32.0,0.0,0.0,0.0,0.0,0.0,0.0,0.0,0.0
8080.0,0.0,2.0,0.0,0.0,0.0,0.0,0.0,0.0,0.0,0.0,0.0,0.0,0.0,,,0.0,0.0,0.0,0.0,0.0,0.0,0.0,0.0,0.0,0.0,0.0,0.0,0.0,0.0,0.0,0.0,0.0,0.0,64.0,0.0,0.0,0.0,0.0,0.0,0.0,0.0,0.0,0.0,0.0,0.0,0.0,1.0,0.0,0.0,0.0,0.0,0.0,0.0,0.0,64.0,0.0,0.0,0.0,0.0,0.0,0.0,2.0,0.0,0.0,0.0,251.0,-1.0,0.0,32.0,0.0,0.0,0.0,0.0,0.0,0.0,0.0,0.0
8080.0,1281.0,3.0,4.0,79.0,220.0,79.0,0.0,26.333334,45.610672,185.0,0.0,55.0,88.223206,233411.39,5464.481,213.5,136.52362,354.0,0.0,715.0,357.5,335.87573,595.0,120.0,1040.0,346.66666,345.50592,691.0,0.0,0.0,0.0,0.0,0.0,104.0,136.0,2341.9204,3122.5605,0.0,185.0,37.375,66.02583,4359.4106,0.0,0.0,0.0,1.0,0.0,0.0,0.0,0.0,1.0,42.714287,26.333334,55.0,104.0,0.0,0.0,0.0,0.0,0.0,0.0,3.0,79.0,4.0,220.0,64240.0,255.0,1.0,32.0,0.0,0.0,0.0,0.0,0.0,0.0,0.0,0.0
8080.0,4.0,2.0,0.0,0.0,0.0,0.0,0.0,0.0,0.0,0.0,0.0,0.0,0.0,0.0,500000.0,4.0,0.0,4.0,4.0,4.0,4.0,0.0,4.0,4.0,0.0,0.0,0.0,0.0,0.0,0.0,0.0,0.0,0.0,64.0,0.0,500000.0,0.0,0.0,0.0,0.0,0.0,0.0,0.0,0.0,0.0,0.0,1.0,0.0,0.0,0.0,0.0,0.0,0.0,0.0,64.0,0.0,0.0,0.0,0.0,0.0,0.0,2.0,0.0,0.0,0.0,251.0,-1.0,0.0,32.0,0.0,0.0,0.0,0.0,0.0,0.0,0.0,0.0
8080.0,1251.0,3.0,4.0,79.0,220.0,79.0,0.0,26.333334,45.610672,185.0,0.0,55.0,88.223206,239008.8,5595.5234,208.5,164.06065,364.0,0.0,546.0,273.0,371.93817,536.0,10.0,1021.0,340.33334,340.0005,680.0,0.0,0.0,0.0,0.0,0.0,104.0,136.0,2398.0815,3197.4421,0.0,185.0,37.375,66.02583,4359.4106,0.0,0.0,0.0,1.0,0.0,0.0,0.0,0.0,1.0,42.714287,26.333334,55.0,104.0,0.0,0.0,0.0,0.0,0.0,0.0,3.0,79.0,4.0,220.0,64240.0,255.0,1.0,32.0,0.0,0.0,0.0,0.0,0.0,0.0,0.0,0.0
8080.0,60.0,2.0,0.0,0.0,0.0,0.0,0.0,0.0,0.0,0.0,0.0,0.0,0.0,0.0,33333.332,60.0,0.0,60.0,60.0,60.0,60.0,0.0,60.0,60.0,0.0,0.0,0.0,0.0,0.0,0.0,0.0,0.0,0.0,64.0,0.0,33333.332,0.0,0.0,0.0,0.0,0.0,0.0,0.0,0.0,0.0,0.0,1.0,0.0,0.0,0.0,0.0,0.0,0.0,0.0,64.0,0.0,0.0,0.0,0.0,0.0,0.0,2.0,0.0,0.0,0.0,251.0,-1.0,0.0,32.0,0.0,0.0,0.0,0.0,0.0,0.0,0.0,0.0
8080.0,1600.0,3.0,4.0,79.0,220.0,79.0,0.0,26.333334,45.610672,185.0,0.0,55.0,88.223206,186875.0,4375.0,266.66666,222.18611,569.0,0.0,691.0,345.5,478.7113,684.0,7.0,1249.0,416.33334,364.80176,680.0,0.0,0.0,0.0,0.0,0.0,104.0,136.0,1875.0,2500.0,0.0,185.0,37.375,66.02583,4359.4106,0.0,0.0,0.0,1.0,0.0,0.0,0.0,0.0,1.0,42.714287,26.333334,55.0,104.0,0.0,0.0,0.0,0.0,0.0,0.0,3.0,79.0,4.0,220.0,64240.0,255.0,1.0,32.0,0.0,0.0,0.0,0.0,0.0,0.0,0.0,0.0
8080.0,4.0,2.0,0.0,0.0,0.0,0.0,0.0,0.0,0.0,0.0,0.0,0.0,0.0,0.0,500000.0,4.0,0.0,4.0,4.0,4.0,4.0,0.0,4.0,4.0,0.0,0.0,0.0,0.0,0.0,0.0,0.0,0.0,0.0,64.0,0.0,500000.0,0.0,0.0,0.0,0.0,0.0,0.0,0.0,0.0,0.0,0.0,1.0,0.0,0.0,0.0,0.0,0.0,0.0,0.0,64.0,0.0,0.0,0.0,0.0,0.0,0.0,2.0,0.0,0.0,0.0,251.0,-1.0,0.0,32.0,0.0,0.0,0.0,0.0,0.0,0.0,0.0,0.0
8080.0,1751.0,3.0,4.0,79.0,220.0,79.0,0.0,26.333334,45.610672,185.0,0.0,55.0,88.223206,170759.56,3997.7156,291.83334,170.63812,521.0,0.0,1172.0,586.0,442.64883,899.0,273.0,1230.0,410.0,486.7895,948.0,0.0,0.0,0.0,0.0,0.0,104.0,136.0,1713.3066,2284.409,0.0,185.0,37.375,66.02583,4359.4106,0.0,0.0,0.0,1.0,0.0,0.0,0.0,0.0,1.0,42.714287,26.333334,55.0,104.0,0.0,0.0,0.0,0.0,0.0,0.0,3.0,79.0,4.0,220.0,64240.0,255.0,1.0,32.0,0.0,0.0,0.0,0.0,0.0,0.0,0.0,0.0
8080.0,5.0,2.0,0.0,0.0,0.0,0.0,0.0,0.0,0.0,0.0,0.0,0.0,0.0,0.0,400000.0,5.0,0.0,5.0,5.0,5.0,5.0,0.0,5.0,5.0,0.0,0.0,0.0,0.0,0.0,0.0,0.0,0.0,0.0,64.0,0.0,400000.0,0.0,0.0,0.0,0.0,0.0,0.0,0.0,0.0,0.0,0.0,1.0,0.0,0.0,0.0,0.0,0.0,0.0,0.0,64.0,0.0,0.0,0.0,0.0,0.0,0.0,2.0,0.0,0.0,0.0,251.0,-1.0,0.0,32.0,0.0,0.0,0.0,0.0,0.0,0.0,0.0,0.0
8080.0,2364.0,3.0,4.0,79.0,220.0,79.0,0.0,26.333334,45.610672,185.0,0.0,55.0,88.223206,126480.54,2961.083,394.0,284.91122,858.0,1.0,1781.0,890.5,45.96194,923.0,858.0,1956.0,652.0,892.9765,1670.0,1.0,0.0,0.0,0.0,0.0,104.0,136.0,1269.0355,1692.0474,0.0,185.0,37.375,66.02583,4359.4106,0.0,0.0,0.0,1.0,0.0,0.0,0.0,0.0,1.0,42.714287,26.333334,55.0,104.0,0.0,0.0,0.0,0.0,0.0,0.0,3.0,79.0,4.0,220.0,64240.0,255.0,1.0,32.0,0.0,0.0,0.0,0.0,0.0,0.0,0.0,0.0
8080.0,5.0,2.0,0.0,0.0,0.0,0.0,0.0,0.0,0.0,0.0,0.0,0.0,0.0,0.0,400000.0,5.0,0.0,5.0,5.0,5.0,5.0,0.0,5.0,5.0,0.0,0.0,0.0,0.0,0.0,0.0,0.0,0.0,0.0,64.0,0.0,400000.0,0.0,0.0,0.0,0.0,0.0,0.0,0.0,0.0,0.0,0.0,1.0,0.0,0.0,0.0,0.0,0.0,0.0,0.0,64.0,0.0,0.0,0.0,0.0,0.0,0.0,2.0,0.0,0.0,0.0,251.0,-1.0,0.0,32.0,0.0,0.0,0.0,0.0,0.0,0.0,0.0,0.0
8080.0,1809.0,3.0,4.0,79.0,220.0,79.0,0.0,26.333334,45.610672,185.0,0.0,55.0,88.223206,165284.69,3869.5413,301.5,184.693,587.0,5.0,593.0,296.5,412.24326,588.0,5.0,1509.0,503.0,148.09795,590.0,332.0,0.0,0.0,0.0,0.0,104.0,136.0,1658.3748,2211.1665,0.0,185.0,37.375,66.02583,4359.4106,0.0,0.0,0.0,1.0,0.0,0.0,0.0,0.0,1.0,42.714287,26.333334,55.0,104.0,0.0,0.0,0.0,0.0,0.0,0.0,3.0,79.0,4.0,220.0,64240.0,255.0,1.0,32.0,0.0,0.0,0.0,0.0,0.0,0.0,0.0,0.0
8080.0,368.0,2.0,0.0,0.0,0.0,0.0,0.0,0.0,0.0,0.0,0.0,0.0,0.0,0.0,5434.7827,368.0,0.0,368.0,368.0,368.0,368.0,0.0,368.0,368.0,0.0,0.0,0.0,0.0,0.0,0.0,0.0,0.0,0.0,64.0,0.0,5434.7827,0.0,0.0,0.0,0.0,0.0,0.0,0.0,0.0,0.0,0.0,1.0,0.0,0.0,0.0,0.0,0.0,0.0,0.0,64.0,0.0,0.0,0.0,0.0,0.0,0.0,2.0,0.0,0.0,0.0,251.0,-1.0,0.0,32.0,0.0,0.0,0.0,0.0,0.0,0.0,0.0,0.0
8080.0,1442.0,3.0,4.0,79.0,220.0,79.0,0.0,26.333334,45.610672,185.0,0.0,55.0,88.223206,207350.9,4854.369,240.33333,162.59726,458.0,0.0,754.0,377.0,333.7544,613.0,141.0,1200.0,400.0,374.38483,742.0,0.0,0.0,0.0,0.0,0.0,104.0,136.0,2080.4438,2773.925,0.0,185.0,37.375,66.02583,4359.4106,0.0,0.0,0.0,1.0,0.0,0.0,0.0,0.0,1.0,42.714287,26.333334,55.0,104.0,0.0,0.0,0.0,0.0,0.0,0.0,3.0,79.0,4.0,220.0,64240.0,255.0,1.0,32.0,0.0,0.0,0.0,0.0,0.0,0.0,0.0,0.0
8080.0,2256.0,4.0,5.0,79.0,220.0,79.0,0.0,19.75,39.5,185.0,0.0,44.0,80.26518,132535.47,3989.3618,282.0,197.04822,676.0,0.0,1971.0,657.0,609.8746,1319.0,118.0,1957.0,489.25,326.78165,676.0,0.0,0.0,0.0,0.0,0.0,136.0,168.0,1773.0497,2216.312,0.0,185.0,29.9,60.32403,3638.9888,0.0,0.0,0.0,1.0,0.0,0.0,0.0,0.0,1.0,33.22222,19.75,44.0,136.0,0.0,0.0,0.0,0.0,0.0,0.0,4.0,79.0,5.0,220.0,64240.0,255.0,1.0,32.0,0.0,0.0,0.0,0.0,0.0,0.0,0.0,0.0
8080.0,293.0,2.0,0.0,0.0,0.0,0.0,0.0,0.0,0.0,0.0,0.0,0.0,0.0,0.0,6825.9385,293.0,0.0,293.0,293.0,293.0,293.0,0.0,293.0,293.0,0.0,0.0,0.0,0.0,0.0,0.0,0.0,0.0,0.0,64.0,0.0,6825.9385,0.0,0.0,0.0,0.0,0.0,0.0,0.0,0.0,0.0,0.0,1.0,0.0,0.0,0.0,0.0,0.0,0.0,0.0,64.0,0.0,0.0,0.0,0.0,0.0,0.0,2.0,0.0,0.0,0.0,251.0,-1.0,0.0,32.0,0.0,0.0,0.0,0.0,0.0,0.0,0.0,0.0
8080.0,1491.0,3.0,4.0,79.0,220.0,79.0,0.0,26.333334,45.610672,185.0,0.0,55.0,88.223206,200536.55,4694.8354,248.5,195.65352,449.0,0.0,721.0,360.5,501.3387,715.0,6.0,1105.0,368.33334,394.13745,784.0,0.0,0.0,0.0,0.0,0.0,104.0,136.0,2012.0724,2682.7632,0.0,185.0,37.375,66.02583,4359.4106,0.0,0.0,0.0,1.0,0.0,0.0,0.0,0.0,1.0,42.714287,26.333334,55.0,104.0,0.0,0.0,0.0,0.0,0.0,0.0,3.0,79.0,4.0,220.0,64240.0,255.0,1.0,32.0,0.0,0.0,0.0,0.0,0.0,0.0,0.0,0.0
8080.0,632.0,2.0,0.0,0.0,0.0,0.0,0.0,0.0,0.0,0.0,0.0,0.0,0.0,0.0,3164.557,632.0,0.0,632.0,632.0,632.0,632.0,0.0,632.0,632.0,0.0,0.0,0.0,0.0,0.0,0.0,0.0,0.0,0.0,64.0,0.0,3164.557,0.0,0.0,0.0,0.0,0.0,0.0,0.0,0.0,0.0,0.0,1.0,0.0,0.0,0.0,0.0,0.0,0.0,0.0,64.0,0.0,0.0,0.0,0.0,0.0,0.0,2.0,0.0,0.0,0.0,251.0,-1.0,0.0,32.0,0.0,0.0,0.0,0.0,0.0,0.0,0.0,0.0
8080.0,276.0,2.0,0.0,0.0,0.0,0.0,0.0,0.0,0.0,0.0,0.0,0.0,0.0,0.0,7246.377,276.0,0.0,276.0,276.0,276.0,276.0,0.0,276.0,276.0,0.0,0.0,0.0,0.0,0.0,0.0,0.0,0.0,0.0,64.0,0.0,7246.377,0.0,0.0,0.0,0.0,0.0,0.0,0.0,0.0,0.0,0.0,1.0,0.0,0.0,0.0,0.0,0.0,0.0,0.0,64.0,0.0,0.0,0.0,0.0,0.0,0.0,2.0,0.0,0.0,0.0,251.0,-1.0,0.0,32.0,0.0,0.0,0.0,0.0,0.0,0.0,0.0,0.0
8080.0,1257.0,3.0,4.0,79.0,220.0,79.0,0.0,26.333334,45.610672,185.0,0.0,55.0,88.223206,237867.94,5568.8145,209.5,171.76582,387.0,0.0,622.0,311.0,427.0925,613.0,9.0,1031.0,343.66666,326.1937,649.0,0.0,0.0,0.0,0.0,0.0,104.0,136.0,2386.6348,3182.1797,0.0,185.0,37.375,66.02583,4359.4106,0.0,0.0,0.0,1.0,0.0,0.0,0.0,0.0,1.0,42.714287,26.333334,55.0,104.0,0.0,0.0,0.0,0.0,0.0,0.0,3.0,79.0,4.0,220.0,64240.0,255.0,1.0,32.0,0.0,0.0,0.0,0.0,0.0,0.0,0.0,0.0
8080.0,4.0,2.0,0.0,0.0,0.0,0.0,0.0,0.0,0.0,0.0,0.0,0.0,0.0,0.0,500000.0,4.0,0.0,4.0,4.0,4.0,4.0,0.0,4.0,4.0,0.0,0.0,0.0,0.0,0.0,0.0,0.0,0.0,0.0,64.0,0.0,500000.0,0.0,0.0,0.0,0.0,0.0,0.0,0.0,0.0,0.0,0.0,1.0,0.0,0.0,0.0,0.0,0.0,0.0,0.0,64.0,0.0,0.0,0.0,0.0,0.0,0.0,2.0,0.0,0.0,0.0,251.0,-1.0,0.0,32.0,0.0,0.0,0.0,0.0,0.0,0.0,0.0,0.0
8080.0,1056.0,3.0,4.0,79.0,220.0,79.0,0.0,26.333334,45.610672,185.0,0.0,55.0,88.223206,283143.94,6628.788,176.0,160.88629,420.0,0.0,675.0,337.5,471.64023,671.0,4.0,805.0,268.33334,343.15933,655.0,0.0,0.0,0.0,0.0,0.0,104.0,136.0,2840.9092,3787.879,0.0,185.0,37.375,66.02583,4359.4106,0.0,0.0,0.0,1.0,0.0,0.0,0.0,0.0,1.0,42.714287,26.333334,55.0,104.0,0.0,0.0,0.0,0.0,0.0,0.0,3.0,79.0,4.0,220.0,64240.0,255.0,1.0,32.0,0.0,0.0,0.0,0.0,0.0,0.0,0.0,0.0
8080.0,1666.0,3.0,4.0,79.0,220.0,79.0,0.0,26.333334,45.610672,185.0,0.0,55.0,88.223206,179471.78,4201.6807,277.66666,183.09087,497.0,5.0,702.0,351.0,489.3179,697.0,5.0,1328.0,442.66666,310.09085,722.0,109.0,0.0,0.0,0.0,0.0,104.0,136.0,1800.7203,2400.9604,0.0,185.0,37.375,66.02583,4359.4106,0.0,0.0,0.0,1.0,0.0,0.0,0.0,0.0,1.0,42.714287,26.333334,55.0,104.0,0.0,0.0,0.0,0.0,0.0,0.0,3.0,79.0,4.0,220.0,64240.0,255.0,1.0,32.0,0.0,0.0,0.0,0.0,0.0,0.0,0.0,0.0
8080.0,12.0,2.0,0.0,0.0,0.0,0.0,0.0,0.0,0.0,0.0,0.0,0.0,0.0,0.0,166666.67,12.0,0.0,12.0,12.0,12.0,12.0,0.0,12.0,12.0,0.0,0.0,0.0,0.0,0.0,0.0,0.0,0.0,0.0,64.0,0.0,166666.67,0.0,0.0,0.0,0.0,0.0,0.0,0.0,0.0,0.0,0.0,1.0,0.0,0.0,0.0,0.0,0.0,0.0,0.0,64.0,0.0,0.0,0.0,0.0,0.0,0.0,2.0,0.0,0.0,0.0,251.0,-1.0,0.0,32.0,0.0,0.0,0.0,0.0,0.0,0.0,0.0,0.0
8080.0,147.0,2.0,0.0,0.0,0.0,0.0,0.0,0.0,0.0,0.0,0.0,0.0,0.0,0.0,13605.442,147.0,0.0,147.0,147.0,147.0,147.0,0.0,147.0,147.0,0.0,0.0,0.0,0.0,0.0,0.0,0.0,0.0,0.0,64.0,0.0,13605.442,0.0,0.0,0.0,0.0,0.0,0.0,0.0,0.0,0.0,0.0,1.0,0.0,0.0,0.0,0.0,0.0,0.0,0.0,64.0,0.0,0.0,0.0,0.0,0.0,0.0,2.0,0.0,0.0,0.0,251.0,-1.0,0.0,32.0,0.0,0.0,0.0,0.0,0.0,0.0,0.0,0.0
8080.0,1472.0,3.0,4.0,79.0,220.0,79.0,0.0,26.333334,45.610672,185.0,0.0,55.0,88.223206,203125.0,4755.4346,245.33333,162.53328,422.0,0.0,892.0,446.0,480.8326,786.0,106.0,1050.0,350.0,360.4164,720.0,0.0,0.0,0.0,0.0,0.0,104.0,136.0,2038.0435,2717.3914,0.0,185.0,37.375,66.02583,4359.4106,0.0,0.0,0.0,1.0,0.0,0.0,0.0,0.0,1.0,42.714287,26.333334,55.0,104.0,0.0,0.0,0.0,0.0,0.0,0.0,3.0,79.0,4.0,220.0,64240.0,255.0,1.0,32.0,0.0,0.0,0.0,0.0,0.0,0.0,0.0,0.0
8080.0,793.0,2.0,0.0,0.0,0.0,0.0,0.0,0.0,0.0,0.0,0.0,0.0,0.0,0.0,2522.068,793.0,0.0,793.0,793.0,793.0,793.0,0.0,793.0,793.0,0.0,0.0,0.0,0.0,0.0,0.0,0.0,0.0,0.0,64.0,0.0,2522.068,0.0,0.0,0.0,0.0,0.0,0.0,0.0,0.0,0.0,0.0,1.0,0.0,0.0,0.0,0.0,0.0,0.0,0.0,64.0,0.0,0.0,0.0,0.0,0.0,0.0,2.0,0.0,0.0,0.0,251.0,-1.0,0.0,32.0,0.0,0.0,0.0,0.0,0.0,0.0,0.0,0.0
8080.0,1418.0,3.0,4.0,79.0,220.0,79.0,0.0,26.333334,45.610672,185.0,0.0,55.0,88.223206,210860.36,4936.5303,236.33333,156.25194,419.0,0.0,889.0,444.5,405.17218,731.0,158.0,999.0,333.0,440.8957,833.0,0.0,0.0,0.0,0.0,0.0,104.0,136.0,2115.6558,2820.8745,0.0,185.0,37.375,66.02583,4359.4106,0.0,0.0,0.0,1.0,0.0,0.0,0.0,0.0,1.0,42.714287,26.333334,55.0,104.0,0.0,0.0,0.0,0.0,0.0,0.0,3.0,79.0,4.0,220.0,64240.0,255.0,1.0,32.0,0.0,0.0,0.0,0.0,0.0,0.0,0.0,0.0
8080.0,4.0,2.0,0.0,0.0,0.0,0.0,0.0,0.0,0.0,0.0,0.0,0.0,0.0,0.0,500000.0,4.0,0.0,4.0,4.0,4.0,4.0,0.0,4.0,4.0,0.0,0.0,0.0,0.0,0.0,0.0,0.0,0.0,0.0,64.0,0.0,500000.0,0.0,0.0,0.0,0.0,0.0,0.0,0.0,0.0,0.0,0.0,1.0,0.0,0.0,0.0,0.0,0.0,0.0,0.0,64.0,0.0,0.0,0.0,0.0,0.0,0.0,2.0,0.0,0.0,0.0,251.0,-1.0,0.0,32.0,0.0,0.0,0.0,0.0,0.0,0.0,0.0,0.0
8080.0,1225.0,3.0,4.0,79.0,220.0,79.0,0.0,26.333334,45.610672,185.0,0.0,55.0,88.223206,244081.62,5714.2856,204.16667,172.31299,384.0,1.0,664.0,332.0,462.44785,659.0,5.0,857.0,285.66666,250.4243,472.0,1.0,0.0,0.0,0.0,0.0,104.0,136.0,2448.9795,3265.3062,0.0,185.0,37.375,66.02583,4359.4106,0.0,0.0,0.0,1.0,0.0,0.0,0.0,0.0,1.0,42.714287,26.333334,55.0,104.0,0.0,0.0,0.0,0.0,0.0,0.0,3.0,79.0,4.0,220.0,64240.0,255.0,1.0,32.0,0.0,0.0,0.0,0.0,0.0,0.0,0.0,0.0
8080.0,4.0,2.0,0.0,0.0,0.0,0.0,0.0,0.0,0.0,0.0,0.0,0.0,0.0,0.0,500000.0,4.0,0.0,4.0,4.0,4.0,4.0,0.0,4.0,4.0,0.0,0.0,0.0,0.0,0.0,0.0,0.0,0.0,0.0,64.0,0.0,500000.0,0.0,0.0,0.0,0.0,0.0,0.0,0.0,0.0,0.0,0.0,1.0,0.0,0.0,0.0,0.0,0.0,0.0,0.0,64.0,0.0,0.0,0.0,0.0,0.0,0.0,2.0,0.0,0.0,0.0,251.0,-1.0,0.0,32.0,0.0,0.0,0.0,0.0,0.0,0.0,0.0,0.0
8080.0,1356.0,3.0,4.0,79.0,220.0,79.0,0.0,26.333334,45.610672,185.0,0.0,55.0,88.223206,220501.47,5162.2417,226.0,181.32733,409.0,0.0,756.0,378.0,521.8448,747.0,9.0,1018.0,339.33334,403.8432,786.0,0.0,0.0,0.0,0.0,0.0,104.0,136.0,2212.3894,2949.8525,0.0,185.0,37.375,66.02583,4359.4106,0.0,0.0,0.0,1.0,0.0,0.0,0.0,0.0,1.0,42.714287,26.333334,55.0,104.0,0.0,0.0,0.0,0.0,0.0,0.0,3.0,79.0,4.0,220.0,64240.0,255.0,1.0,32.0,0.0,0.0,0.0,0.0,0.0,0.0,0.0,0.0
8080.0,207.0,2.0,0.0,0.0,0.0,0.0,0.0,0.0,0.0,0.0,0.0,0.0,0.0,0.0,9661.836,207.0,0.0,207.0,207.0,207.0,207.0,0.0,207.0,207.0,0.0,0.0,0.0,0.0,0.0,0.0,0.0,0.0,0.0,64.0,0.0,9661.836,0.0,0.0,0.0,0.0,0.0,0.0,0.0,0.0,0.0,0.0,1.0,0.0,0.0,0.0,0.0,0.0,0.0,0.0,64.0,0.0,0.0,0.0,0.0,0.0,0.0,2.0,0.0,0.0,0.0,251.0,-1.0,0.0,32.0,0.0,0.0,0.0,0.0,0.0,0.0,0.0,0.0
8080.0,1686.0,3.0,4.0,79.0,220.0,79.0,0.0,26.333334,45.610672,185.0,0.0,55.0,88.223206,177342.83,4151.839,281.0,163.09998,428.0,0.0,1073.0,536.5,270.8219,728.0,345.0,1258.0,419.33334,568.9678,1067.0,0.0,0.0,0.0,0.0,0.0,104.0,136.0,1779.3594,2372.4792,0.0,185.0,37.375,66.02583,4359.4106,0.0,0.0,0.0,1.0,0.0,0.0,0.0,0.0,1.0,42.714287,26.333334,55.0,104.0,0.0,0.0,0.0,0.0,0.0,0.0,3.0,79.0,4.0,220.0,64240.0,255.0,1.0,32.0,0.0,0.0,0.0,0.0,0.0,0.0,0.0,0.0
8080.0,1709.0,3.0,4.0,79.0,220.0,79.0,0.0,26.333334,45.610672,185.0,0.0,55.0,88.223206,174956.11,4095.9626,284.83334,171.75496,430.0,0.0,946.0,473.0,449.7199,791.0,155.0,1342.0,447.33334,514.1248,1009.0,0.0,0.0,0.0,0.0,0.0,104.0,136.0,1755.4125,2340.55,0.0,185.0,37.375,66.02583,4359.4106,0.0,0.0,0.0,1.0,0.0,0.0,0.0,0.0,1.0,42.714287,26.333334,55.0,104.0,0.0,0.0,0.0,0.0,0.0,0.0,3.0,79.0,4.0,220.0,64240.0,255.0,1.0,32.0,0.0,0.0,0.0,0.0,0.0,0.0,0.0,0.0
8080.0,236.0,2.0,0.0,0.0,0.0,0.0,0.0,0.0,0.0,0.0,0.0,0.0,0.0,0.0,8474.576,236.0,0.0,236.0,236.0,236.0,236.0,0.0,236.0,236.0,0.0,0.0,0.0,0.0,0.0,0.0,0.0,0.0,0.0,64.0,0.0,8474.576,0.0,0.0,0.0,0.0,0.0,0.0,0.0,0.0,0.0,0.0,1.0,0.0,0.0,0.0,0.0,0.0,0.0,0.0,64.0,0.0,0.0,0.0,0.0,0.0,0.0,2.0,0.0,0.0,0.0,251.0,-1.0,0.0,32.0,0.0,0.0,0.0,0.0,0.0,0.0,0.0,0.0
8080.0,1277.0,2.0,0.0,0.0,0.0,0.0,0.0,0.0,0.0,0.0,0.0,0.0,0.0,0.0,1566.1707,1277.0,0.0,1277.0,1277.0,1277.0,1277.0,0.0,1277.0,1277.0,0.0,0.0,0.0,0.0,0.0,0.0,0.0,0.0,0.0,64.0,0.0,1566.1707,0.0,0.0,0.0,0.0,0.0,0.0,0.0,0.0,0.0,0.0,1.0,0.0,0.0,0.0,0.0,0.0,0.0,0.0,64.0,0.0,0.0,0.0,0.0,0.0,0.0,2.0,0.0,0.0,0.0,251.0,-1.0,0.0,32.0,0.0,0.0,0.0,0.0,0.0,0.0,0.0,0.0
8080.0,1372.0,3.0,4.0,79.0,220.0,79.0,0.0,26.333334,45.610672,185.0,0.0,55.0,88.223206,217930.03,5102.041,228.66667,196.38907,445.0,0.0,759.0,379.5,528.20874,753.0,6.0,1064.0,354.66666,457.452,871.0,0.0,0.0,0.0,0.0,0.0,104.0,136.0,2186.5889,2915.452,0.0,185.0,37.375,66.02583,4359.4106,0.0,0.0,0.0,1.0,0.0,0.0,0.0,0.0,1.0,42.714287,26.333334,55.0,104.0,0.0,0.0,0.0,0.0,0.0,0.0,3.0,79.0,4.0,220.0,64240.0,255.0,1.0,32.0,0.0,0.0,0.0,0.0,0.0,0.0,0.0,0.0
8080.0,68.0,2.0,0.0,0.0,0.0,0.0,0.0,0.0,0.0,0.0,0.0,0.0,0.0,0.0,29411.766,68.0,0.0,68.0,68.0,68.0,68.0,0.0,68.0,68.0,0.0,0.0,0.0,0.0,0.0,0.0,0.0,0.0,0.0,64.0,0.0,29411.766,0.0,0.0,0.0,0.0,0.0,0.0,0.0,0.0,0.0,0.0,1.0,0.0,0.0,0.0,0.0,0.0,0.0,0.0,64.0,0.0,0.0,0.0,0.0,0.0,0.0,2.0,0.0,0.0,0.0,251.0,-1.0,0.0,32.0,0.0,0.0,0.0,0.0,0.0,0.0,0.0,0.0
8080.0,1920.0,3.0,4.0,79.0,220.0,79.0,0.0,26.333334,45.610672,185.0,0.0,55.0,88.223206,155729.17,3645.8333,320.0,285.8972,759.0,0.0,827.0,413.5,573.4636,819.0,8.0,1509.0,503.0,435.63403,759.0,0.0,0.0,0.0,0.0,0.0,104.0,136.0,1562.5,2083.3333,0.0,185.0,37.375,66.02583,4359.4106,0.0,0.0,0.0,1.0,0.0,0.0,0.0,0.0,1.0,42.714287,26.333334,55.0,104.0,0.0,0.0,0.0,0.0,0.0,0.0,3.0,79.0,4.0,220.0,64240.0,255.0,1.0,32.0,0.0,0.0,0.0,0.0,0.0,0.0,0.0,0.0
8080.0,133.0,2.0,0.0,0.0,0.0,0.0,0.0,0.0,0.0,0.0,0.0,0.0,0.0,0.0,15037.594,133.0,0.0,133.0,133.0,133.0,133.0,0.0,133.0,133.0,0.0,0.0,0.0,0.0,0.0,0.0,0.0,0.0,0.0,64.0,0.0,15037.594,0.0,0.0,0.0,0.0,0.0,0.0,0.0,0.0,0.0,0.0,1.0,0.0,0.0,0.0,0.0,0.0,0.0,0.0,64.0,0.0,0.0,0.0,0.0,0.0,0.0,2.0,0.0,0.0,0.0,251.0,-1.0,0.0,32.0,0.0,0.0,0.0,0.0,0.0,0.0,0.0,0.0
8080.0,2106.0,3.0,4.0,79.0,220.0,79.0,0.0,26.333334,45.610672,185.0,0.0,55.0,88.223206,141975.31,3323.8367,351.0,217.78796,642.0,15.0,895.0,447.5,611.64734,880.0,15.0,1721.0,573.6667,326.9011,861.0,218.0,0.0,0.0,0.0,0.0,104.0,136.0,1424.5015,1899.3352,0.0,185.0,37.375,66.02583,4359.4106,0.0,0.0,0.0,1.0,0.0,0.0,0.0,0.0,1.0,42.714287,26.333334,55.0,104.0,0.0,0.0,0.0,0.0,0.0,0.0,3.0,79.0,4.0,220.0,64240.0,255.0,1.0,32.0,0.0,0.0,0.0,0.0,0.0,0.0,0.0,0.0
8080.0,1457.0,3.0,4.0,79.0,220.0,79.0,0.0,26.333334,45.610672,185.0,0.0,55.0,88.223206,205216.2,4804.3926,242.83333,178.0499,476.0,0.0,667.0,333.5,375.4737,599.0,68.0,1118.0,372.66666,333.24066,642.0,0.0,0.0,0.0,0.0,0.0,104.0,136.0,2059.0254,2745.3672,0.0,185.0,37.375,66.02583,4359.4106,0.0,0.0,0.0,1.0,0.0,0.0,0.0,0.0,1.0,42.714287,26.333334,55.0,104.0,0.0,0.0,0.0,0.0,0.0,0.0,3.0,79.0,4.0,220.0,64240.0,255.0,1.0,32.0,0.0,0.0,0.0,0.0,0.0,0.0,0.0,0.0
8080.0,4.0,2.0,0.0,0.0,0.0,0.0,0.0,0.0,0.0,0.0,0.0,0.0,0.0,0.0,500000.0,4.0,0.0,4.0,4.0,4.0,4.0,0.0,4.0,4.0,0.0,0.0,0.0,0.0,0.0,0.0,0.0,0.0,0.0,64.0,0.0,500000.0,0.0,0.0,0.0,0.0,0.0,0.0,0.0,0.0,0.0,0.0,1.0,0.0,0.0,0.0,0.0,0.0,0.0,0.0,64.0,0.0,0.0,0.0,0.0,0.0,0.0,2.0,0.0,0.0,0.0,251.0,-1.0,0.0,32.0,0.0,0.0,0.0,0.0,0.0,0.0,0.0,0.0
8080.0,1042.0,2.0,0.0,0.0,0.0,0.0,0.0,0.0,0.0,0.0,0.0,0.0,0.0,0.0,1919.3857,1042.0,0.0,1042.0,1042.0,1042.0,1042.0,0.0,1042.0,1042.0,0.0,0.0,0.0,0.0,0.0,0.0,0.0,0.0,0.0,64.0,0.0,1919.3857,0.0,0.0,0.0,0.0,0.0,0.0,0.0,0.0,0.0,0.0,1.0,0.0,0.0,0.0,0.0,0.0,0.0,0.0,64.0,0.0,0.0,0.0,0.0,0.0,0.0,2.0,0.0,0.0,0.0,251.0,-1.0,0.0,32.0,0.0,0.0,0.0,0.0,0.0,0.0,0.0,0.0
8080.0,919.0,3.0,4.0,79.0,220.0,79.0,0.0,26.333334,45.610672,185.0,0.0,55.0,88.223206,325353.66,7616.975,153.16667,121.16009,267.0,0.0,393.0,196.5,272.2361,389.0,4.0,732.0,244.0,236.85649,473.0,0.0,0.0,0.0,0.0,0.0,104.0,136.0,3264.4177,4352.557,0.0,185.0,37.375,66.02583,4359.4106,0.0,0.0,0.0,1.0,0.0,0.0,0.0,0.0,1.0,42.714287,26.333334,55.0,104.0,0.0,0.0,0.0,0.0,0.0,0.0,3.0,79.0,4.0,220.0,64240.0,255.0,1.0,32.0,0.0,0.0,0.0,0.0,0.0,0.0,0.0,0.0
8080.0,676.0,2.0,0.0,0.0,0.0,0.0,0.0,0.0,0.0,0.0,0.0,0.0,0.0,0.0,2958.5798,676.0,0.0,676.0,676.0,676.0,676.0,0.0,676.0,676.0,0.0,0.0,0.0,0.0,0.0,0.0,0.0,0.0,0.0,64.0,0.0,2958.5798,0.0,0.0,0.0,0.0,0.0,0.0,0.0,0.0,0.0,0.0,1.0,0.0,0.0,0.0,0.0,0.0,0.0,0.0,64.0,0.0,0.0,0.0,0.0,0.0,0.0,2.0,0.0,0.0,0.0,251.0,-1.0,0.0,32.0,0.0,0.0,0.0,0.0,0.0,0.0,0.0,0.0
8080.0,1297.0,3.0,4.0,79.0,220.0,79.0,0.0,26.333334,45.610672,185.0,0.0,55.0,88.223206,230532.0,5397.0703,216.16667,194.55736,517.0,0.0,529.0,264.5,368.40262,525.0,4.0,1062.0,354.0,306.8925,545.0,0.0,0.0,0.0,0.0,0.0,104.0,136.0,2313.03,3084.04,0.0,185.0,37.375,66.02583,4359.4106,0.0,0.0,0.0,1.0,0.0,0.0,0.0,0.0,1.0,42.714287,26.333334,55.0,104.0,0.0,0.0,0.0,0.0,0.0,0.0,3.0,79.0,4.0,220.0,64240.0,255.0,1.0,32.0,0.0,0.0,0.0,0.0,0.0,0.0,0.0,0.0
8080.0,21.0,2.0,0.0,0.0,0.0,0.0,0.0,0.0,0.0,0.0,0.0,0.0,0.0,0.0,95238.09,21.0,0.0,21.0,21.0,21.0,21.0,0.0,21.0,21.0,0.0,0.0,0.0,0.0,0.0,0.0,0.0,0.0,0.0,64.0,0.0,95238.09,0.0,0.0,0.0,0.0,0.0,0.0,0.0,0.0,0.0,0.0,1.0,0.0,0.0,0.0,0.0,0.0,0.0,0.0,64.0,0.0,0.0,0.0,0.0,0.0,0.0,2.0,0.0,0.0,0.0,251.0,-1.0,0.0,32.0,0.0,0.0,0.0,0.0,0.0,0.0,0.0,0.0
8080.0,1238.0,3.0,4.0,79.0,220.0,79.0,0.0,26.333334,45.610672,185.0,0.0,55.0,88.223206,241518.58,5654.2812,206.33333,161.27574,359.0,0.0,638.0,319.0,445.47726,634.0,4.0,963.0,321.0,344.5185,685.0,0.0,0.0,0.0,0.0,0.0,104.0,136.0,2423.2634,3231.0178,0.0,185.0,37.375,66.02583,4359.4106,0.0,0.0,0.0,1.0,0.0,0.0,0.0,0.0,1.0,42.714287,26.333334,55.0,104.0,0.0,0.0,0.0,0.0,0.0,0.0,3.0,79.0,4.0,220.0,64240.0,255.0,1.0,32.0,0.0,0.0,0.0,0.0,0.0,0.0,0.0,0.0
8080.0,105.0,2.0,0.0,0.0,0.0,0.0,0.0,0.0,0.0,0.0,0.0,0.0,0.0,0.0,19047.62,105.0,0.0,105.0,105.0,105.0,105.0,0.0,105.0,105.0,0.0,0.0,0.0,0.0,0.0,0.0,0.0,0.0,0.0,64.0,0.0,19047.62,0.0,0.0,0.0,0.0,0.0,0.0,0.0,0.0,0.0,0.0,1.0,0.0,0.0,0.0,0.0,0.0,0.0,0.0,64.0,0.0,0.0,0.0,0.0,0.0,0.0,2.0,0.0,0.0,0.0,251.0,-1.0,0.0,32.0,0.0,0.0,0.0,0.0,0.0,0.0,0.0,0.0
8080.0,1390.0,3.0,4.0,79.0,220.0,79.0,0.0,26.333334,45.610672,185.0,0.0,55.0,88.223206,215107.9,5035.971,231.66667,181.48021,409.0,0.0,656.0,328.0,456.791,651.0,5.0,1095.0,365.0,345.11014,686.0,0.0,0.0,0.0,0.0,0.0,104.0,136.0,2158.2734,2877.6978,0.0,185.0,37.375,66.02583,4359.4106,0.0,0.0,0.0,1.0,0.0,0.0,0.0,0.0,1.0,42.714287,26.333334,55.0,104.0,0.0,0.0,0.0,0.0,0.0,0.0,3.0,79.0,4.0,220.0,64240.0,255.0,1.0,32.0,0.0,0.0,0.0,0.0,0.0,0.0,0.0,0.0
8080.0,7.0,2.0,0.0,0.0,0.0,0.0,0.0,0.0,0.0,0.0,0.0,0.0,0.0,0.0,285714.28,7.0,0.0,7.0,7.0,7.0,7.0,0.0,7.0,7.0,0.0,0.0,0.0,0.0,0.0,0.0,0.0,0.0,0.0,64.0,0.0,285714.28,0.0,0.0,0.0,0.0,0.0,0.0,0.0,0.0,0.0,0.0,1.0,0.0,0.0,0.0,0.0,0.0,0.0,0.0,64.0,0.0,0.0,0.0,0.0,0.0,0.0,2.0,0.0,0.0,0.0,251.0,-1.0,0.0,32.0,0.0,0.0,0.0,0.0,0.0,0.0,0.0,0.0
8080.0,1270.0,3.0,4.0,79.0,220.0,79.0,0.0,26.333334,45.610672,185.0,0.0,55.0,88.223206,235433.08,5511.811,211.66667,116.40905,333.0,4.0,621.0,310.5,433.45645,617.0,4.0,937.0,312.33334,192.5028,529.0,161.0,0.0,0.0,0.0,0.0,104.0,136.0,2362.2048,3149.6062,0.0,185.0,37.375,66.02583,4359.4106,0.0,0.0,0.0,1.0,0.0,0.0,0.0,0.0,1.0,42.714287,26.333334,55.0,104.0,0.0,0.0,0.0,0.0,0.0,0.0,3.0,79.0,4.0,220.0,64240.0,255.0,1.0,32.0,0.0,0.0,0.0,0.0,0.0,0.0,0.0,0.0
8080.0,284.0,2.0,0.0,0.0,0.0,0.0,0.0,0.0,0.0,0.0,0.0,0.0,0.0,0.0,7042.2534,284.0,0.0,284.0,284.0,284.0,284.0,0.0,284.0,284.0,0.0,0.0,0.0,0.0,0.0,0.0,0.0,0.0,0.0,64.0,0.0,7042.2534,0.0,0.0,0.0,0.0,0.0,0.0,0.0,0.0,0.0,0.0,1.0,0.0,0.0,0.0,0.0,0.0,0.0,0.0,64.0,0.0,0.0,0.0,0.0,0.0,0.0,2.0,0.0,0.0,0.0,251.0,-1.0,0.0,32.0,0.0,0.0,0.0,0.0,0.0,0.0,0.0,0.0
8080.0,1942.0,3.0,4.0,79.0,220.0,79.0,0.0,26.333334,45.610672,185.0,0.0,55.0,88.223206,153964.98,3604.5315,323.66666,290.54202,869.0,0.0,1427.0,713.5,219.9102,869.0,558.0,1670.0,556.6667,798.86005,1472.0,0.0,0.0,0.0,0.0,0.0,104.0,136.0,1544.7992,2059.7322,0.0,185.0,37.375,66.02583,4359.4106,0.0,0.0,0.0,1.0,0.0,0.0,0.0,0.0,1.0,42.714287,26.333334,55.0,104.0,0.0,0.0,0.0,0.0,0.0,0.0,3.0,79.0,4.0,220.0,64240.0,255.0,1.0,32.0,0.0,0.0,0.0,0.0,0.0,0.0,0.0,0.0
8080.0,139.0,2.0,0.0,0.0,0.0,0.0,0.0,0.0,0.0,0.0,0.0,0.0,0.0,0.0,14388.489,139.0,0.0,139.0,139.0,139.0,139.0,0.0,139.0,139.0,0.0,0.0,0.0,0.0,0.0,0.0,0.0,0.0,0.0,64.0,0.0,14388.489,0.0,0.0,0.0,0.0,0.0,0.0,0.0,0.0,0.0,0.0,1.0,0.0,0.0,0.0,0.0,0.0,0.0,0.0,64.0,0.0,0.0,0.0,0.0,0.0,0.0,2.0,0.0,0.0,0.0,251.0,-1.0,0.0,32.0,0.0,0.0,0.0,0.0,0.0,0.0,0.0,0.0
8080.0,1882.0,4.0,4.0,79.0,220.0,79.0,0.0,19.75,39.5,185.0,0.0,55.0,88.223206,158873.53,4250.797,268.85715,138.60066,419.0,27.0,1855.0,618.3333,485.2889,1113.0,143.0,1588.0,529.3333,294.22836,867.0,328.0,0.0,0.0,0.0,0.0,136.0,136.0,2125.3984,2125.3984,0.0,185.0,33.22222,63.005512,3969.6943,0.0,0.0,0.0,1.0,0.0,0.0,0.0,0.0,1.0,37.375,19.75,55.0,136.0,0.0,0.0,0.0,0.0,0.0,0.0,4.0,79.0,4.0,220.0,64240.0,255.0,1.0,32.0,0.0,0.0,0.0,0.0,0.0,0.0,0.0,0.0
8080.0,1957.0,3.0,4.0,79.0,220.0,79.0,0.0,26.333334,45.610672,185.0,0.0,55.0,88.223206,152784.88,3576.9033,326.16666,248.83682,683.0,0.0,884.0,442.0,496.38895,793.0,91.0,1618.0,539.3333,483.773,935.0,0.0,0.0,0.0,0.0,0.0,104.0,136.0,1532.9586,2043.9448,0.0,185.0,37.375,66.02583,4359.4106,0.0,0.0,0.0,1.0,0.0,0.0,0.0,0.0,1.0,42.714287,26.333334,55.0,104.0,0.0,0.0,0.0,0.0,0.0,0.0,3.0,79.0,4.0,220.0,64240.0,255.0,1.0,32.0,0.0,0.0,0.0,0.0,0.0,0.0,0.0,0.0
8080.0,955.0,2.0,0.0,0.0,0.0,0.0,0.0,0.0,0.0,0.0,0.0,0.0,0.0,0.0,2094.2407,955.0,0.0,955.0,955.0,955.0,955.0,0.0,955.0,955.0,0.0,0.0,0.0,0.0,0.0,0.0,0.0,0.0,0.0,64.0,0.0,2094.2407,0.0,0.0,0.0,0.0,0.0,0.0,0.0,0.0,0.0,0.0,1.0,0.0,0.0,0.0,0.0,0.0,0.0,0.0,64.0,0.0,0.0,0.0,0.0,0.0,0.0,2.0,0.0,0.0,0.0,251.0,-1.0,0.0,32.0,0.0,0.0,0.0,0.0,0.0,0.0,0.0,0.0
8080.0,1981.0,3.0,4.0,79.0,220.0,79.0,0.0,26.333334,45.610672,185.0,0.0,55.0,88.223206,150933.88,3533.5688,330.16666,466.80936,1247.0,0.0,1659.0,829.5,590.43414,1247.0,412.0,1770.0,590.0,1021.91,1770.0,0.0,0.0,0.0,0.0,0.0,104.0,136.0,1514.3867,2019.1823,0.0,185.0,37.375,66.02583,4359.4106,0.0,0.0,0.0,1.0,0.0,0.0,0.0,0.0,1.0,42.714287,26.333334,55.0,104.0,0.0,0.0,0.0,0.0,0.0,0.0,3.0,79.0,4.0,220.0,64240.0,255.0,1.0,32.0,0.0,0.0,0.0,0.0,0.0,0.0,0.0,0.0
8080.0,94.0,2.0,0.0,0.0,0.0,0.0,0.0,0.0,0.0,0.0,0.0,0.0,0.0,0.0,21276.596,94.0,0.0,94.0,94.0,94.0,94.0,0.0,94.0,94.0,0.0,0.0,0.0,0.0,0.0,0.0,0.0,0.0,0.0,64.0,0.0,21276.596,0.0,0.0,0.0,0.0,0.0,0.0,0.0,0.0,0.0,0.0,1.0,0.0,0.0,0.0,0.0,0.0,0.0,0.0,64.0,0.0,0.0,0.0,0.0,0.0,0.0,2.0,0.0,0.0,0.0,251.0,-1.0,0.0,32.0,0.0,0.0,0.0,0.0,0.0,0.0,0.0,0.0
8080.0,1434.0,3.0,4.0,79.0,220.0,79.0,0.0,26.333334,45.610672,185.0,0.0,55.0,88.223206,208507.67,4881.4507,239.0,170.31383,531.0,4.0,772.0,386.0,540.22955,768.0,4.0,1197.0,399.0,349.23203,802.0,185.0,0.0,0.0,0.0,0.0,104.0,136.0,2092.0503,2789.4004,0.0,185.0,37.375,66.02583,4359.4106,0.0,0.0,0.0,1.0,0.0,0.0,0.0,0.0,1.0,42.714287,26.333334,55.0,104.0,0.0,0.0,0.0,0.0,0.0,0.0,3.0,79.0,4.0,220.0,64240.0,255.0,1.0,32.0,0.0,0.0,0.0,0.0,0.0,0.0,0.0,0.0
8080.0,114.0,2.0,0.0,0.0,0.0,0.0,0.0,0.0,0.0,0.0,0.0,0.0,0.0,0.0,17543.86,114.0,0.0,114.0,114.0,114.0,114.0,0.0,114.0,114.0,0.0,0.0,0.0,0.0,0.0,0.0,0.0,0.0,0.0,64.0,0.0,17543.86,0.0,0.0,0.0,0.0,0.0,0.0,0.0,0.0,0.0,0.0,1.0,0.0,0.0,0.0,0.0,0.0,0.0,0.0,64.0,0.0,0.0,0.0,0.0,0.0,0.0,2.0,0.0,0.0,0.0,251.0,-1.0,0.0,32.0,0.0,0.0,0.0,0.0,0.0,0.0,0.0,0.0
8080.0,1738.0,3.0,4.0,79.0,220.0,79.0,0.0,26.333334,45.610672,185.0,0.0,55.0,88.223206,172036.83,4027.618,289.66666,151.33627,410.0,0.0,931.0,465.5,283.5498,666.0,265.0,1416.0,472.0,505.8577,1006.0,0.0,0.0,0.0,0.0,0.0,104.0,136.0,1726.122,2301.496,0.0,185.0,37.375,66.02583,4359.4106,0.0,0.0,0.0,1.0,0.0,0.0,0.0,0.0,1.0,42.714287,26.333334,55.0,104.0,0.0,0.0,0.0,0.0,0.0,0.0,3.0,79.0,4.0,220.0,64240.0,255.0,1.0,32.0,0.0,0.0,0.0,0.0,0.0,0.0,0.0,0.0
8080.0,4.0,2.0,0.0,0.0,0.0,0.0,0.0,0.0,0.0,0.0,0.0,0.0,0.0,0.0,500000.0,4.0,0.0,4.0,4.0,4.0,4.0,0.0,4.0,4.0,0.0,0.0,0.0,0.0,0.0,0.0,0.0,0.0,0.0,64.0,0.0,500000.0,0.0,0.0,0.0,0.0,0.0,0.0,0.0,0.0,0.0,0.0,1.0,0.0,0.0,0.0,0.0,0.0,0.0,0.0,64.0,0.0,0.0,0.0,0.0,0.0,0.0,2.0,0.0,0.0,0.0,251.0,-1.0,0.0,32.0,0.0,0.0,0.0,0.0,0.0,0.0,0.0,0.0
8080.0,1495.0,3.0,4.0,79.0,220.0,79.0,0.0,26.333334,45.610672,185.0,0.0,55.0,88.223206,200000.0,4682.2744,249.16667,156.13637,411.0,9.0,693.0,346.5,477.2971,684.0,9.0,1094.0,364.66666,299.80716,703.0,132.0,0.0,0.0,0.0,0.0,104.0,136.0,2006.689,2675.5852,0.0,185.0,37.375,66.02583,4359.4106,0.0,0.0,0.0,1.0,0.0,0.0,0.0,0.0,1.0,42.714287,26.333334,55.0,104.0,0.0,0.0,0.0,0.0,0.0,0.0,3.0,79.0,4.0,220.0,64240.0,255.0,1.0,32.0,0.0,0.0,0.0,0.0,0.0,0.0,0.0,0.0
8080.0,197.0,2.0,0.0,0.0,0.0,0.0,0.0,0.0,0.0,0.0,0.0,0.0,0.0,0.0,10152.284,197.0,0.0,197.0,197.0,197.0,197.0,0.0,197.0,197.0,0.0,0.0,0.0,0.0,0.0,0.0,0.0,0.0,0.0,64.0,0.0,10152.284,0.0,0.0,0.0,0.0,0.0,0.0,0.0,0.0,0.0,0.0,1.0,0.0,0.0,0.0,0.0,0.0,0.0,0.0,64.0,0.0,0.0,0.0,0.0,0.0,0.0,2.0,0.0,0.0,0.0,251.0,-1.0,0.0,32.0,0.0,0.0,0.0,0.0,0.0,0.0,0.0,0.0
8080.0,1243.0,3.0,4.0,79.0,220.0,79.0,0.0,26.333334,45.610672,185.0,0.0,55.0,88.223206,240547.06,5631.5366,207.16667,161.71013,359.0,0.0,595.0,297.5,415.0717,591.0,4.0,923.0,307.66666,285.48264,564.0,0.0,0.0,0.0,0.0,0.0,104.0,136.0,2413.5156,3218.021,0.0,185.0,37.375,66.02583,4359.4106,0.0,0.0,0.0,1.0,0.0,0.0,0.0,0.0,1.0,42.714287,26.333334,55.0,104.0,0.0,0.0,0.0,0.0,0.0,0.0,3.0,79.0,4.0,220.0,64240.0,255.0,1.0,32.0,0.0,0.0,0.0,0.0,0.0,0.0,0.0,0.0
8080.0,9.0,2.0,0.0,0.0,0.0,0.0,0.0,0.0,0.0,0.0,0.0,0.0,0.0,0.0,222222.22,9.0,0.0,9.0,9.0,9.0,9.0,0.0,9.0,9.0,0.0,0.0,0.0,0.0,0.0,0.0,0.0,0.0,0.0,64.0,0.0,222222.22,0.0,0.0,0.0,0.0,0.0,0.0,0.0,0.0,0.0,0.0,1.0,0.0,0.0,0.0,0.0,0.0,0.0,0.0,64.0,0.0,0.0,0.0,0.0,0.0,0.0,2.0,0.0,0.0,0.0,251.0,-1.0,0.0,32.0,0.0,0.0,0.0,0.0,0.0,0.0,0.0,0.0
8080.0,1479.0,3.0,4.0,79.0,220.0,79.0,0.0,26.333334,45.610672,185.0,0.0,55.0,88.223206,202163.62,4732.9277,246.5,190.75613,400.0,0.0,679.0,339.5,471.64023,673.0,6.0,1145.0,381.66666,372.83823,745.0,0.0,0.0,0.0,0.0,0.0,104.0,136.0,2028.3976,2704.53,0.0,185.0,37.375,66.02583,4359.4106,0.0,0.0,0.0,1.0,0.0,0.0,0.0,0.0,1.0,42.714287,26.333334,55.0,104.0,0.0,0.0,0.0,0.0,0.0,0.0,3.0,79.0,4.0,220.0,64240.0,255.0,1.0,32.0,0.0,0.0,0.0,0.0,0.0,0.0,0.0,0.0
8080.0,8.0,2.0,0.0,0.0,0.0,0.0,0.0,0.0,0.0,0.0,0.0,0.0,0.0,0.0,250000.0,8.0,0.0,8.0,8.0,8.0,8.0,0.0,8.0,8.0,0.0,0.0,0.0,0.0,0.0,0.0,0.0,0.0,0.0,64.0,0.0,250000.0,0.0,0.0,0.0,0.0,0.0,0.0,0.0,0.0,0.0,0.0,1.0,0.0,0.0,0.0,0.0,0.0,0.0,0.0,64.0,0.0,0.0,0.0,0.0,0.0,0.0,2.0,0.0,0.0,0.0,251.0,-1.0,0.0,32.0,0.0,0.0,0.0,0.0,0.0,0.0,0.0,0.0
8080.0,1476.0,3.0,4.0,79.0,220.0,79.0,0.0,26.333334,45.610672,185.0,0.0,55.0,88.223206,202574.53,4742.5474,246.0,140.31535,402.0,12.0,597.0,298.5,405.17218,585.0,12.0,1209.0,403.0,296.62604,732.0,156.0,0.0,0.0,0.0,0.0,104.0,136.0,2032.5204,2710.027,0.0,185.0,37.375,66.02583,4359.4106,0.0,0.0,0.0,1.0,0.0,0.0,0.0,0.0,1.0,42.714287,26.333334,55.0,104.0,0.0,0.0,0.0,0.0,0.0,0.0,3.0,79.0,4.0,220.0,64240.0,255.0,1.0,32.0,0.0,0.0,0.0,0.0,0.0,0.0,0.0,0.0
8080.0,822.0,2.0,0.0,0.0,0.0,0.0,0.0,0.0,0.0,0.0,0.0,0.0,0.0,0.0,2433.09,822.0,0.0,822.0,822.0,822.0,822.0,0.0,822.0,822.0,0.0,0.0,0.0,0.0,0.0,0.0,0.0,0.0,0.0,64.0,0.0,2433.09,0.0,0.0,0.0,0.0,0.0,0.0,0.0,0.0,0.0,0.0,1.0,0.0,0.0,0.0,0.0,0.0,0.0,0.0,64.0,0.0,0.0,0.0,0.0,0.0,0.0,2.0,0.0,0.0,0.0,251.0,-1.0,0.0,32.0,0.0,0.0,0.0,0.0,0.0,0.0,0.0,0.0
8080.0,2068.0,3.0,4.0,79.0,220.0,79.0,0.0,26.333334,45.610672,185.0,0.0,55.0,88.223206,144584.14,3384.9128,344.66666,179.42316,470.0,7.0,829.0,414.5,576.29205,822.0,7.0,1598.0,532.6667,265.6583,825.0,306.0,0.0,0.0,0.0,0.0,104.0,136.0,1450.677,1934.236,0.0,185.0,37.375,66.02583,4359.4106,0.0,0.0,0.0,1.0,0.0,0.0,0.0,0.0,1.0,42.714287,26.333334,55.0,104.0,0.0,0.0,0.0,0.0,0.0,0.0,3.0,79.0,4.0,220.0,64240.0,255.0,1.0,32.0,0.0,0.0,0.0,0.0,0.0,0.0,0.0,0.0
8080.0,863.0,2.0,0.0,0.0,0.0,0.0,0.0,0.0,0.0,0.0,0.0,0.0,0.0,0.0,2317.497,863.0,0.0,863.0,863.0,863.0,863.0,0.0,863.0,863.0,0.0,0.0,0.0,0.0,0.0,0.0,0.0,0.0,0.0,64.0,0.0,2317.497,0.0,0.0,0.0,0.0,0.0,0.0,0.0,0.0,0.0,0.0,1.0,0.0,0.0,0.0,0.0,0.0,0.0,0.0,64.0,0.0,0.0,0.0,0.0,0.0,0.0,2.0,0.0,0.0,0.0,251.0,-1.0,0.0,32.0,0.0,0.0,0.0,0.0,0.0,0.0,0.0,0.0
8080.0,2228.0,3.0,4.0,79.0,220.0,79.0,0.0,26.333334,45.610672,185.0,0.0,55.0,88.223206,134201.08,3141.8313,371.33334,364.0987,1066.0,0.0,1755.0,877.5,266.57925,1066.0,689.0,1855.0,618.3333,904.9433,1657.0,0.0,0.0,0.0,0.0,0.0,104.0,136.0,1346.4991,1795.3322,0.0,185.0,37.375,66.02583,4359.4106,0.0,0.0,0.0,1.0,0.0,0.0,0.0,0.0,1.0,42.714287,26.333334,55.0,104.0,0.0,0.0,0.0,0.0,0.0,0.0,3.0,79.0,4.0,220.0,64240.0,255.0,1.0,32.0,0.0,0.0,0.0,0.0,0.0,0.0,0.0,0.0
8080.0,87.0,2.0,0.0,0.0,0.0,0.0,0.0,0.0,0.0,0.0,0.0,0.0,0.0,0.0,22988.506,87.0,0.0,87.0,87.0,87.0,87.0,0.0,87.0,87.0,0.0,0.0,0.0,0.0,0.0,0.0,0.0,0.0,0.0,64.0,0.0,22988.506,0.0,0.0,0.0,0.0,0.0,0.0,0.0,0.0,0.0,0.0,1.0,0.0,0.0,0.0,0.0,0.0,0.0,0.0,64.0,0.0,0.0,0.0,0.0,0.0,0.0,2.0,0.0,0.0,0.0,251.0,-1.0,0.0,32.0,0.0,0.0,0.0,0.0,0.0,0.0,0.0,0.0
8080.0,1508.0,3.0,4.0,79.0,220.0,79.0,0.0,26.333334,45.610672,185.0,0.0,55.0,88.223206,198275.86,4641.9097,251.33333,141.84451,426.0,0.0,819.0,409.5,183.14066,539.0,280.0,1187.0,395.66666,381.40573,761.0,0.0,0.0,0.0,0.0,0.0,104.0,136.0,1989.3899,2652.5198,0.0,185.0,37.375,66.02583,4359.4106,0.0,0.0,0.0,1.0,0.0,0.0,0.0,0.0,1.0,42.714287,26.333334,55.0,104.0,0.0,0.0,0.0,0.0,0.0,0.0,3.0,79.0,4.0,220.0,64240.0,255.0,1.0,32.0,0.0,0.0,0.0,0.0,0.0,0.0,0.0,0.0
8080.0,5.0,2.0,0.0,0.0,0.0,0.0,0.0,0.0,0.0,0.0,0.0,0.0,0.0,0.0,400000.0,5.0,0.0,5.0,5.0,5.0,5.0,0.0,5.0,5.0,0.0,0.0,0.0,0.0,0.0,0.0,0.0,0.0,0.0,64.0,0.0,400000.0,0.0,0.0,0.0,0.0,0.0,0.0,0.0,0.0,0.0,0.0,1.0,0.0,0.0,0.0,0.0,0.0,0.0,0.0,64.0,0.0,0.0,0.0,0.0,0.0,0.0,2.0,0.0,0.0,0.0,251.0,-1.0,0.0,32.0,0.0,0.0,0.0,0.0,0.0,0.0,0.0,0.0
8080.0,1451.0,3.0,4.0,79.0,220.0,79.0,0.0,26.333334,45.610672,185.0,0.0,55.0,88.223206,206064.78,4824.2593,241.83333,170.46808,478.0,0.0,701.0,350.5,352.84628,600.0,101.0,1193.0,397.66666,364.20645,715.0,0.0,0.0,0.0,0.0,0.0,104.0,136.0,2067.5396,2756.7195,0.0,185.0,37.375,66.02583,4359.4106,0.0,0.0,0.0,1.0,0.0,0.0,0.0,0.0,1.0,42.714287,26.333334,55.0,104.0,0.0,0.0,0.0,0.0,0.0,0.0,3.0,79.0,4.0,220.0,64240.0,255.0,1.0,32.0,0.0,0.0,0.0,0.0,0.0,0.0,0.0,0.0
8080.0,1462.0,3.0,4.0,79.0,220.0,79.0,0.0,26.333334,45.610672,185.0,0.0,55.0,88.223206,204514.36,4787.962,243.66667,80.985596,324.0,109.0,702.0,351.0,342.2397,593.0,109.0,1193.0,397.66666,280.2683,715.0,184.0,0.0,0.0,0.0,0.0,104.0,136.0,2051.9836,2735.978,0.0,185.0,37.375,66.02583,4359.4106,0.0,0.0,0.0,1.0,0.0,0.0,0.0,0.0,1.0,42.714287,26.333334,55.0,104.0,0.0,0.0,0.0,0.0,0.0,0.0,3.0,79.0,4.0,220.0,64240.0,255.0,1.0,32.0,0.0,0.0,0.0,0.0,0.0,0.0,0.0,0.0
8080.0,58.0,2.0,0.0,0.0,0.0,0.0,0.0,0.0,0.0,0.0,0.0,0.0,0.0,0.0,34482.758,58.0,0.0,58.0,58.0,58.0,58.0,0.0,58.0,58.0,0.0,0.0,0.0,0.0,0.0,0.0,0.0,0.0,0.0,64.0,0.0,34482.758,0.0,0.0,0.0,0.0,0.0,0.0,0.0,0.0,0.0,0.0,1.0,0.0,0.0,0.0,0.0,0.0,0.0,0.0,64.0,0.0,0.0,0.0,0.0,0.0,0.0,2.0,0.0,0.0,0.0,251.0,-1.0,0.0,32.0,0.0,0.0,0.0,0.0,0.0,0.0,0.0,0.0
8080.0,992.0,2.0,0.0,0.0,0.0,0.0,0.0,0.0,0.0,0.0,0.0,0.0,0.0,0.0,2016.129,992.0,0.0,992.0,992.0,992.0,992.0,0.0,992.0,992.0,0.0,0.0,0.0,0.0,0.0,0.0,0.0,0.0,0.0,64.0,0.0,2016.129,0.0,0.0,0.0,0.0,0.0,0.0,0.0,0.0,0.0,0.0,1.0,0.0,0.0,0.0,0.0,0.0,0.0,0.0,64.0,0.0,0.0,0.0,0.0,0.0,0.0,2.0,0.0,0.0,0.0,251.0,-1.0,0.0,32.0,0.0,0.0,0.0,0.0,0.0,0.0,0.0,0.0
8080.0,1378.0,3.0,4.0,79.0,220.0,79.0,0.0,26.333334,45.610672,185.0,0.0,55.0,88.223206,216981.12,5079.8257,229.66667,187.8762,427.0,0.0,805.0,402.5,562.1499,800.0,5.0,951.0,317.0,370.96765,725.0,0.0,0.0,0.0,0.0,0.0,104.0,136.0,2177.068,2902.7576,0.0,185.0,37.375,66.02583,4359.4106,0.0,0.0,0.0,1.0,0.0,0.0,0.0,0.0,1.0,42.714287,26.333334,55.0,104.0,0.0,0.0,0.0,0.0,0.0,0.0,3.0,79.0,4.0,220.0,64240.0,255.0,1.0,32.0,0.0,0.0,0.0,0.0,0.0,0.0,0.0,0.0
8080.0,1522.0,3.0,4.0,79.0,220.0,79.0,0.0,26.333334,45.610672,185.0,0.0,55.0,88.223206,196452.03,4599.2114,253.66667,158.88193,463.0,0.0,961.0,480.5,441.94174,793.0,168.0,1059.0,353.0,421.7191,820.0,0.0,0.0,0.0,0.0,0.0,104.0,136.0,1971.0907,2628.1208,0.0,185.0,37.375,66.02583,4359.4106,0.0,0.0,0.0,1.0,0.0,0.0,0.0,0.0,1.0,42.714287,26.333334,55.0,104.0,0.0,0.0,0.0,0.0,0.0,0.0,3.0,79.0,4.0,220.0,64240.0,255.0,1.0,32.0,0.0,0.0,0.0,0.0,0.0,0.0,0.0,0.0
8080.0,8.0,2.0,0.0,0.0,0.0,0.0,0.0,0.0,0.0,0.0,0.0,0.0,0.0,0.0,250000.0,8.0,0.0,8.0,8.0,8.0,8.0,0.0,8.0,8.0,0.0,0.0,0.0,0.0,0.0,0.0,0.0,0.0,0.0,64.0,0.0,250000.0,0.0,0.0,0.0,0.0,0.0,0.0,0.0,0.0,0.0,0.0,1.0,0.0,0.0,0.0,0.0,0.0,0.0,0.0,64.0,0.0,0.0,0.0,0.0,0.0,0.0,2.0,0.0,0.0,0.0,251.0,-1.0,0.0,32.0,0.0,0.0,0.0,0.0,0.0,0.0,0.0,0.0
8080.0,1688.0,2.0,0.0,0.0,0.0,0.0,0.0,0.0,0.0,0.0,0.0,0.0,0.0,0.0,1184.8341,1688.0,0.0,1688.0,1688.0,1688.0,1688.0,0.0,1688.0,1688.0,0.0,0.0,0.0,0.0,0.0,0.0,0.0,0.0,0.0,64.0,0.0,1184.8341,0.0,0.0,0.0,0.0,0.0,0.0,0.0,0.0,0.0,0.0,1.0,0.0,0.0,0.0,0.0,0.0,0.0,0.0,64.0,0.0,0.0,0.0,0.0,0.0,0.0,2.0,0.0,0.0,0.0,251.0,-1.0,0.0,32.0,0.0,0.0,0.0,0.0,0.0,0.0,0.0,0.0
8080.0,1231.0,3.0,4.0,79.0,220.0,79.0,0.0,26.333334,45.610672,185.0,0.0,55.0,88.223206,242891.95,5686.4336,205.16667,115.13195,325.0,0.0,843.0,421.5,136.4716,518.0,325.0,1012.0,337.33334,415.17505,801.0,0.0,0.0,0.0,0.0,0.0,104.0,136.0,2437.043,3249.3906,0.0,185.0,37.375,66.02583,4359.4106,0.0,0.0,0.0,1.0,0.0,0.0,0.0,0.0,1.0,42.714287,26.333334,55.0,104.0,0.0,0.0,0.0,0.0,0.0,0.0,3.0,79.0,4.0,220.0,64240.0,255.0,1.0,32.0,0.0,0.0,0.0,0.0,0.0,0.0,0.0,0.0
8080.0,5.0,2.0,0.0,0.0,0.0,0.0,0.0,0.0,0.0,0.0,0.0,0.0,0.0,0.0,400000.0,5.0,0.0,5.0,5.0,5.0,5.0,0.0,5.0,5.0,0.0,0.0,0.0,0.0,0.0,0.0,0.0,0.0,0.0,64.0,0.0,400000.0,0.0,0.0,0.0,0.0,0.0,0.0,0.0,0.0,0.0,0.0,1.0,0.0,0.0,0.0,0.0,0.0,0.0,0.0,64.0,0.0,0.0,0.0,0.0,0.0,0.0,2.0,0.0,0.0,0.0,251.0,-1.0,0.0,32.0,0.0,0.0,0.0,0.0,0.0,0.0,0.0,0.0
8080.0,1178.0,3.0,4.0,79.0,220.0,79.0,0.0,26.333334,45.610672,185.0,0.0,55.0,88.223206,253820.03,5942.275,196.33333,124.657394,340.0,0.0,561.0,280.5,236.88077,448.0,113.0,996.0,332.0,328.07315,656.0,0.0,0.0,0.0,0.0,0.0,104.0,136.0,2546.6892,3395.5857,0.0,185.0,37.375,66.02583,4359.4106,0.0,0.0,0.0,1.0,0.0,0.0,0.0,0.0,1.0,42.714287,26.333334,55.0,104.0,0.0,0.0,0.0,0.0,0.0,0.0,3.0,79.0,4.0,220.0,64240.0,255.0,1.0,32.0,0.0,0.0,0.0,0.0,0.0,0.0,0.0,0.0
8080.0,7.0,2.0,0.0,0.0,0.0,0.0,0.0,0.0,0.0,0.0,0.0,0.0,0.0,0.0,285714.28,7.0,0.0,7.0,7.0,7.0,7.0,0.0,7.0,7.0,0.0,0.0,0.0,0.0,0.0,0.0,0.0,0.0,0.0,64.0,0.0,285714.28,0.0,0.0,0.0,0.0,0.0,0.0,0.0,0.0,0.0,0.0,1.0,0.0,0.0,0.0,0.0,0.0,0.0,0.0,64.0,0.0,0.0,0.0,0.0,0.0,0.0,2.0,0.0,0.0,0.0,251.0,-1.0,0.0,32.0,0.0,0.0,0.0,0.0,0.0,0.0,0.0,0.0
8080.0,1413.0,3.0,4.0,79.0,220.0,79.0,0.0,26.333334,45.610672,185.0,0.0,55.0,88.223206,211606.52,4953.9985,235.5,127.035034,337.0,0.0,859.0,429.5,297.69196,640.0,219.0,1089.0,363.0,453.96365,872.0,0.0,0.0,0.0,0.0,0.0,104.0,136.0,2123.1423,2830.8564,0.0,185.0,37.375,66.02583,4359.4106,0.0,0.0,0.0,1.0,0.0,0.0,0.0,0.0,1.0,42.714287,26.333334,55.0,104.0,0.0,0.0,0.0,0.0,0.0,0.0,3.0,79.0,4.0,220.0,64240.0,255.0,1.0,32.0,0.0,0.0,0.0,0.0,0.0,0.0,0.0,0.0
8080.0,5.0,2.0,0.0,0.0,0.0,0.0,0.0,0.0,0.0,0.0,0.0,0.0,0.0,0.0,400000.0,5.0,0.0,5.0,5.0,5.0,5.0,0.0,5.0,5.0,0.0,0.0,0.0,0.0,0.0,0.0,0.0,0.0,0.0,64.0,0.0,400000.0,0.0,0.0,0.0,0.0,0.0,0.0,0.0,0.0,0.0,0.0,1.0,0.0,0.0,0.0,0.0,0.0,0.0,0.0,64.0,0.0,0.0,0.0,0.0,0.0,0.0,2.0,0.0,0.0,0.0,251.0,-1.0,0.0,32.0,0.0,0.0,0.0,0.0,0.0,0.0,0.0,0.0
8080.0,1403.0,3.0,4.0,79.0,220.0,79.0,0.0,26.333334,45.610672,185.0,0.0,55.0,88.223206,213114.75,4989.3086,233.83333,163.95416,376.0,0.0,831.0,415.5,460.3265,741.0,90.0,1037.0,345.66666,440.0231,841.0,0.0,0.0,0.0,0.0,0.0,104.0,136.0,2138.2751,2851.0334,0.0,185.0,37.375,66.02583,4359.4106,0.0,0.0,0.0,1.0,0.0,0.0,0.0,0.0,1.0,42.714287,26.333334,55.0,104.0,0.0,0.0,0.0,0.0,0.0,0.0,3.0,79.0,4.0,220.0,64240.0,255.0,1.0,32.0,0.0,0.0,0.0,0.0,0.0,0.0,0.0,0.0
8080.0,4.0,2.0,0.0,0.0,0.0,0.0,0.0,0.0,0.0,0.0,0.0,0.0,0.0,0.0,500000.0,4.0,0.0,4.0,4.0,4.0,4.0,0.0,4.0,4.0,0.0,0.0,0.0,0.0,0.0,0.0,0.0,0.0,0.0,64.0,0.0,500000.0,0.0,0.0,0.0,0.0,0.0,0.0,0.0,0.0,0.0,0.0,1.0,0.0,0.0,0.0,0.0,0.0,0.0,0.0,64.0,0.0,0.0,0.0,0.0,0.0,0.0,2.0,0.0,0.0,0.0,251.0,-1.0,0.0,32.0,0.0,0.0,0.0,0.0,0.0,0.0,0.0,0.0
8080.0,1939.0,3.0,4.0,79.0,220.0,79.0,0.0,26.333334,45.610672,185.0,0.0,55.0,88.223206,154203.2,3610.1084,323.16666,275.44104,817.0,0.0,1513.0,756.5,85.55992,817.0,696.0,1610.0,536.6667,791.7634,1446.0,0.0,0.0,0.0,0.0,0.0,104.0,136.0,1547.1893,2062.919,0.0,185.0,37.375,66.02583,4359.4106,0.0,0.0,0.0,1.0,0.0,0.0,0.0,0.0,1.0,42.714287,26.333334,55.0,104.0,0.0,0.0,0.0,0.0,0.0,0.0,3.0,79.0,4.0,220.0,64240.0,255.0,1.0,32.0,0.0,0.0,0.0,0.0,0.0,0.0,0.0,0.0
8080.0,157.0,2.0,0.0,0.0,0.0,0.0,0.0,0.0,0.0,0.0,0.0,0.0,0.0,0.0,12738.854,157.0,0.0,157.0,157.0,157.0,157.0,0.0,157.0,157.0,0.0,0.0,0.0,0.0,0.0,0.0,0.0,0.0,0.0,64.0,0.0,12738.854,0.0,0.0,0.0,0.0,0.0,0.0,0.0,0.0,0.0,0.0,1.0,0.0,0.0,0.0,0.0,0.0,0.0,0.0,64.0,0.0,0.0,0.0,0.0,0.0,0.0,2.0,0.0,0.0,0.0,251.0,-1.0,0.0,32.0,0.0,0.0,0.0,0.0,0.0,0.0,0.0,0.0
8080.0,2364.0,4.0,5.0,79.0,220.0,79.0,0.0,19.75,39.5,185.0,0.0,44.0,80.26518,126480.54,3807.1067,295.5,150.20557,517.0,4.0,1798.0,599.3333,591.5373,1187.0,4.0,2088.0,522.0,206.909,764.0,259.0,0.0,0.0,0.0,0.0,136.0,168.0,1692.0474,2115.0593,0.0,185.0,29.9,60.32403,3638.9888,0.0,0.0,0.0,1.0,0.0,0.0,0.0,0.0,1.0,33.22222,19.75,44.0,136.0,0.0,0.0,0.0,0.0,0.0,0.0,4.0,79.0,5.0,220.0,64240.0,255.0,1.0,32.0,0.0,0.0,0.0,0.0,0.0,0.0,0.0,0.0
8080.0,32.0,2.0,0.0,0.0,0.0,0.0,0.0,0.0,0.0,0.0,0.0,0.0,0.0,0.0,62500.0,32.0,0.0,32.0,32.0,32.0,32.0,0.0,32.0,32.0,0.0,0.0,0.0,0.0,0.0,0.0,0.0,0.0,0.0,64.0,0.0,62500.0,0.0,0.0,0.0,0.0,0.0,0.0,0.0,0.0,0.0,0.0,1.0,0.0,0.0,0.0,0.0,0.0,0.0,0.0,64.0,0.0,0.0,0.0,0.0,0.0,0.0,2.0,0.0,0.0,0.0,251.0,-1.0,0.0,32.0,0.0,0.0,0.0,0.0,0.0,0.0,0.0,0.0
8080.0,2077.0,3.0,4.0,79.0,220.0,79.0,0.0,26.333334,45.610672,185.0,0.0,55.0,88.223206,143957.62,3370.2456,346.16666,393.78543,1067.0,0.0,777.0,388.5,542.3509,772.0,5.0,1649.0,549.6667,534.2343,1067.0,0.0,0.0,0.0,0.0,0.0,104.0,136.0,1444.391,1925.8546,0.0,185.0,37.375,66.02583,4359.4106,0.0,0.0,0.0,1.0,0.0,0.0,0.0,0.0,1.0,42.714287,26.333334,55.0,104.0,0.0,0.0,0.0,0.0,0.0,0.0,3.0,79.0,4.0,220.0,64240.0,255.0,1.0,32.0,0.0,0.0,0.0,0.0,0.0,0.0,0.0,0.0
8080.0,2586.0,4.0,4.0,79.0,220.0,79.0,0.0,19.75,39.5,185.0,0.0,55.0,88.223206,115622.586,3093.5808,369.42856,371.12436,1166.0,5.0,2415.0,805.0,895.25916,1772.0,5.0,2318.0,772.6667,351.08167,1166.0,491.0,0.0,0.0,0.0,0.0,136.0,136.0,1546.7904,1546.7904,0.0,185.0,33.22222,63.005512,3969.6943,0.0,0.0,0.0,1.0,0.0,0.0,0.0,0.0,1.0,37.375,19.75,55.0,136.0,0.0,0.0,0.0,0.0,0.0,0.0,4.0,79.0,4.0,220.0,64240.0,255.0,1.0,32.0,0.0,0.0,0.0,0.0,0.0,0.0,0.0,0.0
8080.0,62.0,2.0,0.0,0.0,0.0,0.0,0.0,0.0,0.0,0.0,0.0,0.0,0.0,0.0,32258.064,62.0,0.0,62.0,62.0,62.0,62.0,0.0,62.0,62.0,0.0,0.0,0.0,0.0,0.0,0.0,0.0,0.0,0.0,64.0,0.0,32258.064,0.0,0.0,0.0,0.0,0.0,0.0,0.0,0.0,0.0,0.0,1.0,0.0,0.0,0.0,0.0,0.0,0.0,0.0,64.0,0.0,0.0,0.0,0.0,0.0,0.0,2.0,0.0,0.0,0.0,251.0,-1.0,0.0,32.0,0.0,0.0,0.0,0.0,0.0,0.0,0.0,0.0
8080.0,2802.0,4.0,4.0,79.0,220.0,79.0,0.0,19.75,39.5,185.0,0.0,55.0,88.223206,106709.49,2855.1035,400.2857,422.17007,1320.0,3.0,2799.0,933.0,342.28204,1320.0,670.0,2436.0,812.0,920.72363,1874.0,238.0,0.0,0.0,0.0,0.0,136.0,136.0,1427.5518,1427.5518,0.0,185.0,33.22222,63.005512,3969.6943,0.0,0.0,0.0,1.0,0.0,0.0,0.0,0.0,1.0,37.375,19.75,55.0,136.0,0.0,0.0,0.0,0.0,0.0,0.0,4.0,79.0,4.0,220.0,64240.0,255.0,1.0,32.0,0.0,0.0,0.0,0.0,0.0,0.0,0.0,0.0
8080.0,1344.0,3.0,4.0,79.0,220.0,79.0,0.0,26.333334,45.610672,185.0,0.0,55.0,88.223206,222470.23,5208.3335,224.0,207.60732,527.0,0.0,872.0,436.0,608.1118,866.0,6.0,817.0,272.33334,344.7845,660.0,0.0,0.0,0.0,0.0,0.0,104.0,136.0,2232.1428,2976.1904,0.0,185.0,37.375,66.02583,4359.4106,0.0,0.0,0.0,1.0,0.0,0.0,0.0,0.0,1.0,42.714287,26.333334,55.0,104.0,0.0,0.0,0.0,0.0,0.0,0.0,3.0,79.0,4.0,220.0,64240.0,255.0,1.0,32.0,0.0,0.0,0.0,0.0,0.0,0.0,0.0,0.0
8080.0,120.0,2.0,0.0,0.0,0.0,0.0,0.0,0.0,0.0,0.0,0.0,0.0,0.0,0.0,16666.666,120.0,0.0,120.0,120.0,120.0,120.0,0.0,120.0,120.0,0.0,0.0,0.0,0.0,0.0,0.0,0.0,0.0,0.0,64.0,0.0,16666.666,0.0,0.0,0.0,0.0,0.0,0.0,0.0,0.0,0.0,0.0,1.0,0.0,0.0,0.0,0.0,0.0,0.0,0.0,64.0,0.0,0.0,0.0,0.0,0.0,0.0,2.0,0.0,0.0,0.0,251.0,-1.0,0.0,32.0,0.0,0.0,0.0,0.0,0.0,0.0,0.0,0.0
8080.0,1687.0,4.0,4.0,79.0,220.0,79.0,0.0,19.75,39.5,185.0,0.0,55.0,88.223206,177237.7,4742.146,241.0,183.55925,504.0,2.0,1685.0,561.6667,526.4507,1047.0,2.0,1394.0,464.66666,217.68173,660.0,230.0,0.0,0.0,0.0,0.0,136.0,136.0,2371.073,2371.073,0.0,185.0,33.22222,63.005512,3969.6943,0.0,0.0,0.0,1.0,0.0,0.0,0.0,0.0,1.0,37.375,19.75,55.0,136.0,0.0,0.0,0.0,0.0,0.0,0.0,4.0,79.0,4.0,220.0,64240.0,255.0,1.0,32.0,0.0,0.0,0.0,0.0,0.0,0.0,0.0,0.0
8080.0,1968.0,3.0,4.0,79.0,220.0,79.0,0.0,26.333334,45.610672,185.0,0.0,55.0,88.223206,151930.89,3556.9106,328.0,228.30418,614.0,0.0,810.0,405.0,322.4407,633.0,177.0,1679.0,559.6667,534.5749,1065.0,0.0,0.0,0.0,0.0,0.0,104.0,136.0,1524.3903,2032.5204,0.0,185.0,37.375,66.02583,4359.4106,0.0,0.0,0.0,1.0,0.0,0.0,0.0,0.0,1.0,42.714287,26.333334,55.0,104.0,0.0,0.0,0.0,0.0,0.0,0.0,3.0,79.0,4.0,220.0,64240.0,255.0,1.0,32.0,0.0,0.0,0.0,0.0,0.0,0.0,0.0,0.0
8080.0,11.0,2.0,0.0,0.0,0.0,0.0,0.0,0.0,0.0,0.0,0.0,0.0,0.0,0.0,181818.19,11.0,0.0,11.0,11.0,11.0,11.0,0.0,11.0,11.0,0.0,0.0,0.0,0.0,0.0,0.0,0.0,0.0,0.0,64.0,0.0,181818.19,0.0,0.0,0.0,0.0,0.0,0.0,0.0,0.0,0.0,0.0,1.0,0.0,0.0,0.0,0.0,0.0,0.0,0.0,64.0,0.0,0.0,0.0,0.0,0.0,0.0,2.0,0.0,0.0,0.0,251.0,-1.0,0.0,32.0,0.0,0.0,0.0,0.0,0.0,0.0,0.0,0.0
8080.0,1636.0,3.0,4.0,79.0,220.0,79.0,0.0,26.333334,45.610672,185.0,0.0,55.0,88.223206,182762.84,4278.7285,272.66666,158.33719,430.0,1.0,1115.0,557.5,202.93965,701.0,414.0,1206.0,402.0,449.56757,888.0,1.0,0.0,0.0,0.0,0.0,104.0,136.0,1833.7408,2444.9878,0.0,185.0,37.375,66.02583,4359.4106,0.0,0.0,0.0,1.0,0.0,0.0,0.0,0.0,1.0,42.714287,26.333334,55.0,104.0,0.0,0.0,0.0,0.0,0.0,0.0,3.0,79.0,4.0,220.0,64240.0,255.0,1.0,32.0,0.0,0.0,0.0,0.0,0.0,0.0,0.0,0.0
8080.0,3.0,2.0,0.0,0.0,0.0,0.0,0.0,0.0,0.0,0.0,0.0,0.0,0.0,0.0,666666.7,3.0,0.0,3.0,3.0,3.0,3.0,0.0,3.0,3.0,0.0,0.0,0.0,0.0,0.0,0.0,0.0,0.0,0.0,64.0,0.0,666666.7,0.0,0.0,0.0,0.0,0.0,0.0,0.0,0.0,0.0,0.0,1.0,0.0,0.0,0.0,0.0,0.0,0.0,0.0,64.0,0.0,0.0,0.0,0.0,0.0,0.0,2.0,0.0,0.0,0.0,251.0,-1.0,0.0,32.0,0.0,0.0,0.0,0.0,0.0,0.0,0.0,0.0
8080.0,1211.0,3.0,4.0,79.0,220.0,79.0,0.0,26.333334,45.610672,185.0,0.0,55.0,88.223206,246903.39,5780.3467,201.83333,164.73666,404.0,0.0,524.0,262.0,356.3818,514.0,10.0,1002.0,334.0,305.0836,598.0,0.0,0.0,0.0,0.0,0.0,104.0,136.0,2477.2915,3303.0554,0.0,185.0,37.375,66.02583,4359.4106,0.0,0.0,0.0,1.0,0.0,0.0,0.0,0.0,1.0,42.714287,26.333334,55.0,104.0,0.0,0.0,0.0,0.0,0.0,0.0,3.0,79.0,4.0,220.0,64240.0,255.0,1.0,32.0,0.0,0.0,0.0,0.0,0.0,0.0,0.0,0.0
8080.0,3.0,2.0,0.0,0.0,0.0,0.0,0.0,0.0,0.0,0.0,0.0,0.0,0.0,0.0,666666.7,3.0,0.0,3.0,3.0,3.0,3.0,0.0,3.0,3.0,0.0,0.0,0.0,0.0,0.0,0.0,0.0,0.0,0.0,64.0,0.0,666666.7,0.0,0.0,0.0,0.0,0.0,0.0,0.0,0.0,0.0,0.0,1.0,0.0,0.0,0.0,0.0,0.0,0.0,0.0,64.0,0.0,0.0,0.0,0.0,0.0,0.0,2.0,0.0,0.0,0.0,251.0,-1.0,0.0,32.0,0.0,0.0,0.0,0.0,0.0,0.0,0.0,0.0
8080.0,1208.0,3.0,4.0,79.0,220.0,79.0,0.0,26.333334,45.610672,185.0,0.0,55.0,88.223206,247516.56,5794.702,201.33333,163.18414,349.0,0.0,511.0,255.5,354.2605,506.0,5.0,1007.0,335.66666,329.67307,659.0,0.0,0.0,0.0,0.0,0.0,104.0,136.0,2483.4436,3311.2583,0.0,185.0,37.375,66.02583,4359.4106,0.0,0.0,0.0,1.0,0.0,0.0,0.0,0.0,1.0,42.714287,26.333334,55.0,104.0,0.0,0.0,0.0,0.0,0.0,0.0,3.0,79.0,4.0,220.0,64240.0,255.0,1.0,32.0,0.0,0.0,0.0,0.0,0.0,0.0,0.0,0.0
8080.0,1489.0,3.0,4.0,79.0,220.0,79.0,0.0,26.333334,45.610672,185.0,0.0,55.0,88.223206,200805.9,4701.1416,248.16667,240.09033,634.0,0.0,505.0,252.5,355.6747,504.0,1.0,1293.0,431.0,373.4662,659.0,0.0,0.0,0.0,0.0,0.0,104.0,136.0,2014.775,2686.3667,0.0,185.0,37.375,66.02583,4359.4106,0.0,0.0,0.0,1.0,0.0,0.0,0.0,0.0,1.0,42.714287,26.333334,55.0,104.0,0.0,0.0,0.0,0.0,0.0,0.0,3.0,79.0,4.0,220.0,64240.0,255.0,1.0,32.0,0.0,0.0,0.0,0.0,0.0,0.0,0.0,0.0
8080.0,95.0,2.0,0.0,0.0,0.0,0.0,0.0,0.0,0.0,0.0,0.0,0.0,0.0,0.0,21052.63,95.0,0.0,95.0,95.0,95.0,95.0,0.0,95.0,95.0,0.0,0.0,0.0,0.0,0.0,0.0,0.0,0.0,0.0,64.0,0.0,21052.63,0.0,0.0,0.0,0.0,0.0,0.0,0.0,0.0,0.0,0.0,1.0,0.0,0.0,0.0,0.0,0.0,0.0,0.0,64.0,0.0,0.0,0.0,0.0,0.0,0.0,2.0,0.0,0.0,0.0,251.0,-1.0,0.0,32.0,0.0,0.0,0.0,0.0,0.0,0.0,0.0,0.0
8080.0,95.0,2.0,0.0,0.0,0.0,0.0,0.0,0.0,0.0,0.0,0.0,0.0,0.0,0.0,21052.63,95.0,0.0,95.0,95.0,95.0,95.0,0.0,95.0,95.0,0.0,0.0,0.0,0.0,0.0,0.0,0.0,0.0,0.0,64.0,0.0,21052.63,0.0,0.0,0.0,0.0,0.0,0.0,0.0,0.0,0.0,0.0,1.0,0.0,0.0,0.0,0.0,0.0,0.0,0.0,64.0,0.0,0.0,0.0,0.0,0.0,0.0,2.0,0.0,0.0,0.0,251.0,-1.0,0.0,32.0,0.0,0.0,0.0,0.0,0.0,0.0,0.0,0.0
8080.0,1537.0,3.0,4.0,79.0,220.0,79.0,0.0,26.333334,45.610672,185.0,0.0,55.0,88.223206,194534.81,4554.3267,256.16666,169.24232,412.0,5.0,624.0,312.0,434.16357,619.0,5.0,1243.0,414.33334,324.54636,742.0,93.0,0.0,0.0,0.0,0.0,104.0,136.0,1951.8542,2602.4724,0.0,185.0,37.375,66.02583,4359.4106,0.0,0.0,0.0,1.0,0.0,0.0,0.0,0.0,1.0,42.714287,26.333334,55.0,104.0,0.0,0.0,0.0,0.0,0.0,0.0,3.0,79.0,4.0,220.0,64240.0,255.0,1.0,32.0,0.0,0.0,0.0,0.0,0.0,0.0,0.0,0.0
8080.0,1357.0,3.0,4.0,79.0,220.0,79.0,0.0,26.333334,45.610672,185.0,0.0,55.0,88.223206,220338.98,5158.4375,226.16667,189.04541,411.0,0.0,746.0,373.0,520.4306,741.0,5.0,1019.0,339.66666,426.98984,819.0,0.0,0.0,0.0,0.0,0.0,104.0,136.0,2210.759,2947.6787,0.0,185.0,37.375,66.02583,4359.4106,0.0,0.0,0.0,1.0,0.0,0.0,0.0,0.0,1.0,42.714287,26.333334,55.0,104.0,0.0,0.0,0.0,0.0,0.0,0.0,3.0,79.0,4.0,220.0,64240.0,255.0,1.0,32.0,0.0,0.0,0.0,0.0,0.0,0.0,0.0,0.0
8080.0,5.0,2.0,0.0,0.0,0.0,0.0,0.0,0.0,0.0,0.0,0.0,0.0,0.0,0.0,400000.0,5.0,0.0,5.0,5.0,5.0,5.0,0.0,5.0,5.0,0.0,0.0,0.0,0.0,0.0,0.0,0.0,0.0,0.0,64.0,0.0,400000.0,0.0,0.0,0.0,0.0,0.0,0.0,0.0,0.0,0.0,0.0,1.0,0.0,0.0,0.0,0.0,0.0,0.0,0.0,64.0,0.0,0.0,0.0,0.0,0.0,0.0,2.0,0.0,0.0,0.0,251.0,-1.0,0.0,32.0,0.0,0.0,0.0,0.0,0.0,0.0,0.0,0.0
8080.0,1.0,2.0,0.0,0.0,0.0,0.0,0.0,0.0,0.0,0.0,0.0,0.0,0.0,0.0,2e+06,1.0,0.0,1.0,1.0,1.0,1.0,0.0,1.0,1.0,0.0,0.0,0.0,0.0,0.0,0.0,0.0,0.0,0.0,64.0,0.0,2e+06,0.0,0.0,0.0,0.0,0.0,0.0,0.0,0.0,0.0,0.0,1.0,0.0,0.0,0.0,0.0,0.0,0.0,0.0,64.0,0.0,0.0,0.0,0.0,0.0,0.0,2.0,0.0,0.0,0.0,251.0,-1.0,0.0,32.0,0.0,0.0,0.0,0.0,0.0,0.0,0.0,0.0
8080.0,1777.0,3.0,4.0,79.0,220.0,79.0,0.0,26.333334,45.610672,185.0,0.0,55.0,88.223206,168261.11,3939.2234,296.16666,259.91876,668.0,0.0,699.0,349.5,491.4392,697.0,2.0,1487.0,495.66666,435.84897,819.0,0.0,0.0,0.0,0.0,0.0,104.0,136.0,1688.2386,2250.9849,0.0,185.0,37.375,66.02583,4359.4106,0.0,0.0,0.0,1.0,0.0,0.0,0.0,0.0,1.0,42.714287,26.333334,55.0,104.0,0.0,0.0,0.0,0.0,0.0,0.0,3.0,79.0,4.0,220.0,64240.0,255.0,1.0,32.0,0.0,0.0,0.0,0.0,0.0,0.0,0.0,0.0
8080.0,70.0,2.0,0.0,0.0,0.0,0.0,0.0,0.0,0.0,0.0,0.0,0.0,0.0,0.0,28571.428,70.0,0.0,70.0,70.0,70.0,70.0,0.0,70.0,70.0,0.0,0.0,0.0,0.0,0.0,0.0,0.0,0.0,0.0,64.0,0.0,28571.428,0.0,0.0,0.0,0.0,0.0,0.0,0.0,0.0,0.0,0.0,1.0,0.0,0.0,0.0,0.0,0.0,0.0,0.0,64.0,0.0,0.0,0.0,0.0,0.0,0.0,2.0,0.0,0.0,0.0,251.0,-1.0,0.0,32.0,0.0,0.0,0.0,0.0,0.0,0.0,0.0,0.0
8080.0,1765.0,3.0,4.0,79.0,220.0,79.0,0.0,26.333334,45.610672,185.0,0.0,55.0,88.223206,169405.1,3966.0056,294.16666,220.27203,616.0,0.0,740.0,370.0,352.1392,619.0,121.0,1522.0,507.33334,462.67194,906.0,0.0,0.0,0.0,0.0,0.0,104.0,136.0,1699.7167,2266.289,0.0,185.0,37.375,66.02583,4359.4106,0.0,0.0,0.0,1.0,0.0,0.0,0.0,0.0,1.0,42.714287,26.333334,55.0,104.0,0.0,0.0,0.0,0.0,0.0,0.0,3.0,79.0,4.0,220.0,64240.0,255.0,1.0,32.0,0.0,0.0,0.0,0.0,0.0,0.0,0.0,0.0
8080.0,446.0,2.0,0.0,0.0,0.0,0.0,0.0,0.0,0.0,0.0,0.0,0.0,0.0,0.0,4484.305,446.0,0.0,446.0,446.0,446.0,446.0,0.0,446.0,446.0,0.0,0.0,0.0,0.0,0.0,0.0,0.0,0.0,0.0,64.0,0.0,4484.305,0.0,0.0,0.0,0.0,0.0,0.0,0.0,0.0,0.0,0.0,1.0,0.0,0.0,0.0,0.0,0.0,0.0,0.0,64.0,0.0,0.0,0.0,0.0,0.0,0.0,2.0,0.0,0.0,0.0,251.0,-1.0,0.0,32.0,0.0,0.0,0.0,0.0,0.0,0.0,0.0,0.0
8080.0,1220.0,3.0,4.0,79.0,220.0,79.0,0.0,26.333334,45.610672,185.0,0.0,55.0,88.223206,245081.97,5737.705,203.33333,157.65489,363.0,0.0,683.0,341.5,429.2138,645.0,38.0,918.0,306.0,389.16833,744.0,0.0,0.0,0.0,0.0,0.0,104.0,136.0,2459.0164,3278.6885,0.0,185.0,37.375,66.02583,4359.4106,0.0,0.0,0.0,1.0,0.0,0.0,0.0,0.0,1.0,42.714287,26.333334,55.0,104.0,0.0,0.0,0.0,0.0,0.0,0.0,3.0,79.0,4.0,220.0,64240.0,255.0,1.0,32.0,0.0,0.0,0.0,0.0,0.0,0.0,0.0,0.0
8080.0,8.0,2.0,0.0,0.0,0.0,0.0,0.0,0.0,0.0,0.0,0.0,0.0,0.0,0.0,250000.0,8.0,0.0,8.0,8.0,8.0,8.0,0.0,8.0,8.0,0.0,0.0,0.0,0.0,0.0,0.0,0.0,0.0,0.0,64.0,0.0,250000.0,0.0,0.0,0.0,0.0,0.0,0.0,0.0,0.0,0.0,0.0,1.0,0.0,0.0,0.0,0.0,0.0,0.0,0.0,64.0,0.0,0.0,0.0,0.0,0.0,0.0,2.0,0.0,0.0,0.0,251.0,-1.0,0.0,32.0,0.0,0.0,0.0,0.0,0.0,0.0,0.0,0.0
8080.0,1721.0,3.0,4.0,79.0,220.0,79.0,0.0,26.333334,45.610672,185.0,0.0,55.0,88.223206,173736.2,4067.4026,286.83334,266.53735,723.0,0.0,701.0,350.5,465.98337,680.0,21.0,1325.0,441.66666,387.2497,723.0,0.0,0.0,0.0,0.0,0.0,104.0,136.0,1743.1726,2324.23,0.0,185.0,37.375,66.02583,4359.4106,0.0,0.0,0.0,1.0,0.0,0.0,0.0,0.0,1.0,42.714287,26.333334,55.0,104.0,0.0,0.0,0.0,0.0,0.0,0.0,3.0,79.0,4.0,220.0,64240.0,255.0,1.0,32.0,0.0,0.0,0.0,0.0,0.0,0.0,0.0,0.0
8080.0,1886.0,3.0,4.0,79.0,220.0,79.0,0.0,26.333334,45.610672,185.0,0.0,55.0,88.223206,158536.58,3711.5588,314.33334,319.63333,903.0,0.0,778.0,389.0,418.6072,685.0,93.0,1505.0,501.66666,459.7851,903.0,0.0,0.0,0.0,0.0,0.0,104.0,136.0,1590.6681,2120.8909,0.0,185.0,37.375,66.02583,4359.4106,0.0,0.0,0.0,1.0,0.0,0.0,0.0,0.0,1.0,42.714287,26.333334,55.0,104.0,0.0,0.0,0.0,0.0,0.0,0.0,3.0,79.0,4.0,220.0,64240.0,255.0,1.0,32.0,0.0,0.0,0.0,0.0,0.0,0.0,0.0,0.0
8080.0,94.0,2.0,0.0,0.0,0.0,0.0,0.0,0.0,0.0,0.0,0.0,0.0,0.0,0.0,21276.596,94.0,0.0,94.0,94.0,94.0,94.0,0.0,94.0,94.0,0.0,0.0,0.0,0.0,0.0,0.0,0.0,0.0,0.0,64.0,0.0,21276.596,0.0,0.0,0.0,0.0,0.0,0.0,0.0,0.0,0.0,0.0,1.0,0.0,0.0,0.0,0.0,0.0,0.0,0.0,64.0,0.0,0.0,0.0,0.0,0.0,0.0,2.0,0.0,0.0,0.0,251.0,-1.0,0.0,32.0,0.0,0.0,0.0,0.0,0.0,0.0,0.0,0.0
8080.0,86.0,2.0,0.0,0.0,0.0,0.0,0.0,0.0,0.0,0.0,0.0,0.0,0.0,0.0,23255.814,86.0,0.0,86.0,86.0,86.0,86.0,0.0,86.0,86.0,0.0,0.0,0.0,0.0,0.0,0.0,0.0,0.0,0.0,64.0,0.0,23255.814,0.0,0.0,0.0,0.0,0.0,0.0,0.0,0.0,0.0,0.0,1.0,0.0,0.0,0.0,0.0,0.0,0.0,0.0,64.0,0.0,0.0,0.0,0.0,0.0,0.0,2.0,0.0,0.0,0.0,251.0,-1.0,0.0,32.0,0.0,0.0,0.0,0.0,0.0,0.0,0.0,0.0
8080.0,3233.0,3.0,4.0,79.0,220.0,79.0,0.0,26.333334,45.610672,185.0,0.0,55.0,88.223206,92483.76,2165.1716,538.8333,737.0057,2016.0,3.0,642.0,321.0,449.7199,639.0,3.0,2941.0,980.3333,940.0513,2016.0,181.0,0.0,0.0,0.0,0.0,104.0,136.0,927.9307,1237.241,0.0,185.0,37.375,66.02583,4359.4106,0.0,0.0,0.0,1.0,0.0,0.0,0.0,0.0,1.0,42.714287,26.333334,55.0,104.0,0.0,0.0,0.0,0.0,0.0,0.0,3.0,79.0,4.0,220.0,64240.0,255.0,1.0,32.0,0.0,0.0,0.0,0.0,0.0,0.0,0.0,0.0
8080.0,412.0,2.0,0.0,0.0,0.0,0.0,0.0,0.0,0.0,0.0,0.0,0.0,0.0,0.0,4854.369,412.0,0.0,412.0,412.0,412.0,412.0,0.0,412.0,412.0,0.0,0.0,0.0,0.0,0.0,0.0,0.0,0.0,0.0,64.0,0.0,4854.369,0.0,0.0,0.0,0.0,0.0,0.0,0.0,0.0,0.0,0.0,1.0,0.0,0.0,0.0,0.0,0.0,0.0,0.0,64.0,0.0,0.0,0.0,0.0,0.0,0.0,2.0,0.0,0.0,0.0,251.0,-1.0,0.0,32.0,0.0,0.0,0.0,0.0,0.0,0.0,0.0,0.0
8080.0,1686.0,3.0,4.0,79.0,220.0,79.0,0.0,26.333334,45.610672,185.0,0.0,55.0,88.223206,177342.83,4151.839,281.0,244.54774,715.0,0.0,1273.0,636.5,111.01576,715.0,558.0,1421.0,473.66666,730.54114,1315.0,0.0,0.0,0.0,0.0,0.0,104.0,136.0,1779.3594,2372.4792,0.0,185.0,37.375,66.02583,4359.4106,0.0,0.0,0.0,1.0,0.0,0.0,0.0,0.0,1.0,42.714287,26.333334,55.0,104.0,0.0,0.0,0.0,0.0,0.0,0.0,3.0,79.0,4.0,220.0,64240.0,255.0,1.0,32.0,0.0,0.0,0.0,0.0,0.0,0.0,0.0,0.0
8080.0,146.0,2.0,0.0,0.0,0.0,0.0,0.0,0.0,0.0,0.0,0.0,0.0,0.0,0.0,13698.63,146.0,0.0,146.0,146.0,146.0,146.0,0.0,146.0,146.0,0.0,0.0,0.0,0.0,0.0,0.0,0.0,0.0,0.0,64.0,0.0,13698.63,0.0,0.0,0.0,0.0,0.0,0.0,0.0,0.0,0.0,0.0,1.0,0.0,0.0,0.0,0.0,0.0,0.0,0.0,64.0,0.0,0.0,0.0,0.0,0.0,0.0,2.0,0.0,0.0,0.0,251.0,-1.0,0.0,32.0,0.0,0.0,0.0,0.0,0.0,0.0,0.0,0.0
8080.0,1249.0,3.0,4.0,79.0,220.0,79.0,0.0,26.333334,45.610672,185.0,0.0,55.0,88.223206,239391.52,5604.4834,208.16667,173.58734,435.0,1.0,578.0,289.0,403.05087,574.0,4.0,935.0,311.66666,355.25952,699.0,1.0,0.0,0.0,0.0,0.0,104.0,136.0,2401.9216,3202.562,0.0,185.0,37.375,66.02583,4359.4106,0.0,0.0,0.0,1.0,0.0,0.0,0.0,0.0,1.0,42.714287,26.333334,55.0,104.0,0.0,0.0,0.0,0.0,0.0,0.0,3.0,79.0,4.0,220.0,64240.0,255.0,1.0,32.0,0.0,0.0,0.0,0.0,0.0,0.0,0.0,0.0
8080.0,4.0,2.0,0.0,0.0,0.0,0.0,0.0,0.0,0.0,0.0,0.0,0.0,0.0,0.0,500000.0,4.0,0.0,4.0,4.0,4.0,4.0,0.0,4.0,4.0,0.0,0.0,0.0,0.0,0.0,0.0,0.0,0.0,0.0,64.0,0.0,500000.0,0.0,0.0,0.0,0.0,0.0,0.0,0.0,0.0,0.0,0.0,1.0,0.0,0.0,0.0,0.0,0.0,0.0,0.0,64.0,0.0,0.0,0.0,0.0,0.0,0.0,2.0,0.0,0.0,0.0,251.0,-1.0,0.0,32.0,0.0,0.0,0.0,0.0,0.0,0.0,0.0,0.0
8080.0,2122.0,3.0,4.0,79.0,220.0,79.0,0.0,26.333334,45.610672,185.0,0.0,55.0,88.223206,140904.81,3298.7747,353.66666,314.34863,919.0,1.0,1681.0,840.5,111.01576,919.0,762.0,1735.0,578.3333,882.3346,1594.0,1.0,0.0,0.0,0.0,0.0,104.0,136.0,1413.7606,1885.0142,0.0,185.0,37.375,66.02583,4359.4106,0.0,0.0,0.0,1.0,0.0,0.0,0.0,0.0,1.0,42.714287,26.333334,55.0,104.0,0.0,0.0,0.0,0.0,0.0,0.0,3.0,79.0,4.0,220.0,64240.0,255.0,1.0,32.0,0.0,0.0,0.0,0.0,0.0,0.0,0.0,0.0
8080.0,90.0,2.0,0.0,0.0,0.0,0.0,0.0,0.0,0.0,0.0,0.0,0.0,0.0,0.0,22222.223,90.0,0.0,90.0,90.0,90.0,90.0,0.0,90.0,90.0,0.0,0.0,0.0,0.0,0.0,0.0,0.0,0.0,0.0,64.0,0.0,22222.223,0.0,0.0,0.0,0.0,0.0,0.0,0.0,0.0,0.0,0.0,1.0,0.0,0.0,0.0,0.0,0.0,0.0,0.0,64.0,0.0,0.0,0.0,0.0,0.0,0.0,2.0,0.0,0.0,0.0,251.0,-1.0,0.0,32.0,0.0,0.0,0.0,0.0,0.0,0.0,0.0,0.0
8080.0,1437.0,3.0,4.0,79.0,220.0,79.0,0.0,26.333334,45.610672,185.0,0.0,55.0,88.223206,208072.38,4871.26,239.5,223.30495,474.0,0.0,963.0,481.5,506.99557,840.0,123.0,996.0,332.0,575.0409,996.0,0.0,0.0,0.0,0.0,0.0,104.0,136.0,2087.6826,2783.577,0.0,185.0,37.375,66.02583,4359.4106,0.0,0.0,0.0,1.0,0.0,0.0,0.0,0.0,1.0,42.714287,26.333334,55.0,104.0,0.0,0.0,0.0,0.0,0.0,0.0,3.0,79.0,4.0,220.0,64240.0,255.0,1.0,32.0,0.0,0.0,0.0,0.0,0.0,0.0,0.0,0.0
8080.0,1817.0,4.0,4.0,79.0,220.0,79.0,0.0,19.75,39.5,185.0,0.0,55.0,88.223206,164556.97,4402.862,259.57144,176.5558,412.0,6.0,1808.0,602.6667,586.29114,1178.0,6.0,1512.0,504.0,193.1942,726.0,374.0,0.0,0.0,0.0,0.0,136.0,136.0,2201.431,2201.431,0.0,185.0,33.22222,63.005512,3969.6943,0.0,0.0,0.0,1.0,0.0,0.0,0.0,0.0,1.0,37.375,19.75,55.0,136.0,0.0,0.0,0.0,0.0,0.0,0.0,4.0,79.0,4.0,220.0,64240.0,255.0,1.0,32.0,0.0,0.0,0.0,0.0,0.0,0.0,0.0,0.0
8080.0,4.0,2.0,0.0,0.0,0.0,0.0,0.0,0.0,0.0,0.0,0.0,0.0,0.0,0.0,500000.0,4.0,0.0,4.0,4.0,4.0,4.0,0.0,4.0,4.0,0.0,0.0,0.0,0.0,0.0,0.0,0.0,0.0,0.0,64.0,0.0,500000.0,0.0,0.0,0.0,0.0,0.0,0.0,0.0,0.0,0.0,0.0,1.0,0.0,0.0,0.0,0.0,0.0,0.0,0.0,64.0,0.0,0.0,0.0,0.0,0.0,0.0,2.0,0.0,0.0,0.0,251.0,-1.0,0.0,32.0,0.0,0.0,0.0,0.0,0.0,0.0,0.0,0.0
8080.0,1437.0,3.0,4.0,79.0,220.0,79.0,0.0,26.333334,45.610672,185.0,0.0,55.0,88.223206,208072.38,4871.26,239.5,172.24373,495.0,0.0,997.0,498.5,4.9497476,502.0,495.0,1190.0,396.66666,595.1507,1081.0,0.0,0.0,0.0,0.0,0.0,104.0,136.0,2087.6826,2783.577,0.0,185.0,37.375,66.02583,4359.4106,0.0,0.0,0.0,1.0,0.0,0.0,0.0,0.0,1.0,42.714287,26.333334,55.0,104.0,0.0,0.0,0.0,0.0,0.0,0.0,3.0,79.0,4.0,220.0,64240.0,255.0,1.0,32.0,0.0,0.0,0.0,0.0,0.0,0.0,0.0,0.0
8080.0,120.0,2.0,0.0,0.0,0.0,0.0,0.0,0.0,0.0,0.0,0.0,0.0,0.0,0.0,16666.666,120.0,0.0,120.0,120.0,120.0,120.0,0.0,120.0,120.0,0.0,0.0,0.0,0.0,0.0,0.0,0.0,0.0,0.0,64.0,0.0,16666.666,0.0,0.0,0.0,0.0,0.0,0.0,0.0,0.0,0.0,0.0,1.0,0.0,0.0,0.0,0.0,0.0,0.0,0.0,64.0,0.0,0.0,0.0,0.0,0.0,0.0,2.0,0.0,0.0,0.0,251.0,-1.0,0.0,32.0,0.0,0.0,0.0,0.0,0.0,0.0,0.0,0.0
8080.0,2677.0,6.0,4.0,79.0,220.0,79.0,0.0,13.166667,32.251614,185.0,0.0,55.0,88.223206,111692.195,3735.525,297.44446,194.18877,599.0,4.0,2677.0,535.4,532.1666,1242.0,4.0,2039.0,679.6667,98.19029,789.0,599.0,0.0,0.0,0.0,0.0,200.0,136.0,2241.315,1494.21,0.0,185.0,27.181818,57.93413,3356.3635,0.0,0.0,0.0,1.0,0.0,0.0,0.0,0.0,0.0,29.9,13.166667,55.0,200.0,0.0,0.0,0.0,0.0,0.0,0.0,6.0,79.0,4.0,220.0,64240.0,255.0,1.0,32.0,0.0,0.0,0.0,0.0,0.0,0.0,0.0,0.0
8080.0,2443.0,4.0,4.0,79.0,220.0,79.0,0.0,19.75,39.5,185.0,0.0,55.0,88.223206,122390.5,3274.6624,349.0,353.992,1117.0,2.0,2441.0,813.6667,773.072,1685.0,210.0,2203.0,734.3333,414.5194,1117.0,294.0,0.0,0.0,0.0,0.0,136.0,136.0,1637.3312,1637.3312,0.0,185.0,33.22222,63.005512,3969.6943,0.0,0.0,0.0,1.0,0.0,0.0,0.0,0.0,1.0,37.375,19.75,55.0,136.0,0.0,0.0,0.0,0.0,0.0,0.0,4.0,79.0,4.0,220.0,64240.0,255.0,1.0,32.0,0.0,0.0,0.0,0.0,0.0,0.0,0.0,0.0
8080.0,2690.0,3.0,4.0,79.0,220.0,79.0,0.0,26.333334,45.610672,185.0,0.0,55.0,88.223206,111152.414,2602.2305,448.33334,688.98755,1836.0,1.0,556.0,278.0,391.73715,555.0,1.0,2440.0,813.3333,912.33014,1836.0,83.0,0.0,0.0,0.0,0.0,104.0,136.0,1115.2416,1486.9889,0.0,185.0,37.375,66.02583,4359.4106,0.0,0.0,0.0,1.0,0.0,0.0,0.0,0.0,1.0,42.714287,26.333334,55.0,104.0,0.0,0.0,0.0,0.0,0.0,0.0,3.0,79.0,4.0,220.0,64240.0,255.0,1.0,32.0,0.0,0.0,0.0,0.0,0.0,0.0,0.0,0.0
8080.0,235.0,2.0,0.0,0.0,0.0,0.0,0.0,0.0,0.0,0.0,0.0,0.0,0.0,0.0,8510.639,235.0,0.0,235.0,235.0,235.0,235.0,0.0,235.0,235.0,0.0,0.0,0.0,0.0,0.0,0.0,0.0,0.0,0.0,64.0,0.0,8510.639,0.0,0.0,0.0,0.0,0.0,0.0,0.0,0.0,0.0,0.0,1.0,0.0,0.0,0.0,0.0,0.0,0.0,0.0,64.0,0.0,0.0,0.0,0.0,0.0,0.0,2.0,0.0,0.0,0.0,251.0,-1.0,0.0,32.0,0.0,0.0,0.0,0.0,0.0,0.0,0.0,0.0
8080.0,2492.0,3.0,4.0,79.0,220.0,79.0,0.0,26.333334,45.610672,185.0,0.0,55.0,88.223206,119983.945,2808.9888,415.33334,445.19058,1278.0,0.0,1812.0,906.0,526.08746,1278.0,534.0,2200.0,733.3333,1064.26,1954.0,0.0,0.0,0.0,0.0,0.0,104.0,136.0,1203.8523,1605.1365,0.0,185.0,37.375,66.02583,4359.4106,0.0,0.0,0.0,1.0,0.0,0.0,0.0,0.0,1.0,42.714287,26.333334,55.0,104.0,0.0,0.0,0.0,0.0,0.0,0.0,3.0,79.0,4.0,220.0,64240.0,255.0,1.0,32.0,0.0,0.0,0.0,0.0,0.0,0.0,0.0,0.0
8080.0,4.0,2.0,0.0,0.0,0.0,0.0,0.0,0.0,0.0,0.0,0.0,0.0,0.0,0.0,500000.0,4.0,0.0,4.0,4.0,4.0,4.0,0.0,4.0,4.0,0.0,0.0,0.0,0.0,0.0,0.0,0.0,0.0,0.0,64.0,0.0,500000.0,0.0,0.0,0.0,0.0,0.0,0.0,0.0,0.0,0.0,0.0,1.0,0.0,0.0,0.0,0.0,0.0,0.0,0.0,64.0,0.0,0.0,0.0,0.0,0.0,0.0,2.0,0.0,0.0,0.0,251.0,-1.0,0.0,32.0,0.0,0.0,0.0,0.0,0.0,0.0,0.0,0.0
8080.0,2401.0,4.0,4.0,79.0,220.0,79.0,0.0,19.75,39.5,185.0,0.0,55.0,88.223206,124531.445,3331.945,343.0,264.68472,798.0,10.0,2317.0,772.3333,721.28656,1444.0,10.0,1874.0,624.6667,187.88914,798.0,425.0,0.0,0.0,0.0,0.0,136.0,136.0,1665.9725,1665.9725,0.0,185.0,33.22222,63.005512,3969.6943,0.0,0.0,0.0,1.0,0.0,0.0,0.0,0.0,1.0,37.375,19.75,55.0,136.0,0.0,0.0,0.0,0.0,0.0,0.0,4.0,79.0,4.0,220.0,64240.0,255.0,1.0,32.0,0.0,0.0,0.0,0.0,0.0,0.0,0.0,0.0
8080.0,2318.0,3.0,4.0,79.0,220.0,79.0,0.0,26.333334,45.610672,185.0,0.0,55.0,88.223206,128990.51,3019.8447,386.33334,298.78598,916.0,2.0,791.0,395.5,556.49304,789.0,2.0,1874.0,624.6667,305.3528,916.0,307.0,0.0,0.0,0.0,0.0,104.0,136.0,1294.2191,1725.6255,0.0,185.0,37.375,66.02583,4359.4106,0.0,0.0,0.0,1.0,0.0,0.0,0.0,0.0,1.0,42.714287,26.333334,55.0,104.0,0.0,0.0,0.0,0.0,0.0,0.0,3.0,79.0,4.0,220.0,64240.0,255.0,1.0,32.0,0.0,0.0,0.0,0.0,0.0,0.0,0.0,0.0
8080.0,157.0,2.0,0.0,0.0,0.0,0.0,0.0,0.0,0.0,0.0,0.0,0.0,0.0,0.0,12738.854,157.0,0.0,157.0,157.0,157.0,157.0,0.0,157.0,157.0,0.0,0.0,0.0,0.0,0.0,0.0,0.0,0.0,0.0,64.0,0.0,12738.854,0.0,0.0,0.0,0.0,0.0,0.0,0.0,0.0,0.0,0.0,1.0,0.0,0.0,0.0,0.0,0.0,0.0,0.0,64.0,0.0,0.0,0.0,0.0,0.0,0.0,2.0,0.0,0.0,0.0,251.0,-1.0,0.0,32.0,0.0,0.0,0.0,0.0,0.0,0.0,0.0,0.0
8080.0,1920.0,4.0,4.0,79.0,220.0,79.0,0.0,19.75,39.5,185.0,0.0,55.0,88.223206,155729.17,4166.6665,274.2857,163.27147,536.0,5.0,1751.0,583.6667,508.2975,958.0,5.0,1668.0,556.0,301.82944,887.0,296.0,0.0,0.0,0.0,0.0,136.0,136.0,2083.3333,2083.3333,0.0,185.0,33.22222,63.005512,3969.6943,0.0,0.0,0.0,1.0,0.0,0.0,0.0,0.0,1.0,37.375,19.75,55.0,136.0,0.0,0.0,0.0,0.0,0.0,0.0,4.0,79.0,4.0,220.0,64240.0,255.0,1.0,32.0,0.0,0.0,0.0,0.0,0.0,0.0,0.0,0.0
8080.0,1235.0,3.0,4.0,79.0,220.0,79.0,0.0,26.333334,45.610672,185.0,0.0,55.0,88.223206,242105.27,5668.016,205.83333,120.9668,356.0,0.0,819.0,409.5,75.66042,463.0,356.0,976.0,325.33334,435.43695,820.0,0.0,0.0,0.0,0.0,0.0,104.0,136.0,2429.15,3238.8665,0.0,185.0,37.375,66.02583,4359.4106,0.0,0.0,0.0,1.0,0.0,0.0,0.0,0.0,1.0,42.714287,26.333334,55.0,104.0,0.0,0.0,0.0,0.0,0.0,0.0,3.0,79.0,4.0,220.0,64240.0,255.0,1.0,32.0,0.0,0.0,0.0,0.0,0.0,0.0,0.0,0.0
8080.0,5.0,2.0,0.0,0.0,0.0,0.0,0.0,0.0,0.0,0.0,0.0,0.0,0.0,0.0,400000.0,5.0,0.0,5.0,5.0,5.0,5.0,0.0,5.0,5.0,0.0,0.0,0.0,0.0,0.0,0.0,0.0,0.0,0.0,64.0,0.0,400000.0,0.0,0.0,0.0,0.0,0.0,0.0,0.0,0.0,0.0,0.0,1.0,0.0,0.0,0.0,0.0,0.0,0.0,0.0,64.0,0.0,0.0,0.0,0.0,0.0,0.0,2.0,0.0,0.0,0.0,251.0,-1.0,0.0,32.0,0.0,0.0,0.0,0.0,0.0,0.0,0.0,0.0
8080.0,1444.0,3.0,4.0,79.0,220.0,79.0,0.0,26.333334,45.610672,185.0,0.0,55.0,88.223206,207063.72,4847.6455,240.66667,135.4351,397.0,0.0,714.0,357.0,141.42136,457.0,257.0,1227.0,409.0,451.81964,894.0,0.0,0.0,0.0,0.0,0.0,104.0,136.0,2077.5623,2770.083,0.0,185.0,37.375,66.02583,4359.4106,0.0,0.0,0.0,1.0,0.0,0.0,0.0,0.0,1.0,42.714287,26.333334,55.0,104.0,0.0,0.0,0.0,0.0,0.0,0.0,3.0,79.0,4.0,220.0,64240.0,255.0,1.0,32.0,0.0,0.0,0.0,0.0,0.0,0.0,0.0,0.0
8080.0,8.0,2.0,0.0,0.0,0.0,0.0,0.0,0.0,0.0,0.0,0.0,0.0,0.0,0.0,250000.0,8.0,0.0,8.0,8.0,8.0,8.0,0.0,8.0,8.0,0.0,0.0,0.0,0.0,0.0,0.0,0.0,0.0,0.0,64.0,0.0,250000.0,0.0,0.0,0.0,0.0,0.0,0.0,0.0,0.0,0.0,0.0,1.0,0.0,0.0,0.0,0.0,0.0,0.0,0.0,64.0,0.0,0.0,0.0,0.0,0.0,0.0,2.0,0.0,0.0,0.0,251.0,-1.0,0.0,32.0,0.0,0.0,0.0,0.0,0.0,0.0,0.0,0.0
8080.0,1661.0,3.0,4.0,79.0,220.0,79.0,0.0,26.333334,45.610672,185.0,0.0,55.0,88.223206,180012.05,4214.3286,276.83334,235.53209,606.0,0.0,672.0,336.0,466.6905,666.0,6.0,1355.0,451.66666,397.63593,749.0,0.0,0.0,0.0,0.0,0.0,104.0,136.0,1806.1409,2408.1877,0.0,185.0,37.375,66.02583,4359.4106,0.0,0.0,0.0,1.0,0.0,0.0,0.0,0.0,1.0,42.714287,26.333334,55.0,104.0,0.0,0.0,0.0,0.0,0.0,0.0,3.0,79.0,4.0,220.0,64240.0,255.0,1.0,32.0,0.0,0.0,0.0,0.0,0.0,0.0,0.0,0.0
8080.0,356.0,2.0,0.0,0.0,0.0,0.0,0.0,0.0,0.0,0.0,0.0,0.0,0.0,0.0,5617.9775,356.0,0.0,356.0,356.0,356.0,356.0,0.0,356.0,356.0,0.0,0.0,0.0,0.0,0.0,0.0,0.0,0.0,0.0,64.0,0.0,5617.9775,0.0,0.0,0.0,0.0,0.0,0.0,0.0,0.0,0.0,0.0,1.0,0.0,0.0,0.0,0.0,0.0,0.0,0.0,64.0,0.0,0.0,0.0,0.0,0.0,0.0,2.0,0.0,0.0,0.0,251.0,-1.0,0.0,32.0,0.0,0.0,0.0,0.0,0.0,0.0,0.0,0.0
8080.0,1684.0,3.0,4.0,79.0,220.0,79.0,0.0,26.333334,45.610672,185.0,0.0,55.0,88.223206,177553.44,4156.7695,280.66666,176.27782,505.0,0.0,938.0,469.0,390.32294,745.0,193.0,1320.0,440.0,566.35767,1079.0,0.0,0.0,0.0,0.0,0.0,104.0,136.0,1781.4727,2375.2969,0.0,185.0,37.375,66.02583,4359.4106,0.0,0.0,0.0,1.0,0.0,0.0,0.0,0.0,1.0,42.714287,26.333334,55.0,104.0,0.0,0.0,0.0,0.0,0.0,0.0,3.0,79.0,4.0,220.0,64240.0,255.0,1.0,32.0,0.0,0.0,0.0,0.0,0.0,0.0,0.0,0.0
8080.0,5.0,2.0,0.0,0.0,0.0,0.0,0.0,0.0,0.0,0.0,0.0,0.0,0.0,0.0,400000.0,5.0,0.0,5.0,5.0,5.0,5.0,0.0,5.0,5.0,0.0,0.0,0.0,0.0,0.0,0.0,0.0,0.0,0.0,64.0,0.0,400000.0,0.0,0.0,0.0,0.0,0.0,0.0,0.0,0.0,0.0,0.0,1.0,0.0,0.0,0.0,0.0,0.0,0.0,0.0,64.0,0.0,0.0,0.0,0.0,0.0,0.0,2.0,0.0,0.0,0.0,251.0,-1.0,0.0,32.0,0.0,0.0,0.0,0.0,0.0,0.0,0.0,0.0
8080.0,1584.0,3.0,4.0,79.0,220.0,79.0,0.0,26.333334,45.610672,185.0,0.0,55.0,88.223206,188762.62,4419.192,264.0,218.15775,492.0,0.0,845.0,422.5,590.43414,840.0,5.0,1153.0,384.33334,343.40112,661.0,0.0,0.0,0.0,0.0,0.0,104.0,136.0,1893.9395,2525.2524,0.0,185.0,37.375,66.02583,4359.4106,0.0,0.0,0.0,1.0,0.0,0.0,0.0,0.0,1.0,42.714287,26.333334,55.0,104.0,0.0,0.0,0.0,0.0,0.0,0.0,3.0,79.0,4.0,220.0,64240.0,255.0,1.0,32.0,0.0,0.0,0.0,0.0,0.0,0.0,0.0,0.0
8080.0,4.0,2.0,0.0,0.0,0.0,0.0,0.0,0.0,0.0,0.0,0.0,0.0,0.0,0.0,500000.0,4.0,0.0,4.0,4.0,4.0,4.0,0.0,4.0,4.0,0.0,0.0,0.0,0.0,0.0,0.0,0.0,0.0,0.0,64.0,0.0,500000.0,0.0,0.0,0.0,0.0,0.0,0.0,0.0,0.0,0.0,0.0,1.0,0.0,0.0,0.0,0.0,0.0,0.0,0.0,64.0,0.0,0.0,0.0,0.0,0.0,0.0,2.0,0.0,0.0,0.0,251.0,-1.0,0.0,32.0,0.0,0.0,0.0,0.0,0.0,0.0,0.0,0.0
8080.0,1760.0,4.0,4.0,79.0,220.0,79.0,0.0,19.75,39.5,185.0,0.0,55.0,88.223206,169886.36,4545.4546,251.42857,123.51499,470.0,99.0,1642.0,547.3333,458.30594,1015.0,99.0,1498.0,499.33334,153.12195,665.0,363.0,0.0,0.0,0.0,0.0,136.0,136.0,2272.7273,2272.7273,0.0,185.0,33.22222,63.005512,3969.6943,0.0,0.0,0.0,1.0,0.0,0.0,0.0,0.0,1.0,37.375,19.75,55.0,136.0,0.0,0.0,0.0,0.0,0.0,0.0,4.0,79.0,4.0,220.0,64240.0,255.0,1.0,32.0,0.0,0.0,0.0,0.0,0.0,0.0,0.0,0.0
8080.0,1653.0,3.0,4.0,79.0,220.0,79.0,0.0,26.333334,45.610672,185.0,0.0,55.0,88.223206,180883.25,4234.7246,275.5,210.86655,563.0,0.0,1277.0,638.5,106.773125,714.0,563.0,1172.0,390.66666,559.00836,1031.0,0.0,0.0,0.0,0.0,0.0,104.0,136.0,1814.8821,2419.8428,0.0,185.0,37.375,66.02583,4359.4106,0.0,0.0,0.0,1.0,0.0,0.0,0.0,0.0,1.0,42.714287,26.333334,55.0,104.0,0.0,0.0,0.0,0.0,0.0,0.0,3.0,79.0,4.0,220.0,64240.0,255.0,1.0,32.0,0.0,0.0,0.0,0.0,0.0,0.0,0.0,0.0
8080.0,4.0,2.0,0.0,0.0,0.0,0.0,0.0,0.0,0.0,0.0,0.0,0.0,0.0,0.0,500000.0,4.0,0.0,4.0,4.0,4.0,4.0,0.0,4.0,4.0,0.0,0.0,0.0,0.0,0.0,0.0,0.0,0.0,0.0,64.0,0.0,500000.0,0.0,0.0,0.0,0.0,0.0,0.0,0.0,0.0,0.0,0.0,1.0,0.0,0.0,0.0,0.0,0.0,0.0,0.0,64.0,0.0,0.0,0.0,0.0,0.0,0.0,2.0,0.0,0.0,0.0,251.0,-1.0,0.0,32.0,0.0,0.0,0.0,0.0,0.0,0.0,0.0,0.0
8080.0,1752.0,3.0,4.0,79.0,220.0,79.0,0.0,26.333334,45.610672,185.0,0.0,55.0,88.223206,170662.1,3995.4338,292.0,170.43944,627.0,165.0,1062.0,531.0,135.7645,627.0,435.0,1482.0,494.0,506.62708,1079.0,200.0,0.0,0.0,0.0,0.0,104.0,136.0,1712.3287,2283.105,0.0,185.0,37.375,66.02583,4359.4106,0.0,0.0,0.0,1.0,0.0,0.0,0.0,0.0,1.0,42.714287,26.333334,55.0,104.0,0.0,0.0,0.0,0.0,0.0,0.0,3.0,79.0,4.0,220.0,64240.0,255.0,1.0,32.0,0.0,0.0,0.0,0.0,0.0,0.0,0.0,0.0
8080.0,212.0,2.0,0.0,0.0,0.0,0.0,0.0,0.0,0.0,0.0,0.0,0.0,0.0,0.0,9433.962,212.0,0.0,212.0,212.0,212.0,212.0,0.0,212.0,212.0,0.0,0.0,0.0,0.0,0.0,0.0,0.0,0.0,0.0,64.0,0.0,9433.962,0.0,0.0,0.0,0.0,0.0,0.0,0.0,0.0,0.0,0.0,1.0,0.0,0.0,0.0,0.0,0.0,0.0,0.0,64.0,0.0,0.0,0.0,0.0,0.0,0.0,2.0,0.0,0.0,0.0,251.0,-1.0,0.0,32.0,0.0,0.0,0.0,0.0,0.0,0.0,0.0,0.0
8080.0,2668.0,3.0,4.0,79.0,220.0,79.0,0.0,26.333334,45.610672,185.0,0.0,55.0,88.223206,112068.97,2623.6882,444.66666,599.01306,1647.0,0.0,2183.0,1091.5,785.59564,1647.0,536.0,2410.0,803.3333,1233.8433,2224.0,0.0,0.0,0.0,0.0,0.0,104.0,136.0,1124.4377,1499.2504,0.0,185.0,37.375,66.02583,4359.4106,0.0,0.0,0.0,1.0,0.0,0.0,0.0,0.0,1.0,42.714287,26.333334,55.0,104.0,0.0,0.0,0.0,0.0,0.0,0.0,3.0,79.0,4.0,220.0,64240.0,255.0,1.0,32.0,0.0,0.0,0.0,0.0,0.0,0.0,0.0,0.0
8080.0,106.0,2.0,0.0,0.0,0.0,0.0,0.0,0.0,0.0,0.0,0.0,0.0,0.0,0.0,18867.924,106.0,0.0,106.0,106.0,106.0,106.0,0.0,106.0,106.0,0.0,0.0,0.0,0.0,0.0,0.0,0.0,0.0,0.0,64.0,0.0,18867.924,0.0,0.0,0.0,0.0,0.0,0.0,0.0,0.0,0.0,0.0,1.0,0.0,0.0,0.0,0.0,0.0,0.0,0.0,64.0,0.0,0.0,0.0,0.0,0.0,0.0,2.0,0.0,0.0,0.0,251.0,-1.0,0.0,32.0,0.0,0.0,0.0,0.0,0.0,0.0,0.0,0.0
8080.0,1623.0,3.0,4.0,79.0,220.0,79.0,0.0,26.333334,45.610672,185.0,0.0,55.0,88.223206,184226.73,4313.0005,270.5,226.93149,584.0,0.0,674.0,337.0,462.44785,664.0,10.0,1320.0,440.0,388.5563,736.0,0.0,0.0,0.0,0.0,0.0,104.0,136.0,1848.4288,2464.5718,0.0,185.0,37.375,66.02583,4359.4106,0.0,0.0,0.0,1.0,0.0,0.0,0.0,0.0,1.0,42.714287,26.333334,55.0,104.0,0.0,0.0,0.0,0.0,0.0,0.0,3.0,79.0,4.0,220.0,64240.0,255.0,1.0,32.0,0.0,0.0,0.0,0.0,0.0,0.0,0.0,0.0
8080.0,215.0,2.0,0.0,0.0,0.0,0.0,0.0,0.0,0.0,0.0,0.0,0.0,0.0,0.0,9302.325,215.0,0.0,215.0,215.0,215.0,215.0,0.0,215.0,215.0,0.0,0.0,0.0,0.0,0.0,0.0,0.0,0.0,0.0,64.0,0.0,9302.325,0.0,0.0,0.0,0.0,0.0,0.0,0.0,0.0,0.0,0.0,1.0,0.0,0.0,0.0,0.0,0.0,0.0,0.0,64.0,0.0,0.0,0.0,0.0,0.0,0.0,2.0,0.0,0.0,0.0,251.0,-1.0,0.0,32.0,0.0,0.0,0.0,0.0,0.0,0.0,0.0,0.0
8080.0,1289.0,3.0,4.0,79.0,220.0,79.0,0.0,26.333334,45.610672,185.0,0.0,55.0,88.223206,231962.77,5430.5664,214.83333,178.4527,460.0,0.0,568.0,284.0,383.25186,555.0,13.0,978.0,326.0,283.80978,518.0,0.0,0.0,0.0,0.0,0.0,104.0,136.0,2327.3855,3103.1807,0.0,185.0,37.375,66.02583,4359.4106,0.0,0.0,0.0,1.0,0.0,0.0,0.0,0.0,1.0,42.714287,26.333334,55.0,104.0,0.0,0.0,0.0,0.0,0.0,0.0,3.0,79.0,4.0,220.0,64240.0,255.0,1.0,32.0,0.0,0.0,0.0,0.0,0.0,0.0,0.0,0.0
8080.0,100.0,2.0,0.0,0.0,0.0,0.0,0.0,0.0,0.0,0.0,0.0,0.0,0.0,0.0,20000.0,100.0,0.0,100.0,100.0,100.0,100.0,0.0,100.0,100.0,0.0,0.0,0.0,0.0,0.0,0.0,0.0,0.0,0.0,64.0,0.0,20000.0,0.0,0.0,0.0,0.0,0.0,0.0,0.0,0.0,0.0,0.0,1.0,0.0,0.0,0.0,0.0,0.0,0.0,0.0,64.0,0.0,0.0,0.0,0.0,0.0,0.0,2.0,0.0,0.0,0.0,251.0,-1.0,0.0,32.0,0.0,0.0,0.0,0.0,0.0,0.0,0.0,0.0
8080.0,912.0,3.0,4.0,79.0,220.0,79.0,0.0,26.333334,45.610672,185.0,0.0,55.0,88.223206,327850.88,7675.4385,152.0,117.79304,272.0,0.0,448.0,224.0,305.47012,440.0,8.0,680.0,226.66667,245.84006,488.0,0.0,0.0,0.0,0.0,0.0,104.0,136.0,3289.4736,4385.965,0.0,185.0,37.375,66.02583,4359.4106,0.0,0.0,0.0,1.0,0.0,0.0,0.0,0.0,1.0,42.714287,26.333334,55.0,104.0,0.0,0.0,0.0,0.0,0.0,0.0,3.0,79.0,4.0,220.0,64240.0,255.0,1.0,32.0,0.0,0.0,0.0,0.0,0.0,0.0,0.0,0.0
8080.0,4.0,2.0,0.0,0.0,0.0,0.0,0.0,0.0,0.0,0.0,0.0,0.0,0.0,0.0,500000.0,4.0,0.0,4.0,4.0,4.0,4.0,0.0,4.0,4.0,0.0,0.0,0.0,0.0,0.0,0.0,0.0,0.0,0.0,64.0,0.0,500000.0,0.0,0.0,0.0,0.0,0.0,0.0,0.0,0.0,0.0,0.0,1.0,0.0,0.0,0.0,0.0,0.0,0.0,0.0,64.0,0.0,0.0,0.0,0.0,0.0,0.0,2.0,0.0,0.0,0.0,251.0,-1.0,0.0,32.0,0.0,0.0,0.0,0.0,0.0,0.0,0.0,0.0
8080.0,1002.0,3.0,4.0,79.0,220.0,79.0,0.0,26.333334,45.610672,185.0,0.0,55.0,88.223206,298403.2,6986.028,167.0,138.55107,345.0,0.0,587.0,293.5,408.0006,582.0,5.0,765.0,255.0,302.34253,589.0,0.0,0.0,0.0,0.0,0.0,104.0,136.0,2994.012,3992.0159,0.0,185.0,37.375,66.02583,4359.4106,0.0,0.0,0.0,1.0,0.0,0.0,0.0,0.0,1.0,42.714287,26.333334,55.0,104.0,0.0,0.0,0.0,0.0,0.0,0.0,3.0,79.0,4.0,220.0,64240.0,255.0,1.0,32.0,0.0,0.0,0.0,0.0,0.0,0.0,0.0,0.0
8080.0,43.0,2.0,0.0,0.0,0.0,0.0,0.0,0.0,0.0,0.0,0.0,0.0,0.0,0.0,46511.63,43.0,0.0,43.0,43.0,43.0,43.0,0.0,43.0,43.0,0.0,0.0,0.0,0.0,0.0,0.0,0.0,0.0,0.0,64.0,0.0,46511.63,0.0,0.0,0.0,0.0,0.0,0.0,0.0,0.0,0.0,0.0,1.0,0.0,0.0,0.0,0.0,0.0,0.0,0.0,64.0,0.0,0.0,0.0,0.0,0.0,0.0,2.0,0.0,0.0,0.0,251.0,-1.0,0.0,32.0,0.0,0.0,0.0,0.0,0.0,0.0,0.0,0.0
8080.0,1388.0,3.0,4.0,79.0,220.0,79.0,0.0,26.333334,45.610672,185.0,0.0,55.0,88.223206,215417.88,5043.2275,231.33333,213.216,535.0,0.0,642.0,321.0,448.3057,638.0,4.0,1153.0,384.33334,335.41965,618.0,0.0,0.0,0.0,0.0,0.0,104.0,136.0,2161.3833,2881.8445,0.0,185.0,37.375,66.02583,4359.4106,0.0,0.0,0.0,1.0,0.0,0.0,0.0,0.0,1.0,42.714287,26.333334,55.0,104.0,0.0,0.0,0.0,0.0,0.0,0.0,3.0,79.0,4.0,220.0,64240.0,255.0,1.0,32.0,0.0,0.0,0.0,0.0,0.0,0.0,0.0,0.0
8080.0,1992.0,3.0,4.0,79.0,220.0,79.0,0.0,26.333334,45.610672,185.0,0.0,55.0,88.223206,150100.4,3514.0562,332.0,424.65045,1153.0,0.0,545.0,272.5,352.84628,522.0,23.0,1803.0,601.0,578.0597,1153.0,0.0,0.0,0.0,0.0,0.0,104.0,136.0,1506.024,2008.0321,0.0,185.0,37.375,66.02583,4359.4106,0.0,0.0,0.0,1.0,0.0,0.0,0.0,0.0,1.0,42.714287,26.333334,55.0,104.0,0.0,0.0,0.0,0.0,0.0,0.0,3.0,79.0,4.0,220.0,64240.0,255.0,1.0,32.0,0.0,0.0,0.0,0.0,0.0,0.0,0.0,0.0
8080.0,4.0,2.0,0.0,0.0,0.0,0.0,0.0,0.0,0.0,0.0,0.0,0.0,0.0,0.0,500000.0,4.0,0.0,4.0,4.0,4.0,4.0,0.0,4.0,4.0,0.0,0.0,0.0,0.0,0.0,0.0,0.0,0.0,0.0,64.0,0.0,500000.0,0.0,0.0,0.0,0.0,0.0,0.0,0.0,0.0,0.0,0.0,1.0,0.0,0.0,0.0,0.0,0.0,0.0,0.0,64.0,0.0,0.0,0.0,0.0,0.0,0.0,2.0,0.0,0.0,0.0,251.0,-1.0,0.0,32.0,0.0,0.0,0.0,0.0,0.0,0.0,0.0,0.0
8080.0,299.0,2.0,0.0,0.0,0.0,0.0,0.0,0.0,0.0,0.0,0.0,0.0,0.0,0.0,6688.9634,299.0,0.0,299.0,299.0,299.0,299.0,0.0,299.0,299.0,0.0,0.0,0.0,0.0,0.0,0.0,0.0,0.0,0.0,64.0,0.0,6688.9634,0.0,0.0,0.0,0.0,0.0,0.0,0.0,0.0,0.0,0.0,1.0,0.0,0.0,0.0,0.0,0.0,0.0,0.0,64.0,0.0,0.0,0.0,0.0,0.0,0.0,2.0,0.0,0.0,0.0,251.0,-1.0,0.0,32.0,0.0,0.0,0.0,0.0,0.0,0.0,0.0,0.0
8080.0,1264.0,3.0,4.0,79.0,220.0,79.0,0.0,26.333334,45.610672,185.0,0.0,55.0,88.223206,236550.64,5537.9746,210.66667,154.47417,382.0,0.0,739.0,369.5,386.7874,643.0,96.0,983.0,327.66666,449.4178,840.0,0.0,0.0,0.0,0.0,0.0,104.0,136.0,2373.4177,3164.557,0.0,185.0,37.375,66.02583,4359.4106,0.0,0.0,0.0,1.0,0.0,0.0,0.0,0.0,1.0,42.714287,26.333334,55.0,104.0,0.0,0.0,0.0,0.0,0.0,0.0,3.0,79.0,4.0,220.0,64240.0,255.0,1.0,32.0,0.0,0.0,0.0,0.0,0.0,0.0,0.0,0.0
8080.0,188.0,2.0,0.0,0.0,0.0,0.0,0.0,0.0,0.0,0.0,0.0,0.0,0.0,0.0,10638.298,188.0,0.0,188.0,188.0,188.0,188.0,0.0,188.0,188.0,0.0,0.0,0.0,0.0,0.0,0.0,0.0,0.0,0.0,64.0,0.0,10638.298,0.0,0.0,0.0,0.0,0.0,0.0,0.0,0.0,0.0,0.0,1.0,0.0,0.0,0.0,0.0,0.0,0.0,0.0,64.0,0.0,0.0,0.0,0.0,0.0,0.0,2.0,0.0,0.0,0.0,251.0,-1.0,0.0,32.0,0.0,0.0,0.0,0.0,0.0,0.0,0.0,0.0
8080.0,1605.0,3.0,4.0,79.0,220.0,79.0,0.0,26.333334,45.610672,185.0,0.0,55.0,88.223206,186292.83,4361.3706,267.5,223.72908,553.0,0.0,679.0,339.5,474.46866,675.0,4.0,1209.0,403.0,352.78748,656.0,0.0,0.0,0.0,0.0,0.0,104.0,136.0,1869.1589,2492.212,0.0,185.0,37.375,66.02583,4359.4106,0.0,0.0,0.0,1.0,0.0,0.0,0.0,0.0,1.0,42.714287,26.333334,55.0,104.0,0.0,0.0,0.0,0.0,0.0,0.0,3.0,79.0,4.0,220.0,64240.0,255.0,1.0,32.0,0.0,0.0,0.0,0.0,0.0,0.0,0.0,0.0
8080.0,192.0,2.0,0.0,0.0,0.0,0.0,0.0,0.0,0.0,0.0,0.0,0.0,0.0,0.0,10416.667,192.0,0.0,192.0,192.0,192.0,192.0,0.0,192.0,192.0,0.0,0.0,0.0,0.0,0.0,0.0,0.0,0.0,0.0,64.0,0.0,10416.667,0.0,0.0,0.0,0.0,0.0,0.0,0.0,0.0,0.0,0.0,1.0,0.0,0.0,0.0,0.0,0.0,0.0,0.0,64.0,0.0,0.0,0.0,0.0,0.0,0.0,2.0,0.0,0.0,0.0,251.0,-1.0,0.0,32.0,0.0,0.0,0.0,0.0,0.0,0.0,0.0,0.0
8080.0,2008.0,3.0,4.0,79.0,220.0,79.0,0.0,26.333334,45.610672,185.0,0.0,55.0,88.223206,148904.38,3486.0557,334.66666,363.01608,1024.0,4.0,619.0,309.5,432.04224,615.0,4.0,1633.0,544.3333,467.9747,1024.0,89.0,0.0,0.0,0.0,0.0,104.0,136.0,1494.0239,1992.0319,0.0,185.0,37.375,66.02583,4359.4106,0.0,0.0,0.0,1.0,0.0,0.0,0.0,0.0,1.0,42.714287,26.333334,55.0,104.0,0.0,0.0,0.0,0.0,0.0,0.0,3.0,79.0,4.0,220.0,64240.0,255.0,1.0,32.0,0.0,0.0,0.0,0.0,0.0,0.0,0.0,0.0
8080.0,11.0,2.0,0.0,0.0,0.0,0.0,0.0,0.0,0.0,0.0,0.0,0.0,0.0,0.0,181818.19,11.0,0.0,11.0,11.0,11.0,11.0,0.0,11.0,11.0,0.0,0.0,0.0,0.0,0.0,0.0,0.0,0.0,0.0,64.0,0.0,181818.19,0.0,0.0,0.0,0.0,0.0,0.0,0.0,0.0,0.0,0.0,1.0,0.0,0.0,0.0,0.0,0.0,0.0,0.0,64.0,0.0,0.0,0.0,0.0,0.0,0.0,2.0,0.0,0.0,0.0,251.0,-1.0,0.0,32.0,0.0,0.0,0.0,0.0,0.0,0.0,0.0,0.0
8080.0,2005.0,3.0,4.0,79.0,220.0,79.0,0.0,26.333334,45.610672,185.0,0.0,55.0,88.223206,149127.19,3491.2717,334.16666,328.44934,930.0,0.0,1603.0,801.5,181.72644,930.0,673.0,1600.0,533.3333,852.89056,1517.0,0.0,0.0,0.0,0.0,0.0,104.0,136.0,1496.2594,1995.0125,0.0,185.0,37.375,66.02583,4359.4106,0.0,0.0,0.0,1.0,0.0,0.0,0.0,0.0,1.0,42.714287,26.333334,55.0,104.0,0.0,0.0,0.0,0.0,0.0,0.0,3.0,79.0,4.0,220.0,64240.0,255.0,1.0,32.0,0.0,0.0,0.0,0.0,0.0,0.0,0.0,0.0
8080.0,4.0,2.0,0.0,0.0,0.0,0.0,0.0,0.0,0.0,0.0,0.0,0.0,0.0,0.0,500000.0,4.0,0.0,4.0,4.0,4.0,4.0,0.0,4.0,4.0,0.0,0.0,0.0,0.0,0.0,0.0,0.0,0.0,0.0,64.0,0.0,500000.0,0.0,0.0,0.0,0.0,0.0,0.0,0.0,0.0,0.0,0.0,1.0,0.0,0.0,0.0,0.0,0.0,0.0,0.0,64.0,0.0,0.0,0.0,0.0,0.0,0.0,2.0,0.0,0.0,0.0,251.0,-1.0,0.0,32.0,0.0,0.0,0.0,0.0,0.0,0.0,0.0,0.0
8080.0,1512.0,3.0,4.0,79.0,220.0,79.0,0.0,26.333334,45.610672,185.0,0.0,55.0,88.223206,197751.33,4629.6294,252.0,192.87198,541.0,0.0,621.0,310.5,318.90515,536.0,85.0,1266.0,422.0,376.8647,725.0,0.0,0.0,0.0,0.0,0.0,104.0,136.0,1984.127,2645.5027,0.0,185.0,37.375,66.02583,4359.4106,0.0,0.0,0.0,1.0,0.0,0.0,0.0,0.0,1.0,42.714287,26.333334,55.0,104.0,0.0,0.0,0.0,0.0,0.0,0.0,3.0,79.0,4.0,220.0,64240.0,255.0,1.0,32.0,0.0,0.0,0.0,0.0,0.0,0.0,0.0,0.0
8080.0,4.0,2.0,0.0,0.0,0.0,0.0,0.0,0.0,0.0,0.0,0.0,0.0,0.0,0.0,500000.0,4.0,0.0,4.0,4.0,4.0,4.0,0.0,4.0,4.0,0.0,0.0,0.0,0.0,0.0,0.0,0.0,0.0,0.0,64.0,0.0,500000.0,0.0,0.0,0.0,0.0,0.0,0.0,0.0,0.0,0.0,0.0,1.0,0.0,0.0,0.0,0.0,0.0,0.0,0.0,64.0,0.0,0.0,0.0,0.0,0.0,0.0,2.0,0.0,0.0,0.0,251.0,-1.0,0.0,32.0,0.0,0.0,0.0,0.0,0.0,0.0,0.0,0.0
8080.0,1139.0,3.0,4.0,79.0,220.0,79.0,0.0,26.333334,45.610672,185.0,0.0,55.0,88.223206,262510.97,6145.7417,189.83333,188.7871,494.0,0.0,526.0,263.0,364.8671,521.0,5.0,894.0,298.0,417.35715,775.0,0.0,0.0,0.0,0.0,0.0,104.0,136.0,2633.8894,3511.8525,0.0,185.0,37.375,66.02583,4359.4106,0.0,0.0,0.0,1.0,0.0,0.0,0.0,0.0,1.0,42.714287,26.333334,55.0,104.0,0.0,0.0,0.0,0.0,0.0,0.0,3.0,79.0,4.0,220.0,64240.0,255.0,1.0,32.0,0.0,0.0,0.0,0.0,0.0,0.0,0.0,0.0
8080.0,4.0,2.0,0.0,0.0,0.0,0.0,0.0,0.0,0.0,0.0,0.0,0.0,0.0,0.0,500000.0,4.0,0.0,4.0,4.0,4.0,4.0,0.0,4.0,4.0,0.0,0.0,0.0,0.0,0.0,0.0,0.0,0.0,0.0,64.0,0.0,500000.0,0.0,0.0,0.0,0.0,0.0,0.0,0.0,0.0,0.0,0.0,1.0,0.0,0.0,0.0,0.0,0.0,0.0,0.0,64.0,0.0,0.0,0.0,0.0,0.0,0.0,2.0,0.0,0.0,0.0,251.0,-1.0,0.0,32.0,0.0,0.0,0.0,0.0,0.0,0.0,0.0,0.0
8080.0,2200.0,3.0,4.0,79.0,220.0,79.0,0.0,26.333334,45.610672,185.0,0.0,55.0,88.223206,135909.1,3181.818,366.66666,227.70654,712.0,2.0,777.0,388.5,546.59357,775.0,2.0,1856.0,618.6667,261.79062,821.0,323.0,0.0,0.0,0.0,0.0,104.0,136.0,1363.6364,1818.1818,0.0,185.0,37.375,66.02583,4359.4106,0.0,0.0,0.0,1.0,0.0,0.0,0.0,0.0,1.0,42.714287,26.333334,55.0,104.0,0.0,0.0,0.0,0.0,0.0,0.0,3.0,79.0,4.0,220.0,64240.0,255.0,1.0,32.0,0.0,0.0,0.0,0.0,0.0,0.0,0.0,0.0
8080.0,1572.0,3.0,4.0,79.0,220.0,79.0,0.0,26.333334,45.610672,185.0,0.0,55.0,88.223206,190203.56,4452.9263,262.0,121.49403,399.0,121.0,915.0,457.5,246.78027,632.0,283.0,1173.0,391.0,453.01105,914.0,121.0,0.0,0.0,0.0,0.0,104.0,136.0,1908.397,2544.5293,0.0,185.0,37.375,66.02583,4359.4106,0.0,0.0,0.0,1.0,0.0,0.0,0.0,0.0,1.0,42.714287,26.333334,55.0,104.0,0.0,0.0,0.0,0.0,0.0,0.0,3.0,79.0,4.0,220.0,64240.0,255.0,1.0,32.0,0.0,0.0,0.0,0.0,0.0,0.0,0.0,0.0
8080.0,3.0,2.0,0.0,0.0,0.0,0.0,0.0,0.0,0.0,0.0,0.0,0.0,0.0,0.0,666666.7,3.0,0.0,3.0,3.0,3.0,3.0,0.0,3.0,3.0,0.0,0.0,0.0,0.0,0.0,0.0,0.0,0.0,0.0,64.0,0.0,666666.7,0.0,0.0,0.0,0.0,0.0,0.0,0.0,0.0,0.0,0.0,1.0,0.0,0.0,0.0,0.0,0.0,0.0,0.0,64.0,0.0,0.0,0.0,0.0,0.0,0.0,2.0,0.0,0.0,0.0,251.0,-1.0,0.0,32.0,0.0,0.0,0.0,0.0,0.0,0.0,0.0,0.0
8080.0,313.0,2.0,0.0,0.0,0.0,0.0,0.0,0.0,0.0,0.0,0.0,0.0,0.0,0.0,6389.7764,313.0,0.0,313.0,313.0,313.0,313.0,0.0,313.0,313.0,0.0,0.0,0.0,0.0,0.0,0.0,0.0,0.0,0.0,64.0,0.0,6389.7764,0.0,0.0,0.0,0.0,0.0,0.0,0.0,0.0,0.0,0.0,1.0,0.0,0.0,0.0,0.0,0.0,0.0,0.0,64.0,0.0,0.0,0.0,0.0,0.0,0.0,2.0,0.0,0.0,0.0,251.0,-1.0,0.0,32.0,0.0,0.0,0.0,0.0,0.0,0.0,0.0,0.0
8080.0,1558.0,3.0,4.0,79.0,220.0,79.0,0.0,26.333334,45.610672,185.0,0.0,55.0,88.223206,191912.7,4492.9395,259.66666,170.05489,405.0,0.0,1123.0,561.5,301.9346,775.0,348.0,1188.0,396.0,609.613,1098.0,0.0,0.0,0.0,0.0,0.0,104.0,136.0,1925.5455,2567.394,0.0,185.0,37.375,66.02583,4359.4106,0.0,0.0,0.0,1.0,0.0,0.0,0.0,0.0,1.0,42.714287,26.333334,55.0,104.0,0.0,0.0,0.0,0.0,0.0,0.0,3.0,79.0,4.0,220.0,64240.0,255.0,1.0,32.0,0.0,0.0,0.0,0.0,0.0,0.0,0.0,0.0
8080.0,4.0,2.0,0.0,0.0,0.0,0.0,0.0,0.0,0.0,0.0,0.0,0.0,0.0,0.0,500000.0,4.0,0.0,4.0,4.0,4.0,4.0,0.0,4.0,4.0,0.0,0.0,0.0,0.0,0.0,0.0,0.0,0.0,0.0,64.0,0.0,500000.0,0.0,0.0,0.0,0.0,0.0,0.0,0.0,0.0,0.0,0.0,1.0,0.0,0.0,0.0,0.0,0.0,0.0,0.0,64.0,0.0,0.0,0.0,0.0,0.0,0.0,2.0,0.0,0.0,0.0,251.0,-1.0,0.0,32.0,0.0,0.0,0.0,0.0,0.0,0.0,0.0,0.0
8080.0,1638.0,3.0,4.0,79.0,220.0,79.0,0.0,26.333334,45.610672,185.0,0.0,55.0,88.223206,182539.69,4273.5044,273.0,264.8139,706.0,0.0,653.0,326.5,454.66965,648.0,5.0,1390.0,463.33334,401.40918,706.0,0.0,0.0,0.0,0.0,0.0,104.0,136.0,1831.5018,2442.0024,0.0,185.0,37.375,66.02583,4359.4106,0.0,0.0,0.0,1.0,0.0,0.0,0.0,0.0,1.0,42.714287,26.333334,55.0,104.0,0.0,0.0,0.0,0.0,0.0,0.0,3.0,79.0,4.0,220.0,64240.0,255.0,1.0,32.0,0.0,0.0,0.0,0.0,0.0,0.0,0.0,0.0
8080.0,120.0,2.0,0.0,0.0,0.0,0.0,0.0,0.0,0.0,0.0,0.0,0.0,0.0,0.0,16666.666,120.0,0.0,120.0,120.0,120.0,120.0,0.0,120.0,120.0,0.0,0.0,0.0,0.0,0.0,0.0,0.0,0.0,0.0,64.0,0.0,16666.666,0.0,0.0,0.0,0.0,0.0,0.0,0.0,0.0,0.0,0.0,1.0,0.0,0.0,0.0,0.0,0.0,0.0,0.0,64.0,0.0,0.0,0.0,0.0,0.0,0.0,2.0,0.0,0.0,0.0,251.0,-1.0,0.0,32.0,0.0,0.0,0.0,0.0,0.0,0.0,0.0,0.0
8080.0,2050.0,3.0,4.0,79.0,220.0,79.0,0.0,26.333334,45.610672,185.0,0.0,55.0,88.223206,145853.66,3414.634,341.66666,414.06747,1123.0,0.0,587.0,293.5,413.65747,586.0,1.0,1825.0,608.3333,567.3291,1123.0,0.0,0.0,0.0,0.0,0.0,104.0,136.0,1463.4147,1951.2195,0.0,185.0,37.375,66.02583,4359.4106,0.0,0.0,0.0,1.0,0.0,0.0,0.0,0.0,1.0,42.714287,26.333334,55.0,104.0,0.0,0.0,0.0,0.0,0.0,0.0,3.0,79.0,4.0,220.0,64240.0,255.0,1.0,32.0,0.0,0.0,0.0,0.0,0.0,0.0,0.0,0.0
8080.0,2170.0,4.0,4.0,79.0,220.0,79.0,0.0,19.75,39.5,185.0,0.0,55.0,88.223206,137788.02,3686.636,310.0,288.96307,874.0,6.0,2126.0,708.6667,706.0236,1418.0,6.0,1865.0,621.6667,330.1671,874.0,248.0,0.0,0.0,0.0,0.0,136.0,136.0,1843.318,1843.318,0.0,185.0,33.22222,63.005512,3969.6943,0.0,0.0,0.0,1.0,0.0,0.0,0.0,0.0,1.0,37.375,19.75,55.0,136.0,0.0,0.0,0.0,0.0,0.0,0.0,4.0,79.0,4.0,220.0,64240.0,255.0,1.0,32.0,0.0,0.0,0.0,0.0,0.0,0.0,0.0,0.0
8080.0,31.0,2.0,0.0,0.0,0.0,0.0,0.0,0.0,0.0,0.0,0.0,0.0,0.0,0.0,64516.13,31.0,0.0,31.0,31.0,31.0,31.0,0.0,31.0,31.0,0.0,0.0,0.0,0.0,0.0,0.0,0.0,0.0,0.0,64.0,0.0,64516.13,0.0,0.0,0.0,0.0,0.0,0.0,0.0,0.0,0.0,0.0,1.0,0.0,0.0,0.0,0.0,0.0,0.0,0.0,64.0,0.0,0.0,0.0,0.0,0.0,0.0,2.0,0.0,0.0,0.0,251.0,-1.0,0.0,32.0,0.0,0.0,0.0,0.0,0.0,0.0,0.0,0.0
8080.0,2633.0,3.0,4.0,79.0,220.0,79.0,0.0,26.333334,45.610672,185.0,0.0,55.0,88.223206,113558.68,2658.5645,438.83334,597.3995,1628.0,0.0,722.0,361.0,367.69553,621.0,101.0,2266.0,755.3333,820.3178,1628.0,0.0,0.0,0.0,0.0,0.0,104.0,136.0,1139.3848,1519.1797,0.0,185.0,37.375,66.02583,4359.4106,0.0,0.0,0.0,1.0,0.0,0.0,0.0,0.0,1.0,42.714287,26.333334,55.0,104.0,0.0,0.0,0.0,0.0,0.0,0.0,3.0,79.0,4.0,220.0,64240.0,255.0,1.0,32.0,0.0,0.0,0.0,0.0,0.0,0.0,0.0,0.0
8080.0,1405.0,2.0,0.0,0.0,0.0,0.0,0.0,0.0,0.0,0.0,0.0,0.0,0.0,0.0,1423.4875,1405.0,0.0,1405.0,1405.0,1405.0,1405.0,0.0,1405.0,1405.0,0.0,0.0,0.0,0.0,0.0,0.0,0.0,0.0,0.0,64.0,0.0,1423.4875,0.0,0.0,0.0,0.0,0.0,0.0,0.0,0.0,0.0,0.0,1.0,0.0,0.0,0.0,0.0,0.0,0.0,0.0,64.0,0.0,0.0,0.0,0.0,0.0,0.0,2.0,0.0,0.0,0.0,251.0,-1.0,0.0,32.0,0.0,0.0,0.0,0.0,0.0,0.0,0.0,0.0
8080.0,2609.0,3.0,4.0,79.0,220.0,79.0,0.0,26.333334,45.610672,185.0,0.0,55.0,88.223206,114603.3,2683.0203,434.83334,338.18304,1015.0,87.0,1619.0,809.5,290.62088,1015.0,604.0,2349.0,783.0,774.279,1617.0,87.0,0.0,0.0,0.0,0.0,104.0,136.0,1149.8658,1533.1544,0.0,185.0,37.375,66.02583,4359.4106,0.0,0.0,0.0,1.0,0.0,0.0,0.0,0.0,1.0,42.714287,26.333334,55.0,104.0,0.0,0.0,0.0,0.0,0.0,0.0,3.0,79.0,4.0,220.0,64240.0,255.0,1.0,32.0,0.0,0.0,0.0,0.0,0.0,0.0,0.0,0.0
8080.0,923.0,3.0,4.0,79.0,220.0,79.0,0.0,26.333334,45.610672,185.0,0.0,55.0,88.223206,323943.66,7583.9653,153.83333,120.31196,266.0,0.0,447.0,223.5,309.00568,442.0,5.0,732.0,244.0,233.77768,466.0,0.0,0.0,0.0,0.0,0.0,104.0,136.0,3250.2708,4333.6943,0.0,185.0,37.375,66.02583,4359.4106,0.0,0.0,0.0,1.0,0.0,0.0,0.0,0.0,1.0,42.714287,26.333334,55.0,104.0,0.0,0.0,0.0,0.0,0.0,0.0,3.0,79.0,4.0,220.0,64240.0,255.0,1.0,32.0,0.0,0.0,0.0,0.0,0.0,0.0,0.0,0.0
8080.0,25.0,2.0,0.0,0.0,0.0,0.0,0.0,0.0,0.0,0.0,0.0,0.0,0.0,0.0,80000.0,25.0,0.0,25.0,25.0,25.0,25.0,0.0,25.0,25.0,0.0,0.0,0.0,0.0,0.0,0.0,0.0,0.0,0.0,64.0,0.0,80000.0,0.0,0.0,0.0,0.0,0.0,0.0,0.0,0.0,0.0,0.0,1.0,0.0,0.0,0.0,0.0,0.0,0.0,0.0,64.0,0.0,0.0,0.0,0.0,0.0,0.0,2.0,0.0,0.0,0.0,251.0,-1.0,0.0,32.0,0.0,0.0,0.0,0.0,0.0,0.0,0.0,0.0
8080.0,18.0,2.0,0.0,0.0,0.0,0.0,0.0,0.0,0.0,0.0,0.0,0.0,0.0,0.0,111111.11,18.0,0.0,18.0,18.0,18.0,18.0,0.0,18.0,18.0,0.0,0.0,0.0,0.0,0.0,0.0,0.0,0.0,0.0,64.0,0.0,111111.11,0.0,0.0,0.0,0.0,0.0,0.0,0.0,0.0,0.0,0.0,1.0,0.0,0.0,0.0,0.0,0.0,0.0,0.0,64.0,0.0,0.0,0.0,0.0,0.0,0.0,2.0,0.0,0.0,0.0,251.0,-1.0,0.0,32.0,0.0,0.0,0.0,0.0,0.0,0.0,0.0,0.0
8080.0,1498.0,3.0,4.0,79.0,220.0,79.0,0.0,26.333334,45.610672,185.0,0.0,55.0,88.223206,199599.47,4672.897,249.66667,131.3966,494.0,98.0,971.0,485.5,341.53256,727.0,244.0,1004.0,334.66666,330.28674,712.0,98.0,0.0,0.0,0.0,0.0,104.0,136.0,2002.6702,2670.227,0.0,185.0,37.375,66.02583,4359.4106,0.0,0.0,0.0,1.0,0.0,0.0,0.0,0.0,1.0,42.714287,26.333334,55.0,104.0,0.0,0.0,0.0,0.0,0.0,0.0,3.0,79.0,4.0,220.0,64240.0,255.0,1.0,32.0,0.0,0.0,0.0,0.0,0.0,0.0,0.0,0.0
8080.0,1271.0,3.0,4.0,79.0,220.0,79.0,0.0,26.333334,45.610672,185.0,0.0,55.0,88.223206,235247.84,5507.4746,211.83333,201.84094,549.0,0.0,488.0,244.0,337.99704,483.0,5.0,1022.0,340.66666,297.46317,549.0,0.0,0.0,0.0,0.0,0.0,104.0,136.0,2360.3462,3147.1282,0.0,185.0,37.375,66.02583,4359.4106,0.0,0.0,0.0,1.0,0.0,0.0,0.0,0.0,1.0,42.714287,26.333334,55.0,104.0,0.0,0.0,0.0,0.0,0.0,0.0,3.0,79.0,4.0,220.0,64240.0,255.0,1.0,32.0,0.0,0.0,0.0,0.0,0.0,0.0,0.0,0.0
8080.0,174.0,2.0,0.0,0.0,0.0,0.0,0.0,0.0,0.0,0.0,0.0,0.0,0.0,0.0,11494.253,174.0,0.0,174.0,174.0,174.0,174.0,0.0,174.0,174.0,0.0,0.0,0.0,0.0,0.0,0.0,0.0,0.0,0.0,64.0,0.0,11494.253,0.0,0.0,0.0,0.0,0.0,0.0,0.0,0.0,0.0,0.0,1.0,0.0,0.0,0.0,0.0,0.0,0.0,0.0,64.0,0.0,0.0,0.0,0.0,0.0,0.0,2.0,0.0,0.0,0.0,251.0,-1.0,0.0,32.0,0.0,0.0,0.0,0.0,0.0,0.0,0.0,0.0
8080.0,892.0,2.0,0.0,0.0,0.0,0.0,0.0,0.0,0.0,0.0,0.0,0.0,0.0,0.0,2242.1526,892.0,0.0,892.0,892.0,892.0,892.0,0.0,892.0,892.0,0.0,0.0,0.0,0.0,0.0,0.0,0.0,0.0,0.0,64.0,0.0,2242.1526,0.0,0.0,0.0,0.0,0.0,0.0,0.0,0.0,0.0,0.0,1.0,0.0,0.0,0.0,0.0,0.0,0.0,0.0,64.0,0.0,0.0,0.0,0.0,0.0,0.0,2.0,0.0,0.0,0.0,251.0,-1.0,0.0,32.0,0.0,0.0,0.0,0.0,0.0,0.0,0.0,0.0
8080.0,1209.0,3.0,4.0,79.0,220.0,79.0,0.0,26.333334,45.610672,185.0,0.0,55.0,88.223206,247311.83,5789.909,201.5,178.4497,482.0,0.0,536.0,268.0,352.1392,517.0,19.0,954.0,318.0,275.44147,482.0,0.0,0.0,0.0,0.0,0.0,104.0,136.0,2481.3896,3308.5195,0.0,185.0,37.375,66.02583,4359.4106,0.0,0.0,0.0,1.0,0.0,0.0,0.0,0.0,1.0,42.714287,26.333334,55.0,104.0,0.0,0.0,0.0,0.0,0.0,0.0,3.0,79.0,4.0,220.0,64240.0,255.0,1.0,32.0,0.0,0.0,0.0,0.0,0.0,0.0,0.0,0.0
8080.0,1.0,2.0,0.0,0.0,0.0,0.0,0.0,0.0,0.0,0.0,0.0,0.0,0.0,0.0,2e+06,1.0,0.0,1.0,1.0,1.0,1.0,0.0,1.0,1.0,0.0,0.0,0.0,0.0,0.0,0.0,0.0,0.0,0.0,64.0,0.0,2e+06,0.0,0.0,0.0,0.0,0.0,0.0,0.0,0.0,0.0,0.0,1.0,0.0,0.0,0.0,0.0,0.0,0.0,0.0,64.0,0.0,0.0,0.0,0.0,0.0,0.0,2.0,0.0,0.0,0.0,251.0,-1.0,0.0,32.0,0.0,0.0,0.0,0.0,0.0,0.0,0.0,0.0
8080.0,1273.0,3.0,4.0,79.0,220.0,79.0,0.0,26.333334,45.610672,185.0,0.0,55.0,88.223206,234878.23,5498.822,212.16667,182.20912,454.0,0.0,535.0,267.5,372.64526,531.0,4.0,1072.0,357.33334,399.08563,788.0,0.0,0.0,0.0,0.0,0.0,104.0,136.0,2356.638,3142.1838,0.0,185.0,37.375,66.02583,4359.4106,0.0,0.0,0.0,1.0,0.0,0.0,0.0,0.0,1.0,42.714287,26.333334,55.0,104.0,0.0,0.0,0.0,0.0,0.0,0.0,3.0,79.0,4.0,220.0,64240.0,255.0,1.0,32.0,0.0,0.0,0.0,0.0,0.0,0.0,0.0,0.0
8080.0,1453.0,4.0,4.0,79.0,220.0,79.0,0.0,19.75,39.5,185.0,0.0,55.0,88.223206,205781.14,5505.85,207.57143,140.14499,315.0,4.0,1449.0,483.0,435.4733,855.0,4.0,1158.0,386.0,197.75995,614.0,261.0,0.0,0.0,0.0,0.0,136.0,136.0,2752.925,2752.925,0.0,185.0,33.22222,63.005512,3969.6943,0.0,0.0,0.0,1.0,0.0,0.0,0.0,0.0,1.0,37.375,19.75,55.0,136.0,0.0,0.0,0.0,0.0,0.0,0.0,4.0,79.0,4.0,220.0,64240.0,255.0,1.0,32.0,0.0,0.0,0.0,0.0,0.0,0.0,0.0,0.0
8080.0,1154.0,2.0,0.0,0.0,0.0,0.0,0.0,0.0,0.0,0.0,0.0,0.0,0.0,0.0,1733.1023,1154.0,0.0,1154.0,1154.0,1154.0,1154.0,0.0,1154.0,1154.0,0.0,0.0,0.0,0.0,0.0,0.0,0.0,0.0,0.0,64.0,0.0,1733.1023,0.0,0.0,0.0,0.0,0.0,0.0,0.0,0.0,0.0,0.0,1.0,0.0,0.0,0.0,0.0,0.0,0.0,0.0,64.0,0.0,0.0,0.0,0.0,0.0,0.0,2.0,0.0,0.0,0.0,251.0,-1.0,0.0,32.0,0.0,0.0,0.0,0.0,0.0,0.0,0.0,0.0
8080.0,1839.0,3.0,4.0,79.0,220.0,79.0,0.0,26.333334,45.610672,185.0,0.0,55.0,88.223206,162588.36,3806.4165,306.5,251.92598,681.0,8.0,613.0,306.5,422.14276,605.0,8.0,1574.0,524.6667,401.04407,824.0,69.0,0.0,0.0,0.0,0.0,104.0,136.0,1631.3214,2175.0952,0.0,185.0,37.375,66.02583,4359.4106,0.0,0.0,0.0,1.0,0.0,0.0,0.0,0.0,1.0,42.714287,26.333334,55.0,104.0,0.0,0.0,0.0,0.0,0.0,0.0,3.0,79.0,4.0,220.0,64240.0,255.0,1.0,32.0,0.0,0.0,0.0,0.0,0.0,0.0,0.0,0.0
8080.0,202.0,2.0,0.0,0.0,0.0,0.0,0.0,0.0,0.0,0.0,0.0,0.0,0.0,0.0,9900.99,202.0,0.0,202.0,202.0,202.0,202.0,0.0,202.0,202.0,0.0,0.0,0.0,0.0,0.0,0.0,0.0,0.0,0.0,64.0,0.0,9900.99,0.0,0.0,0.0,0.0,0.0,0.0,0.0,0.0,0.0,0.0,1.0,0.0,0.0,0.0,0.0,0.0,0.0,0.0,64.0,0.0,0.0,0.0,0.0,0.0,0.0,2.0,0.0,0.0,0.0,251.0,-1.0,0.0,32.0,0.0,0.0,0.0,0.0,0.0,0.0,0.0,0.0
8080.0,1467.0,3.0,4.0,79.0,220.0,79.0,0.0,26.333334,45.610672,185.0,0.0,55.0,88.223206,203817.31,4771.6426,244.5,233.89293,620.0,0.0,560.0,280.0,380.42346,549.0,11.0,1278.0,426.0,369.41574,658.0,0.0,0.0,0.0,0.0,0.0,104.0,136.0,2044.9897,2726.653,0.0,185.0,37.375,66.02583,4359.4106,0.0,0.0,0.0,1.0,0.0,0.0,0.0,0.0,1.0,42.714287,26.333334,55.0,104.0,0.0,0.0,0.0,0.0,0.0,0.0,3.0,79.0,4.0,220.0,64240.0,255.0,1.0,32.0,0.0,0.0,0.0,0.0,0.0,0.0,0.0,0.0
8080.0,5.0,2.0,0.0,0.0,0.0,0.0,0.0,0.0,0.0,0.0,0.0,0.0,0.0,0.0,400000.0,5.0,0.0,5.0,5.0,5.0,5.0,0.0,5.0,5.0,0.0,0.0,0.0,0.0,0.0,0.0,0.0,0.0,0.0,64.0,0.0,400000.0,0.0,0.0,0.0,0.0,0.0,0.0,0.0,0.0,0.0,0.0,1.0,0.0,0.0,0.0,0.0,0.0,0.0,0.0,64.0,0.0,0.0,0.0,0.0,0.0,0.0,2.0,0.0,0.0,0.0,251.0,-1.0,0.0,32.0,0.0,0.0,0.0,0.0,0.0,0.0,0.0,0.0
8080.0,1721.0,3.0,4.0,79.0,220.0,79.0,0.0,26.333334,45.610672,185.0,0.0,55.0,88.223206,173736.2,4067.4026,286.83334,175.55788,475.0,0.0,1148.0,574.0,140.00714,673.0,475.0,1438.0,479.33334,685.8836,1265.0,0.0,0.0,0.0,0.0,0.0,104.0,136.0,1743.1726,2324.23,0.0,185.0,37.375,66.02583,4359.4106,0.0,0.0,0.0,1.0,0.0,0.0,0.0,0.0,1.0,42.714287,26.333334,55.0,104.0,0.0,0.0,0.0,0.0,0.0,0.0,3.0,79.0,4.0,220.0,64240.0,255.0,1.0,32.0,0.0,0.0,0.0,0.0,0.0,0.0,0.0,0.0
8080.0,3.0,2.0,0.0,0.0,0.0,0.0,0.0,0.0,0.0,0.0,0.0,0.0,0.0,0.0,666666.7,3.0,0.0,3.0,3.0,3.0,3.0,0.0,3.0,3.0,0.0,0.0,0.0,0.0,0.0,0.0,0.0,0.0,0.0,64.0,0.0,666666.7,0.0,0.0,0.0,0.0,0.0,0.0,0.0,0.0,0.0,0.0,1.0,0.0,0.0,0.0,0.0,0.0,0.0,0.0,64.0,0.0,0.0,0.0,0.0,0.0,0.0,2.0,0.0,0.0,0.0,251.0,-1.0,0.0,32.0,0.0,0.0,0.0,0.0,0.0,0.0,0.0,0.0
8080.0,1947.0,3.0,4.0,79.0,220.0,79.0,0.0,26.333334,45.610672,185.0,0.0,55.0,88.223206,153569.6,3595.275,324.5,319.22015,913.0,0.0,678.0,339.0,306.88434,556.0,122.0,1745.0,581.6667,505.36356,913.0,0.0,0.0,0.0,0.0,0.0,104.0,136.0,1540.832,2054.4426,0.0,185.0,37.375,66.02583,4359.4106,0.0,0.0,0.0,1.0,0.0,0.0,0.0,0.0,1.0,42.714287,26.333334,55.0,104.0,0.0,0.0,0.0,0.0,0.0,0.0,3.0,79.0,4.0,220.0,64240.0,255.0,1.0,32.0,0.0,0.0,0.0,0.0,0.0,0.0,0.0,0.0
8080.0,5.0,2.0,0.0,0.0,0.0,0.0,0.0,0.0,0.0,0.0,0.0,0.0,0.0,0.0,400000.0,5.0,0.0,5.0,5.0,5.0,5.0,0.0,5.0,5.0,0.0,0.0,0.0,0.0,0.0,0.0,0.0,0.0,0.0,64.0,0.0,400000.0,0.0,0.0,0.0,0.0,0.0,0.0,0.0,0.0,0.0,0.0,1.0,0.0,0.0,0.0,0.0,0.0,0.0,0.0,64.0,0.0,0.0,0.0,0.0,0.0,0.0,2.0,0.0,0.0,0.0,251.0,-1.0,0.0,32.0,0.0,0.0,0.0,0.0,0.0,0.0,0.0,0.0
8080.0,2016.0,3.0,4.0,79.0,220.0,79.0,0.0,26.333334,45.610672,185.0,0.0,55.0,88.223206,148313.48,3472.2222,336.0,305.31952,907.0,0.0,1575.0,787.5,168.99852,907.0,668.0,1691.0,563.6667,802.9299,1483.0,0.0,0.0,0.0,0.0,0.0,104.0,136.0,1488.0952,1984.127,0.0,185.0,37.375,66.02583,4359.4106,0.0,0.0,0.0,1.0,0.0,0.0,0.0,0.0,1.0,42.714287,26.333334,55.0,104.0,0.0,0.0,0.0,0.0,0.0,0.0,3.0,79.0,4.0,220.0,64240.0,255.0,1.0,32.0,0.0,0.0,0.0,0.0,0.0,0.0,0.0,0.0
8080.0,3.0,2.0,0.0,0.0,0.0,0.0,0.0,0.0,0.0,0.0,0.0,0.0,0.0,0.0,666666.7,3.0,0.0,3.0,3.0,3.0,3.0,0.0,3.0,3.0,0.0,0.0,0.0,0.0,0.0,0.0,0.0,0.0,0.0,64.0,0.0,666666.7,0.0,0.0,0.0,0.0,0.0,0.0,0.0,0.0,0.0,0.0,1.0,0.0,0.0,0.0,0.0,0.0,0.0,0.0,64.0,0.0,0.0,0.0,0.0,0.0,0.0,2.0,0.0,0.0,0.0,251.0,-1.0,0.0,32.0,0.0,0.0,0.0,0.0,0.0,0.0,0.0,0.0
8080.0,1034.0,3.0,4.0,79.0,220.0,79.0,0.0,26.333334,45.610672,185.0,0.0,55.0,88.223206,289168.28,6769.8257,172.33333,111.93331,315.0,21.0,435.0,217.5,277.89297,414.0,21.0,829.0,276.33334,204.75676,459.0,55.0,0.0,0.0,0.0,0.0,104.0,136.0,2901.354,3868.472,0.0,185.0,37.375,66.02583,4359.4106,0.0,0.0,0.0,1.0,0.0,0.0,0.0,0.0,1.0,42.714287,26.333334,55.0,104.0,0.0,0.0,0.0,0.0,0.0,0.0,3.0,79.0,4.0,220.0,64240.0,255.0,1.0,32.0,0.0,0.0,0.0,0.0,0.0,0.0,0.0,0.0
8080.0,4.0,2.0,0.0,0.0,0.0,0.0,0.0,0.0,0.0,0.0,0.0,0.0,0.0,0.0,500000.0,4.0,0.0,4.0,4.0,4.0,4.0,0.0,4.0,4.0,0.0,0.0,0.0,0.0,0.0,0.0,0.0,0.0,0.0,64.0,0.0,500000.0,0.0,0.0,0.0,0.0,0.0,0.0,0.0,0.0,0.0,0.0,1.0,0.0,0.0,0.0,0.0,0.0,0.0,0.0,64.0,0.0,0.0,0.0,0.0,0.0,0.0,2.0,0.0,0.0,0.0,251.0,-1.0,0.0,32.0,0.0,0.0,0.0,0.0,0.0,0.0,0.0,0.0
8080.0,1623.0,3.0,4.0,79.0,220.0,79.0,0.0,26.333334,45.610672,185.0,0.0,55.0,88.223206,184226.73,4313.0005,270.5,202.74393,621.0,0.0,1204.0,602.0,26.870058,621.0,583.0,1317.0,439.0,573.5948,1088.0,0.0,0.0,0.0,0.0,0.0,104.0,136.0,1848.4288,2464.5718,0.0,185.0,37.375,66.02583,4359.4106,0.0,0.0,0.0,1.0,0.0,0.0,0.0,0.0,1.0,42.714287,26.333334,55.0,104.0,0.0,0.0,0.0,0.0,0.0,0.0,3.0,79.0,4.0,220.0,64240.0,255.0,1.0,32.0,0.0,0.0,0.0,0.0,0.0,0.0,0.0,0.0
8080.0,124.0,2.0,0.0,0.0,0.0,0.0,0.0,0.0,0.0,0.0,0.0,0.0,0.0,0.0,16129.032,124.0,0.0,124.0,124.0,124.0,124.0,0.0,124.0,124.0,0.0,0.0,0.0,0.0,0.0,0.0,0.0,0.0,0.0,64.0,0.0,16129.032,0.0,0.0,0.0,0.0,0.0,0.0,0.0,0.0,0.0,0.0,1.0,0.0,0.0,0.0,0.0,0.0,0.0,0.0,64.0,0.0,0.0,0.0,0.0,0.0,0.0,2.0,0.0,0.0,0.0,251.0,-1.0,0.0,32.0,0.0,0.0,0.0,0.0,0.0,0.0,0.0,0.0
8080.0,1492.0,3.0,4.0,79.0,220.0,79.0,0.0,26.333334,45.610672,185.0,0.0,55.0,88.223206,200402.14,4691.689,248.66667,150.02621,446.0,3.0,595.0,297.5,416.4859,592.0,3.0,1204.0,401.33334,218.45213,594.0,164.0,0.0,0.0,0.0,0.0,104.0,136.0,2010.7239,2680.965,0.0,185.0,37.375,66.02583,4359.4106,0.0,0.0,0.0,1.0,0.0,0.0,0.0,0.0,1.0,42.714287,26.333334,55.0,104.0,0.0,0.0,0.0,0.0,0.0,0.0,3.0,79.0,4.0,220.0,64240.0,255.0,1.0,32.0,0.0,0.0,0.0,0.0,0.0,0.0,0.0,0.0
8080.0,190.0,2.0,0.0,0.0,0.0,0.0,0.0,0.0,0.0,0.0,0.0,0.0,0.0,0.0,10526.315,190.0,0.0,190.0,190.0,190.0,190.0,0.0,190.0,190.0,0.0,0.0,0.0,0.0,0.0,0.0,0.0,0.0,0.0,64.0,0.0,10526.315,0.0,0.0,0.0,0.0,0.0,0.0,0.0,0.0,0.0,0.0,1.0,0.0,0.0,0.0,0.0,0.0,0.0,0.0,64.0,0.0,0.0,0.0,0.0,0.0,0.0,2.0,0.0,0.0,0.0,251.0,-1.0,0.0,32.0,0.0,0.0,0.0,0.0,0.0,0.0,0.0,0.0
8080.0,1640.0,3.0,4.0,79.0,220.0,79.0,0.0,26.333334,45.610672,185.0,0.0,55.0,88.223206,182317.08,4268.2925,273.33334,210.3936,649.0,0.0,1178.0,589.0,84.85281,649.0,529.0,1350.0,450.0,579.5826,1104.0,0.0,0.0,0.0,0.0,0.0,104.0,136.0,1829.2683,2439.0244,0.0,185.0,37.375,66.02583,4359.4106,0.0,0.0,0.0,1.0,0.0,0.0,0.0,0.0,1.0,42.714287,26.333334,55.0,104.0,0.0,0.0,0.0,0.0,0.0,0.0,3.0,79.0,4.0,220.0,64240.0,255.0,1.0,32.0,0.0,0.0,0.0,0.0,0.0,0.0,0.0,0.0
8080.0,4.0,2.0,0.0,0.0,0.0,0.0,0.0,0.0,0.0,0.0,0.0,0.0,0.0,0.0,500000.0,4.0,0.0,4.0,4.0,4.0,4.0,0.0,4.0,4.0,0.0,0.0,0.0,0.0,0.0,0.0,0.0,0.0,0.0,64.0,0.0,500000.0,0.0,0.0,0.0,0.0,0.0,0.0,0.0,0.0,0.0,0.0,1.0,0.0,0.0,0.0,0.0,0.0,0.0,0.0,64.0,0.0,0.0,0.0,0.0,0.0,0.0,2.0,0.0,0.0,0.0,251.0,-1.0,0.0,32.0,0.0,0.0,0.0,0.0,0.0,0.0,0.0,0.0
8080.0,1382.0,3.0,4.0,79.0,220.0,79.0,0.0,26.333334,45.610672,185.0,0.0,55.0,88.223206,216353.11,5065.123,230.33333,158.7686,487.0,0.0,1011.0,505.5,26.16295,524.0,487.0,1098.0,366.0,487.9631,920.0,0.0,0.0,0.0,0.0,0.0,104.0,136.0,2170.767,2894.356,0.0,185.0,37.375,66.02583,4359.4106,0.0,0.0,0.0,1.0,0.0,0.0,0.0,0.0,1.0,42.714287,26.333334,55.0,104.0,0.0,0.0,0.0,0.0,0.0,0.0,3.0,79.0,4.0,220.0,64240.0,255.0,1.0,32.0,0.0,0.0,0.0,0.0,0.0,0.0,0.0,0.0
8080.0,4.0,2.0,0.0,0.0,0.0,0.0,0.0,0.0,0.0,0.0,0.0,0.0,0.0,0.0,500000.0,4.0,0.0,4.0,4.0,4.0,4.0,0.0,4.0,4.0,0.0,0.0,0.0,0.0,0.0,0.0,0.0,0.0,0.0,64.0,0.0,500000.0,0.0,0.0,0.0,0.0,0.0,0.0,0.0,0.0,0.0,0.0,1.0,0.0,0.0,0.0,0.0,0.0,0.0,0.0,64.0,0.0,0.0,0.0,0.0,0.0,0.0,2.0,0.0,0.0,0.0,251.0,-1.0,0.0,32.0,0.0,0.0,0.0,0.0,0.0,0.0,0.0,0.0
8080.0,1349.0,3.0,4.0,79.0,220.0,79.0,0.0,26.333334,45.610672,185.0,0.0,55.0,88.223206,221645.66,5189.029,224.83333,255.31503,699.0,0.0,465.0,232.5,321.73358,460.0,5.0,1102.0,367.33334,350.86227,699.0,0.0,0.0,0.0,0.0,0.0,104.0,136.0,2223.8696,2965.1594,0.0,185.0,37.375,66.02583,4359.4106,0.0,0.0,0.0,1.0,0.0,0.0,0.0,0.0,1.0,42.714287,26.333334,55.0,104.0,0.0,0.0,0.0,0.0,0.0,0.0,3.0,79.0,4.0,220.0,64240.0,255.0,1.0,32.0,0.0,0.0,0.0,0.0,0.0,0.0,0.0,0.0
8080.0,195.0,2.0,0.0,0.0,0.0,0.0,0.0,0.0,0.0,0.0,0.0,0.0,0.0,0.0,10256.41,195.0,0.0,195.0,195.0,195.0,195.0,0.0,195.0,195.0,0.0,0.0,0.0,0.0,0.0,0.0,0.0,0.0,0.0,64.0,0.0,10256.41,0.0,0.0,0.0,0.0,0.0,0.0,0.0,0.0,0.0,0.0,1.0,0.0,0.0,0.0,0.0,0.0,0.0,0.0,64.0,0.0,0.0,0.0,0.0,0.0,0.0,2.0,0.0,0.0,0.0,251.0,-1.0,0.0,32.0,0.0,0.0,0.0,0.0,0.0,0.0,0.0,0.0
8080.0,1807.0,3.0,4.0,79.0,220.0,79.0,0.0,26.333334,45.610672,185.0,0.0,55.0,88.223206,165467.62,3873.824,301.16666,188.00896,495.0,0.0,1146.0,573.0,213.54625,724.0,422.0,1381.0,460.33334,658.8098,1215.0,0.0,0.0,0.0,0.0,0.0,104.0,136.0,1660.2103,2213.6138,0.0,185.0,37.375,66.02583,4359.4106,0.0,0.0,0.0,1.0,0.0,0.0,0.0,0.0,1.0,42.714287,26.333334,55.0,104.0,0.0,0.0,0.0,0.0,0.0,0.0,3.0,79.0,4.0,220.0,64240.0,255.0,1.0,32.0,0.0,0.0,0.0,0.0,0.0,0.0,0.0,0.0
8080.0,79.0,2.0,0.0,0.0,0.0,0.0,0.0,0.0,0.0,0.0,0.0,0.0,0.0,0.0,25316.455,79.0,0.0,79.0,79.0,79.0,79.0,0.0,79.0,79.0,0.0,0.0,0.0,0.0,0.0,0.0,0.0,0.0,0.0,64.0,0.0,25316.455,0.0,0.0,0.0,0.0,0.0,0.0,0.0,0.0,0.0,0.0,1.0,0.0,0.0,0.0,0.0,0.0,0.0,0.0,64.0,0.0,0.0,0.0,0.0,0.0,0.0,2.0,0.0,0.0,0.0,251.0,-1.0,0.0,32.0,0.0,0.0,0.0,0.0,0.0,0.0,0.0,0.0
8080.0,2474.0,3.0,4.0,79.0,220.0,79.0,0.0,26.333334,45.610672,185.0,0.0,55.0,88.223206,120856.914,2829.426,412.33334,411.16208,1163.0,0.0,1983.0,991.5,242.53763,1163.0,820.0,2223.0,741.0,1036.1433,1925.0,0.0,0.0,0.0,0.0,0.0,104.0,136.0,1212.6112,1616.8148,0.0,185.0,37.375,66.02583,4359.4106,0.0,0.0,0.0,1.0,0.0,0.0,0.0,0.0,1.0,42.714287,26.333334,55.0,104.0,0.0,0.0,0.0,0.0,0.0,0.0,3.0,79.0,4.0,220.0,64240.0,255.0,1.0,32.0,0.0,0.0,0.0,0.0,0.0,0.0,0.0,0.0
8080.0,7.0,2.0,0.0,0.0,0.0,0.0,0.0,0.0,0.0,0.0,0.0,0.0,0.0,0.0,285714.28,7.0,0.0,7.0,7.0,7.0,7.0,0.0,7.0,7.0,0.0,0.0,0.0,0.0,0.0,0.0,0.0,0.0,0.0,64.0,0.0,285714.28,0.0,0.0,0.0,0.0,0.0,0.0,0.0,0.0,0.0,0.0,1.0,0.0,0.0,0.0,0.0,0.0,0.0,0.0,64.0,0.0,0.0,0.0,0.0,0.0,0.0,2.0,0.0,0.0,0.0,251.0,-1.0,0.0,32.0,0.0,0.0,0.0,0.0,0.0,0.0,0.0,0.0
8080.0,1248.0,3.0,4.0,79.0,220.0,79.0,0.0,26.333334,45.610672,185.0,0.0,55.0,88.223206,239583.33,5608.974,208.0,71.307785,299.0,104.0,620.0,310.0,231.93103,474.0,146.0,1027.0,342.33334,313.9018,698.0,104.0,0.0,0.0,0.0,0.0,104.0,136.0,2403.8462,3205.1282,0.0,185.0,37.375,66.02583,4359.4106,0.0,0.0,0.0,1.0,0.0,0.0,0.0,0.0,1.0,42.714287,26.333334,55.0,104.0,0.0,0.0,0.0,0.0,0.0,0.0,3.0,79.0,4.0,220.0,64240.0,255.0,1.0,32.0,0.0,0.0,0.0,0.0,0.0,0.0,0.0,0.0
8080.0,160.0,2.0,0.0,0.0,0.0,0.0,0.0,0.0,0.0,0.0,0.0,0.0,0.0,0.0,12500.0,160.0,0.0,160.0,160.0,160.0,160.0,0.0,160.0,160.0,0.0,0.0,0.0,0.0,0.0,0.0,0.0,0.0,0.0,64.0,0.0,12500.0,0.0,0.0,0.0,0.0,0.0,0.0,0.0,0.0,0.0,0.0,1.0,0.0,0.0,0.0,0.0,0.0,0.0,0.0,64.0,0.0,0.0,0.0,0.0,0.0,0.0,2.0,0.0,0.0,0.0,251.0,-1.0,0.0,32.0,0.0,0.0,0.0,0.0,0.0,0.0,0.0,0.0
8080.0,1208.0,3.0,4.0,79.0,220.0,79.0,0.0,26.333334,45.610672,185.0,0.0,55.0,88.223206,247516.56,5794.702,201.33333,139.67056,399.0,0.0,557.0,278.5,253.85133,458.0,99.0,938.0,312.66666,279.679,539.0,0.0,0.0,0.0,0.0,0.0,104.0,136.0,2483.4436,3311.2583,0.0,185.0,37.375,66.02583,4359.4106,0.0,0.0,0.0,1.0,0.0,0.0,0.0,0.0,1.0,42.714287,26.333334,55.0,104.0,0.0,0.0,0.0,0.0,0.0,0.0,3.0,79.0,4.0,220.0,64240.0,255.0,1.0,32.0,0.0,0.0,0.0,0.0,0.0,0.0,0.0,0.0
8080.0,2.0,2.0,0.0,0.0,0.0,0.0,0.0,0.0,0.0,0.0,0.0,0.0,0.0,0.0,1e+06,2.0,0.0,2.0,2.0,2.0,2.0,0.0,2.0,2.0,0.0,0.0,0.0,0.0,0.0,0.0,0.0,0.0,0.0,64.0,0.0,1e+06,0.0,0.0,0.0,0.0,0.0,0.0,0.0,0.0,0.0,0.0,1.0,0.0,0.0,0.0,0.0,0.0,0.0,0.0,64.0,0.0,0.0,0.0,0.0,0.0,0.0,2.0,0.0,0.0,0.0,251.0,-1.0,0.0,32.0,0.0,0.0,0.0,0.0,0.0,0.0,0.0,0.0
8080.0,1036.0,3.0,4.0,79.0,220.0,79.0,0.0,26.333334,45.610672,185.0,0.0,55.0,88.223206,288610.03,6756.757,172.66667,137.01776,296.0,0.0,548.0,274.0,381.83768,544.0,4.0,776.0,258.66666,242.16798,480.0,0.0,0.0,0.0,0.0,0.0,104.0,136.0,2895.753,3861.004,0.0,185.0,37.375,66.02583,4359.4106,0.0,0.0,0.0,1.0,0.0,0.0,0.0,0.0,1.0,42.714287,26.333334,55.0,104.0,0.0,0.0,0.0,0.0,0.0,0.0,3.0,79.0,4.0,220.0,64240.0,255.0,1.0,32.0,0.0,0.0,0.0,0.0,0.0,0.0,0.0,0.0
8080.0,114.0,2.0,0.0,0.0,0.0,0.0,0.0,0.0,0.0,0.0,0.0,0.0,0.0,0.0,17543.86,114.0,0.0,114.0,114.0,114.0,114.0,0.0,114.0,114.0,0.0,0.0,0.0,0.0,0.0,0.0,0.0,0.0,0.0,64.0,0.0,17543.86,0.0,0.0,0.0,0.0,0.0,0.0,0.0,0.0,0.0,0.0,1.0,0.0,0.0,0.0,0.0,0.0,0.0,0.0,64.0,0.0,0.0,0.0,0.0,0.0,0.0,2.0,0.0,0.0,0.0,251.0,-1.0,0.0,32.0,0.0,0.0,0.0,0.0,0.0,0.0,0.0,0.0
8080.0,1405.0,3.0,4.0,79.0,220.0,79.0,0.0,26.333334,45.610672,185.0,0.0,55.0,88.223206,212811.39,4982.2065,234.16667,162.0758,457.0,0.0,1078.0,539.0,115.965515,621.0,457.0,1044.0,348.0,474.11392,888.0,0.0,0.0,0.0,0.0,0.0,104.0,136.0,2135.2312,2846.975,0.0,185.0,37.375,66.02583,4359.4106,0.0,0.0,0.0,1.0,0.0,0.0,0.0,0.0,1.0,42.714287,26.333334,55.0,104.0,0.0,0.0,0.0,0.0,0.0,0.0,3.0,79.0,4.0,220.0,64240.0,255.0,1.0,32.0,0.0,0.0,0.0,0.0,0.0,0.0,0.0,0.0
8080.0,4.0,2.0,0.0,0.0,0.0,0.0,0.0,0.0,0.0,0.0,0.0,0.0,0.0,0.0,500000.0,4.0,0.0,4.0,4.0,4.0,4.0,0.0,4.0,4.0,0.0,0.0,0.0,0.0,0.0,0.0,0.0,0.0,0.0,64.0,0.0,500000.0,0.0,0.0,0.0,0.0,0.0,0.0,0.0,0.0,0.0,0.0,1.0,0.0,0.0,0.0,0.0,0.0,0.0,0.0,64.0,0.0,0.0,0.0,0.0,0.0,0.0,2.0,0.0,0.0,0.0,251.0,-1.0,0.0,32.0,0.0,0.0,0.0,0.0,0.0,0.0,0.0,0.0
8080.0,2094.0,3.0,4.0,79.0,220.0,79.0,0.0,26.333334,45.610672,185.0,0.0,55.0,88.223206,142788.92,3342.8845,349.0,343.40762,990.0,0.0,1451.0,725.5,374.05948,990.0,461.0,1918.0,639.3333,769.231,1493.0,0.0,0.0,0.0,0.0,0.0,104.0,136.0,1432.6648,1910.2197,0.0,185.0,37.375,66.02583,4359.4106,0.0,0.0,0.0,1.0,0.0,0.0,0.0,0.0,1.0,42.714287,26.333334,55.0,104.0,0.0,0.0,0.0,0.0,0.0,0.0,3.0,79.0,4.0,220.0,64240.0,255.0,1.0,32.0,0.0,0.0,0.0,0.0,0.0,0.0,0.0,0.0
8080.0,200.0,2.0,0.0,0.0,0.0,0.0,0.0,0.0,0.0,0.0,0.0,0.0,0.0,0.0,10000.0,200.0,0.0,200.0,200.0,200.0,200.0,0.0,200.0,200.0,0.0,0.0,0.0,0.0,0.0,0.0,0.0,0.0,0.0,64.0,0.0,10000.0,0.0,0.0,0.0,0.0,0.0,0.0,0.0,0.0,0.0,0.0,1.0,0.0,0.0,0.0,0.0,0.0,0.0,0.0,64.0,0.0,0.0,0.0,0.0,0.0,0.0,2.0,0.0,0.0,0.0,251.0,-1.0,0.0,32.0,0.0,0.0,0.0,0.0,0.0,0.0,0.0,0.0
8080.0,1624.0,3.0,4.0,79.0,220.0,79.0,0.0,26.333334,45.610672,185.0,0.0,55.0,88.223206,184113.3,4310.3447,270.66666,140.09807,397.0,0.0,1043.0,521.5,176.0696,646.0,397.0,1327.0,442.33334,552.76245,1062.0,0.0,0.0,0.0,0.0,0.0,104.0,136.0,1847.2906,2463.0542,0.0,185.0,37.375,66.02583,4359.4106,0.0,0.0,0.0,1.0,0.0,0.0,0.0,0.0,1.0,42.714287,26.333334,55.0,104.0,0.0,0.0,0.0,0.0,0.0,0.0,3.0,79.0,4.0,220.0,64240.0,255.0,1.0,32.0,0.0,0.0,0.0,0.0,0.0,0.0,0.0,0.0
8080.0,7.0,2.0,0.0,0.0,0.0,0.0,0.0,0.0,0.0,0.0,0.0,0.0,0.0,0.0,285714.28,7.0,0.0,7.0,7.0,7.0,7.0,0.0,7.0,7.0,0.0,0.0,0.0,0.0,0.0,0.0,0.0,0.0,0.0,64.0,0.0,285714.28,0.0,0.0,0.0,0.0,0.0,0.0,0.0,0.0,0.0,0.0,1.0,0.0,0.0,0.0,0.0,0.0,0.0,0.0,64.0,0.0,0.0,0.0,0.0,0.0,0.0,2.0,0.0,0.0,0.0,251.0,-1.0,0.0,32.0,0.0,0.0,0.0,0.0,0.0,0.0,0.0,0.0
8080.0,1371.0,3.0,4.0,79.0,220.0,79.0,0.0,26.333334,45.610672,185.0,0.0,55.0,88.223206,218088.98,5105.762,228.5,140.36774,405.0,0.0,763.0,381.5,303.34882,596.0,167.0,1050.0,350.0,442.22052,847.0,0.0,0.0,0.0,0.0,0.0,104.0,136.0,2188.1838,2917.5784,0.0,185.0,37.375,66.02583,4359.4106,0.0,0.0,0.0,1.0,0.0,0.0,0.0,0.0,1.0,42.714287,26.333334,55.0,104.0,0.0,0.0,0.0,0.0,0.0,0.0,3.0,79.0,4.0,220.0,64240.0,255.0,1.0,32.0,0.0,0.0,0.0,0.0,0.0,0.0,0.0,0.0
8080.0,151.0,2.0,0.0,0.0,0.0,0.0,0.0,0.0,0.0,0.0,0.0,0.0,0.0,0.0,13245.033,151.0,0.0,151.0,151.0,151.0,151.0,0.0,151.0,151.0,0.0,0.0,0.0,0.0,0.0,0.0,0.0,0.0,0.0,64.0,0.0,13245.033,0.0,0.0,0.0,0.0,0.0,0.0,0.0,0.0,0.0,0.0,1.0,0.0,0.0,0.0,0.0,0.0,0.0,0.0,64.0,0.0,0.0,0.0,0.0,0.0,0.0,2.0,0.0,0.0,0.0,251.0,-1.0,0.0,32.0,0.0,0.0,0.0,0.0,0.0,0.0,0.0,0.0
8080.0,1147.0,3.0,4.0,79.0,220.0,79.0,0.0,26.333334,45.610672,185.0,0.0,55.0,88.223206,260680.03,6102.877,191.16667,146.70844,307.0,0.0,571.0,285.5,396.6869,566.0,5.0,870.0,290.0,281.88474,563.0,0.0,0.0,0.0,0.0,0.0,104.0,136.0,2615.5188,3487.3584,0.0,185.0,37.375,66.02583,4359.4106,0.0,0.0,0.0,1.0,0.0,0.0,0.0,0.0,1.0,42.714287,26.333334,55.0,104.0,0.0,0.0,0.0,0.0,0.0,0.0,3.0,79.0,4.0,220.0,64240.0,255.0,1.0,32.0,0.0,0.0,0.0,0.0,0.0,0.0,0.0,0.0
8080.0,4.0,2.0,0.0,0.0,0.0,0.0,0.0,0.0,0.0,0.0,0.0,0.0,0.0,0.0,500000.0,4.0,0.0,4.0,4.0,4.0,4.0,0.0,4.0,4.0,0.0,0.0,0.0,0.0,0.0,0.0,0.0,0.0,0.0,64.0,0.0,500000.0,0.0,0.0,0.0,0.0,0.0,0.0,0.0,0.0,0.0,0.0,1.0,0.0,0.0,0.0,0.0,0.0,0.0,0.0,64.0,0.0,0.0,0.0,0.0,0.0,0.0,2.0,0.0,0.0,0.0,251.0,-1.0,0.0,32.0,0.0,0.0,0.0,0.0,0.0,0.0,0.0,0.0
8080.0,971.0,3.0,4.0,79.0,220.0,79.0,0.0,26.333334,45.610672,185.0,0.0,55.0,88.223206,307929.97,7209.063,161.83333,134.2839,328.0,0.0,467.0,233.5,328.80466,466.0,1.0,729.0,243.0,213.58604,401.0,0.0,0.0,0.0,0.0,0.0,104.0,136.0,3089.5984,4119.4644,0.0,185.0,37.375,66.02583,4359.4106,0.0,0.0,0.0,1.0,0.0,0.0,0.0,0.0,1.0,42.714287,26.333334,55.0,104.0,0.0,0.0,0.0,0.0,0.0,0.0,3.0,79.0,4.0,220.0,64240.0,255.0,1.0,32.0,0.0,0.0,0.0,0.0,0.0,0.0,0.0,0.0
8080.0,203.0,2.0,0.0,0.0,0.0,0.0,0.0,0.0,0.0,0.0,0.0,0.0,0.0,0.0,9852.217,203.0,0.0,203.0,203.0,203.0,203.0,0.0,203.0,203.0,0.0,0.0,0.0,0.0,0.0,0.0,0.0,0.0,0.0,64.0,0.0,9852.217,0.0,0.0,0.0,0.0,0.0,0.0,0.0,0.0,0.0,0.0,1.0,0.0,0.0,0.0,0.0,0.0,0.0,0.0,64.0,0.0,0.0,0.0,0.0,0.0,0.0,2.0,0.0,0.0,0.0,251.0,-1.0,0.0,32.0,0.0,0.0,0.0,0.0,0.0,0.0,0.0,0.0
8080.0,1544.0,3.0,4.0,79.0,220.0,79.0,0.0,26.333334,45.610672,185.0,0.0,55.0,88.223206,193652.84,4533.6787,257.33334,168.66258,563.0,103.0,549.0,274.5,242.53763,446.0,103.0,1322.0,440.66666,282.14594,641.0,118.0,0.0,0.0,0.0,0.0,104.0,136.0,1943.0051,2590.6736,0.0,185.0,37.375,66.02583,4359.4106,0.0,0.0,0.0,1.0,0.0,0.0,0.0,0.0,1.0,42.714287,26.333334,55.0,104.0,0.0,0.0,0.0,0.0,0.0,0.0,3.0,79.0,4.0,220.0,64240.0,255.0,1.0,32.0,0.0,0.0,0.0,0.0,0.0,0.0,0.0,0.0
8080.0,5.0,2.0,0.0,0.0,0.0,0.0,0.0,0.0,0.0,0.0,0.0,0.0,0.0,0.0,400000.0,5.0,0.0,5.0,5.0,5.0,5.0,0.0,5.0,5.0,0.0,0.0,0.0,0.0,0.0,0.0,0.0,0.0,0.0,64.0,0.0,400000.0,0.0,0.0,0.0,0.0,0.0,0.0,0.0,0.0,0.0,0.0,1.0,0.0,0.0,0.0,0.0,0.0,0.0,0.0,64.0,0.0,0.0,0.0,0.0,0.0,0.0,2.0,0.0,0.0,0.0,251.0,-1.0,0.0,32.0,0.0,0.0,0.0,0.0,0.0,0.0,0.0,0.0
8080.0,1758.0,3.0,4.0,79.0,220.0,79.0,0.0,26.333334,45.610672,185.0,0.0,55.0,88.223206,170079.64,3981.7976,293.0,245.55162,683.0,0.0,782.0,391.0,461.03363,717.0,65.0,1438.0,479.33334,416.67294,755.0,0.0,0.0,0.0,0.0,0.0,104.0,136.0,1706.4846,2275.3127,0.0,185.0,37.375,66.02583,4359.4106,0.0,0.0,0.0,1.0,0.0,0.0,0.0,0.0,1.0,42.714287,26.333334,55.0,104.0,0.0,0.0,0.0,0.0,0.0,0.0,3.0,79.0,4.0,220.0,64240.0,255.0,1.0,32.0,0.0,0.0,0.0,0.0,0.0,0.0,0.0,0.0
8080.0,1127.0,2.0,0.0,0.0,0.0,0.0,0.0,0.0,0.0,0.0,0.0,0.0,0.0,0.0,1774.6229,1127.0,0.0,1127.0,1127.0,1127.0,1127.0,0.0,1127.0,1127.0,0.0,0.0,0.0,0.0,0.0,0.0,0.0,0.0,0.0,64.0,0.0,1774.6229,0.0,0.0,0.0,0.0,0.0,0.0,0.0,0.0,0.0,0.0,1.0,0.0,0.0,0.0,0.0,0.0,0.0,0.0,64.0,0.0,0.0,0.0,0.0,0.0,0.0,2.0,0.0,0.0,0.0,251.0,-1.0,0.0,32.0,0.0,0.0,0.0,0.0,0.0,0.0,0.0,0.0
8080.0,2833.0,3.0,4.0,79.0,220.0,79.0,0.0,26.333334,45.610672,185.0,0.0,55.0,88.223206,105541.83,2470.879,472.16666,525.4268,1510.0,105.0,2131.0,1065.5,628.6179,1510.0,621.0,2508.0,836.0,1242.8198,2271.0,105.0,0.0,0.0,0.0,0.0,104.0,136.0,1058.9481,1411.9308,0.0,185.0,37.375,66.02583,4359.4106,0.0,0.0,0.0,1.0,0.0,0.0,0.0,0.0,1.0,42.714287,26.333334,55.0,104.0,0.0,0.0,0.0,0.0,0.0,0.0,3.0,79.0,4.0,220.0,64240.0,255.0,1.0,32.0,0.0,0.0,0.0,0.0,0.0,0.0,0.0,0.0
8080.0,324.0,2.0,0.0,0.0,0.0,0.0,0.0,0.0,0.0,0.0,0.0,0.0,0.0,0.0,6172.8394,324.0,0.0,324.0,324.0,324.0,324.0,0.0,324.0,324.0,0.0,0.0,0.0,0.0,0.0,0.0,0.0,0.0,0.0,64.0,0.0,6172.8394,0.0,0.0,0.0,0.0,0.0,0.0,0.0,0.0,0.0,0.0,1.0,0.0,0.0,0.0,0.0,0.0,0.0,0.0,64.0,0.0,0.0,0.0,0.0,0.0,0.0,2.0,0.0,0.0,0.0,251.0,-1.0,0.0,32.0,0.0,0.0,0.0,0.0,0.0,0.0,0.0,0.0
8080.0,1556.0,3.0,4.0,79.0,220.0,79.0,0.0,26.333334,45.610672,185.0,0.0,55.0,88.223206,192159.39,4498.715,259.33334,179.57022,488.0,6.0,640.0,320.0,444.06305,634.0,6.0,1309.0,436.33334,309.7488,717.0,104.0,0.0,0.0,0.0,0.0,104.0,136.0,1928.0205,2570.694,0.0,185.0,37.375,66.02583,4359.4106,0.0,0.0,0.0,1.0,0.0,0.0,0.0,0.0,1.0,42.714287,26.333334,55.0,104.0,0.0,0.0,0.0,0.0,0.0,0.0,3.0,79.0,4.0,220.0,64240.0,255.0,1.0,32.0,0.0,0.0,0.0,0.0,0.0,0.0,0.0,0.0
8080.0,236.0,2.0,0.0,0.0,0.0,0.0,0.0,0.0,0.0,0.0,0.0,0.0,0.0,0.0,8474.576,236.0,0.0,236.0,236.0,236.0,236.0,0.0,236.0,236.0,0.0,0.0,0.0,0.0,0.0,0.0,0.0,0.0,0.0,64.0,0.0,8474.576,0.0,0.0,0.0,0.0,0.0,0.0,0.0,0.0,0.0,0.0,1.0,0.0,0.0,0.0,0.0,0.0,0.0,0.0,64.0,0.0,0.0,0.0,0.0,0.0,0.0,2.0,0.0,0.0,0.0,251.0,-1.0,0.0,32.0,0.0,0.0,0.0,0.0,0.0,0.0,0.0,0.0
8080.0,2034.0,3.0,4.0,79.0,220.0,79.0,0.0,26.333334,45.610672,185.0,0.0,55.0,88.223206,147000.98,3441.4946,339.0,69.19537,408.0,228.0,1031.0,515.5,309.00568,734.0,297.0,1708.0,569.3333,468.13495,1103.0,228.0,0.0,0.0,0.0,0.0,104.0,136.0,1474.9263,1966.5684,0.0,185.0,37.375,66.02583,4359.4106,0.0,0.0,0.0,1.0,0.0,0.0,0.0,0.0,1.0,42.714287,26.333334,55.0,104.0,0.0,0.0,0.0,0.0,0.0,0.0,3.0,79.0,4.0,220.0,64240.0,255.0,1.0,32.0,0.0,0.0,0.0,0.0,0.0,0.0,0.0,0.0
8080.0,407.0,2.0,0.0,0.0,0.0,0.0,0.0,0.0,0.0,0.0,0.0,0.0,0.0,0.0,4914.005,407.0,0.0,407.0,407.0,407.0,407.0,0.0,407.0,407.0,0.0,0.0,0.0,0.0,0.0,0.0,0.0,0.0,0.0,64.0,0.0,4914.005,0.0,0.0,0.0,0.0,0.0,0.0,0.0,0.0,0.0,0.0,1.0,0.0,0.0,0.0,0.0,0.0,0.0,0.0,64.0,0.0,0.0,0.0,0.0,0.0,0.0,2.0,0.0,0.0,0.0,251.0,-1.0,0.0,32.0,0.0,0.0,0.0,0.0,0.0,0.0,0.0,0.0
8080.0,1120.0,3.0,4.0,79.0,220.0,79.0,0.0,26.333334,45.610672,185.0,0.0,55.0,88.223206,266964.28,6250.0,186.66667,105.66677,307.0,0.0,748.0,374.0,281.4285,573.0,175.0,813.0,271.0,326.16406,633.0,0.0,0.0,0.0,0.0,0.0,104.0,136.0,2678.5715,3571.4285,0.0,185.0,37.375,66.02583,4359.4106,0.0,0.0,0.0,1.0,0.0,0.0,0.0,0.0,1.0,42.714287,26.333334,55.0,104.0,0.0,0.0,0.0,0.0,0.0,0.0,3.0,79.0,4.0,220.0,64240.0,255.0,1.0,32.0,0.0,0.0,0.0,0.0,0.0,0.0,0.0,0.0
8080.0,5.0,2.0,0.0,0.0,0.0,0.0,0.0,0.0,0.0,0.0,0.0,0.0,0.0,0.0,400000.0,5.0,0.0,5.0,5.0,5.0,5.0,0.0,5.0,5.0,0.0,0.0,0.0,0.0,0.0,0.0,0.0,0.0,0.0,64.0,0.0,400000.0,0.0,0.0,0.0,0.0,0.0,0.0,0.0,0.0,0.0,0.0,1.0,0.0,0.0,0.0,0.0,0.0,0.0,0.0,64.0,0.0,0.0,0.0,0.0,0.0,0.0,2.0,0.0,0.0,0.0,251.0,-1.0,0.0,32.0,0.0,0.0,0.0,0.0,0.0,0.0,0.0,0.0
8080.0,2238.0,3.0,4.0,79.0,220.0,79.0,0.0,26.333334,45.610672,185.0,0.0,55.0,88.223206,133601.44,3127.7927,373.0,332.9943,853.0,0.0,922.0,461.0,637.8103,912.0,10.0,1657.0,552.3333,478.96173,853.0,0.0,0.0,0.0,0.0,0.0,104.0,136.0,1340.4825,1787.31,0.0,185.0,37.375,66.02583,4359.4106,0.0,0.0,0.0,1.0,0.0,0.0,0.0,0.0,1.0,42.714287,26.333334,55.0,104.0,0.0,0.0,0.0,0.0,0.0,0.0,3.0,79.0,4.0,220.0,64240.0,255.0,1.0,32.0,0.0,0.0,0.0,0.0,0.0,0.0,0.0,0.0
8080.0,6.0,2.0,0.0,0.0,0.0,0.0,0.0,0.0,0.0,0.0,0.0,0.0,0.0,0.0,333333.34,6.0,0.0,6.0,6.0,6.0,6.0,0.0,6.0,6.0,0.0,0.0,0.0,0.0,0.0,0.0,0.0,0.0,0.0,64.0,0.0,333333.34,0.0,0.0,0.0,0.0,0.0,0.0,0.0,0.0,0.0,0.0,1.0,0.0,0.0,0.0,0.0,0.0,0.0,0.0,64.0,0.0,0.0,0.0,0.0,0.0,0.0,2.0,0.0,0.0,0.0,251.0,-1.0,0.0,32.0,0.0,0.0,0.0,0.0,0.0,0.0,0.0,0.0
8080.0,1740.0,3.0,4.0,79.0,220.0,79.0,0.0,26.333334,45.610672,185.0,0.0,55.0,88.223206,171839.08,4022.9885,290.0,167.32603,452.0,6.0,755.0,377.5,525.3803,749.0,6.0,1430.0,476.66666,291.78302,780.0,198.0,0.0,0.0,0.0,0.0,104.0,136.0,1724.138,2298.8506,0.0,185.0,37.375,66.02583,4359.4106,0.0,0.0,0.0,1.0,0.0,0.0,0.0,0.0,1.0,42.714287,26.333334,55.0,104.0,0.0,0.0,0.0,0.0,0.0,0.0,3.0,79.0,4.0,220.0,64240.0,255.0,1.0,32.0,0.0,0.0,0.0,0.0,0.0,0.0,0.0,0.0
8080.0,1976.0,4.0,4.0,79.0,220.0,79.0,0.0,19.75,39.5,185.0,0.0,55.0,88.223206,151315.8,4048.583,282.2857,217.05507,650.0,2.0,1974.0,658.0,562.68195,1183.0,64.0,1649.0,549.6667,293.65002,780.0,219.0,0.0,0.0,0.0,0.0,136.0,136.0,2024.2915,2024.2915,0.0,185.0,33.22222,63.005512,3969.6943,0.0,0.0,0.0,1.0,0.0,0.0,0.0,0.0,1.0,37.375,19.75,55.0,136.0,0.0,0.0,0.0,0.0,0.0,0.0,4.0,79.0,4.0,220.0,64240.0,255.0,1.0,32.0,0.0,0.0,0.0,0.0,0.0,0.0,0.0,0.0
8080.0,1793.0,3.0,4.0,79.0,220.0,79.0,0.0,26.333334,45.610672,185.0,0.0,55.0,88.223206,166759.62,3904.0713,298.83334,235.65604,651.0,0.0,717.0,358.5,355.6747,610.0,107.0,1564.0,521.3333,470.10886,913.0,0.0,0.0,0.0,0.0,0.0,104.0,136.0,1673.1735,2230.898,0.0,185.0,37.375,66.02583,4359.4106,0.0,0.0,0.0,1.0,0.0,0.0,0.0,0.0,1.0,42.714287,26.333334,55.0,104.0,0.0,0.0,0.0,0.0,0.0,0.0,3.0,79.0,4.0,220.0,64240.0,255.0,1.0,32.0,0.0,0.0,0.0,0.0,0.0,0.0,0.0,0.0
8080.0,112.0,2.0,0.0,0.0,0.0,0.0,0.0,0.0,0.0,0.0,0.0,0.0,0.0,0.0,17857.143,112.0,0.0,112.0,112.0,112.0,112.0,0.0,112.0,112.0,0.0,0.0,0.0,0.0,0.0,0.0,0.0,0.0,0.0,64.0,0.0,17857.143,0.0,0.0,0.0,0.0,0.0,0.0,0.0,0.0,0.0,0.0,1.0,0.0,0.0,0.0,0.0,0.0,0.0,0.0,64.0,0.0,0.0,0.0,0.0,0.0,0.0,2.0,0.0,0.0,0.0,251.0,-1.0,0.0,32.0,0.0,0.0,0.0,0.0,0.0,0.0,0.0,0.0
8080.0,299.0,2.0,0.0,0.0,0.0,0.0,0.0,0.0,0.0,0.0,0.0,0.0,0.0,0.0,6688.9634,299.0,0.0,299.0,299.0,299.0,299.0,0.0,299.0,299.0,0.0,0.0,0.0,0.0,0.0,0.0,0.0,0.0,0.0,64.0,0.0,6688.9634,0.0,0.0,0.0,0.0,0.0,0.0,0.0,0.0,0.0,0.0,1.0,0.0,0.0,0.0,0.0,0.0,0.0,0.0,64.0,0.0,0.0,0.0,0.0,0.0,0.0,2.0,0.0,0.0,0.0,251.0,-1.0,0.0,32.0,0.0,0.0,0.0,0.0,0.0,0.0,0.0,0.0
8080.0,1264.0,3.0,4.0,79.0,220.0,79.0,0.0,26.333334,45.610672,185.0,0.0,55.0,88.223206,236550.64,5537.9746,210.66667,173.61067,419.0,0.0,515.0,257.5,357.08893,510.0,5.0,1044.0,348.0,318.49176,625.0,0.0,0.0,0.0,0.0,0.0,104.0,136.0,2373.4177,3164.557,0.0,185.0,37.375,66.02583,4359.4106,0.0,0.0,0.0,1.0,0.0,0.0,0.0,0.0,1.0,42.714287,26.333334,55.0,104.0,0.0,0.0,0.0,0.0,0.0,0.0,3.0,79.0,4.0,220.0,64240.0,255.0,1.0,32.0,0.0,0.0,0.0,0.0,0.0,0.0,0.0,0.0
8080.0,1820.0,3.0,4.0,79.0,220.0,79.0,0.0,26.333334,45.610672,185.0,0.0,55.0,88.223206,164285.72,3846.1538,303.33334,185.49681,494.0,1.0,1021.0,510.5,23.334524,527.0,494.0,1617.0,539.0,565.79504,1129.0,1.0,0.0,0.0,0.0,0.0,104.0,136.0,1648.3517,2197.8022,0.0,185.0,37.375,66.02583,4359.4106,0.0,0.0,0.0,1.0,0.0,0.0,0.0,0.0,1.0,42.714287,26.333334,55.0,104.0,0.0,0.0,0.0,0.0,0.0,0.0,3.0,79.0,4.0,220.0,64240.0,255.0,1.0,32.0,0.0,0.0,0.0,0.0,0.0,0.0,0.0,0.0
8080.0,12.0,2.0,0.0,0.0,0.0,0.0,0.0,0.0,0.0,0.0,0.0,0.0,0.0,0.0,166666.67,12.0,0.0,12.0,12.0,12.0,12.0,0.0,12.0,12.0,0.0,0.0,0.0,0.0,0.0,0.0,0.0,0.0,0.0,64.0,0.0,166666.67,0.0,0.0,0.0,0.0,0.0,0.0,0.0,0.0,0.0,0.0,1.0,0.0,0.0,0.0,0.0,0.0,0.0,0.0,64.0,0.0,0.0,0.0,0.0,0.0,0.0,2.0,0.0,0.0,0.0,251.0,-1.0,0.0,32.0,0.0,0.0,0.0,0.0,0.0,0.0,0.0,0.0
8080.0,2.0,2.0,0.0,0.0,0.0,0.0,0.0,0.0,0.0,0.0,0.0,0.0,0.0,0.0,1e+06,2.0,0.0,2.0,2.0,2.0,2.0,0.0,2.0,2.0,0.0,0.0,0.0,0.0,0.0,0.0,0.0,0.0,0.0,64.0,0.0,1e+06,0.0,0.0,0.0,0.0,0.0,0.0,0.0,0.0,0.0,0.0,1.0,0.0,0.0,0.0,0.0,0.0,0.0,0.0,64.0,0.0,0.0,0.0,0.0,0.0,0.0,2.0,0.0,0.0,0.0,251.0,-1.0,0.0,32.0,0.0,0.0,0.0,0.0,0.0,0.0,0.0,0.0
8080.0,1610.0,3.0,4.0,79.0,220.0,79.0,0.0,26.333334,45.610672,185.0,0.0,55.0,88.223206,185714.28,4347.826,268.33334,172.95279,455.0,0.0,1017.0,508.5,522.55194,878.0,139.0,1187.0,395.66666,443.4595,875.0,0.0,0.0,0.0,0.0,0.0,104.0,136.0,1863.354,2484.4722,0.0,185.0,37.375,66.02583,4359.4106,0.0,0.0,0.0,1.0,0.0,0.0,0.0,0.0,1.0,42.714287,26.333334,55.0,104.0,0.0,0.0,0.0,0.0,0.0,0.0,3.0,79.0,4.0,220.0,64240.0,255.0,1.0,32.0,0.0,0.0,0.0,0.0,0.0,0.0,0.0,0.0
8080.0,6.0,2.0,0.0,0.0,0.0,0.0,0.0,0.0,0.0,0.0,0.0,0.0,0.0,0.0,333333.34,6.0,0.0,6.0,6.0,6.0,6.0,0.0,6.0,6.0,0.0,0.0,0.0,0.0,0.0,0.0,0.0,0.0,0.0,64.0,0.0,333333.34,0.0,0.0,0.0,0.0,0.0,0.0,0.0,0.0,0.0,0.0,1.0,0.0,0.0,0.0,0.0,0.0,0.0,0.0,64.0,0.0,0.0,0.0,0.0,0.0,0.0,2.0,0.0,0.0,0.0,251.0,-1.0,0.0,32.0,0.0,0.0,0.0,0.0,0.0,0.0,0.0,0.0
8080.0,1632.0,3.0,4.0,79.0,220.0,79.0,0.0,26.333334,45.610672,185.0,0.0,55.0,88.223206,183210.78,4289.216,272.0,214.54417,638.0,0.0,1243.0,621.5,23.334524,638.0,605.0,1269.0,423.0,590.00256,1097.0,0.0,0.0,0.0,0.0,0.0,104.0,136.0,1838.2354,2450.9805,0.0,185.0,37.375,66.02583,4359.4106,0.0,0.0,0.0,1.0,0.0,0.0,0.0,0.0,1.0,42.714287,26.333334,55.0,104.0,0.0,0.0,0.0,0.0,0.0,0.0,3.0,79.0,4.0,220.0,64240.0,255.0,1.0,32.0,0.0,0.0,0.0,0.0,0.0,0.0,0.0,0.0
8080.0,5.0,2.0,0.0,0.0,0.0,0.0,0.0,0.0,0.0,0.0,0.0,0.0,0.0,0.0,400000.0,5.0,0.0,5.0,5.0,5.0,5.0,0.0,5.0,5.0,0.0,0.0,0.0,0.0,0.0,0.0,0.0,0.0,0.0,64.0,0.0,400000.0,0.0,0.0,0.0,0.0,0.0,0.0,0.0,0.0,0.0,0.0,1.0,0.0,0.0,0.0,0.0,0.0,0.0,0.0,64.0,0.0,0.0,0.0,0.0,0.0,0.0,2.0,0.0,0.0,0.0,251.0,-1.0,0.0,32.0,0.0,0.0,0.0,0.0,0.0,0.0,0.0,0.0
8080.0,1061.0,3.0,4.0,79.0,220.0,79.0,0.0,26.333334,45.610672,185.0,0.0,55.0,88.223206,281809.62,6597.5493,176.83333,141.21107,322.0,1.0,449.0,224.5,306.17725,441.0,8.0,878.0,292.66666,278.1624,555.0,1.0,0.0,0.0,0.0,0.0,104.0,136.0,2827.5212,3770.0283,0.0,185.0,37.375,66.02583,4359.4106,0.0,0.0,0.0,1.0,0.0,0.0,0.0,0.0,1.0,42.714287,26.333334,55.0,104.0,0.0,0.0,0.0,0.0,0.0,0.0,3.0,79.0,4.0,220.0,64240.0,255.0,1.0,32.0,0.0,0.0,0.0,0.0,0.0,0.0,0.0,0.0
8080.0,14.0,2.0,0.0,0.0,0.0,0.0,0.0,0.0,0.0,0.0,0.0,0.0,0.0,0.0,142857.14,14.0,0.0,14.0,14.0,14.0,14.0,0.0,14.0,14.0,0.0,0.0,0.0,0.0,0.0,0.0,0.0,0.0,0.0,64.0,0.0,142857.14,0.0,0.0,0.0,0.0,0.0,0.0,0.0,0.0,0.0,0.0,1.0,0.0,0.0,0.0,0.0,0.0,0.0,0.0,64.0,0.0,0.0,0.0,0.0,0.0,0.0,2.0,0.0,0.0,0.0,251.0,-1.0,0.0,32.0,0.0,0.0,0.0,0.0,0.0,0.0,0.0,0.0
8080.0,1619.0,3.0,4.0,79.0,220.0,79.0,0.0,26.333334,45.610672,185.0,0.0,55.0,88.223206,184681.9,4323.6567,269.83334,173.56546,452.0,6.0,786.0,393.0,547.30066,780.0,6.0,1167.0,389.0,250.53743,622.0,124.0,0.0,0.0,0.0,0.0,104.0,136.0,1852.9957,2470.661,0.0,185.0,37.375,66.02583,4359.4106,0.0,0.0,0.0,1.0,0.0,0.0,0.0,0.0,1.0,42.714287,26.333334,55.0,104.0,0.0,0.0,0.0,0.0,0.0,0.0,3.0,79.0,4.0,220.0,64240.0,255.0,1.0,32.0,0.0,0.0,0.0,0.0,0.0,0.0,0.0,0.0
8080.0,132.0,2.0,0.0,0.0,0.0,0.0,0.0,0.0,0.0,0.0,0.0,0.0,0.0,0.0,15151.516,132.0,0.0,132.0,132.0,132.0,132.0,0.0,132.0,132.0,0.0,0.0,0.0,0.0,0.0,0.0,0.0,0.0,0.0,64.0,0.0,15151.516,0.0,0.0,0.0,0.0,0.0,0.0,0.0,0.0,0.0,0.0,1.0,0.0,0.0,0.0,0.0,0.0,0.0,0.0,64.0,0.0,0.0,0.0,0.0,0.0,0.0,2.0,0.0,0.0,0.0,251.0,-1.0,0.0,32.0,0.0,0.0,0.0,0.0,0.0,0.0,0.0,0.0
8080.0,2006.0,4.0,4.0,79.0,220.0,79.0,0.0,19.75,39.5,185.0,0.0,55.0,88.223206,149052.84,3988.036,286.57144,218.75775,607.0,8.0,1983.0,661.0,593.92676,1169.0,8.0,1611.0,537.0,275.74625,771.0,233.0,0.0,0.0,0.0,0.0,136.0,136.0,1994.018,1994.018,0.0,185.0,33.22222,63.005512,3969.6943,0.0,0.0,0.0,1.0,0.0,0.0,0.0,0.0,1.0,37.375,19.75,55.0,136.0,0.0,0.0,0.0,0.0,0.0,0.0,4.0,79.0,4.0,220.0,64240.0,255.0,1.0,32.0,0.0,0.0,0.0,0.0,0.0,0.0,0.0,0.0
8080.0,1726.0,3.0,4.0,79.0,220.0,79.0,0.0,26.333334,45.610672,185.0,0.0,55.0,88.223206,173232.9,4055.6199,287.66666,264.8363,779.0,0.0,1360.0,680.0,140.00714,779.0,581.0,1409.0,469.66666,693.34143,1266.0,0.0,0.0,0.0,0.0,0.0,104.0,136.0,1738.1228,2317.497,0.0,185.0,37.375,66.02583,4359.4106,0.0,0.0,0.0,1.0,0.0,0.0,0.0,0.0,1.0,42.714287,26.333334,55.0,104.0,0.0,0.0,0.0,0.0,0.0,0.0,3.0,79.0,4.0,220.0,64240.0,255.0,1.0,32.0,0.0,0.0,0.0,0.0,0.0,0.0,0.0,0.0
8080.0,5.0,2.0,0.0,0.0,0.0,0.0,0.0,0.0,0.0,0.0,0.0,0.0,0.0,0.0,400000.0,5.0,0.0,5.0,5.0,5.0,5.0,0.0,5.0,5.0,0.0,0.0,0.0,0.0,0.0,0.0,0.0,0.0,0.0,64.0,0.0,400000.0,0.0,0.0,0.0,0.0,0.0,0.0,0.0,0.0,0.0,0.0,1.0,0.0,0.0,0.0,0.0,0.0,0.0,0.0,64.0,0.0,0.0,0.0,0.0,0.0,0.0,2.0,0.0,0.0,0.0,251.0,-1.0,0.0,32.0,0.0,0.0,0.0,0.0,0.0,0.0,0.0,0.0
8080.0,1629.0,3.0,4.0,79.0,220.0,79.0,0.0,26.333334,45.610672,185.0,0.0,55.0,88.223206,183548.19,4297.1147,271.5,216.44745,658.0,0.0,1232.0,616.0,59.39697,658.0,574.0,1341.0,447.0,608.51215,1140.0,0.0,0.0,0.0,0.0,0.0,104.0,136.0,1841.6206,2455.4941,0.0,185.0,37.375,66.02583,4359.4106,0.0,0.0,0.0,1.0,0.0,0.0,0.0,0.0,1.0,42.714287,26.333334,55.0,104.0,0.0,0.0,0.0,0.0,0.0,0.0,3.0,79.0,4.0,220.0,64240.0,255.0,1.0,32.0,0.0,0.0,0.0,0.0,0.0,0.0,0.0,0.0
8080.0,5.0,2.0,0.0,0.0,0.0,0.0,0.0,0.0,0.0,0.0,0.0,0.0,0.0,0.0,400000.0,5.0,0.0,5.0,5.0,5.0,5.0,0.0,5.0,5.0,0.0,0.0,0.0,0.0,0.0,0.0,0.0,0.0,0.0,64.0,0.0,400000.0,0.0,0.0,0.0,0.0,0.0,0.0,0.0,0.0,0.0,0.0,1.0,0.0,0.0,0.0,0.0,0.0,0.0,0.0,64.0,0.0,0.0,0.0,0.0,0.0,0.0,2.0,0.0,0.0,0.0,251.0,-1.0,0.0,32.0,0.0,0.0,0.0,0.0,0.0,0.0,0.0,0.0
8080.0,1959.0,3.0,4.0,79.0,220.0,79.0,0.0,26.333334,45.610672,185.0,0.0,55.0,88.223206,152628.89,3573.2517,326.5,239.36813,727.0,0.0,1242.0,621.0,149.90663,727.0,515.0,1759.0,586.3333,745.99084,1426.0,0.0,0.0,0.0,0.0,0.0,104.0,136.0,1531.3936,2041.858,0.0,185.0,37.375,66.02583,4359.4106,0.0,0.0,0.0,1.0,0.0,0.0,0.0,0.0,1.0,42.714287,26.333334,55.0,104.0,0.0,0.0,0.0,0.0,0.0,0.0,3.0,79.0,4.0,220.0,64240.0,255.0,1.0,32.0,0.0,0.0,0.0,0.0,0.0,0.0,0.0,0.0
8080.0,5.0,2.0,0.0,0.0,0.0,0.0,0.0,0.0,0.0,0.0,0.0,0.0,0.0,0.0,400000.0,5.0,0.0,5.0,5.0,5.0,5.0,0.0,5.0,5.0,0.0,0.0,0.0,0.0,0.0,0.0,0.0,0.0,0.0,64.0,0.0,400000.0,0.0,0.0,0.0,0.0,0.0,0.0,0.0,0.0,0.0,0.0,1.0,0.0,0.0,0.0,0.0,0.0,0.0,0.0,64.0,0.0,0.0,0.0,0.0,0.0,0.0,2.0,0.0,0.0,0.0,251.0,-1.0,0.0,32.0,0.0,0.0,0.0,0.0,0.0,0.0,0.0,0.0
8080.0,2270.0,3.0,4.0,79.0,220.0,79.0,0.0,26.333334,45.610672,185.0,0.0,55.0,88.223206,131718.06,3083.7004,378.33334,263.1271,714.0,7.0,881.0,440.5,613.0616,874.0,7.0,1783.0,594.3333,410.78745,932.0,137.0,0.0,0.0,0.0,0.0,104.0,136.0,1321.5859,1762.1145,0.0,185.0,37.375,66.02583,4359.4106,0.0,0.0,0.0,1.0,0.0,0.0,0.0,0.0,1.0,42.714287,26.333334,55.0,104.0,0.0,0.0,0.0,0.0,0.0,0.0,3.0,79.0,4.0,220.0,64240.0,255.0,1.0,32.0,0.0,0.0,0.0,0.0,0.0,0.0,0.0,0.0
8080.0,183.0,2.0,0.0,0.0,0.0,0.0,0.0,0.0,0.0,0.0,0.0,0.0,0.0,0.0,10928.962,183.0,0.0,183.0,183.0,183.0,183.0,0.0,183.0,183.0,0.0,0.0,0.0,0.0,0.0,0.0,0.0,0.0,0.0,64.0,0.0,10928.962,0.0,0.0,0.0,0.0,0.0,0.0,0.0,0.0,0.0,0.0,1.0,0.0,0.0,0.0,0.0,0.0,0.0,0.0,64.0,0.0,0.0,0.0,0.0,0.0,0.0,2.0,0.0,0.0,0.0,251.0,-1.0,0.0,32.0,0.0,0.0,0.0,0.0,0.0,0.0,0.0,0.0
8080.0,1916.0,3.0,4.0,79.0,220.0,79.0,0.0,26.333334,45.610672,185.0,0.0,55.0,88.223206,156054.28,3653.4446,319.33334,224.3316,551.0,0.0,1023.0,511.5,598.91943,935.0,88.0,1365.0,455.0,433.83292,864.0,0.0,0.0,0.0,0.0,0.0,104.0,136.0,1565.762,2087.6826,0.0,185.0,37.375,66.02583,4359.4106,0.0,0.0,0.0,1.0,0.0,0.0,0.0,0.0,1.0,42.714287,26.333334,55.0,104.0,0.0,0.0,0.0,0.0,0.0,0.0,3.0,79.0,4.0,220.0,64240.0,255.0,1.0,32.0,0.0,0.0,0.0,0.0,0.0,0.0,0.0,0.0
8080.0,1945.0,3.0,4.0,79.0,220.0,79.0,0.0,26.333334,45.610672,185.0,0.0,55.0,88.223206,153727.5,3598.9717,324.16666,187.75453,513.0,0.0,942.0,471.0,322.4407,699.0,243.0,1587.0,529.0,537.1787,1074.0,0.0,0.0,0.0,0.0,0.0,104.0,136.0,1542.4165,2056.5552,0.0,185.0,37.375,66.02583,4359.4106,0.0,0.0,0.0,1.0,0.0,0.0,0.0,0.0,1.0,42.714287,26.333334,55.0,104.0,0.0,0.0,0.0,0.0,0.0,0.0,3.0,79.0,4.0,220.0,64240.0,255.0,1.0,32.0,0.0,0.0,0.0,0.0,0.0,0.0,0.0,0.0
8080.0,6.0,2.0,0.0,0.0,0.0,0.0,0.0,0.0,0.0,0.0,0.0,0.0,0.0,0.0,333333.34,6.0,0.0,6.0,6.0,6.0,6.0,0.0,6.0,6.0,0.0,0.0,0.0,0.0,0.0,0.0,0.0,0.0,0.0,64.0,0.0,333333.34,0.0,0.0,0.0,0.0,0.0,0.0,0.0,0.0,0.0,0.0,1.0,0.0,0.0,0.0,0.0,0.0,0.0,0.0,64.0,0.0,0.0,0.0,0.0,0.0,0.0,2.0,0.0,0.0,0.0,251.0,-1.0,0.0,32.0,0.0,0.0,0.0,0.0,0.0,0.0,0.0,0.0
8080.0,1109.0,2.0,0.0,0.0,0.0,0.0,0.0,0.0,0.0,0.0,0.0,0.0,0.0,0.0,1803.4265,1109.0,0.0,1109.0,1109.0,1109.0,1109.0,0.0,1109.0,1109.0,0.0,0.0,0.0,0.0,0.0,0.0,0.0,0.0,0.0,64.0,0.0,1803.4265,0.0,0.0,0.0,0.0,0.0,0.0,0.0,0.0,0.0,0.0,1.0,0.0,0.0,0.0,0.0,0.0,0.0,0.0,64.0,0.0,0.0,0.0,0.0,0.0,0.0,2.0,0.0,0.0,0.0,251.0,-1.0,0.0,32.0,0.0,0.0,0.0,0.0,0.0,0.0,0.0,0.0
8080.0,1259.0,3.0,4.0,79.0,220.0,79.0,0.0,26.333334,45.610672,185.0,0.0,55.0,88.223206,237490.08,5559.9683,209.83333,168.84244,398.0,0.0,630.0,315.0,435.5778,623.0,7.0,968.0,322.66666,292.37192,570.0,0.0,0.0,0.0,0.0,0.0,104.0,136.0,2382.8435,3177.1248,0.0,185.0,37.375,66.02583,4359.4106,0.0,0.0,0.0,1.0,0.0,0.0,0.0,0.0,1.0,42.714287,26.333334,55.0,104.0,0.0,0.0,0.0,0.0,0.0,0.0,3.0,79.0,4.0,220.0,64240.0,255.0,1.0,32.0,0.0,0.0,0.0,0.0,0.0,0.0,0.0,0.0
8080.0,4.0,2.0,0.0,0.0,0.0,0.0,0.0,0.0,0.0,0.0,0.0,0.0,0.0,0.0,500000.0,4.0,0.0,4.0,4.0,4.0,4.0,0.0,4.0,4.0,0.0,0.0,0.0,0.0,0.0,0.0,0.0,0.0,0.0,64.0,0.0,500000.0,0.0,0.0,0.0,0.0,0.0,0.0,0.0,0.0,0.0,0.0,1.0,0.0,0.0,0.0,0.0,0.0,0.0,0.0,64.0,0.0,0.0,0.0,0.0,0.0,0.0,2.0,0.0,0.0,0.0,251.0,-1.0,0.0,32.0,0.0,0.0,0.0,0.0,0.0,0.0,0.0,0.0
8080.0,1745.0,3.0,4.0,79.0,220.0,79.0,0.0,26.333334,45.610672,185.0,0.0,55.0,88.223206,171346.7,4011.4614,290.83334,284.40353,764.0,1.0,637.0,318.5,444.77017,633.0,4.0,1357.0,452.33334,400.21536,764.0,1.0,0.0,0.0,0.0,0.0,104.0,136.0,1719.1978,2292.2637,0.0,185.0,37.375,66.02583,4359.4106,0.0,0.0,0.0,1.0,0.0,0.0,0.0,0.0,1.0,42.714287,26.333334,55.0,104.0,0.0,0.0,0.0,0.0,0.0,0.0,3.0,79.0,4.0,220.0,64240.0,255.0,1.0,32.0,0.0,0.0,0.0,0.0,0.0,0.0,0.0,0.0
8080.0,26.0,2.0,0.0,0.0,0.0,0.0,0.0,0.0,0.0,0.0,0.0,0.0,0.0,0.0,76923.08,26.0,0.0,26.0,26.0,26.0,26.0,0.0,26.0,26.0,0.0,0.0,0.0,0.0,0.0,0.0,0.0,0.0,0.0,64.0,0.0,76923.08,0.0,0.0,0.0,0.0,0.0,0.0,0.0,0.0,0.0,0.0,1.0,0.0,0.0,0.0,0.0,0.0,0.0,0.0,64.0,0.0,0.0,0.0,0.0,0.0,0.0,2.0,0.0,0.0,0.0,251.0,-1.0,0.0,32.0,0.0,0.0,0.0,0.0,0.0,0.0,0.0,0.0
8080.0,1399.0,3.0,4.0,79.0,220.0,79.0,0.0,26.333334,45.610672,185.0,0.0,55.0,88.223206,213724.1,5003.574,233.16667,186.93253,432.0,0.0,588.0,294.0,408.70773,583.0,5.0,1089.0,363.0,333.8907,657.0,0.0,0.0,0.0,0.0,0.0,104.0,136.0,2144.389,2859.185,0.0,185.0,37.375,66.02583,4359.4106,0.0,0.0,0.0,1.0,0.0,0.0,0.0,0.0,1.0,42.714287,26.333334,55.0,104.0,0.0,0.0,0.0,0.0,0.0,0.0,3.0,79.0,4.0,220.0,64240.0,255.0,1.0,32.0,0.0,0.0,0.0,0.0,0.0,0.0,0.0,0.0
8080.0,6.0,2.0,0.0,0.0,0.0,0.0,0.0,0.0,0.0,0.0,0.0,0.0,0.0,0.0,333333.34,6.0,0.0,6.0,6.0,6.0,6.0,0.0,6.0,6.0,0.0,0.0,0.0,0.0,0.0,0.0,0.0,0.0,0.0,64.0,0.0,333333.34,0.0,0.0,0.0,0.0,0.0,0.0,0.0,0.0,0.0,0.0,1.0,0.0,0.0,0.0,0.0,0.0,0.0,0.0,64.0,0.0,0.0,0.0,0.0,0.0,0.0,2.0,0.0,0.0,0.0,251.0,-1.0,0.0,32.0,0.0,0.0,0.0,0.0,0.0,0.0,0.0,0.0
8080.0,1040.0,3.0,4.0,79.0,220.0,79.0,0.0,26.333334,45.610672,185.0,0.0,55.0,88.223206,287500.0,6730.769,173.33333,141.49864,368.0,0.0,458.0,229.0,304.0559,444.0,14.0,804.0,268.0,298.68378,590.0,0.0,0.0,0.0,0.0,0.0,104.0,136.0,2884.6155,3846.1538,0.0,185.0,37.375,66.02583,4359.4106,0.0,0.0,0.0,1.0,0.0,0.0,0.0,0.0,1.0,42.714287,26.333334,55.0,104.0,0.0,0.0,0.0,0.0,0.0,0.0,3.0,79.0,4.0,220.0,64240.0,255.0,1.0,32.0,0.0,0.0,0.0,0.0,0.0,0.0,0.0,0.0
8080.0,30.0,2.0,0.0,0.0,0.0,0.0,0.0,0.0,0.0,0.0,0.0,0.0,0.0,0.0,66666.664,30.0,0.0,30.0,30.0,30.0,30.0,0.0,30.0,30.0,0.0,0.0,0.0,0.0,0.0,0.0,0.0,0.0,0.0,64.0,0.0,66666.664,0.0,0.0,0.0,0.0,0.0,0.0,0.0,0.0,0.0,0.0,1.0,0.0,0.0,0.0,0.0,0.0,0.0,0.0,64.0,0.0,0.0,0.0,0.0,0.0,0.0,2.0,0.0,0.0,0.0,251.0,-1.0,0.0,32.0,0.0,0.0,0.0,0.0,0.0,0.0,0.0,0.0
8080.0,1454.0,3.0,4.0,79.0,220.0,79.0,0.0,26.333334,45.610672,185.0,0.0,55.0,88.223206,205639.61,4814.305,242.33333,193.55069,440.0,0.0,728.0,364.0,513.3595,727.0,1.0,1090.0,363.33334,331.71274,650.0,0.0,0.0,0.0,0.0,0.0,104.0,136.0,2063.2737,2751.0317,0.0,185.0,37.375,66.02583,4359.4106,0.0,0.0,0.0,1.0,0.0,0.0,0.0,0.0,1.0,42.714287,26.333334,55.0,104.0,0.0,0.0,0.0,0.0,0.0,0.0,3.0,79.0,4.0,220.0,64240.0,255.0,1.0,32.0,0.0,0.0,0.0,0.0,0.0,0.0,0.0,0.0
8080.0,1771.0,3.0,4.0,79.0,220.0,79.0,0.0,26.333334,45.610672,185.0,0.0,55.0,88.223206,168831.17,3952.569,295.16666,204.63374,540.0,0.0,762.0,381.0,359.21024,635.0,127.0,1416.0,472.0,441.94116,876.0,0.0,0.0,0.0,0.0,0.0,104.0,136.0,1693.9583,2258.6108,0.0,185.0,37.375,66.02583,4359.4106,0.0,0.0,0.0,1.0,0.0,0.0,0.0,0.0,1.0,42.714287,26.333334,55.0,104.0,0.0,0.0,0.0,0.0,0.0,0.0,3.0,79.0,4.0,220.0,64240.0,255.0,1.0,32.0,0.0,0.0,0.0,0.0,0.0,0.0,0.0,0.0
8080.0,158.0,2.0,0.0,0.0,0.0,0.0,0.0,0.0,0.0,0.0,0.0,0.0,0.0,0.0,12658.228,158.0,0.0,158.0,158.0,158.0,158.0,0.0,158.0,158.0,0.0,0.0,0.0,0.0,0.0,0.0,0.0,0.0,0.0,64.0,0.0,12658.228,0.0,0.0,0.0,0.0,0.0,0.0,0.0,0.0,0.0,0.0,1.0,0.0,0.0,0.0,0.0,0.0,0.0,0.0,64.0,0.0,0.0,0.0,0.0,0.0,0.0,2.0,0.0,0.0,0.0,251.0,-1.0,0.0,32.0,0.0,0.0,0.0,0.0,0.0,0.0,0.0,0.0
8080.0,7.0,2.0,0.0,0.0,0.0,0.0,0.0,0.0,0.0,0.0,0.0,0.0,0.0,0.0,285714.28,7.0,0.0,7.0,7.0,7.0,7.0,0.0,7.0,7.0,0.0,0.0,0.0,0.0,0.0,0.0,0.0,0.0,0.0,64.0,0.0,285714.28,0.0,0.0,0.0,0.0,0.0,0.0,0.0,0.0,0.0,0.0,1.0,0.0,0.0,0.0,0.0,0.0,0.0,0.0,64.0,0.0,0.0,0.0,0.0,0.0,0.0,2.0,0.0,0.0,0.0,251.0,-1.0,0.0,32.0,0.0,0.0,0.0,0.0,0.0,0.0,0.0,0.0
8080.0,2020.0,3.0,4.0,79.0,220.0,79.0,0.0,26.333334,45.610672,185.0,0.0,55.0,88.223206,148019.8,3465.3464,336.66666,351.25583,951.0,0.0,617.0,308.5,430.62802,613.0,4.0,1727.0,575.6667,506.16235,951.0,0.0,0.0,0.0,0.0,0.0,104.0,136.0,1485.1486,1980.198,0.0,185.0,37.375,66.02583,4359.4106,0.0,0.0,0.0,1.0,0.0,0.0,0.0,0.0,1.0,42.714287,26.333334,55.0,104.0,0.0,0.0,0.0,0.0,0.0,0.0,3.0,79.0,4.0,220.0,64240.0,255.0,1.0,32.0,0.0,0.0,0.0,0.0,0.0,0.0,0.0,0.0
8080.0,118.0,2.0,0.0,0.0,0.0,0.0,0.0,0.0,0.0,0.0,0.0,0.0,0.0,0.0,16949.152,118.0,0.0,118.0,118.0,118.0,118.0,0.0,118.0,118.0,0.0,0.0,0.0,0.0,0.0,0.0,0.0,0.0,0.0,64.0,0.0,16949.152,0.0,0.0,0.0,0.0,0.0,0.0,0.0,0.0,0.0,0.0,1.0,0.0,0.0,0.0,0.0,0.0,0.0,0.0,64.0,0.0,0.0,0.0,0.0,0.0,0.0,2.0,0.0,0.0,0.0,251.0,-1.0,0.0,32.0,0.0,0.0,0.0,0.0,0.0,0.0,0.0,0.0
8080.0,1461.0,3.0,4.0,79.0,220.0,79.0,0.0,26.333334,45.610672,185.0,0.0,55.0,88.223206,204654.34,4791.239,243.5,139.96106,366.0,0.0,967.0,483.5,228.3955,645.0,322.0,1182.0,394.0,552.07153,1025.0,0.0,0.0,0.0,0.0,0.0,104.0,136.0,2053.3882,2737.8508,0.0,185.0,37.375,66.02583,4359.4106,0.0,0.0,0.0,1.0,0.0,0.0,0.0,0.0,1.0,42.714287,26.333334,55.0,104.0,0.0,0.0,0.0,0.0,0.0,0.0,3.0,79.0,4.0,220.0,64240.0,255.0,1.0,32.0,0.0,0.0,0.0,0.0,0.0,0.0,0.0,0.0
8080.0,1013.0,2.0,0.0,0.0,0.0,0.0,0.0,0.0,0.0,0.0,0.0,0.0,0.0,0.0,1974.3336,1013.0,0.0,1013.0,1013.0,1013.0,1013.0,0.0,1013.0,1013.0,0.0,0.0,0.0,0.0,0.0,0.0,0.0,0.0,0.0,64.0,0.0,1974.3336,0.0,0.0,0.0,0.0,0.0,0.0,0.0,0.0,0.0,0.0,1.0,0.0,0.0,0.0,0.0,0.0,0.0,0.0,64.0,0.0,0.0,0.0,0.0,0.0,0.0,2.0,0.0,0.0,0.0,251.0,-1.0,0.0,32.0,0.0,0.0,0.0,0.0,0.0,0.0,0.0,0.0
8080.0,1848.0,3.0,4.0,79.0,220.0,79.0,0.0,26.333334,45.610672,185.0,0.0,55.0,88.223206,161796.53,3787.879,308.0,189.97473,560.0,0.0,1310.0,655.0,134.3503,750.0,560.0,1527.0,509.0,628.85846,1212.0,0.0,0.0,0.0,0.0,0.0,104.0,136.0,1623.3766,2164.5022,0.0,185.0,37.375,66.02583,4359.4106,0.0,0.0,0.0,1.0,0.0,0.0,0.0,0.0,1.0,42.714287,26.333334,55.0,104.0,0.0,0.0,0.0,0.0,0.0,0.0,3.0,79.0,4.0,220.0,64240.0,255.0,1.0,32.0,0.0,0.0,0.0,0.0,0.0,0.0,0.0,0.0
8080.0,4.0,2.0,0.0,0.0,0.0,0.0,0.0,0.0,0.0,0.0,0.0,0.0,0.0,0.0,500000.0,4.0,0.0,4.0,4.0,4.0,4.0,0.0,4.0,4.0,0.0,0.0,0.0,0.0,0.0,0.0,0.0,0.0,0.0,64.0,0.0,500000.0,0.0,0.0,0.0,0.0,0.0,0.0,0.0,0.0,0.0,0.0,1.0,0.0,0.0,0.0,0.0,0.0,0.0,0.0,64.0,0.0,0.0,0.0,0.0,0.0,0.0,2.0,0.0,0.0,0.0,251.0,-1.0,0.0,32.0,0.0,0.0,0.0,0.0,0.0,0.0,0.0,0.0
8080.0,1613.0,3.0,4.0,79.0,220.0,79.0,0.0,26.333334,45.610672,185.0,0.0,55.0,88.223206,185368.88,4339.7397,268.83334,209.61528,593.0,5.0,484.0,242.0,335.1686,479.0,5.0,1379.0,459.66666,295.49506,665.0,121.0,0.0,0.0,0.0,0.0,104.0,136.0,1859.8884,2479.8513,0.0,185.0,37.375,66.02583,4359.4106,0.0,0.0,0.0,1.0,0.0,0.0,0.0,0.0,1.0,42.714287,26.333334,55.0,104.0,0.0,0.0,0.0,0.0,0.0,0.0,3.0,79.0,4.0,220.0,64240.0,255.0,1.0,32.0,0.0,0.0,0.0,0.0,0.0,0.0,0.0,0.0
8080.0,127.0,2.0,0.0,0.0,0.0,0.0,0.0,0.0,0.0,0.0,0.0,0.0,0.0,0.0,15748.031,127.0,0.0,127.0,127.0,127.0,127.0,0.0,127.0,127.0,0.0,0.0,0.0,0.0,0.0,0.0,0.0,0.0,0.0,64.0,0.0,15748.031,0.0,0.0,0.0,0.0,0.0,0.0,0.0,0.0,0.0,0.0,1.0,0.0,0.0,0.0,0.0,0.0,0.0,0.0,64.0,0.0,0.0,0.0,0.0,0.0,0.0,2.0,0.0,0.0,0.0,251.0,-1.0,0.0,32.0,0.0,0.0,0.0,0.0,0.0,0.0,0.0,0.0
8080.0,1649.0,3.0,4.0,79.0,220.0,79.0,0.0,26.333334,45.610672,185.0,0.0,55.0,88.223206,181322.02,4244.997,274.83334,311.72,851.0,0.0,520.0,260.0,362.03867,516.0,4.0,1438.0,479.33334,435.59653,851.0,0.0,0.0,0.0,0.0,0.0,104.0,136.0,1819.2844,2425.7126,0.0,185.0,37.375,66.02583,4359.4106,0.0,0.0,0.0,1.0,0.0,0.0,0.0,0.0,1.0,42.714287,26.333334,55.0,104.0,0.0,0.0,0.0,0.0,0.0,0.0,3.0,79.0,4.0,220.0,64240.0,255.0,1.0,32.0,0.0,0.0,0.0,0.0,0.0,0.0,0.0,0.0
8080.0,1676.0,3.0,4.0,79.0,220.0,79.0,0.0,26.333334,45.610672,185.0,0.0,55.0,88.223206,178400.95,4176.611,279.33334,299.19,820.0,0.0,586.0,293.0,408.70773,582.0,4.0,1362.0,454.0,417.02277,820.0,0.0,0.0,0.0,0.0,0.0,104.0,136.0,1789.9761,2386.6348,0.0,185.0,37.375,66.02583,4359.4106,0.0,0.0,0.0,1.0,0.0,0.0,0.0,0.0,1.0,42.714287,26.333334,55.0,104.0,0.0,0.0,0.0,0.0,0.0,0.0,3.0,79.0,4.0,220.0,64240.0,255.0,1.0,32.0,0.0,0.0,0.0,0.0,0.0,0.0,0.0,0.0
8080.0,5.0,2.0,0.0,0.0,0.0,0.0,0.0,0.0,0.0,0.0,0.0,0.0,0.0,0.0,400000.0,5.0,0.0,5.0,5.0,5.0,5.0,0.0,5.0,5.0,0.0,0.0,0.0,0.0,0.0,0.0,0.0,0.0,0.0,64.0,0.0,400000.0,0.0,0.0,0.0,0.0,0.0,0.0,0.0,0.0,0.0,0.0,1.0,0.0,0.0,0.0,0.0,0.0,0.0,0.0,64.0,0.0,0.0,0.0,0.0,0.0,0.0,2.0,0.0,0.0,0.0,251.0,-1.0,0.0,32.0,0.0,0.0,0.0,0.0,0.0,0.0,0.0,0.0
8080.0,76.0,2.0,0.0,0.0,0.0,0.0,0.0,0.0,0.0,0.0,0.0,0.0,0.0,0.0,26315.79,76.0,0.0,76.0,76.0,76.0,76.0,0.0,76.0,76.0,0.0,0.0,0.0,0.0,0.0,0.0,0.0,0.0,0.0,64.0,0.0,26315.79,0.0,0.0,0.0,0.0,0.0,0.0,0.0,0.0,0.0,0.0,1.0,0.0,0.0,0.0,0.0,0.0,0.0,0.0,64.0,0.0,0.0,0.0,0.0,0.0,0.0,2.0,0.0,0.0,0.0,251.0,-1.0,0.0,32.0,0.0,0.0,0.0,0.0,0.0,0.0,0.0,0.0
8080.0,1512.0,3.0,4.0,79.0,220.0,79.0,0.0,26.333334,45.610672,185.0,0.0,55.0,88.223206,197751.33,4629.6294,252.0,194.47467,485.0,0.0,661.0,330.5,426.38538,632.0,29.0,1182.0,394.0,408.71994,816.0,0.0,0.0,0.0,0.0,0.0,104.0,136.0,1984.127,2645.5027,0.0,185.0,37.375,66.02583,4359.4106,0.0,0.0,0.0,1.0,0.0,0.0,0.0,0.0,1.0,42.714287,26.333334,55.0,104.0,0.0,0.0,0.0,0.0,0.0,0.0,3.0,79.0,4.0,220.0,64240.0,255.0,1.0,32.0,0.0,0.0,0.0,0.0,0.0,0.0,0.0,0.0
8080.0,22.0,2.0,0.0,0.0,0.0,0.0,0.0,0.0,0.0,0.0,0.0,0.0,0.0,0.0,90909.09,22.0,0.0,22.0,22.0,22.0,22.0,0.0,22.0,22.0,0.0,0.0,0.0,0.0,0.0,0.0,0.0,0.0,0.0,64.0,0.0,90909.09,0.0,0.0,0.0,0.0,0.0,0.0,0.0,0.0,0.0,0.0,1.0,0.0,0.0,0.0,0.0,0.0,0.0,0.0,64.0,0.0,0.0,0.0,0.0,0.0,0.0,2.0,0.0,0.0,0.0,251.0,-1.0,0.0,32.0,0.0,0.0,0.0,0.0,0.0,0.0,0.0,0.0
8080.0,1350.0,3.0,4.0,79.0,220.0,79.0,0.0,26.333334,45.610672,185.0,0.0,55.0,88.223206,221481.48,5185.185,225.0,166.15656,379.0,0.0,733.0,366.5,460.3265,692.0,41.0,990.0,330.0,308.43314,611.0,0.0,0.0,0.0,0.0,0.0,104.0,136.0,2222.2222,2962.963,0.0,185.0,37.375,66.02583,4359.4106,0.0,0.0,0.0,1.0,0.0,0.0,0.0,0.0,1.0,42.714287,26.333334,55.0,104.0,0.0,0.0,0.0,0.0,0.0,0.0,3.0,79.0,4.0,220.0,64240.0,255.0,1.0,32.0,0.0,0.0,0.0,0.0,0.0,0.0,0.0,0.0
8080.0,52.0,2.0,0.0,0.0,0.0,0.0,0.0,0.0,0.0,0.0,0.0,0.0,0.0,0.0,38461.54,52.0,0.0,52.0,52.0,52.0,52.0,0.0,52.0,52.0,0.0,0.0,0.0,0.0,0.0,0.0,0.0,0.0,0.0,64.0,0.0,38461.54,0.0,0.0,0.0,0.0,0.0,0.0,0.0,0.0,0.0,0.0,1.0,0.0,0.0,0.0,0.0,0.0,0.0,0.0,64.0,0.0,0.0,0.0,0.0,0.0,0.0,2.0,0.0,0.0,0.0,251.0,-1.0,0.0,32.0,0.0,0.0,0.0,0.0,0.0,0.0,0.0,0.0
8080.0,1330.0,3.0,4.0,79.0,220.0,79.0,0.0,26.333334,45.610672,185.0,0.0,55.0,88.223206,224812.03,5263.1577,221.66667,243.8095,669.0,0.0,423.0,211.5,289.20667,416.0,7.0,1147.0,382.33334,344.6075,669.0,0.0,0.0,0.0,0.0,0.0,104.0,136.0,2255.6392,3007.5188,0.0,185.0,37.375,66.02583,4359.4106,0.0,0.0,0.0,1.0,0.0,0.0,0.0,0.0,1.0,42.714287,26.333334,55.0,104.0,0.0,0.0,0.0,0.0,0.0,0.0,3.0,79.0,4.0,220.0,64240.0,255.0,1.0,32.0,0.0,0.0,0.0,0.0,0.0,0.0,0.0,0.0
8080.0,16.0,2.0,0.0,0.0,0.0,0.0,0.0,0.0,0.0,0.0,0.0,0.0,0.0,0.0,125000.0,16.0,0.0,16.0,16.0,16.0,16.0,0.0,16.0,16.0,0.0,0.0,0.0,0.0,0.0,0.0,0.0,0.0,0.0,64.0,0.0,125000.0,0.0,0.0,0.0,0.0,0.0,0.0,0.0,0.0,0.0,0.0,1.0,0.0,0.0,0.0,0.0,0.0,0.0,0.0,64.0,0.0,0.0,0.0,0.0,0.0,0.0,2.0,0.0,0.0,0.0,251.0,-1.0,0.0,32.0,0.0,0.0,0.0,0.0,0.0,0.0,0.0,0.0
8080.0,1412.0,3.0,4.0,79.0,220.0,79.0,0.0,26.333334,45.610672,185.0,0.0,55.0,88.223206,211756.38,4957.5073,235.33333,136.96666,385.0,0.0,751.0,375.5,301.9346,589.0,162.0,1086.0,362.0,351.06552,701.0,0.0,0.0,0.0,0.0,0.0,104.0,136.0,2124.646,2832.861,0.0,185.0,37.375,66.02583,4359.4106,0.0,0.0,0.0,1.0,0.0,0.0,0.0,0.0,1.0,42.714287,26.333334,55.0,104.0,0.0,0.0,0.0,0.0,0.0,0.0,3.0,79.0,4.0,220.0,64240.0,255.0,1.0,32.0,0.0,0.0,0.0,0.0,0.0,0.0,0.0,0.0
8080.0,1503.0,3.0,4.0,79.0,220.0,79.0,0.0,26.333334,45.610672,185.0,0.0,55.0,88.223206,198935.47,4657.352,250.5,177.37051,500.0,0.0,640.0,320.0,294.15643,528.0,112.0,1246.0,415.33334,380.13858,746.0,0.0,0.0,0.0,0.0,0.0,104.0,136.0,1996.0079,2661.344,0.0,185.0,37.375,66.02583,4359.4106,0.0,0.0,0.0,1.0,0.0,0.0,0.0,0.0,1.0,42.714287,26.333334,55.0,104.0,0.0,0.0,0.0,0.0,0.0,0.0,3.0,79.0,4.0,220.0,64240.0,255.0,1.0,32.0,0.0,0.0,0.0,0.0,0.0,0.0,0.0,0.0
8080.0,379.0,2.0,0.0,0.0,0.0,0.0,0.0,0.0,0.0,0.0,0.0,0.0,0.0,0.0,5277.045,379.0,0.0,379.0,379.0,379.0,379.0,0.0,379.0,379.0,0.0,0.0,0.0,0.0,0.0,0.0,0.0,0.0,0.0,64.0,0.0,5277.045,0.0,0.0,0.0,0.0,0.0,0.0,0.0,0.0,0.0,0.0,1.0,0.0,0.0,0.0,0.0,0.0,0.0,0.0,64.0,0.0,0.0,0.0,0.0,0.0,0.0,2.0,0.0,0.0,0.0,251.0,-1.0,0.0,32.0,0.0,0.0,0.0,0.0,0.0,0.0,0.0,0.0
8080.0,245.0,2.0,0.0,0.0,0.0,0.0,0.0,0.0,0.0,0.0,0.0,0.0,0.0,0.0,8163.265,245.0,0.0,245.0,245.0,245.0,245.0,0.0,245.0,245.0,0.0,0.0,0.0,0.0,0.0,0.0,0.0,0.0,0.0,64.0,0.0,8163.265,0.0,0.0,0.0,0.0,0.0,0.0,0.0,0.0,0.0,0.0,1.0,0.0,0.0,0.0,0.0,0.0,0.0,0.0,64.0,0.0,0.0,0.0,0.0,0.0,0.0,2.0,0.0,0.0,0.0,251.0,-1.0,0.0,32.0,0.0,0.0,0.0,0.0,0.0,0.0,0.0,0.0
8080.0,1087.0,3.0,4.0,79.0,220.0,79.0,0.0,26.333334,45.610672,185.0,0.0,55.0,88.223206,275069.0,6439.742,181.16667,102.26909,267.0,0.0,669.0,334.5,270.8219,526.0,143.0,828.0,276.0,341.567,658.0,0.0,0.0,0.0,0.0,0.0,104.0,136.0,2759.8896,3679.8528,0.0,185.0,37.375,66.02583,4359.4106,0.0,0.0,0.0,1.0,0.0,0.0,0.0,0.0,1.0,42.714287,26.333334,55.0,104.0,0.0,0.0,0.0,0.0,0.0,0.0,3.0,79.0,4.0,220.0,64240.0,255.0,1.0,32.0,0.0,0.0,0.0,0.0,0.0,0.0,0.0,0.0
8080.0,5.0,2.0,0.0,0.0,0.0,0.0,0.0,0.0,0.0,0.0,0.0,0.0,0.0,0.0,400000.0,5.0,0.0,5.0,5.0,5.0,5.0,0.0,5.0,5.0,0.0,0.0,0.0,0.0,0.0,0.0,0.0,0.0,0.0,64.0,0.0,400000.0,0.0,0.0,0.0,0.0,0.0,0.0,0.0,0.0,0.0,0.0,1.0,0.0,0.0,0.0,0.0,0.0,0.0,0.0,64.0,0.0,0.0,0.0,0.0,0.0,0.0,2.0,0.0,0.0,0.0,251.0,-1.0,0.0,32.0,0.0,0.0,0.0,0.0,0.0,0.0,0.0,0.0
8080.0,1235.0,3.0,4.0,79.0,220.0,79.0,0.0,26.333334,45.610672,185.0,0.0,55.0,88.223206,242105.27,5668.016,205.83333,130.08524,409.0,0.0,599.0,299.5,150.61374,406.0,193.0,1019.0,339.66666,310.8542,610.0,0.0,0.0,0.0,0.0,0.0,104.0,136.0,2429.15,3238.8665,0.0,185.0,37.375,66.02583,4359.4106,0.0,0.0,0.0,1.0,0.0,0.0,0.0,0.0,1.0,42.714287,26.333334,55.0,104.0,0.0,0.0,0.0,0.0,0.0,0.0,3.0,79.0,4.0,220.0,64240.0,255.0,1.0,32.0,0.0,0.0,0.0,0.0,0.0,0.0,0.0,0.0
8080.0,0.0,2.0,0.0,0.0,0.0,0.0,0.0,0.0,0.0,0.0,0.0,0.0,0.0,,,0.0,0.0,0.0,0.0,0.0,0.0,0.0,0.0,0.0,0.0,0.0,0.0,0.0,0.0,0.0,0.0,0.0,0.0,64.0,0.0,0.0,0.0,0.0,0.0,0.0,0.0,0.0,0.0,0.0,0.0,0.0,1.0,0.0,0.0,0.0,0.0,0.0,0.0,0.0,64.0,0.0,0.0,0.0,0.0,0.0,0.0,2.0,0.0,0.0,0.0,251.0,-1.0,0.0,32.0,0.0,0.0,0.0,0.0,0.0,0.0,0.0,0.0
8080.0,1463.0,4.0,4.0,79.0,220.0,79.0,0.0,19.75,39.5,185.0,0.0,55.0,88.223206,204374.58,5468.216,209.0,126.67017,379.0,5.0,1458.0,486.0,401.0,887.0,85.0,1185.0,395.0,116.82465,519.0,287.0,0.0,0.0,0.0,0.0,136.0,136.0,2734.108,2734.108,0.0,185.0,33.22222,63.005512,3969.6943,0.0,0.0,0.0,1.0,0.0,0.0,0.0,0.0,1.0,37.375,19.75,55.0,136.0,0.0,0.0,0.0,0.0,0.0,0.0,4.0,79.0,4.0,220.0,64240.0,255.0,1.0,32.0,0.0,0.0,0.0,0.0,0.0,0.0,0.0,0.0
8080.0,1982.0,4.0,5.0,79.0,220.0,79.0,0.0,19.75,39.5,185.0,0.0,44.0,80.26518,150857.72,4540.8677,247.75,165.18626,451.0,0.0,1691.0,563.6667,487.4139,895.0,4.0,1641.0,410.25,315.80203,754.0,0.0,0.0,0.0,0.0,0.0,136.0,168.0,2018.1635,2522.7043,0.0,185.0,29.9,60.32403,3638.9888,0.0,0.0,0.0,1.0,0.0,0.0,0.0,0.0,1.0,33.22222,19.75,44.0,136.0,0.0,0.0,0.0,0.0,0.0,0.0,4.0,79.0,5.0,220.0,64240.0,255.0,1.0,32.0,0.0,0.0,0.0,0.0,0.0,0.0,0.0,0.0
8080.0,557.0,2.0,0.0,0.0,0.0,0.0,0.0,0.0,0.0,0.0,0.0,0.0,0.0,0.0,3590.6643,557.0,0.0,557.0,557.0,557.0,557.0,0.0,557.0,557.0,0.0,0.0,0.0,0.0,0.0,0.0,0.0,0.0,0.0,64.0,0.0,3590.6643,0.0,0.0,0.0,0.0,0.0,0.0,0.0,0.0,0.0,0.0,1.0,0.0,0.0,0.0,0.0,0.0,0.0,0.0,64.0,0.0,0.0,0.0,0.0,0.0,0.0,2.0,0.0,0.0,0.0,251.0,-1.0,0.0,32.0,0.0,0.0,0.0,0.0,0.0,0.0,0.0,0.0
8080.0,1555.0,4.0,4.0,79.0,220.0,79.0,0.0,19.75,39.5,185.0,0.0,55.0,88.223206,192282.95,5144.6943,222.14285,126.458725,358.0,18.0,1537.0,512.3333,412.8551,909.0,85.0,1254.0,418.0,118.050835,554.0,342.0,0.0,0.0,0.0,0.0,136.0,136.0,2572.3472,2572.3472,0.0,185.0,33.22222,63.005512,3969.6943,0.0,0.0,0.0,1.0,0.0,0.0,0.0,0.0,1.0,37.375,19.75,55.0,136.0,0.0,0.0,0.0,0.0,0.0,0.0,4.0,79.0,4.0,220.0,64240.0,255.0,1.0,32.0,0.0,0.0,0.0,0.0,0.0,0.0,0.0,0.0
8080.0,1400.0,3.0,4.0,79.0,220.0,79.0,0.0,26.333334,45.610672,185.0,0.0,55.0,88.223206,213571.42,5000.0,233.33333,183.0734,405.0,0.0,641.0,320.5,405.17218,607.0,34.0,1198.0,399.33334,415.3316,829.0,0.0,0.0,0.0,0.0,0.0,104.0,136.0,2142.8572,2857.1428,0.0,185.0,37.375,66.02583,4359.4106,0.0,0.0,0.0,1.0,0.0,0.0,0.0,0.0,1.0,42.714287,26.333334,55.0,104.0,0.0,0.0,0.0,0.0,0.0,0.0,3.0,79.0,4.0,220.0,64240.0,255.0,1.0,32.0,0.0,0.0,0.0,0.0,0.0,0.0,0.0,0.0
8080.0,4.0,2.0,0.0,0.0,0.0,0.0,0.0,0.0,0.0,0.0,0.0,0.0,0.0,0.0,500000.0,4.0,0.0,4.0,4.0,4.0,4.0,0.0,4.0,4.0,0.0,0.0,0.0,0.0,0.0,0.0,0.0,0.0,0.0,64.0,0.0,500000.0,0.0,0.0,0.0,0.0,0.0,0.0,0.0,0.0,0.0,0.0,1.0,0.0,0.0,0.0,0.0,0.0,0.0,0.0,64.0,0.0,0.0,0.0,0.0,0.0,0.0,2.0,0.0,0.0,0.0,251.0,-1.0,0.0,32.0,0.0,0.0,0.0,0.0,0.0,0.0,0.0,0.0
8080.0,1632.0,3.0,4.0,79.0,220.0,79.0,0.0,26.333334,45.610672,185.0,0.0,55.0,88.223206,183210.78,4289.216,272.0,170.57901,438.0,0.0,872.0,436.0,436.992,745.0,127.0,1249.0,416.33334,405.9339,811.0,0.0,0.0,0.0,0.0,0.0,104.0,136.0,1838.2354,2450.9805,0.0,185.0,37.375,66.02583,4359.4106,0.0,0.0,0.0,1.0,0.0,0.0,0.0,0.0,1.0,42.714287,26.333334,55.0,104.0,0.0,0.0,0.0,0.0,0.0,0.0,3.0,79.0,4.0,220.0,64240.0,255.0,1.0,32.0,0.0,0.0,0.0,0.0,0.0,0.0,0.0,0.0
8080.0,87.0,2.0,0.0,0.0,0.0,0.0,0.0,0.0,0.0,0.0,0.0,0.0,0.0,0.0,22988.506,87.0,0.0,87.0,87.0,87.0,87.0,0.0,87.0,87.0,0.0,0.0,0.0,0.0,0.0,0.0,0.0,0.0,0.0,64.0,0.0,22988.506,0.0,0.0,0.0,0.0,0.0,0.0,0.0,0.0,0.0,0.0,1.0,0.0,0.0,0.0,0.0,0.0,0.0,0.0,64.0,0.0,0.0,0.0,0.0,0.0,0.0,2.0,0.0,0.0,0.0,251.0,-1.0,0.0,32.0,0.0,0.0,0.0,0.0,0.0,0.0,0.0,0.0
8080.0,2506.0,3.0,4.0,79.0,220.0,79.0,0.0,26.333334,45.610672,185.0,0.0,55.0,88.223206,119313.65,2793.2961,417.66666,541.572,1466.0,0.0,750.0,375.0,527.50165,748.0,2.0,2123.0,707.6667,734.31213,1466.0,0.0,0.0,0.0,0.0,0.0,104.0,136.0,1197.127,1596.1692,0.0,185.0,37.375,66.02583,4359.4106,0.0,0.0,0.0,1.0,0.0,0.0,0.0,0.0,1.0,42.714287,26.333334,55.0,104.0,0.0,0.0,0.0,0.0,0.0,0.0,3.0,79.0,4.0,220.0,64240.0,255.0,1.0,32.0,0.0,0.0,0.0,0.0,0.0,0.0,0.0,0.0
8080.0,2722.0,3.0,4.0,79.0,220.0,79.0,0.0,26.333334,45.610672,185.0,0.0,55.0,88.223206,109845.7,2571.6384,453.66666,707.894,1870.0,0.0,563.0,281.5,395.2727,561.0,2.0,2405.0,801.6667,963.0983,1870.0,0.0,0.0,0.0,0.0,0.0,104.0,136.0,1102.1307,1469.5077,0.0,185.0,37.375,66.02583,4359.4106,0.0,0.0,0.0,1.0,0.0,0.0,0.0,0.0,1.0,42.714287,26.333334,55.0,104.0,0.0,0.0,0.0,0.0,0.0,0.0,3.0,79.0,4.0,220.0,64240.0,255.0,1.0,32.0,0.0,0.0,0.0,0.0,0.0,0.0,0.0,0.0
8080.0,385.0,2.0,0.0,0.0,0.0,0.0,0.0,0.0,0.0,0.0,0.0,0.0,0.0,0.0,5194.805,385.0,0.0,385.0,385.0,385.0,385.0,0.0,385.0,385.0,0.0,0.0,0.0,0.0,0.0,0.0,0.0,0.0,0.0,64.0,0.0,5194.805,0.0,0.0,0.0,0.0,0.0,0.0,0.0,0.0,0.0,0.0,1.0,0.0,0.0,0.0,0.0,0.0,0.0,0.0,64.0,0.0,0.0,0.0,0.0,0.0,0.0,2.0,0.0,0.0,0.0,251.0,-1.0,0.0,32.0,0.0,0.0,0.0,0.0,0.0,0.0,0.0,0.0
8080.0,412.0,2.0,0.0,0.0,0.0,0.0,0.0,0.0,0.0,0.0,0.0,0.0,0.0,0.0,4854.369,412.0,0.0,412.0,412.0,412.0,412.0,0.0,412.0,412.0,0.0,0.0,0.0,0.0,0.0,0.0,0.0,0.0,0.0,64.0,0.0,4854.369,0.0,0.0,0.0,0.0,0.0,0.0,0.0,0.0,0.0,0.0,1.0,0.0,0.0,0.0,0.0,0.0,0.0,0.0,64.0,0.0,0.0,0.0,0.0,0.0,0.0,2.0,0.0,0.0,0.0,251.0,-1.0,0.0,32.0,0.0,0.0,0.0,0.0,0.0,0.0,0.0,0.0
8080.0,1119.0,3.0,4.0,79.0,220.0,79.0,0.0,26.333334,45.610672,185.0,0.0,55.0,88.223206,267202.88,6255.5854,186.5,149.24042,320.0,0.0,527.0,263.5,368.40262,524.0,3.0,799.0,266.33334,245.30049,483.0,0.0,0.0,0.0,0.0,0.0,104.0,136.0,2680.965,3574.62,0.0,185.0,37.375,66.02583,4359.4106,0.0,0.0,0.0,1.0,0.0,0.0,0.0,0.0,1.0,42.714287,26.333334,55.0,104.0,0.0,0.0,0.0,0.0,0.0,0.0,3.0,79.0,4.0,220.0,64240.0,255.0,1.0,32.0,0.0,0.0,0.0,0.0,0.0,0.0,0.0,0.0
8080.0,7.0,2.0,0.0,0.0,0.0,0.0,0.0,0.0,0.0,0.0,0.0,0.0,0.0,0.0,285714.28,7.0,0.0,7.0,7.0,7.0,7.0,0.0,7.0,7.0,0.0,0.0,0.0,0.0,0.0,0.0,0.0,0.0,0.0,64.0,0.0,285714.28,0.0,0.0,0.0,0.0,0.0,0.0,0.0,0.0,0.0,0.0,1.0,0.0,0.0,0.0,0.0,0.0,0.0,0.0,64.0,0.0,0.0,0.0,0.0,0.0,0.0,2.0,0.0,0.0,0.0,251.0,-1.0,0.0,32.0,0.0,0.0,0.0,0.0,0.0,0.0,0.0,0.0
8080.0,1056.0,3.0,4.0,79.0,220.0,79.0,0.0,26.333334,45.610672,185.0,0.0,55.0,88.223206,283143.94,6628.788,176.0,160.07123,422.0,0.0,467.0,233.5,323.1478,462.0,5.0,850.0,283.33334,245.3922,428.0,0.0,0.0,0.0,0.0,0.0,104.0,136.0,2840.9092,3787.879,0.0,185.0,37.375,66.02583,4359.4106,0.0,0.0,0.0,1.0,0.0,0.0,0.0,0.0,1.0,42.714287,26.333334,55.0,104.0,0.0,0.0,0.0,0.0,0.0,0.0,3.0,79.0,4.0,220.0,64240.0,255.0,1.0,32.0,0.0,0.0,0.0,0.0,0.0,0.0,0.0,0.0
8080.0,3.0,2.0,0.0,0.0,0.0,0.0,0.0,0.0,0.0,0.0,0.0,0.0,0.0,0.0,666666.7,3.0,0.0,3.0,3.0,3.0,3.0,0.0,3.0,3.0,0.0,0.0,0.0,0.0,0.0,0.0,0.0,0.0,0.0,64.0,0.0,666666.7,0.0,0.0,0.0,0.0,0.0,0.0,0.0,0.0,0.0,0.0,1.0,0.0,0.0,0.0,0.0,0.0,0.0,0.0,64.0,0.0,0.0,0.0,0.0,0.0,0.0,2.0,0.0,0.0,0.0,251.0,-1.0,0.0,32.0,0.0,0.0,0.0,0.0,0.0,0.0,0.0,0.0
8080.0,1611.0,3.0,4.0,79.0,220.0,79.0,0.0,26.333334,45.610672,185.0,0.0,55.0,88.223206,185599.0,4345.1274,268.5,225.39543,559.0,0.0,865.0,432.5,600.3337,857.0,8.0,1313.0,437.66666,440.52734,881.0,0.0,0.0,0.0,0.0,0.0,104.0,136.0,1862.1974,2482.93,0.0,185.0,37.375,66.02583,4359.4106,0.0,0.0,0.0,1.0,0.0,0.0,0.0,0.0,1.0,42.714287,26.333334,55.0,104.0,0.0,0.0,0.0,0.0,0.0,0.0,3.0,79.0,4.0,220.0,64240.0,255.0,1.0,32.0,0.0,0.0,0.0,0.0,0.0,0.0,0.0,0.0
8080.0,3.0,2.0,0.0,0.0,0.0,0.0,0.0,0.0,0.0,0.0,0.0,0.0,0.0,0.0,666666.7,3.0,0.0,3.0,3.0,3.0,3.0,0.0,3.0,3.0,0.0,0.0,0.0,0.0,0.0,0.0,0.0,0.0,0.0,64.0,0.0,666666.7,0.0,0.0,0.0,0.0,0.0,0.0,0.0,0.0,0.0,0.0,1.0,0.0,0.0,0.0,0.0,0.0,0.0,0.0,64.0,0.0,0.0,0.0,0.0,0.0,0.0,2.0,0.0,0.0,0.0,251.0,-1.0,0.0,32.0,0.0,0.0,0.0,0.0,0.0,0.0,0.0,0.0
8080.0,2122.0,3.0,4.0,79.0,220.0,79.0,0.0,26.333334,45.610672,185.0,0.0,55.0,88.223206,140904.81,3298.7747,353.66666,289.7507,867.0,6.0,729.0,364.5,506.99557,723.0,6.0,1851.0,617.0,341.42496,867.0,228.0,0.0,0.0,0.0,0.0,104.0,136.0,1413.7606,1885.0142,0.0,185.0,37.375,66.02583,4359.4106,0.0,0.0,0.0,1.0,0.0,0.0,0.0,0.0,1.0,42.714287,26.333334,55.0,104.0,0.0,0.0,0.0,0.0,0.0,0.0,3.0,79.0,4.0,220.0,64240.0,255.0,1.0,32.0,0.0,0.0,0.0,0.0,0.0,0.0,0.0,0.0
8080.0,1216.0,3.0,4.0,79.0,220.0,79.0,0.0,26.333334,45.610672,185.0,0.0,55.0,88.223206,245888.16,5756.579,202.66667,166.97266,441.0,0.0,719.0,359.5,282.13562,559.0,160.0,993.0,331.0,525.5578,937.0,0.0,0.0,0.0,0.0,0.0,104.0,136.0,2467.1052,3289.4736,0.0,185.0,37.375,66.02583,4359.4106,0.0,0.0,0.0,1.0,0.0,0.0,0.0,0.0,1.0,42.714287,26.333334,55.0,104.0,0.0,0.0,0.0,0.0,0.0,0.0,3.0,79.0,4.0,220.0,64240.0,255.0,1.0,32.0,0.0,0.0,0.0,0.0,0.0,0.0,0.0,0.0
8080.0,202.0,2.0,0.0,0.0,0.0,0.0,0.0,0.0,0.0,0.0,0.0,0.0,0.0,0.0,9900.99,202.0,0.0,202.0,202.0,202.0,202.0,0.0,202.0,202.0,0.0,0.0,0.0,0.0,0.0,0.0,0.0,0.0,0.0,64.0,0.0,9900.99,0.0,0.0,0.0,0.0,0.0,0.0,0.0,0.0,0.0,0.0,1.0,0.0,0.0,0.0,0.0,0.0,0.0,0.0,64.0,0.0,0.0,0.0,0.0,0.0,0.0,2.0,0.0,0.0,0.0,251.0,-1.0,0.0,32.0,0.0,0.0,0.0,0.0,0.0,0.0,0.0,0.0
8080.0,7.0,2.0,0.0,0.0,0.0,0.0,0.0,0.0,0.0,0.0,0.0,0.0,0.0,0.0,285714.28,7.0,0.0,7.0,7.0,7.0,7.0,0.0,7.0,7.0,0.0,0.0,0.0,0.0,0.0,0.0,0.0,0.0,0.0,64.0,0.0,285714.28,0.0,0.0,0.0,0.0,0.0,0.0,0.0,0.0,0.0,0.0,1.0,0.0,0.0,0.0,0.0,0.0,0.0,0.0,64.0,0.0,0.0,0.0,0.0,0.0,0.0,2.0,0.0,0.0,0.0,251.0,-1.0,0.0,32.0,0.0,0.0,0.0,0.0,0.0,0.0,0.0,0.0
8080.0,1821.0,3.0,4.0,79.0,220.0,79.0,0.0,26.333334,45.610672,185.0,0.0,55.0,88.223206,164195.5,3844.0417,303.5,282.89203,839.0,0.0,1261.0,630.5,294.86353,839.0,422.0,1619.0,539.6667,678.23474,1301.0,0.0,0.0,0.0,0.0,0.0,104.0,136.0,1647.4464,2196.5952,0.0,185.0,37.375,66.02583,4359.4106,0.0,0.0,0.0,1.0,0.0,0.0,0.0,0.0,1.0,42.714287,26.333334,55.0,104.0,0.0,0.0,0.0,0.0,0.0,0.0,3.0,79.0,4.0,220.0,64240.0,255.0,1.0,32.0,0.0,0.0,0.0,0.0,0.0,0.0,0.0,0.0
8080.0,106.0,2.0,0.0,0.0,0.0,0.0,0.0,0.0,0.0,0.0,0.0,0.0,0.0,0.0,18867.924,106.0,0.0,106.0,106.0,106.0,106.0,0.0,106.0,106.0,0.0,0.0,0.0,0.0,0.0,0.0,0.0,0.0,0.0,64.0,0.0,18867.924,0.0,0.0,0.0,0.0,0.0,0.0,0.0,0.0,0.0,0.0,1.0,0.0,0.0,0.0,0.0,0.0,0.0,0.0,64.0,0.0,0.0,0.0,0.0,0.0,0.0,2.0,0.0,0.0,0.0,251.0,-1.0,0.0,32.0,0.0,0.0,0.0,0.0,0.0,0.0,0.0,0.0
8080.0,1302.0,3.0,4.0,79.0,220.0,79.0,0.0,26.333334,45.610672,185.0,0.0,55.0,88.223206,229646.7,5376.344,217.0,168.00833,353.0,0.0,600.0,300.0,417.193,595.0,5.0,994.0,331.33334,321.0488,641.0,0.0,0.0,0.0,0.0,0.0,104.0,136.0,2304.1475,3072.1965,0.0,185.0,37.375,66.02583,4359.4106,0.0,0.0,0.0,1.0,0.0,0.0,0.0,0.0,1.0,42.714287,26.333334,55.0,104.0,0.0,0.0,0.0,0.0,0.0,0.0,3.0,79.0,4.0,220.0,64240.0,255.0,1.0,32.0,0.0,0.0,0.0,0.0,0.0,0.0,0.0,0.0
8080.0,1.0,2.0,0.0,0.0,0.0,0.0,0.0,0.0,0.0,0.0,0.0,0.0,0.0,0.0,2e+06,1.0,0.0,1.0,1.0,1.0,1.0,0.0,1.0,1.0,0.0,0.0,0.0,0.0,0.0,0.0,0.0,0.0,0.0,64.0,0.0,2e+06,0.0,0.0,0.0,0.0,0.0,0.0,0.0,0.0,0.0,0.0,1.0,0.0,0.0,0.0,0.0,0.0,0.0,0.0,64.0,0.0,0.0,0.0,0.0,0.0,0.0,2.0,0.0,0.0,0.0,251.0,-1.0,0.0,32.0,0.0,0.0,0.0,0.0,0.0,0.0,0.0,0.0
8080.0,1410.0,3.0,4.0,79.0,220.0,79.0,0.0,26.333334,45.610672,185.0,0.0,55.0,88.223206,212056.73,4964.539,235.0,127.616615,363.0,4.0,516.0,258.0,359.21024,512.0,4.0,1147.0,382.33334,193.72488,585.0,199.0,0.0,0.0,0.0,0.0,104.0,136.0,2127.6597,2836.8794,0.0,185.0,37.375,66.02583,4359.4106,0.0,0.0,0.0,1.0,0.0,0.0,0.0,0.0,1.0,42.714287,26.333334,55.0,104.0,0.0,0.0,0.0,0.0,0.0,0.0,3.0,79.0,4.0,220.0,64240.0,255.0,1.0,32.0,0.0,0.0,0.0,0.0,0.0,0.0,0.0,0.0
8080.0,1605.0,3.0,4.0,79.0,220.0,79.0,0.0,26.333334,45.610672,185.0,0.0,55.0,88.223206,186292.83,4361.3706,267.5,207.96033,615.0,3.0,632.0,316.0,442.64883,629.0,3.0,1320.0,440.0,264.27448,615.0,136.0,0.0,0.0,0.0,0.0,104.0,136.0,1869.1589,2492.212,0.0,185.0,37.375,66.02583,4359.4106,0.0,0.0,0.0,1.0,0.0,0.0,0.0,0.0,1.0,42.714287,26.333334,55.0,104.0,0.0,0.0,0.0,0.0,0.0,0.0,3.0,79.0,4.0,220.0,64240.0,255.0,1.0,32.0,0.0,0.0,0.0,0.0,0.0,0.0,0.0,0.0
8080.0,1045.0,2.0,0.0,0.0,0.0,0.0,0.0,0.0,0.0,0.0,0.0,0.0,0.0,0.0,1913.8756,1045.0,0.0,1045.0,1045.0,1045.0,1045.0,0.0,1045.0,1045.0,0.0,0.0,0.0,0.0,0.0,0.0,0.0,0.0,0.0,64.0,0.0,1913.8756,0.0,0.0,0.0,0.0,0.0,0.0,0.0,0.0,0.0,0.0,1.0,0.0,0.0,0.0,0.0,0.0,0.0,0.0,64.0,0.0,0.0,0.0,0.0,0.0,0.0,2.0,0.0,0.0,0.0,251.0,-1.0,0.0,32.0,0.0,0.0,0.0,0.0,0.0,0.0,0.0,0.0
8080.0,1251.0,3.0,4.0,79.0,220.0,79.0,0.0,26.333334,45.610672,185.0,0.0,55.0,88.223206,239008.8,5595.5234,208.5,190.7383,555.0,0.0,479.0,239.5,232.63814,404.0,75.0,1035.0,345.0,301.1229,555.0,0.0,0.0,0.0,0.0,0.0,104.0,136.0,2398.0815,3197.4421,0.0,185.0,37.375,66.02583,4359.4106,0.0,0.0,0.0,1.0,0.0,0.0,0.0,0.0,1.0,42.714287,26.333334,55.0,104.0,0.0,0.0,0.0,0.0,0.0,0.0,3.0,79.0,4.0,220.0,64240.0,255.0,1.0,32.0,0.0,0.0,0.0,0.0,0.0,0.0,0.0,0.0
8080.0,4.0,2.0,0.0,0.0,0.0,0.0,0.0,0.0,0.0,0.0,0.0,0.0,0.0,0.0,500000.0,4.0,0.0,4.0,4.0,4.0,4.0,0.0,4.0,4.0,0.0,0.0,0.0,0.0,0.0,0.0,0.0,0.0,0.0,64.0,0.0,500000.0,0.0,0.0,0.0,0.0,0.0,0.0,0.0,0.0,0.0,0.0,1.0,0.0,0.0,0.0,0.0,0.0,0.0,0.0,64.0,0.0,0.0,0.0,0.0,0.0,0.0,2.0,0.0,0.0,0.0,251.0,-1.0,0.0,32.0,0.0,0.0,0.0,0.0,0.0,0.0,0.0,0.0
8080.0,1927.0,2.0,0.0,0.0,0.0,0.0,0.0,0.0,0.0,0.0,0.0,0.0,0.0,0.0,1037.8827,1927.0,0.0,1927.0,1927.0,1927.0,1927.0,0.0,1927.0,1927.0,0.0,0.0,0.0,0.0,0.0,0.0,0.0,0.0,0.0,64.0,0.0,1037.8827,0.0,0.0,0.0,0.0,0.0,0.0,0.0,0.0,0.0,0.0,1.0,0.0,0.0,0.0,0.0,0.0,0.0,0.0,64.0,0.0,0.0,0.0,0.0,0.0,0.0,2.0,0.0,0.0,0.0,251.0,-1.0,0.0,32.0,0.0,0.0,0.0,0.0,0.0,0.0,0.0,0.0
8080.0,1861.0,3.0,4.0,79.0,220.0,79.0,0.0,26.333334,45.610672,185.0,0.0,55.0,88.223206,160666.31,3761.4187,310.16666,225.70815,636.0,5.0,725.0,362.5,505.58136,720.0,5.0,1500.0,500.0,349.44672,761.0,103.0,0.0,0.0,0.0,0.0,104.0,136.0,1612.0365,2149.382,0.0,185.0,37.375,66.02583,4359.4106,0.0,0.0,0.0,1.0,0.0,0.0,0.0,0.0,1.0,42.714287,26.333334,55.0,104.0,0.0,0.0,0.0,0.0,0.0,0.0,3.0,79.0,4.0,220.0,64240.0,255.0,1.0,32.0,0.0,0.0,0.0,0.0,0.0,0.0,0.0,0.0
8080.0,264.0,2.0,0.0,0.0,0.0,0.0,0.0,0.0,0.0,0.0,0.0,0.0,0.0,0.0,7575.758,264.0,0.0,264.0,264.0,264.0,264.0,0.0,264.0,264.0,0.0,0.0,0.0,0.0,0.0,0.0,0.0,0.0,0.0,64.0,0.0,7575.758,0.0,0.0,0.0,0.0,0.0,0.0,0.0,0.0,0.0,0.0,1.0,0.0,0.0,0.0,0.0,0.0,0.0,0.0,64.0,0.0,0.0,0.0,0.0,0.0,0.0,2.0,0.0,0.0,0.0,251.0,-1.0,0.0,32.0,0.0,0.0,0.0,0.0,0.0,0.0,0.0,0.0
8080.0,1209.0,3.0,4.0,79.0,220.0,79.0,0.0,26.333334,45.610672,185.0,0.0,55.0,88.223206,247311.83,5789.909,201.5,156.55638,460.0,0.0,588.0,294.0,264.45795,481.0,107.0,941.0,313.66666,411.80133,780.0,0.0,0.0,0.0,0.0,0.0,104.0,136.0,2481.3896,3308.5195,0.0,185.0,37.375,66.02583,4359.4106,0.0,0.0,0.0,1.0,0.0,0.0,0.0,0.0,1.0,42.714287,26.333334,55.0,104.0,0.0,0.0,0.0,0.0,0.0,0.0,3.0,79.0,4.0,220.0,64240.0,255.0,1.0,32.0,0.0,0.0,0.0,0.0,0.0,0.0,0.0,0.0
8080.0,5.0,2.0,0.0,0.0,0.0,0.0,0.0,0.0,0.0,0.0,0.0,0.0,0.0,0.0,400000.0,5.0,0.0,5.0,5.0,5.0,5.0,0.0,5.0,5.0,0.0,0.0,0.0,0.0,0.0,0.0,0.0,0.0,0.0,64.0,0.0,400000.0,0.0,0.0,0.0,0.0,0.0,0.0,0.0,0.0,0.0,0.0,1.0,0.0,0.0,0.0,0.0,0.0,0.0,0.0,64.0,0.0,0.0,0.0,0.0,0.0,0.0,2.0,0.0,0.0,0.0,251.0,-1.0,0.0,32.0,0.0,0.0,0.0,0.0,0.0,0.0,0.0,0.0
8080.0,1429.0,3.0,4.0,79.0,220.0,79.0,0.0,26.333334,45.610672,185.0,0.0,55.0,88.223206,209237.23,4898.5303,238.16667,120.34187,341.0,0.0,898.0,449.0,253.14423,628.0,270.0,1088.0,362.66666,412.87933,812.0,0.0,0.0,0.0,0.0,0.0,104.0,136.0,2099.37,2799.1602,0.0,185.0,37.375,66.02583,4359.4106,0.0,0.0,0.0,1.0,0.0,0.0,0.0,0.0,1.0,42.714287,26.333334,55.0,104.0,0.0,0.0,0.0,0.0,0.0,0.0,3.0,79.0,4.0,220.0,64240.0,255.0,1.0,32.0,0.0,0.0,0.0,0.0,0.0,0.0,0.0,0.0
8080.0,1858.0,3.0,4.0,79.0,220.0,79.0,0.0,26.333334,45.610672,185.0,0.0,55.0,88.223206,160925.73,3767.492,309.66666,231.0088,716.0,0.0,879.0,439.5,260.9224,624.0,255.0,1528.0,509.33334,443.6996,812.0,0.0,0.0,0.0,0.0,0.0,104.0,136.0,1614.6394,2152.8525,0.0,185.0,37.375,66.02583,4359.4106,0.0,0.0,0.0,1.0,0.0,0.0,0.0,0.0,1.0,42.714287,26.333334,55.0,104.0,0.0,0.0,0.0,0.0,0.0,0.0,3.0,79.0,4.0,220.0,64240.0,255.0,1.0,32.0,0.0,0.0,0.0,0.0,0.0,0.0,0.0,0.0
8080.0,1770.0,2.0,0.0,0.0,0.0,0.0,0.0,0.0,0.0,0.0,0.0,0.0,0.0,0.0,1129.9435,1770.0,0.0,1770.0,1770.0,1770.0,1770.0,0.0,1770.0,1770.0,0.0,0.0,0.0,0.0,0.0,0.0,0.0,0.0,0.0,64.0,0.0,1129.9435,0.0,0.0,0.0,0.0,0.0,0.0,0.0,0.0,0.0,0.0,1.0,0.0,0.0,0.0,0.0,0.0,0.0,0.0,64.0,0.0,0.0,0.0,0.0,0.0,0.0,2.0,0.0,0.0,0.0,251.0,-1.0,0.0,32.0,0.0,0.0,0.0,0.0,0.0,0.0,0.0,0.0
8080.0,1366.0,2.0,0.0,0.0,0.0,0.0,0.0,0.0,0.0,0.0,0.0,0.0,0.0,0.0,1464.1288,1366.0,0.0,1366.0,1366.0,1366.0,1366.0,0.0,1366.0,1366.0,0.0,0.0,0.0,0.0,0.0,0.0,0.0,0.0,0.0,64.0,0.0,1464.1288,0.0,0.0,0.0,0.0,0.0,0.0,0.0,0.0,0.0,0.0,1.0,0.0,0.0,0.0,0.0,0.0,0.0,0.0,64.0,0.0,0.0,0.0,0.0,0.0,0.0,2.0,0.0,0.0,0.0,251.0,-1.0,0.0,32.0,0.0,0.0,0.0,0.0,0.0,0.0,0.0,0.0
8080.0,1151.0,3.0,4.0,79.0,220.0,79.0,0.0,26.333334,45.610672,185.0,0.0,55.0,88.223206,259774.11,6081.668,191.83333,149.19171,306.0,0.0,609.0,304.5,427.7996,607.0,2.0,850.0,283.33334,278.6258,557.0,0.0,0.0,0.0,0.0,0.0,104.0,136.0,2606.4292,3475.239,0.0,185.0,37.375,66.02583,4359.4106,0.0,0.0,0.0,1.0,0.0,0.0,0.0,0.0,1.0,42.714287,26.333334,55.0,104.0,0.0,0.0,0.0,0.0,0.0,0.0,3.0,79.0,4.0,220.0,64240.0,255.0,1.0,32.0,0.0,0.0,0.0,0.0,0.0,0.0,0.0,0.0
8080.0,2361.0,3.0,4.0,79.0,220.0,79.0,0.0,26.333334,45.610672,185.0,0.0,55.0,88.223206,126641.25,2964.8455,393.5,373.51398,975.0,1.0,1087.0,543.5,761.554,1082.0,5.0,1790.0,596.6667,522.10565,975.0,1.0,0.0,0.0,0.0,0.0,104.0,136.0,1270.6481,1694.1974,0.0,185.0,37.375,66.02583,4359.4106,0.0,0.0,0.0,1.0,0.0,0.0,0.0,0.0,1.0,42.714287,26.333334,55.0,104.0,0.0,0.0,0.0,0.0,0.0,0.0,3.0,79.0,4.0,220.0,64240.0,255.0,1.0,32.0,0.0,0.0,0.0,0.0,0.0,0.0,0.0,0.0
8080.0,267.0,2.0,0.0,0.0,0.0,0.0,0.0,0.0,0.0,0.0,0.0,0.0,0.0,0.0,7490.6367,267.0,0.0,267.0,267.0,267.0,267.0,0.0,267.0,267.0,0.0,0.0,0.0,0.0,0.0,0.0,0.0,0.0,0.0,64.0,0.0,7490.6367,0.0,0.0,0.0,0.0,0.0,0.0,0.0,0.0,0.0,0.0,1.0,0.0,0.0,0.0,0.0,0.0,0.0,0.0,64.0,0.0,0.0,0.0,0.0,0.0,0.0,2.0,0.0,0.0,0.0,251.0,-1.0,0.0,32.0,0.0,0.0,0.0,0.0,0.0,0.0,0.0,0.0
8080.0,743.0,2.0,0.0,0.0,0.0,0.0,0.0,0.0,0.0,0.0,0.0,0.0,0.0,0.0,2691.79,743.0,0.0,743.0,743.0,743.0,743.0,0.0,743.0,743.0,0.0,0.0,0.0,0.0,0.0,0.0,0.0,0.0,0.0,64.0,0.0,2691.79,0.0,0.0,0.0,0.0,0.0,0.0,0.0,0.0,0.0,0.0,1.0,0.0,0.0,0.0,0.0,0.0,0.0,0.0,64.0,0.0,0.0,0.0,0.0,0.0,0.0,2.0,0.0,0.0,0.0,251.0,-1.0,0.0,32.0,0.0,0.0,0.0,0.0,0.0,0.0,0.0,0.0
8080.0,1867.0,3.0,4.0,79.0,220.0,79.0,0.0,26.333334,45.610672,185.0,0.0,55.0,88.223206,160149.97,3749.3306,311.16666,244.39838,558.0,0.0,863.0,431.5,604.5763,859.0,4.0,1424.0,474.66666,438.97305,866.0,0.0,0.0,0.0,0.0,0.0,104.0,136.0,1606.856,2142.4746,0.0,185.0,37.375,66.02583,4359.4106,0.0,0.0,0.0,1.0,0.0,0.0,0.0,0.0,1.0,42.714287,26.333334,55.0,104.0,0.0,0.0,0.0,0.0,0.0,0.0,3.0,79.0,4.0,220.0,64240.0,255.0,1.0,32.0,0.0,0.0,0.0,0.0,0.0,0.0,0.0,0.0
8080.0,6.0,2.0,0.0,0.0,0.0,0.0,0.0,0.0,0.0,0.0,0.0,0.0,0.0,0.0,333333.34,6.0,0.0,6.0,6.0,6.0,6.0,0.0,6.0,6.0,0.0,0.0,0.0,0.0,0.0,0.0,0.0,0.0,0.0,64.0,0.0,333333.34,0.0,0.0,0.0,0.0,0.0,0.0,0.0,0.0,0.0,0.0,1.0,0.0,0.0,0.0,0.0,0.0,0.0,0.0,64.0,0.0,0.0,0.0,0.0,0.0,0.0,2.0,0.0,0.0,0.0,251.0,-1.0,0.0,32.0,0.0,0.0,0.0,0.0,0.0,0.0,0.0,0.0
8080.0,1846.0,3.0,4.0,79.0,220.0,79.0,0.0,26.333334,45.610672,185.0,0.0,55.0,88.223206,161971.83,3791.9827,307.66666,144.31725,440.0,47.0,811.0,405.5,506.99557,764.0,47.0,1512.0,504.0,359.62897,917.0,260.0,0.0,0.0,0.0,0.0,104.0,136.0,1625.1354,2166.8472,0.0,185.0,37.375,66.02583,4359.4106,0.0,0.0,0.0,1.0,0.0,0.0,0.0,0.0,1.0,42.714287,26.333334,55.0,104.0,0.0,0.0,0.0,0.0,0.0,0.0,3.0,79.0,4.0,220.0,64240.0,255.0,1.0,32.0,0.0,0.0,0.0,0.0,0.0,0.0,0.0,0.0
8080.0,29.0,2.0,0.0,0.0,0.0,0.0,0.0,0.0,0.0,0.0,0.0,0.0,0.0,0.0,68965.516,29.0,0.0,29.0,29.0,29.0,29.0,0.0,29.0,29.0,0.0,0.0,0.0,0.0,0.0,0.0,0.0,0.0,0.0,64.0,0.0,68965.516,0.0,0.0,0.0,0.0,0.0,0.0,0.0,0.0,0.0,0.0,1.0,0.0,0.0,0.0,0.0,0.0,0.0,0.0,64.0,0.0,0.0,0.0,0.0,0.0,0.0,2.0,0.0,0.0,0.0,251.0,-1.0,0.0,32.0,0.0,0.0,0.0,0.0,0.0,0.0,0.0,0.0
8080.0,2906.0,3.0,4.0,79.0,220.0,79.0,0.0,26.333334,45.610672,185.0,0.0,55.0,88.223206,102890.57,2408.8093,484.33334,301.8229,800.0,0.0,1891.0,945.5,205.76807,1091.0,800.0,2235.0,745.0,763.6367,1526.0,0.0,0.0,0.0,0.0,0.0,104.0,136.0,1032.3469,1376.4625,0.0,185.0,37.375,66.02583,4359.4106,0.0,0.0,0.0,1.0,0.0,0.0,0.0,0.0,1.0,42.714287,26.333334,55.0,104.0,0.0,0.0,0.0,0.0,0.0,0.0,3.0,79.0,4.0,220.0,64240.0,255.0,1.0,32.0,0.0,0.0,0.0,0.0,0.0,0.0,0.0,0.0
8080.0,5.0,2.0,0.0,0.0,0.0,0.0,0.0,0.0,0.0,0.0,0.0,0.0,0.0,0.0,400000.0,5.0,0.0,5.0,5.0,5.0,5.0,0.0,5.0,5.0,0.0,0.0,0.0,0.0,0.0,0.0,0.0,0.0,0.0,64.0,0.0,400000.0,0.0,0.0,0.0,0.0,0.0,0.0,0.0,0.0,0.0,0.0,1.0,0.0,0.0,0.0,0.0,0.0,0.0,0.0,64.0,0.0,0.0,0.0,0.0,0.0,0.0,2.0,0.0,0.0,0.0,251.0,-1.0,0.0,32.0,0.0,0.0,0.0,0.0,0.0,0.0,0.0,0.0
8080.0,2480.0,3.0,4.0,79.0,220.0,79.0,0.0,26.333334,45.610672,185.0,0.0,55.0,88.223206,120564.516,2822.5806,413.33334,324.60046,700.0,0.0,1202.0,601.0,838.62866,1194.0,8.0,1986.0,662.0,686.70734,1371.0,0.0,0.0,0.0,0.0,0.0,104.0,136.0,1209.6774,1612.9032,0.0,185.0,37.375,66.02583,4359.4106,0.0,0.0,0.0,1.0,0.0,0.0,0.0,0.0,1.0,42.714287,26.333334,55.0,104.0,0.0,0.0,0.0,0.0,0.0,0.0,3.0,79.0,4.0,220.0,64240.0,255.0,1.0,32.0,0.0,0.0,0.0,0.0,0.0,0.0,0.0,0.0
8080.0,0.0,2.0,0.0,0.0,0.0,0.0,0.0,0.0,0.0,0.0,0.0,0.0,0.0,,,0.0,0.0,0.0,0.0,0.0,0.0,0.0,0.0,0.0,0.0,0.0,0.0,0.0,0.0,0.0,0.0,0.0,0.0,64.0,0.0,0.0,0.0,0.0,0.0,0.0,0.0,0.0,0.0,0.0,0.0,0.0,1.0,0.0,0.0,0.0,0.0,0.0,0.0,0.0,64.0,0.0,0.0,0.0,0.0,0.0,0.0,2.0,0.0,0.0,0.0,251.0,-1.0,0.0,32.0,0.0,0.0,0.0,0.0,0.0,0.0,0.0,0.0
8080.0,2387.0,4.0,4.0,79.0,220.0,79.0,0.0,19.75,39.5,185.0,0.0,55.0,88.223206,125261.836,3351.4873,341.0,202.35365,523.0,5.0,2382.0,794.0,611.7483,1270.0,104.0,1902.0,634.0,339.89853,1025.0,409.0,0.0,0.0,0.0,0.0,136.0,136.0,1675.7437,1675.7437,0.0,185.0,33.22222,63.005512,3969.6943,0.0,0.0,0.0,1.0,0.0,0.0,0.0,0.0,1.0,37.375,19.75,55.0,136.0,0.0,0.0,0.0,0.0,0.0,0.0,4.0,79.0,4.0,220.0,64240.0,255.0,1.0,32.0,0.0,0.0,0.0,0.0,0.0,0.0,0.0,0.0
8080.0,2187.0,3.0,4.0,79.0,220.0,79.0,0.0,26.333334,45.610672,185.0,0.0,55.0,88.223206,136716.97,3200.7317,364.5,308.6537,828.0,4.0,881.0,440.5,580.53467,851.0,30.0,1772.0,590.6667,511.1451,940.0,4.0,0.0,0.0,0.0,0.0,104.0,136.0,1371.7421,1828.9895,0.0,185.0,37.375,66.02583,4359.4106,0.0,0.0,0.0,1.0,0.0,0.0,0.0,0.0,1.0,42.714287,26.333334,55.0,104.0,0.0,0.0,0.0,0.0,0.0,0.0,3.0,79.0,4.0,220.0,64240.0,255.0,1.0,32.0,0.0,0.0,0.0,0.0,0.0,0.0,0.0,0.0
8080.0,508.0,2.0,0.0,0.0,0.0,0.0,0.0,0.0,0.0,0.0,0.0,0.0,0.0,0.0,3937.0078,508.0,0.0,508.0,508.0,508.0,508.0,0.0,508.0,508.0,0.0,0.0,0.0,0.0,0.0,0.0,0.0,0.0,0.0,64.0,0.0,3937.0078,0.0,0.0,0.0,0.0,0.0,0.0,0.0,0.0,0.0,0.0,1.0,0.0,0.0,0.0,0.0,0.0,0.0,0.0,64.0,0.0,0.0,0.0,0.0,0.0,0.0,2.0,0.0,0.0,0.0,251.0,-1.0,0.0,32.0,0.0,0.0,0.0,0.0,0.0,0.0,0.0,0.0
8080.0,2501.0,3.0,4.0,79.0,220.0,79.0,0.0,26.333334,45.610672,185.0,0.0,55.0,88.223206,119552.18,2798.8804,416.83334,404.1769,912.0,0.0,1278.0,639.0,896.6114,1273.0,5.0,1619.0,539.6667,478.47293,912.0,0.0,0.0,0.0,0.0,0.0,104.0,136.0,1199.5201,1599.3602,0.0,185.0,37.375,66.02583,4359.4106,0.0,0.0,0.0,1.0,0.0,0.0,0.0,0.0,1.0,42.714287,26.333334,55.0,104.0,0.0,0.0,0.0,0.0,0.0,0.0,3.0,79.0,4.0,220.0,64240.0,255.0,1.0,32.0,0.0,0.0,0.0,0.0,0.0,0.0,0.0,0.0
8080.0,3334.0,4.0,4.0,79.0,220.0,79.0,0.0,19.75,39.5,185.0,0.0,55.0,88.223206,89682.06,2399.52,476.2857,230.04834,803.0,129.0,2943.0,981.0,737.96814,1420.0,129.0,2531.0,843.6667,242.65475,1123.0,685.0,0.0,0.0,0.0,0.0,136.0,136.0,1199.76,1199.76,0.0,185.0,33.22222,63.005512,3969.6943,0.0,0.0,0.0,1.0,0.0,0.0,0.0,0.0,1.0,37.375,19.75,55.0,136.0,0.0,0.0,0.0,0.0,0.0,0.0,4.0,79.0,4.0,220.0,64240.0,255.0,1.0,32.0,0.0,0.0,0.0,0.0,0.0,0.0,0.0,0.0
8080.0,397.0,2.0,0.0,0.0,0.0,0.0,0.0,0.0,0.0,0.0,0.0,0.0,0.0,0.0,5037.783,397.0,0.0,397.0,397.0,397.0,397.0,0.0,397.0,397.0,0.0,0.0,0.0,0.0,0.0,0.0,0.0,0.0,0.0,64.0,0.0,5037.783,0.0,0.0,0.0,0.0,0.0,0.0,0.0,0.0,0.0,0.0,1.0,0.0,0.0,0.0,0.0,0.0,0.0,0.0,64.0,0.0,0.0,0.0,0.0,0.0,0.0,2.0,0.0,0.0,0.0,251.0,-1.0,0.0,32.0,0.0,0.0,0.0,0.0,0.0,0.0,0.0,0.0
8080.0,2061.0,3.0,4.0,79.0,220.0,79.0,0.0,26.333334,45.610672,185.0,0.0,55.0,88.223206,145075.2,3396.4094,343.5,195.15506,559.0,0.0,1157.0,578.5,437.6991,888.0,269.0,1628.0,542.6667,534.68713,1069.0,0.0,0.0,0.0,0.0,0.0,104.0,136.0,1455.6041,1940.8054,0.0,185.0,37.375,66.02583,4359.4106,0.0,0.0,0.0,1.0,0.0,0.0,0.0,0.0,1.0,42.714287,26.333334,55.0,104.0,0.0,0.0,0.0,0.0,0.0,0.0,3.0,79.0,4.0,220.0,64240.0,255.0,1.0,32.0,0.0,0.0,0.0,0.0,0.0,0.0,0.0,0.0
8080.0,6.0,2.0,0.0,0.0,0.0,0.0,0.0,0.0,0.0,0.0,0.0,0.0,0.0,0.0,333333.34,6.0,0.0,6.0,6.0,6.0,6.0,0.0,6.0,6.0,0.0,0.0,0.0,0.0,0.0,0.0,0.0,0.0,0.0,64.0,0.0,333333.34,0.0,0.0,0.0,0.0,0.0,0.0,0.0,0.0,0.0,0.0,1.0,0.0,0.0,0.0,0.0,0.0,0.0,0.0,64.0,0.0,0.0,0.0,0.0,0.0,0.0,2.0,0.0,0.0,0.0,251.0,-1.0,0.0,32.0,0.0,0.0,0.0,0.0,0.0,0.0,0.0,0.0
8080.0,2368.0,3.0,4.0,79.0,220.0,79.0,0.0,26.333334,45.610672,185.0,0.0,55.0,88.223206,126266.89,2956.081,394.66666,356.2076,898.0,0.0,1075.0,537.5,754.4829,1071.0,4.0,1961.0,653.6667,572.07196,1063.0,0.0,0.0,0.0,0.0,0.0,104.0,136.0,1266.8918,1689.1892,0.0,185.0,37.375,66.02583,4359.4106,0.0,0.0,0.0,1.0,0.0,0.0,0.0,0.0,1.0,42.714287,26.333334,55.0,104.0,0.0,0.0,0.0,0.0,0.0,0.0,3.0,79.0,4.0,220.0,64240.0,255.0,1.0,32.0,0.0,0.0,0.0,0.0,0.0,0.0,0.0,0.0
8080.0,0.0,2.0,0.0,0.0,0.0,0.0,0.0,0.0,0.0,0.0,0.0,0.0,0.0,,,0.0,0.0,0.0,0.0,0.0,0.0,0.0,0.0,0.0,0.0,0.0,0.0,0.0,0.0,0.0,0.0,0.0,0.0,64.0,0.0,0.0,0.0,0.0,0.0,0.0,0.0,0.0,0.0,0.0,0.0,0.0,1.0,0.0,0.0,0.0,0.0,0.0,0.0,0.0,64.0,0.0,0.0,0.0,0.0,0.0,0.0,2.0,0.0,0.0,0.0,251.0,-1.0,0.0,32.0,0.0,0.0,0.0,0.0,0.0,0.0,0.0,0.0
8080.0,2356.0,3.0,4.0,79.0,220.0,79.0,0.0,26.333334,45.610672,185.0,0.0,55.0,88.223206,126910.016,2971.1375,392.66666,469.6116,1277.0,0.0,805.0,402.5,557.9072,797.0,8.0,2004.0,668.0,640.5412,1277.0,0.0,0.0,0.0,0.0,0.0,104.0,136.0,1273.3446,1697.7928,0.0,185.0,37.375,66.02583,4359.4106,0.0,0.0,0.0,1.0,0.0,0.0,0.0,0.0,1.0,42.714287,26.333334,55.0,104.0,0.0,0.0,0.0,0.0,0.0,0.0,3.0,79.0,4.0,220.0,64240.0,255.0,1.0,32.0,0.0,0.0,0.0,0.0,0.0,0.0,0.0,0.0
8080.0,18.0,2.0,0.0,0.0,0.0,0.0,0.0,0.0,0.0,0.0,0.0,0.0,0.0,0.0,111111.11,18.0,0.0,18.0,18.0,18.0,18.0,0.0,18.0,18.0,0.0,0.0,0.0,0.0,0.0,0.0,0.0,0.0,0.0,64.0,0.0,111111.11,0.0,0.0,0.0,0.0,0.0,0.0,0.0,0.0,0.0,0.0,1.0,0.0,0.0,0.0,0.0,0.0,0.0,0.0,64.0,0.0,0.0,0.0,0.0,0.0,0.0,2.0,0.0,0.0,0.0,251.0,-1.0,0.0,32.0,0.0,0.0,0.0,0.0,0.0,0.0,0.0,0.0
8080.0,2206.0,3.0,4.0,79.0,220.0,79.0,0.0,26.333334,45.610672,185.0,0.0,55.0,88.223206,135539.44,3173.164,367.66666,120.15768,576.0,224.0,1227.0,613.5,53.03301,651.0,576.0,1863.0,621.0,526.31647,1218.0,224.0,0.0,0.0,0.0,0.0,104.0,136.0,1359.9275,1813.2366,0.0,185.0,37.375,66.02583,4359.4106,0.0,0.0,0.0,1.0,0.0,0.0,0.0,0.0,1.0,42.714287,26.333334,55.0,104.0,0.0,0.0,0.0,0.0,0.0,0.0,3.0,79.0,4.0,220.0,64240.0,255.0,1.0,32.0,0.0,0.0,0.0,0.0,0.0,0.0,0.0,0.0
8080.0,14.0,2.0,0.0,0.0,0.0,0.0,0.0,0.0,0.0,0.0,0.0,0.0,0.0,0.0,142857.14,14.0,0.0,14.0,14.0,14.0,14.0,0.0,14.0,14.0,0.0,0.0,0.0,0.0,0.0,0.0,0.0,0.0,0.0,64.0,0.0,142857.14,0.0,0.0,0.0,0.0,0.0,0.0,0.0,0.0,0.0,0.0,1.0,0.0,0.0,0.0,0.0,0.0,0.0,0.0,64.0,0.0,0.0,0.0,0.0,0.0,0.0,2.0,0.0,0.0,0.0,251.0,-1.0,0.0,32.0,0.0,0.0,0.0,0.0,0.0,0.0,0.0,0.0
8080.0,2181.0,3.0,4.0,79.0,220.0,79.0,0.0,26.333334,45.610672,185.0,0.0,55.0,88.223206,137093.08,3209.5369,363.5,281.21005,855.0,0.0,893.0,446.5,177.4838,572.0,321.0,1934.0,644.6667,569.421,1079.0,0.0,0.0,0.0,0.0,0.0,104.0,136.0,1375.5159,1834.0211,0.0,185.0,37.375,66.02583,4359.4106,0.0,0.0,0.0,1.0,0.0,0.0,0.0,0.0,1.0,42.714287,26.333334,55.0,104.0,0.0,0.0,0.0,0.0,0.0,0.0,3.0,79.0,4.0,220.0,64240.0,255.0,1.0,32.0,0.0,0.0,0.0,0.0,0.0,0.0,0.0,0.0
8080.0,15.0,2.0,0.0,0.0,0.0,0.0,0.0,0.0,0.0,0.0,0.0,0.0,0.0,0.0,133333.33,15.0,0.0,15.0,15.0,15.0,15.0,0.0,15.0,15.0,0.0,0.0,0.0,0.0,0.0,0.0,0.0,0.0,0.0,64.0,0.0,133333.33,0.0,0.0,0.0,0.0,0.0,0.0,0.0,0.0,0.0,0.0,1.0,0.0,0.0,0.0,0.0,0.0,0.0,0.0,64.0,0.0,0.0,0.0,0.0,0.0,0.0,2.0,0.0,0.0,0.0,251.0,-1.0,0.0,32.0,0.0,0.0,0.0,0.0,0.0,0.0,0.0,0.0
8080.0,1857.0,3.0,4.0,79.0,220.0,79.0,0.0,26.333334,45.610672,185.0,0.0,55.0,88.223206,161012.39,3769.5208,309.5,266.84583,614.0,0.0,976.0,488.0,684.4794,972.0,4.0,1300.0,433.33334,536.2111,1033.0,0.0,0.0,0.0,0.0,0.0,104.0,136.0,1615.5089,2154.012,0.0,185.0,37.375,66.02583,4359.4106,0.0,0.0,0.0,1.0,0.0,0.0,0.0,0.0,1.0,42.714287,26.333334,55.0,104.0,0.0,0.0,0.0,0.0,0.0,0.0,3.0,79.0,4.0,220.0,64240.0,255.0,1.0,32.0,0.0,0.0,0.0,0.0,0.0,0.0,0.0,0.0
8080.0,830.0,2.0,0.0,0.0,0.0,0.0,0.0,0.0,0.0,0.0,0.0,0.0,0.0,0.0,2409.6387,830.0,0.0,830.0,830.0,830.0,830.0,0.0,830.0,830.0,0.0,0.0,0.0,0.0,0.0,0.0,0.0,0.0,0.0,64.0,0.0,2409.6387,0.0,0.0,0.0,0.0,0.0,0.0,0.0,0.0,0.0,0.0,1.0,0.0,0.0,0.0,0.0,0.0,0.0,0.0,64.0,0.0,0.0,0.0,0.0,0.0,0.0,2.0,0.0,0.0,0.0,251.0,-1.0,0.0,32.0,0.0,0.0,0.0,0.0,0.0,0.0,0.0,0.0
8080.0,3021.0,3.0,4.0,79.0,220.0,79.0,0.0,26.333334,45.610672,185.0,0.0,55.0,88.223206,98973.85,2317.1135,503.5,494.09665,1433.0,0.0,2420.0,1210.0,315.36963,1433.0,987.0,2611.0,870.3333,1302.6958,2368.0,0.0,0.0,0.0,0.0,0.0,104.0,136.0,993.04865,1324.0648,0.0,185.0,37.375,66.02583,4359.4106,0.0,0.0,0.0,1.0,0.0,0.0,0.0,0.0,1.0,42.714287,26.333334,55.0,104.0,0.0,0.0,0.0,0.0,0.0,0.0,3.0,79.0,4.0,220.0,64240.0,255.0,1.0,32.0,0.0,0.0,0.0,0.0,0.0,0.0,0.0,0.0
8080.0,5.0,2.0,0.0,0.0,0.0,0.0,0.0,0.0,0.0,0.0,0.0,0.0,0.0,0.0,400000.0,5.0,0.0,5.0,5.0,5.0,5.0,0.0,5.0,5.0,0.0,0.0,0.0,0.0,0.0,0.0,0.0,0.0,0.0,64.0,0.0,400000.0,0.0,0.0,0.0,0.0,0.0,0.0,0.0,0.0,0.0,0.0,1.0,0.0,0.0,0.0,0.0,0.0,0.0,0.0,64.0,0.0,0.0,0.0,0.0,0.0,0.0,2.0,0.0,0.0,0.0,251.0,-1.0,0.0,32.0,0.0,0.0,0.0,0.0,0.0,0.0,0.0,0.0
8080.0,3164.0,3.0,4.0,79.0,220.0,79.0,0.0,26.333334,45.610672,185.0,0.0,55.0,88.223206,94500.63,2212.3894,527.3333,432.5731,1365.0,157.0,2308.0,1154.0,298.39905,1365.0,943.0,2793.0,931.0,1227.229,2346.0,157.0,0.0,0.0,0.0,0.0,104.0,136.0,948.1669,1264.2225,0.0,185.0,37.375,66.02583,4359.4106,0.0,0.0,0.0,1.0,0.0,0.0,0.0,0.0,1.0,42.714287,26.333334,55.0,104.0,0.0,0.0,0.0,0.0,0.0,0.0,3.0,79.0,4.0,220.0,64240.0,255.0,1.0,32.0,0.0,0.0,0.0,0.0,0.0,0.0,0.0,0.0
8080.0,146.0,2.0,0.0,0.0,0.0,0.0,0.0,0.0,0.0,0.0,0.0,0.0,0.0,0.0,13698.63,146.0,0.0,146.0,146.0,146.0,146.0,0.0,146.0,146.0,0.0,0.0,0.0,0.0,0.0,0.0,0.0,0.0,0.0,64.0,0.0,13698.63,0.0,0.0,0.0,0.0,0.0,0.0,0.0,0.0,0.0,0.0,1.0,0.0,0.0,0.0,0.0,0.0,0.0,0.0,64.0,0.0,0.0,0.0,0.0,0.0,0.0,2.0,0.0,0.0,0.0,251.0,-1.0,0.0,32.0,0.0,0.0,0.0,0.0,0.0,0.0,0.0,0.0
8080.0,2363.0,3.0,4.0,79.0,220.0,79.0,0.0,26.333334,45.610672,185.0,0.0,55.0,88.223206,126534.07,2962.336,393.83334,287.52975,857.0,0.0,1123.0,561.5,365.57422,820.0,303.0,2085.0,695.0,892.8656,1702.0,0.0,0.0,0.0,0.0,0.0,104.0,136.0,1269.5726,1692.7634,0.0,185.0,37.375,66.02583,4359.4106,0.0,0.0,0.0,1.0,0.0,0.0,0.0,0.0,1.0,42.714287,26.333334,55.0,104.0,0.0,0.0,0.0,0.0,0.0,0.0,3.0,79.0,4.0,220.0,64240.0,255.0,1.0,32.0,0.0,0.0,0.0,0.0,0.0,0.0,0.0,0.0
8080.0,209.0,2.0,0.0,0.0,0.0,0.0,0.0,0.0,0.0,0.0,0.0,0.0,0.0,0.0,9569.378,209.0,0.0,209.0,209.0,209.0,209.0,0.0,209.0,209.0,0.0,0.0,0.0,0.0,0.0,0.0,0.0,0.0,0.0,64.0,0.0,9569.378,0.0,0.0,0.0,0.0,0.0,0.0,0.0,0.0,0.0,0.0,1.0,0.0,0.0,0.0,0.0,0.0,0.0,0.0,64.0,0.0,0.0,0.0,0.0,0.0,0.0,2.0,0.0,0.0,0.0,251.0,-1.0,0.0,32.0,0.0,0.0,0.0,0.0,0.0,0.0,0.0,0.0
8080.0,2795.0,3.0,4.0,79.0,220.0,79.0,0.0,26.333334,45.610672,185.0,0.0,55.0,88.223206,106976.74,2504.4722,465.83334,385.48535,836.0,0.0,1140.0,570.0,804.6875,1139.0,1.0,2341.0,780.3333,761.7364,1522.0,0.0,0.0,0.0,0.0,0.0,104.0,136.0,1073.3452,1431.127,0.0,185.0,37.375,66.02583,4359.4106,0.0,0.0,0.0,1.0,0.0,0.0,0.0,0.0,1.0,42.714287,26.333334,55.0,104.0,0.0,0.0,0.0,0.0,0.0,0.0,3.0,79.0,4.0,220.0,64240.0,255.0,1.0,32.0,0.0,0.0,0.0,0.0,0.0,0.0,0.0,0.0
8080.0,3062.0,4.0,4.0,79.0,220.0,79.0,0.0,19.75,39.5,185.0,0.0,55.0,88.223206,97648.59,2612.6714,437.42856,297.43954,829.0,26.0,2800.0,933.3333,827.35803,1646.0,26.0,2601.0,867.0,681.9318,1522.0,161.0,0.0,0.0,0.0,0.0,136.0,136.0,1306.3357,1306.3357,0.0,185.0,33.22222,63.005512,3969.6943,0.0,0.0,0.0,1.0,0.0,0.0,0.0,0.0,1.0,37.375,19.75,55.0,136.0,0.0,0.0,0.0,0.0,0.0,0.0,4.0,79.0,4.0,220.0,64240.0,255.0,1.0,32.0,0.0,0.0,0.0,0.0,0.0,0.0,0.0,0.0
8080.0,143.0,2.0,0.0,0.0,0.0,0.0,0.0,0.0,0.0,0.0,0.0,0.0,0.0,0.0,13986.014,143.0,0.0,143.0,143.0,143.0,143.0,0.0,143.0,143.0,0.0,0.0,0.0,0.0,0.0,0.0,0.0,0.0,0.0,64.0,0.0,13986.014,0.0,0.0,0.0,0.0,0.0,0.0,0.0,0.0,0.0,0.0,1.0,0.0,0.0,0.0,0.0,0.0,0.0,0.0,64.0,0.0,0.0,0.0,0.0,0.0,0.0,2.0,0.0,0.0,0.0,251.0,-1.0,0.0,32.0,0.0,0.0,0.0,0.0,0.0,0.0,0.0,0.0
8080.0,4287.0,3.0,4.0,79.0,220.0,79.0,0.0,26.333334,45.610672,185.0,0.0,55.0,88.223206,69745.74,1632.8435,714.5,741.2764,2210.0,270.0,3293.0,1646.5,796.90936,2210.0,1083.0,3736.0,1245.3334,1652.2277,3153.0,270.0,0.0,0.0,0.0,0.0,104.0,136.0,699.79004,933.0534,0.0,185.0,37.375,66.02583,4359.4106,0.0,0.0,0.0,1.0,0.0,0.0,0.0,0.0,1.0,42.714287,26.333334,55.0,104.0,0.0,0.0,0.0,0.0,0.0,0.0,3.0,79.0,4.0,220.0,64240.0,255.0,1.0,32.0,0.0,0.0,0.0,0.0,0.0,0.0,0.0,0.0
8080.0,2138.0,3.0,4.0,79.0,220.0,79.0,0.0,26.333334,45.610672,185.0,0.0,55.0,88.223206,139850.33,3274.088,356.33334,191.80685,562.0,0.0,1228.0,614.0,213.54625,765.0,463.0,1725.0,575.0,716.01605,1377.0,0.0,0.0,0.0,0.0,0.0,104.0,136.0,1403.1805,1870.9073,0.0,185.0,37.375,66.02583,4359.4106,0.0,0.0,0.0,1.0,0.0,0.0,0.0,0.0,1.0,42.714287,26.333334,55.0,104.0,0.0,0.0,0.0,0.0,0.0,0.0,3.0,79.0,4.0,220.0,64240.0,255.0,1.0,32.0,0.0,0.0,0.0,0.0,0.0,0.0,0.0,0.0
8080.0,1.0,2.0,0.0,0.0,0.0,0.0,0.0,0.0,0.0,0.0,0.0,0.0,0.0,0.0,2e+06,1.0,0.0,1.0,1.0,1.0,1.0,0.0,1.0,1.0,0.0,0.0,0.0,0.0,0.0,0.0,0.0,0.0,0.0,64.0,0.0,2e+06,0.0,0.0,0.0,0.0,0.0,0.0,0.0,0.0,0.0,0.0,1.0,0.0,0.0,0.0,0.0,0.0,0.0,0.0,64.0,0.0,0.0,0.0,0.0,0.0,0.0,2.0,0.0,0.0,0.0,251.0,-1.0,0.0,32.0,0.0,0.0,0.0,0.0,0.0,0.0,0.0,0.0
8080.0,369.0,2.0,0.0,0.0,0.0,0.0,0.0,0.0,0.0,0.0,0.0,0.0,0.0,0.0,5420.054,369.0,0.0,369.0,369.0,369.0,369.0,0.0,369.0,369.0,0.0,0.0,0.0,0.0,0.0,0.0,0.0,0.0,0.0,64.0,0.0,5420.054,0.0,0.0,0.0,0.0,0.0,0.0,0.0,0.0,0.0,0.0,1.0,0.0,0.0,0.0,0.0,0.0,0.0,0.0,64.0,0.0,0.0,0.0,0.0,0.0,0.0,2.0,0.0,0.0,0.0,251.0,-1.0,0.0,32.0,0.0,0.0,0.0,0.0,0.0,0.0,0.0,0.0
8080.0,2153.0,3.0,4.0,79.0,220.0,79.0,0.0,26.333334,45.610672,185.0,0.0,55.0,88.223206,138875.98,3251.2773,358.83334,278.19592,603.0,0.0,1020.0,510.0,709.9352,1012.0,8.0,1609.0,536.3333,506.3026,1006.0,0.0,0.0,0.0,0.0,0.0,104.0,136.0,1393.4045,1857.8727,0.0,185.0,37.375,66.02583,4359.4106,0.0,0.0,0.0,1.0,0.0,0.0,0.0,0.0,1.0,42.714287,26.333334,55.0,104.0,0.0,0.0,0.0,0.0,0.0,0.0,3.0,79.0,4.0,220.0,64240.0,255.0,1.0,32.0,0.0,0.0,0.0,0.0,0.0,0.0,0.0,0.0
8080.0,217.0,2.0,0.0,0.0,0.0,0.0,0.0,0.0,0.0,0.0,0.0,0.0,0.0,0.0,9216.59,217.0,0.0,217.0,217.0,217.0,217.0,0.0,217.0,217.0,0.0,0.0,0.0,0.0,0.0,0.0,0.0,0.0,0.0,64.0,0.0,9216.59,0.0,0.0,0.0,0.0,0.0,0.0,0.0,0.0,0.0,0.0,1.0,0.0,0.0,0.0,0.0,0.0,0.0,0.0,64.0,0.0,0.0,0.0,0.0,0.0,0.0,2.0,0.0,0.0,0.0,251.0,-1.0,0.0,32.0,0.0,0.0,0.0,0.0,0.0,0.0,0.0,0.0
8080.0,3666.0,3.0,4.0,79.0,220.0,79.0,0.0,26.333334,45.610672,185.0,0.0,55.0,88.223206,81560.28,1909.4381,611.0,905.96423,2441.0,0.0,2977.0,1488.5,1347.0385,2441.0,536.0,3354.0,1118.0,1658.8707,3024.0,0.0,0.0,0.0,0.0,0.0,104.0,136.0,818.3306,1091.1074,0.0,185.0,37.375,66.02583,4359.4106,0.0,0.0,0.0,1.0,0.0,0.0,0.0,0.0,1.0,42.714287,26.333334,55.0,104.0,0.0,0.0,0.0,0.0,0.0,0.0,3.0,79.0,4.0,220.0,64240.0,255.0,1.0,32.0,0.0,0.0,0.0,0.0,0.0,0.0,0.0,0.0
8080.0,5.0,2.0,0.0,0.0,0.0,0.0,0.0,0.0,0.0,0.0,0.0,0.0,0.0,0.0,400000.0,5.0,0.0,5.0,5.0,5.0,5.0,0.0,5.0,5.0,0.0,0.0,0.0,0.0,0.0,0.0,0.0,0.0,0.0,64.0,0.0,400000.0,0.0,0.0,0.0,0.0,0.0,0.0,0.0,0.0,0.0,0.0,1.0,0.0,0.0,0.0,0.0,0.0,0.0,0.0,64.0,0.0,0.0,0.0,0.0,0.0,0.0,2.0,0.0,0.0,0.0,251.0,-1.0,0.0,32.0,0.0,0.0,0.0,0.0,0.0,0.0,0.0,0.0
8080.0,2167.0,3.0,4.0,79.0,220.0,79.0,0.0,26.333334,45.610672,185.0,0.0,55.0,88.223206,137978.77,3230.2722,361.16666,288.8719,681.0,0.0,1039.0,519.5,729.0271,1035.0,4.0,1631.0,543.6667,597.8899,1184.0,0.0,0.0,0.0,0.0,0.0,104.0,136.0,1384.4023,1845.8699,0.0,185.0,37.375,66.02583,4359.4106,0.0,0.0,0.0,1.0,0.0,0.0,0.0,0.0,1.0,42.714287,26.333334,55.0,104.0,0.0,0.0,0.0,0.0,0.0,0.0,3.0,79.0,4.0,220.0,64240.0,255.0,1.0,32.0,0.0,0.0,0.0,0.0,0.0,0.0,0.0,0.0
8080.0,532.0,2.0,0.0,0.0,0.0,0.0,0.0,0.0,0.0,0.0,0.0,0.0,0.0,0.0,3759.3984,532.0,0.0,532.0,532.0,532.0,532.0,0.0,532.0,532.0,0.0,0.0,0.0,0.0,0.0,0.0,0.0,0.0,0.0,64.0,0.0,3759.3984,0.0,0.0,0.0,0.0,0.0,0.0,0.0,0.0,0.0,0.0,1.0,0.0,0.0,0.0,0.0,0.0,0.0,0.0,64.0,0.0,0.0,0.0,0.0,0.0,0.0,2.0,0.0,0.0,0.0,251.0,-1.0,0.0,32.0,0.0,0.0,0.0,0.0,0.0,0.0,0.0,0.0
8080.0,2253.0,3.0,4.0,79.0,220.0,79.0,0.0,26.333334,45.610672,185.0,0.0,55.0,88.223206,132711.94,3106.9685,375.5,287.19452,788.0,8.0,1216.0,608.0,848.52814,1208.0,8.0,1465.0,488.33334,470.3045,1028.0,166.0,0.0,0.0,0.0,0.0,104.0,136.0,1331.558,1775.4105,0.0,185.0,37.375,66.02583,4359.4106,0.0,0.0,0.0,1.0,0.0,0.0,0.0,0.0,1.0,42.714287,26.333334,55.0,104.0,0.0,0.0,0.0,0.0,0.0,0.0,3.0,79.0,4.0,220.0,64240.0,255.0,1.0,32.0,0.0,0.0,0.0,0.0,0.0,0.0,0.0,0.0
8080.0,294.0,2.0,0.0,0.0,0.0,0.0,0.0,0.0,0.0,0.0,0.0,0.0,0.0,0.0,6802.721,294.0,0.0,294.0,294.0,294.0,294.0,0.0,294.0,294.0,0.0,0.0,0.0,0.0,0.0,0.0,0.0,0.0,0.0,64.0,0.0,6802.721,0.0,0.0,0.0,0.0,0.0,0.0,0.0,0.0,0.0,0.0,1.0,0.0,0.0,0.0,0.0,0.0,0.0,0.0,64.0,0.0,0.0,0.0,0.0,0.0,0.0,2.0,0.0,0.0,0.0,251.0,-1.0,0.0,32.0,0.0,0.0,0.0,0.0,0.0,0.0,0.0,0.0
8080.0,1994.0,3.0,4.0,79.0,220.0,79.0,0.0,26.333334,45.610672,185.0,0.0,55.0,88.223206,149949.84,3510.5315,332.33334,260.47546,585.0,0.0,1013.0,506.5,699.3286,1001.0,12.0,1578.0,526.0,518.1853,1036.0,0.0,0.0,0.0,0.0,0.0,104.0,136.0,1504.5135,2006.0181,0.0,185.0,37.375,66.02583,4359.4106,0.0,0.0,0.0,1.0,0.0,0.0,0.0,0.0,1.0,42.714287,26.333334,55.0,104.0,0.0,0.0,0.0,0.0,0.0,0.0,3.0,79.0,4.0,220.0,64240.0,255.0,1.0,32.0,0.0,0.0,0.0,0.0,0.0,0.0,0.0,0.0
8080.0,2089.0,3.0,4.0,79.0,220.0,79.0,0.0,26.333334,45.610672,185.0,0.0,55.0,88.223206,143130.69,3350.8855,348.16666,248.75484,706.0,10.0,932.0,466.0,644.8814,922.0,10.0,1664.0,554.6667,345.7981,799.0,159.0,0.0,0.0,0.0,0.0,104.0,136.0,1436.0939,1914.7917,0.0,185.0,37.375,66.02583,4359.4106,0.0,0.0,0.0,1.0,0.0,0.0,0.0,0.0,1.0,42.714287,26.333334,55.0,104.0,0.0,0.0,0.0,0.0,0.0,0.0,3.0,79.0,4.0,220.0,64240.0,255.0,1.0,32.0,0.0,0.0,0.0,0.0,0.0,0.0,0.0,0.0
8080.0,777.0,2.0,0.0,0.0,0.0,0.0,0.0,0.0,0.0,0.0,0.0,0.0,0.0,0.0,2574.0027,777.0,0.0,777.0,777.0,777.0,777.0,0.0,777.0,777.0,0.0,0.0,0.0,0.0,0.0,0.0,0.0,0.0,0.0,64.0,0.0,2574.0027,0.0,0.0,0.0,0.0,0.0,0.0,0.0,0.0,0.0,0.0,1.0,0.0,0.0,0.0,0.0,0.0,0.0,0.0,64.0,0.0,0.0,0.0,0.0,0.0,0.0,2.0,0.0,0.0,0.0,251.0,-1.0,0.0,32.0,0.0,0.0,0.0,0.0,0.0,0.0,0.0,0.0
8080.0,2028.0,2.0,0.0,0.0,0.0,0.0,0.0,0.0,0.0,0.0,0.0,0.0,0.0,0.0,986.1933,2028.0,0.0,2028.0,2028.0,2028.0,2028.0,0.0,2028.0,2028.0,0.0,0.0,0.0,0.0,0.0,0.0,0.0,0.0,0.0,64.0,0.0,986.1933,0.0,0.0,0.0,0.0,0.0,0.0,0.0,0.0,0.0,0.0,1.0,0.0,0.0,0.0,0.0,0.0,0.0,0.0,64.0,0.0,0.0,0.0,0.0,0.0,0.0,2.0,0.0,0.0,0.0,251.0,-1.0,0.0,32.0,0.0,0.0,0.0,0.0,0.0,0.0,0.0,0.0
8080.0,2707.0,3.0,4.0,79.0,220.0,79.0,0.0,26.333334,45.610672,185.0,0.0,55.0,88.223206,110454.375,2585.8884,451.16666,323.0594,968.0,12.0,1009.0,504.5,696.5002,997.0,12.0,2237.0,745.6667,455.2256,1047.0,222.0,0.0,0.0,0.0,0.0,104.0,136.0,1108.2379,1477.6505,0.0,185.0,37.375,66.02583,4359.4106,0.0,0.0,0.0,1.0,0.0,0.0,0.0,0.0,1.0,42.714287,26.333334,55.0,104.0,0.0,0.0,0.0,0.0,0.0,0.0,3.0,79.0,4.0,220.0,64240.0,255.0,1.0,32.0,0.0,0.0,0.0,0.0,0.0,0.0,0.0,0.0
8080.0,226.0,2.0,0.0,0.0,0.0,0.0,0.0,0.0,0.0,0.0,0.0,0.0,0.0,0.0,8849.558,226.0,0.0,226.0,226.0,226.0,226.0,0.0,226.0,226.0,0.0,0.0,0.0,0.0,0.0,0.0,0.0,0.0,0.0,64.0,0.0,8849.558,0.0,0.0,0.0,0.0,0.0,0.0,0.0,0.0,0.0,0.0,1.0,0.0,0.0,0.0,0.0,0.0,0.0,0.0,64.0,0.0,0.0,0.0,0.0,0.0,0.0,2.0,0.0,0.0,0.0,251.0,-1.0,0.0,32.0,0.0,0.0,0.0,0.0,0.0,0.0,0.0,0.0
8080.0,3155.0,3.0,4.0,79.0,220.0,79.0,0.0,26.333334,45.610672,185.0,0.0,55.0,88.223206,94770.2,2218.7004,525.8333,387.8538,1208.0,0.0,2211.0,1105.5,144.9569,1208.0,1003.0,2689.0,896.3333,1182.8425,2237.0,0.0,0.0,0.0,0.0,0.0,104.0,136.0,950.87164,1267.8289,0.0,185.0,37.375,66.02583,4359.4106,0.0,0.0,0.0,1.0,0.0,0.0,0.0,0.0,1.0,42.714287,26.333334,55.0,104.0,0.0,0.0,0.0,0.0,0.0,0.0,3.0,79.0,4.0,220.0,64240.0,255.0,1.0,32.0,0.0,0.0,0.0,0.0,0.0,0.0,0.0,0.0
8080.0,1.0,2.0,0.0,0.0,0.0,0.0,0.0,0.0,0.0,0.0,0.0,0.0,0.0,0.0,2e+06,1.0,0.0,1.0,1.0,1.0,1.0,0.0,1.0,1.0,0.0,0.0,0.0,0.0,0.0,0.0,0.0,0.0,0.0,64.0,0.0,2e+06,0.0,0.0,0.0,0.0,0.0,0.0,0.0,0.0,0.0,0.0,1.0,0.0,0.0,0.0,0.0,0.0,0.0,0.0,64.0,0.0,0.0,0.0,0.0,0.0,0.0,2.0,0.0,0.0,0.0,251.0,-1.0,0.0,32.0,0.0,0.0,0.0,0.0,0.0,0.0,0.0,0.0
8080.0,2068.0,3.0,4.0,79.0,220.0,79.0,0.0,26.333334,45.610672,185.0,0.0,55.0,88.223206,144584.14,3384.9128,344.66666,280.92538,682.0,0.0,1133.0,566.5,795.4951,1129.0,4.0,1386.0,462.0,486.63333,970.0,0.0,0.0,0.0,0.0,0.0,104.0,136.0,1450.677,1934.236,0.0,185.0,37.375,66.02583,4359.4106,0.0,0.0,0.0,1.0,0.0,0.0,0.0,0.0,1.0,42.714287,26.333334,55.0,104.0,0.0,0.0,0.0,0.0,0.0,0.0,3.0,79.0,4.0,220.0,64240.0,255.0,1.0,32.0,0.0,0.0,0.0,0.0,0.0,0.0,0.0,0.0
8080.0,6.0,2.0,0.0,0.0,0.0,0.0,0.0,0.0,0.0,0.0,0.0,0.0,0.0,0.0,333333.34,6.0,0.0,6.0,6.0,6.0,6.0,0.0,6.0,6.0,0.0,0.0,0.0,0.0,0.0,0.0,0.0,0.0,0.0,64.0,0.0,333333.34,0.0,0.0,0.0,0.0,0.0,0.0,0.0,0.0,0.0,0.0,1.0,0.0,0.0,0.0,0.0,0.0,0.0,0.0,64.0,0.0,0.0,0.0,0.0,0.0,0.0,2.0,0.0,0.0,0.0,251.0,-1.0,0.0,32.0,0.0,0.0,0.0,0.0,0.0,0.0,0.0,0.0
8080.0,1999.0,3.0,4.0,79.0,220.0,79.0,0.0,26.333334,45.610672,185.0,0.0,55.0,88.223206,149574.78,3501.751,333.16666,199.32928,510.0,0.0,1201.0,600.5,514.06665,964.0,237.0,1537.0,512.3333,654.02167,1249.0,0.0,0.0,0.0,0.0,0.0,104.0,136.0,1500.7504,2001.0005,0.0,185.0,37.375,66.02583,4359.4106,0.0,0.0,0.0,1.0,0.0,0.0,0.0,0.0,1.0,42.714287,26.333334,55.0,104.0,0.0,0.0,0.0,0.0,0.0,0.0,3.0,79.0,4.0,220.0,64240.0,255.0,1.0,32.0,0.0,0.0,0.0,0.0,0.0,0.0,0.0,0.0
8080.0,8.0,2.0,0.0,0.0,0.0,0.0,0.0,0.0,0.0,0.0,0.0,0.0,0.0,0.0,250000.0,8.0,0.0,8.0,8.0,8.0,8.0,0.0,8.0,8.0,0.0,0.0,0.0,0.0,0.0,0.0,0.0,0.0,0.0,64.0,0.0,250000.0,0.0,0.0,0.0,0.0,0.0,0.0,0.0,0.0,0.0,0.0,1.0,0.0,0.0,0.0,0.0,0.0,0.0,0.0,64.0,0.0,0.0,0.0,0.0,0.0,0.0,2.0,0.0,0.0,0.0,251.0,-1.0,0.0,32.0,0.0,0.0,0.0,0.0,0.0,0.0,0.0,0.0
8080.0,2074.0,3.0,4.0,79.0,220.0,79.0,0.0,26.333334,45.610672,185.0,0.0,55.0,88.223206,144165.86,3375.1206,345.66666,264.6006,573.0,0.0,1008.0,504.0,694.37885,995.0,13.0,1591.0,530.3333,510.33942,1018.0,0.0,0.0,0.0,0.0,0.0,104.0,136.0,1446.4802,1928.6403,0.0,185.0,37.375,66.02583,4359.4106,0.0,0.0,0.0,1.0,0.0,0.0,0.0,0.0,1.0,42.714287,26.333334,55.0,104.0,0.0,0.0,0.0,0.0,0.0,0.0,3.0,79.0,4.0,220.0,64240.0,255.0,1.0,32.0,0.0,0.0,0.0,0.0,0.0,0.0,0.0,0.0
8080.0,7.0,2.0,0.0,0.0,0.0,0.0,0.0,0.0,0.0,0.0,0.0,0.0,0.0,0.0,285714.28,7.0,0.0,7.0,7.0,7.0,7.0,0.0,7.0,7.0,0.0,0.0,0.0,0.0,0.0,0.0,0.0,0.0,0.0,64.0,0.0,285714.28,0.0,0.0,0.0,0.0,0.0,0.0,0.0,0.0,0.0,0.0,1.0,0.0,0.0,0.0,0.0,0.0,0.0,0.0,64.0,0.0,0.0,0.0,0.0,0.0,0.0,2.0,0.0,0.0,0.0,251.0,-1.0,0.0,32.0,0.0,0.0,0.0,0.0,0.0,0.0,0.0,0.0
8080.0,2507.0,3.0,4.0,79.0,220.0,79.0,0.0,26.333334,45.610672,185.0,0.0,55.0,88.223206,119266.055,2792.182,417.83334,349.73215,911.0,0.0,1019.0,509.5,683.7723,993.0,26.0,1975.0,658.3333,575.24286,1064.0,0.0,0.0,0.0,0.0,0.0,104.0,136.0,1196.6494,1595.5325,0.0,185.0,37.375,66.02583,4359.4106,0.0,0.0,0.0,1.0,0.0,0.0,0.0,0.0,1.0,42.714287,26.333334,55.0,104.0,0.0,0.0,0.0,0.0,0.0,0.0,3.0,79.0,4.0,220.0,64240.0,255.0,1.0,32.0,0.0,0.0,0.0,0.0,0.0,0.0,0.0,0.0
8080.0,2945.0,4.0,4.0,79.0,220.0,79.0,0.0,19.75,39.5,185.0,0.0,55.0,88.223206,101528.016,2716.4685,420.7143,407.1436,1208.0,3.0,2939.0,979.6667,1058.2554,2104.0,3.0,2636.0,878.6667,416.8469,1208.0,410.0,0.0,0.0,0.0,0.0,136.0,136.0,1358.2343,1358.2343,0.0,185.0,33.22222,63.005512,3969.6943,0.0,0.0,0.0,1.0,0.0,0.0,0.0,0.0,1.0,37.375,19.75,55.0,136.0,0.0,0.0,0.0,0.0,0.0,0.0,4.0,79.0,4.0,220.0,64240.0,255.0,1.0,32.0,0.0,0.0,0.0,0.0,0.0,0.0,0.0,0.0
8080.0,429.0,2.0,0.0,0.0,0.0,0.0,0.0,0.0,0.0,0.0,0.0,0.0,0.0,0.0,4662.005,429.0,0.0,429.0,429.0,429.0,429.0,0.0,429.0,429.0,0.0,0.0,0.0,0.0,0.0,0.0,0.0,0.0,0.0,64.0,0.0,4662.005,0.0,0.0,0.0,0.0,0.0,0.0,0.0,0.0,0.0,0.0,1.0,0.0,0.0,0.0,0.0,0.0,0.0,0.0,64.0,0.0,0.0,0.0,0.0,0.0,0.0,2.0,0.0,0.0,0.0,251.0,-1.0,0.0,32.0,0.0,0.0,0.0,0.0,0.0,0.0,0.0,0.0
8080.0,2142.0,3.0,4.0,79.0,220.0,79.0,0.0,26.333334,45.610672,185.0,0.0,55.0,88.223206,139589.17,3267.9739,357.0,244.73251,661.0,0.0,1142.0,571.0,562.857,969.0,173.0,1481.0,493.66666,508.60626,1016.0,0.0,0.0,0.0,0.0,0.0,104.0,136.0,1400.5602,1867.4136,0.0,185.0,37.375,66.02583,4359.4106,0.0,0.0,0.0,1.0,0.0,0.0,0.0,0.0,1.0,42.714287,26.333334,55.0,104.0,0.0,0.0,0.0,0.0,0.0,0.0,3.0,79.0,4.0,220.0,64240.0,255.0,1.0,32.0,0.0,0.0,0.0,0.0,0.0,0.0,0.0,0.0
8080.0,14.0,2.0,0.0,0.0,0.0,0.0,0.0,0.0,0.0,0.0,0.0,0.0,0.0,0.0,142857.14,14.0,0.0,14.0,14.0,14.0,14.0,0.0,14.0,14.0,0.0,0.0,0.0,0.0,0.0,0.0,0.0,0.0,0.0,64.0,0.0,142857.14,0.0,0.0,0.0,0.0,0.0,0.0,0.0,0.0,0.0,0.0,1.0,0.0,0.0,0.0,0.0,0.0,0.0,0.0,64.0,0.0,0.0,0.0,0.0,0.0,0.0,2.0,0.0,0.0,0.0,251.0,-1.0,0.0,32.0,0.0,0.0,0.0,0.0,0.0,0.0,0.0,0.0
8080.0,2269.0,3.0,4.0,79.0,220.0,79.0,0.0,26.333334,45.610672,185.0,0.0,55.0,88.223206,131776.11,3085.0596,378.16666,241.0464,669.0,16.0,884.0,442.0,602.45496,868.0,16.0,1837.0,612.3333,412.92654,994.0,174.0,0.0,0.0,0.0,0.0,104.0,136.0,1322.1683,1762.8911,0.0,185.0,37.375,66.02583,4359.4106,0.0,0.0,0.0,1.0,0.0,0.0,0.0,0.0,1.0,42.714287,26.333334,55.0,104.0,0.0,0.0,0.0,0.0,0.0,0.0,3.0,79.0,4.0,220.0,64240.0,255.0,1.0,32.0,0.0,0.0,0.0,0.0,0.0,0.0,0.0,0.0
8080.0,342.0,2.0,0.0,0.0,0.0,0.0,0.0,0.0,0.0,0.0,0.0,0.0,0.0,0.0,5847.953,342.0,0.0,342.0,342.0,342.0,342.0,0.0,342.0,342.0,0.0,0.0,0.0,0.0,0.0,0.0,0.0,0.0,0.0,64.0,0.0,5847.953,0.0,0.0,0.0,0.0,0.0,0.0,0.0,0.0,0.0,0.0,1.0,0.0,0.0,0.0,0.0,0.0,0.0,0.0,64.0,0.0,0.0,0.0,0.0,0.0,0.0,2.0,0.0,0.0,0.0,251.0,-1.0,0.0,32.0,0.0,0.0,0.0,0.0,0.0,0.0,0.0,0.0
8080.0,2203.0,3.0,4.0,79.0,220.0,79.0,0.0,26.333334,45.610672,185.0,0.0,55.0,88.223206,135724.02,3177.4854,367.16666,145.61925,497.0,130.0,1100.0,550.0,421.43564,848.0,252.0,1805.0,601.6667,545.4671,1199.0,130.0,0.0,0.0,0.0,0.0,104.0,136.0,1361.7794,1815.7058,0.0,185.0,37.375,66.02583,4359.4106,0.0,0.0,0.0,1.0,0.0,0.0,0.0,0.0,1.0,42.714287,26.333334,55.0,104.0,0.0,0.0,0.0,0.0,0.0,0.0,3.0,79.0,4.0,220.0,64240.0,255.0,1.0,32.0,0.0,0.0,0.0,0.0,0.0,0.0,0.0,0.0
8080.0,110.0,2.0,0.0,0.0,0.0,0.0,0.0,0.0,0.0,0.0,0.0,0.0,0.0,0.0,18181.818,110.0,0.0,110.0,110.0,110.0,110.0,0.0,110.0,110.0,0.0,0.0,0.0,0.0,0.0,0.0,0.0,0.0,0.0,64.0,0.0,18181.818,0.0,0.0,0.0,0.0,0.0,0.0,0.0,0.0,0.0,0.0,1.0,0.0,0.0,0.0,0.0,0.0,0.0,0.0,64.0,0.0,0.0,0.0,0.0,0.0,0.0,2.0,0.0,0.0,0.0,251.0,-1.0,0.0,32.0,0.0,0.0,0.0,0.0,0.0,0.0,0.0,0.0
8080.0,2244.0,3.0,4.0,79.0,220.0,79.0,0.0,26.333334,45.610672,185.0,0.0,55.0,88.223206,133244.2,3119.4297,374.0,337.8029,954.0,1.0,747.0,373.5,526.79456,746.0,1.0,1914.0,638.0,481.36057,954.0,84.0,0.0,0.0,0.0,0.0,104.0,136.0,1336.8984,1782.5312,0.0,185.0,37.375,66.02583,4359.4106,0.0,0.0,0.0,1.0,0.0,0.0,0.0,0.0,1.0,42.714287,26.333334,55.0,104.0,0.0,0.0,0.0,0.0,0.0,0.0,3.0,79.0,4.0,220.0,64240.0,255.0,1.0,32.0,0.0,0.0,0.0,0.0,0.0,0.0,0.0,0.0
8080.0,2330.0,3.0,4.0,79.0,220.0,79.0,0.0,26.333334,45.610672,185.0,0.0,55.0,88.223206,128326.18,3004.2917,388.33334,363.974,977.0,0.0,941.0,470.5,647.0027,928.0,13.0,1944.0,648.0,561.2067,977.0,0.0,0.0,0.0,0.0,0.0,104.0,136.0,1287.5536,1716.7382,0.0,185.0,37.375,66.02583,4359.4106,0.0,0.0,0.0,1.0,0.0,0.0,0.0,0.0,1.0,42.714287,26.333334,55.0,104.0,0.0,0.0,0.0,0.0,0.0,0.0,3.0,79.0,4.0,220.0,64240.0,255.0,1.0,32.0,0.0,0.0,0.0,0.0,0.0,0.0,0.0,0.0
8080.0,265.0,2.0,0.0,0.0,0.0,0.0,0.0,0.0,0.0,0.0,0.0,0.0,0.0,0.0,7547.17,265.0,0.0,265.0,265.0,265.0,265.0,0.0,265.0,265.0,0.0,0.0,0.0,0.0,0.0,0.0,0.0,0.0,0.0,64.0,0.0,7547.17,0.0,0.0,0.0,0.0,0.0,0.0,0.0,0.0,0.0,0.0,1.0,0.0,0.0,0.0,0.0,0.0,0.0,0.0,64.0,0.0,0.0,0.0,0.0,0.0,0.0,2.0,0.0,0.0,0.0,251.0,-1.0,0.0,32.0,0.0,0.0,0.0,0.0,0.0,0.0,0.0,0.0
8080.0,2043.0,2.0,0.0,0.0,0.0,0.0,0.0,0.0,0.0,0.0,0.0,0.0,0.0,0.0,978.9525,2043.0,0.0,2043.0,2043.0,2043.0,2043.0,0.0,2043.0,2043.0,0.0,0.0,0.0,0.0,0.0,0.0,0.0,0.0,0.0,64.0,0.0,978.9525,0.0,0.0,0.0,0.0,0.0,0.0,0.0,0.0,0.0,0.0,1.0,0.0,0.0,0.0,0.0,0.0,0.0,0.0,64.0,0.0,0.0,0.0,0.0,0.0,0.0,2.0,0.0,0.0,0.0,251.0,-1.0,0.0,32.0,0.0,0.0,0.0,0.0,0.0,0.0,0.0,0.0
8080.0,2046.0,3.0,4.0,79.0,220.0,79.0,0.0,26.333334,45.610672,185.0,0.0,55.0,88.223206,146138.81,3421.3098,341.0,346.4165,943.0,0.0,800.0,400.0,558.6144,795.0,5.0,1631.0,543.6667,487.78717,943.0,0.0,0.0,0.0,0.0,0.0,104.0,136.0,1466.2756,1955.0342,0.0,185.0,37.375,66.02583,4359.4106,0.0,0.0,0.0,1.0,0.0,0.0,0.0,0.0,1.0,42.714287,26.333334,55.0,104.0,0.0,0.0,0.0,0.0,0.0,0.0,3.0,79.0,4.0,220.0,64240.0,255.0,1.0,32.0,0.0,0.0,0.0,0.0,0.0,0.0,0.0,0.0
8080.0,9.0,2.0,0.0,0.0,0.0,0.0,0.0,0.0,0.0,0.0,0.0,0.0,0.0,0.0,222222.22,9.0,0.0,9.0,9.0,9.0,9.0,0.0,9.0,9.0,0.0,0.0,0.0,0.0,0.0,0.0,0.0,0.0,0.0,64.0,0.0,222222.22,0.0,0.0,0.0,0.0,0.0,0.0,0.0,0.0,0.0,0.0,1.0,0.0,0.0,0.0,0.0,0.0,0.0,0.0,64.0,0.0,0.0,0.0,0.0,0.0,0.0,2.0,0.0,0.0,0.0,251.0,-1.0,0.0,32.0,0.0,0.0,0.0,0.0,0.0,0.0,0.0,0.0
8080.0,1658.0,3.0,4.0,79.0,220.0,79.0,0.0,26.333334,45.610672,185.0,0.0,55.0,88.223206,180337.75,4221.954,276.33334,217.25531,481.0,0.0,864.0,432.0,596.7981,854.0,10.0,1225.0,408.33334,377.2855,744.0,0.0,0.0,0.0,0.0,0.0,104.0,136.0,1809.4089,2412.5452,0.0,185.0,37.375,66.02583,4359.4106,0.0,0.0,0.0,1.0,0.0,0.0,0.0,0.0,1.0,42.714287,26.333334,55.0,104.0,0.0,0.0,0.0,0.0,0.0,0.0,3.0,79.0,4.0,220.0,64240.0,255.0,1.0,32.0,0.0,0.0,0.0,0.0,0.0,0.0,0.0,0.0
8080.0,250.0,2.0,0.0,0.0,0.0,0.0,0.0,0.0,0.0,0.0,0.0,0.0,0.0,0.0,8000.0,250.0,0.0,250.0,250.0,250.0,250.0,0.0,250.0,250.0,0.0,0.0,0.0,0.0,0.0,0.0,0.0,0.0,0.0,64.0,0.0,8000.0,0.0,0.0,0.0,0.0,0.0,0.0,0.0,0.0,0.0,0.0,1.0,0.0,0.0,0.0,0.0,0.0,0.0,0.0,64.0,0.0,0.0,0.0,0.0,0.0,0.0,2.0,0.0,0.0,0.0,251.0,-1.0,0.0,32.0,0.0,0.0,0.0,0.0,0.0,0.0,0.0,0.0
8080.0,1615.0,3.0,4.0,79.0,220.0,79.0,0.0,26.333334,45.610672,185.0,0.0,55.0,88.223206,185139.31,4334.365,269.16666,152.88873,475.0,21.0,618.0,309.0,407.29352,597.0,21.0,1248.0,416.0,270.02963,726.0,232.0,0.0,0.0,0.0,0.0,104.0,136.0,1857.5851,2476.7803,0.0,185.0,37.375,66.02583,4359.4106,0.0,0.0,0.0,1.0,0.0,0.0,0.0,0.0,1.0,42.714287,26.333334,55.0,104.0,0.0,0.0,0.0,0.0,0.0,0.0,3.0,79.0,4.0,220.0,64240.0,255.0,1.0,32.0,0.0,0.0,0.0,0.0,0.0,0.0,0.0,0.0
8080.0,23.0,2.0,0.0,0.0,0.0,0.0,0.0,0.0,0.0,0.0,0.0,0.0,0.0,0.0,86956.52,23.0,0.0,23.0,23.0,23.0,23.0,0.0,23.0,23.0,0.0,0.0,0.0,0.0,0.0,0.0,0.0,0.0,0.0,64.0,0.0,86956.52,0.0,0.0,0.0,0.0,0.0,0.0,0.0,0.0,0.0,0.0,1.0,0.0,0.0,0.0,0.0,0.0,0.0,0.0,64.0,0.0,0.0,0.0,0.0,0.0,0.0,2.0,0.0,0.0,0.0,251.0,-1.0,0.0,32.0,0.0,0.0,0.0,0.0,0.0,0.0,0.0,0.0
8080.0,2211.0,3.0,4.0,79.0,220.0,79.0,0.0,26.333334,45.610672,185.0,0.0,55.0,88.223206,135232.92,3165.9883,368.5,249.42393,635.0,0.0,1055.0,527.5,564.97833,927.0,128.0,1697.0,565.6667,534.3841,1062.0,0.0,0.0,0.0,0.0,0.0,104.0,136.0,1356.852,1809.1361,0.0,185.0,37.375,66.02583,4359.4106,0.0,0.0,0.0,1.0,0.0,0.0,0.0,0.0,1.0,42.714287,26.333334,55.0,104.0,0.0,0.0,0.0,0.0,0.0,0.0,3.0,79.0,4.0,220.0,64240.0,255.0,1.0,32.0,0.0,0.0,0.0,0.0,0.0,0.0,0.0,0.0
8080.0,26.0,2.0,0.0,0.0,0.0,0.0,0.0,0.0,0.0,0.0,0.0,0.0,0.0,0.0,76923.08,26.0,0.0,26.0,26.0,26.0,26.0,0.0,26.0,26.0,0.0,0.0,0.0,0.0,0.0,0.0,0.0,0.0,0.0,64.0,0.0,76923.08,0.0,0.0,0.0,0.0,0.0,0.0,0.0,0.0,0.0,0.0,1.0,0.0,0.0,0.0,0.0,0.0,0.0,0.0,64.0,0.0,0.0,0.0,0.0,0.0,0.0,2.0,0.0,0.0,0.0,251.0,-1.0,0.0,32.0,0.0,0.0,0.0,0.0,0.0,0.0,0.0,0.0
8080.0,1890.0,3.0,4.0,79.0,220.0,79.0,0.0,26.333334,45.610672,185.0,0.0,55.0,88.223206,158201.06,3703.7036,315.0,319.35373,861.0,1.0,677.0,338.5,473.05444,673.0,4.0,1469.0,489.66666,441.8431,861.0,1.0,0.0,0.0,0.0,0.0,104.0,136.0,1587.3016,2116.402,0.0,185.0,37.375,66.02583,4359.4106,0.0,0.0,0.0,1.0,0.0,0.0,0.0,0.0,1.0,42.714287,26.333334,55.0,104.0,0.0,0.0,0.0,0.0,0.0,0.0,3.0,79.0,4.0,220.0,64240.0,255.0,1.0,32.0,0.0,0.0,0.0,0.0,0.0,0.0,0.0,0.0
8080.0,2413.0,3.0,4.0,79.0,220.0,79.0,0.0,26.333334,45.610672,185.0,0.0,55.0,88.223206,123912.14,2900.9531,402.16666,401.9221,1181.0,5.0,616.0,308.0,428.5067,611.0,5.0,2052.0,684.0,454.98682,1181.0,288.0,0.0,0.0,0.0,0.0,104.0,136.0,1243.2656,1657.6875,0.0,185.0,37.375,66.02583,4359.4106,0.0,0.0,0.0,1.0,0.0,0.0,0.0,0.0,1.0,42.714287,26.333334,55.0,104.0,0.0,0.0,0.0,0.0,0.0,0.0,3.0,79.0,4.0,220.0,64240.0,255.0,1.0,32.0,0.0,0.0,0.0,0.0,0.0,0.0,0.0,0.0
8080.0,426.0,2.0,0.0,0.0,0.0,0.0,0.0,0.0,0.0,0.0,0.0,0.0,0.0,0.0,4694.8354,426.0,0.0,426.0,426.0,426.0,426.0,0.0,426.0,426.0,0.0,0.0,0.0,0.0,0.0,0.0,0.0,0.0,0.0,64.0,0.0,4694.8354,0.0,0.0,0.0,0.0,0.0,0.0,0.0,0.0,0.0,0.0,1.0,0.0,0.0,0.0,0.0,0.0,0.0,0.0,64.0,0.0,0.0,0.0,0.0,0.0,0.0,2.0,0.0,0.0,0.0,251.0,-1.0,0.0,32.0,0.0,0.0,0.0,0.0,0.0,0.0,0.0,0.0
8080.0,20.0,2.0,0.0,0.0,0.0,0.0,0.0,0.0,0.0,0.0,0.0,0.0,0.0,0.0,100000.0,20.0,0.0,20.0,20.0,20.0,20.0,0.0,20.0,20.0,0.0,0.0,0.0,0.0,0.0,0.0,0.0,0.0,0.0,64.0,0.0,100000.0,0.0,0.0,0.0,0.0,0.0,0.0,0.0,0.0,0.0,0.0,1.0,0.0,0.0,0.0,0.0,0.0,0.0,0.0,64.0,0.0,0.0,0.0,0.0,0.0,0.0,2.0,0.0,0.0,0.0,251.0,-1.0,0.0,32.0,0.0,0.0,0.0,0.0,0.0,0.0,0.0,0.0
8080.0,2569.0,3.0,4.0,79.0,220.0,79.0,0.0,26.333334,45.610672,185.0,0.0,55.0,88.223206,116387.7,2724.7957,428.16666,246.43004,665.0,0.0,1404.0,702.0,69.29646,751.0,653.0,2232.0,744.0,786.4814,1567.0,0.0,0.0,0.0,0.0,0.0,104.0,136.0,1167.7695,1557.0261,0.0,185.0,37.375,66.02583,4359.4106,0.0,0.0,0.0,1.0,0.0,0.0,0.0,0.0,1.0,42.714287,26.333334,55.0,104.0,0.0,0.0,0.0,0.0,0.0,0.0,3.0,79.0,4.0,220.0,64240.0,255.0,1.0,32.0,0.0,0.0,0.0,0.0,0.0,0.0,0.0,0.0
8080.0,2874.0,3.0,4.0,79.0,220.0,79.0,0.0,26.333334,45.610672,185.0,0.0,55.0,88.223206,104036.19,2435.63,479.0,289.54517,867.0,0.0,1514.0,757.0,135.7645,853.0,661.0,2434.0,811.3333,784.98175,1567.0,0.0,0.0,0.0,0.0,0.0,104.0,136.0,1043.8413,1391.7885,0.0,185.0,37.375,66.02583,4359.4106,0.0,0.0,0.0,1.0,0.0,0.0,0.0,0.0,1.0,42.714287,26.333334,55.0,104.0,0.0,0.0,0.0,0.0,0.0,0.0,3.0,79.0,4.0,220.0,64240.0,255.0,1.0,32.0,0.0,0.0,0.0,0.0,0.0,0.0,0.0,0.0
8080.0,6.0,2.0,0.0,0.0,0.0,0.0,0.0,0.0,0.0,0.0,0.0,0.0,0.0,0.0,333333.34,6.0,0.0,6.0,6.0,6.0,6.0,0.0,6.0,6.0,0.0,0.0,0.0,0.0,0.0,0.0,0.0,0.0,0.0,64.0,0.0,333333.34,0.0,0.0,0.0,0.0,0.0,0.0,0.0,0.0,0.0,0.0,1.0,0.0,0.0,0.0,0.0,0.0,0.0,0.0,64.0,0.0,0.0,0.0,0.0,0.0,0.0,2.0,0.0,0.0,0.0,251.0,-1.0,0.0,32.0,0.0,0.0,0.0,0.0,0.0,0.0,0.0,0.0
8080.0,181.0,2.0,0.0,0.0,0.0,0.0,0.0,0.0,0.0,0.0,0.0,0.0,0.0,0.0,11049.724,181.0,0.0,181.0,181.0,181.0,181.0,0.0,181.0,181.0,0.0,0.0,0.0,0.0,0.0,0.0,0.0,0.0,0.0,64.0,0.0,11049.724,0.0,0.0,0.0,0.0,0.0,0.0,0.0,0.0,0.0,0.0,1.0,0.0,0.0,0.0,0.0,0.0,0.0,0.0,64.0,0.0,0.0,0.0,0.0,0.0,0.0,2.0,0.0,0.0,0.0,251.0,-1.0,0.0,32.0,0.0,0.0,0.0,0.0,0.0,0.0,0.0,0.0
8080.0,3467.0,3.0,4.0,79.0,220.0,79.0,0.0,26.333334,45.610672,185.0,0.0,55.0,88.223206,86241.71,2019.0366,577.8333,571.4275,1705.0,86.0,2474.0,1237.0,661.8519,1705.0,769.0,3116.0,1038.6666,1283.343,2498.0,86.0,0.0,0.0,0.0,0.0,104.0,136.0,865.3014,1153.7352,0.0,185.0,37.375,66.02583,4359.4106,0.0,0.0,0.0,1.0,0.0,0.0,0.0,0.0,1.0,42.714287,26.333334,55.0,104.0,0.0,0.0,0.0,0.0,0.0,0.0,3.0,79.0,4.0,220.0,64240.0,255.0,1.0,32.0,0.0,0.0,0.0,0.0,0.0,0.0,0.0,0.0
8080.0,3318.0,4.0,4.0,79.0,220.0,79.0,0.0,19.75,39.5,185.0,0.0,55.0,88.223206,90114.52,2411.091,474.0,500.4791,1530.0,10.0,3217.0,1072.3334,1196.8309,2369.0,10.0,2865.0,955.0,500.41882,1530.0,618.0,0.0,0.0,0.0,0.0,136.0,136.0,1205.5455,1205.5455,0.0,185.0,33.22222,63.005512,3969.6943,0.0,0.0,0.0,1.0,0.0,0.0,0.0,0.0,1.0,37.375,19.75,55.0,136.0,0.0,0.0,0.0,0.0,0.0,0.0,4.0,79.0,4.0,220.0,64240.0,255.0,1.0,32.0,0.0,0.0,0.0,0.0,0.0,0.0,0.0,0.0
8080.0,2259.0,3.0,4.0,79.0,220.0,79.0,0.0,26.333334,45.610672,185.0,0.0,55.0,88.223206,132359.45,3098.7163,376.5,129.23274,532.0,148.0,942.0,471.0,456.791,794.0,148.0,1912.0,637.3333,329.8641,1007.0,373.0,0.0,0.0,0.0,0.0,104.0,136.0,1328.0212,1770.695,0.0,185.0,37.375,66.02583,4359.4106,0.0,0.0,0.0,1.0,0.0,0.0,0.0,0.0,1.0,42.714287,26.333334,55.0,104.0,0.0,0.0,0.0,0.0,0.0,0.0,3.0,79.0,4.0,220.0,64240.0,255.0,1.0,32.0,0.0,0.0,0.0,0.0,0.0,0.0,0.0,0.0
8080.0,0.0,2.0,0.0,0.0,0.0,0.0,0.0,0.0,0.0,0.0,0.0,0.0,0.0,,,0.0,0.0,0.0,0.0,0.0,0.0,0.0,0.0,0.0,0.0,0.0,0.0,0.0,0.0,0.0,0.0,0.0,0.0,64.0,0.0,0.0,0.0,0.0,0.0,0.0,0.0,0.0,0.0,0.0,0.0,0.0,1.0,0.0,0.0,0.0,0.0,0.0,0.0,0.0,64.0,0.0,0.0,0.0,0.0,0.0,0.0,2.0,0.0,0.0,0.0,251.0,-1.0,0.0,32.0,0.0,0.0,0.0,0.0,0.0,0.0,0.0,0.0
8080.0,610.0,2.0,0.0,0.0,0.0,0.0,0.0,0.0,0.0,0.0,0.0,0.0,0.0,0.0,3278.6885,610.0,0.0,610.0,610.0,610.0,610.0,0.0,610.0,610.0,0.0,0.0,0.0,0.0,0.0,0.0,0.0,0.0,0.0,64.0,0.0,3278.6885,0.0,0.0,0.0,0.0,0.0,0.0,0.0,0.0,0.0,0.0,1.0,0.0,0.0,0.0,0.0,0.0,0.0,0.0,64.0,0.0,0.0,0.0,0.0,0.0,0.0,2.0,0.0,0.0,0.0,251.0,-1.0,0.0,32.0,0.0,0.0,0.0,0.0,0.0,0.0,0.0,0.0
8080.0,1975.0,3.0,4.0,79.0,220.0,79.0,0.0,26.333334,45.610672,185.0,0.0,55.0,88.223206,151392.4,3544.3037,329.16666,206.49593,529.0,1.0,806.0,403.0,568.51385,805.0,1.0,1699.0,566.3333,414.28775,1018.0,204.0,0.0,0.0,0.0,0.0,104.0,136.0,1518.9873,2025.3164,0.0,185.0,37.375,66.02583,4359.4106,0.0,0.0,0.0,1.0,0.0,0.0,0.0,0.0,1.0,42.714287,26.333334,55.0,104.0,0.0,0.0,0.0,0.0,0.0,0.0,3.0,79.0,4.0,220.0,64240.0,255.0,1.0,32.0,0.0,0.0,0.0,0.0,0.0,0.0,0.0,0.0
8080.0,351.0,2.0,0.0,0.0,0.0,0.0,0.0,0.0,0.0,0.0,0.0,0.0,0.0,0.0,5698.006,351.0,0.0,351.0,351.0,351.0,351.0,0.0,351.0,351.0,0.0,0.0,0.0,0.0,0.0,0.0,0.0,0.0,0.0,64.0,0.0,5698.006,0.0,0.0,0.0,0.0,0.0,0.0,0.0,0.0,0.0,0.0,1.0,0.0,0.0,0.0,0.0,0.0,0.0,0.0,64.0,0.0,0.0,0.0,0.0,0.0,0.0,2.0,0.0,0.0,0.0,251.0,-1.0,0.0,32.0,0.0,0.0,0.0,0.0,0.0,0.0,0.0,0.0
8080.0,2873.0,3.0,4.0,79.0,220.0,79.0,0.0,26.333334,45.610672,185.0,0.0,55.0,88.223206,104072.4,2436.4775,478.83334,431.26715,1212.0,0.0,1243.0,621.5,733.2697,1140.0,103.0,2275.0,758.3333,660.94806,1212.0,0.0,0.0,0.0,0.0,0.0,104.0,136.0,1044.2047,1392.2728,0.0,185.0,37.375,66.02583,4359.4106,0.0,0.0,0.0,1.0,0.0,0.0,0.0,0.0,1.0,42.714287,26.333334,55.0,104.0,0.0,0.0,0.0,0.0,0.0,0.0,3.0,79.0,4.0,220.0,64240.0,255.0,1.0,32.0,0.0,0.0,0.0,0.0,0.0,0.0,0.0,0.0
8080.0,7.0,2.0,0.0,0.0,0.0,0.0,0.0,0.0,0.0,0.0,0.0,0.0,0.0,0.0,285714.28,7.0,0.0,7.0,7.0,7.0,7.0,0.0,7.0,7.0,0.0,0.0,0.0,0.0,0.0,0.0,0.0,0.0,0.0,64.0,0.0,285714.28,0.0,0.0,0.0,0.0,0.0,0.0,0.0,0.0,0.0,0.0,1.0,0.0,0.0,0.0,0.0,0.0,0.0,0.0,64.0,0.0,0.0,0.0,0.0,0.0,0.0,2.0,0.0,0.0,0.0,251.0,-1.0,0.0,32.0,0.0,0.0,0.0,0.0,0.0,0.0,0.0,0.0
8080.0,3103.0,3.0,4.0,79.0,220.0,79.0,0.0,26.333334,45.610672,185.0,0.0,55.0,88.223206,96358.36,2255.8813,517.1667,494.40973,1465.0,67.0,1190.0,595.0,551.5433,985.0,205.0,2566.0,855.3333,715.9206,1465.0,67.0,0.0,0.0,0.0,0.0,104.0,136.0,966.80634,1289.0751,0.0,185.0,37.375,66.02583,4359.4106,0.0,0.0,0.0,1.0,0.0,0.0,0.0,0.0,1.0,42.714287,26.333334,55.0,104.0,0.0,0.0,0.0,0.0,0.0,0.0,3.0,79.0,4.0,220.0,64240.0,255.0,1.0,32.0,0.0,0.0,0.0,0.0,0.0,0.0,0.0,0.0
8080.0,224.0,2.0,0.0,0.0,0.0,0.0,0.0,0.0,0.0,0.0,0.0,0.0,0.0,0.0,8928.571,224.0,0.0,224.0,224.0,224.0,224.0,0.0,224.0,224.0,0.0,0.0,0.0,0.0,0.0,0.0,0.0,0.0,0.0,64.0,0.0,8928.571,0.0,0.0,0.0,0.0,0.0,0.0,0.0,0.0,0.0,0.0,1.0,0.0,0.0,0.0,0.0,0.0,0.0,0.0,64.0,0.0,0.0,0.0,0.0,0.0,0.0,2.0,0.0,0.0,0.0,251.0,-1.0,0.0,32.0,0.0,0.0,0.0,0.0,0.0,0.0,0.0,0.0
8080.0,3108.0,4.0,4.0,79.0,220.0,79.0,0.0,19.75,39.5,185.0,0.0,55.0,88.223206,96203.34,2574.0027,444.0,402.56717,1298.0,111.0,2969.0,989.6667,932.50323,1968.0,111.0,2585.0,861.6667,399.45004,1298.0,514.0,0.0,0.0,0.0,0.0,136.0,136.0,1287.0013,1287.0013,0.0,185.0,33.22222,63.005512,3969.6943,0.0,0.0,0.0,1.0,0.0,0.0,0.0,0.0,1.0,37.375,19.75,55.0,136.0,0.0,0.0,0.0,0.0,0.0,0.0,4.0,79.0,4.0,220.0,64240.0,255.0,1.0,32.0,0.0,0.0,0.0,0.0,0.0,0.0,0.0,0.0
8080.0,2218.0,3.0,4.0,79.0,220.0,79.0,0.0,26.333334,45.610672,185.0,0.0,55.0,88.223206,134806.12,3155.9963,369.66666,316.9181,958.0,5.0,677.0,338.5,471.64023,672.0,5.0,1882.0,627.3333,371.0813,958.0,226.0,0.0,0.0,0.0,0.0,104.0,136.0,1352.5698,1803.4265,0.0,185.0,37.375,66.02583,4359.4106,0.0,0.0,0.0,1.0,0.0,0.0,0.0,0.0,1.0,42.714287,26.333334,55.0,104.0,0.0,0.0,0.0,0.0,0.0,0.0,3.0,79.0,4.0,220.0,64240.0,255.0,1.0,32.0,0.0,0.0,0.0,0.0,0.0,0.0,0.0,0.0
8080.0,609.0,2.0,0.0,0.0,0.0,0.0,0.0,0.0,0.0,0.0,0.0,0.0,0.0,0.0,3284.0723,609.0,0.0,609.0,609.0,609.0,609.0,0.0,609.0,609.0,0.0,0.0,0.0,0.0,0.0,0.0,0.0,0.0,0.0,64.0,0.0,3284.0723,0.0,0.0,0.0,0.0,0.0,0.0,0.0,0.0,0.0,0.0,1.0,0.0,0.0,0.0,0.0,0.0,0.0,0.0,64.0,0.0,0.0,0.0,0.0,0.0,0.0,2.0,0.0,0.0,0.0,251.0,-1.0,0.0,32.0,0.0,0.0,0.0,0.0,0.0,0.0,0.0,0.0
8080.0,2242.0,3.0,4.0,79.0,220.0,79.0,0.0,26.333334,45.610672,185.0,0.0,55.0,88.223206,133363.06,3122.2124,373.66666,345.17975,922.0,0.0,981.0,490.5,673.87274,967.0,14.0,1739.0,579.6667,504.74384,922.0,0.0,0.0,0.0,0.0,0.0,104.0,136.0,1338.091,1784.1213,0.0,185.0,37.375,66.02583,4359.4106,0.0,0.0,0.0,1.0,0.0,0.0,0.0,0.0,1.0,42.714287,26.333334,55.0,104.0,0.0,0.0,0.0,0.0,0.0,0.0,3.0,79.0,4.0,220.0,64240.0,255.0,1.0,32.0,0.0,0.0,0.0,0.0,0.0,0.0,0.0,0.0
8080.0,6.0,2.0,0.0,0.0,0.0,0.0,0.0,0.0,0.0,0.0,0.0,0.0,0.0,0.0,333333.34,6.0,0.0,6.0,6.0,6.0,6.0,0.0,6.0,6.0,0.0,0.0,0.0,0.0,0.0,0.0,0.0,0.0,0.0,64.0,0.0,333333.34,0.0,0.0,0.0,0.0,0.0,0.0,0.0,0.0,0.0,0.0,1.0,0.0,0.0,0.0,0.0,0.0,0.0,0.0,64.0,0.0,0.0,0.0,0.0,0.0,0.0,2.0,0.0,0.0,0.0,251.0,-1.0,0.0,32.0,0.0,0.0,0.0,0.0,0.0,0.0,0.0,0.0
8080.0,3266.0,3.0,4.0,79.0,220.0,79.0,0.0,26.333334,45.610672,185.0,0.0,55.0,88.223206,91549.3,2143.2944,544.3333,728.19055,1995.0,33.0,832.0,416.0,541.6438,799.0,33.0,2881.0,960.3333,961.97784,1995.0,93.0,0.0,0.0,0.0,0.0,104.0,136.0,918.5548,1224.7397,0.0,185.0,37.375,66.02583,4359.4106,0.0,0.0,0.0,1.0,0.0,0.0,0.0,0.0,1.0,42.714287,26.333334,55.0,104.0,0.0,0.0,0.0,0.0,0.0,0.0,3.0,79.0,4.0,220.0,64240.0,255.0,1.0,32.0,0.0,0.0,0.0,0.0,0.0,0.0,0.0,0.0
8080.0,3418.0,3.0,4.0,79.0,220.0,79.0,0.0,26.333334,45.610672,185.0,0.0,55.0,88.223206,87478.055,2047.9813,569.6667,801.3303,2149.0,0.0,894.0,447.0,622.25397,887.0,7.0,3027.0,1009.0,1080.4725,2149.0,0.0,0.0,0.0,0.0,0.0,104.0,136.0,877.70624,1170.275,0.0,185.0,37.375,66.02583,4359.4106,0.0,0.0,0.0,1.0,0.0,0.0,0.0,0.0,1.0,42.714287,26.333334,55.0,104.0,0.0,0.0,0.0,0.0,0.0,0.0,3.0,79.0,4.0,220.0,64240.0,255.0,1.0,32.0,0.0,0.0,0.0,0.0,0.0,0.0,0.0,0.0
8080.0,164.0,2.0,0.0,0.0,0.0,0.0,0.0,0.0,0.0,0.0,0.0,0.0,0.0,0.0,12195.122,164.0,0.0,164.0,164.0,164.0,164.0,0.0,164.0,164.0,0.0,0.0,0.0,0.0,0.0,0.0,0.0,0.0,0.0,64.0,0.0,12195.122,0.0,0.0,0.0,0.0,0.0,0.0,0.0,0.0,0.0,0.0,1.0,0.0,0.0,0.0,0.0,0.0,0.0,0.0,64.0,0.0,0.0,0.0,0.0,0.0,0.0,2.0,0.0,0.0,0.0,251.0,-1.0,0.0,32.0,0.0,0.0,0.0,0.0,0.0,0.0,0.0,0.0
8080.0,1229.0,2.0,0.0,0.0,0.0,0.0,0.0,0.0,0.0,0.0,0.0,0.0,0.0,0.0,1627.3394,1229.0,0.0,1229.0,1229.0,1229.0,1229.0,0.0,1229.0,1229.0,0.0,0.0,0.0,0.0,0.0,0.0,0.0,0.0,0.0,64.0,0.0,1627.3394,0.0,0.0,0.0,0.0,0.0,0.0,0.0,0.0,0.0,0.0,1.0,0.0,0.0,0.0,0.0,0.0,0.0,0.0,64.0,0.0,0.0,0.0,0.0,0.0,0.0,2.0,0.0,0.0,0.0,251.0,-1.0,0.0,32.0,0.0,0.0,0.0,0.0,0.0,0.0,0.0,0.0
8080.0,2252.0,3.0,4.0,79.0,220.0,79.0,0.0,26.333334,45.610672,185.0,0.0,55.0,88.223206,132770.88,3108.3481,375.33334,369.057,1006.0,0.0,800.0,400.0,555.78595,793.0,7.0,1876.0,625.3333,545.80707,1006.0,0.0,0.0,0.0,0.0,0.0,104.0,136.0,1332.1492,1776.199,0.0,185.0,37.375,66.02583,4359.4106,0.0,0.0,0.0,1.0,0.0,0.0,0.0,0.0,1.0,42.714287,26.333334,55.0,104.0,0.0,0.0,0.0,0.0,0.0,0.0,3.0,79.0,4.0,220.0,64240.0,255.0,1.0,32.0,0.0,0.0,0.0,0.0,0.0,0.0,0.0,0.0
8080.0,7.0,2.0,0.0,0.0,0.0,0.0,0.0,0.0,0.0,0.0,0.0,0.0,0.0,0.0,285714.28,7.0,0.0,7.0,7.0,7.0,7.0,0.0,7.0,7.0,0.0,0.0,0.0,0.0,0.0,0.0,0.0,0.0,0.0,64.0,0.0,285714.28,0.0,0.0,0.0,0.0,0.0,0.0,0.0,0.0,0.0,0.0,1.0,0.0,0.0,0.0,0.0,0.0,0.0,0.0,64.0,0.0,0.0,0.0,0.0,0.0,0.0,2.0,0.0,0.0,0.0,251.0,-1.0,0.0,32.0,0.0,0.0,0.0,0.0,0.0,0.0,0.0,0.0
8080.0,2125.0,3.0,4.0,79.0,220.0,79.0,0.0,26.333334,45.610672,185.0,0.0,55.0,88.223206,140705.88,3294.1177,354.16666,397.50845,1086.0,0.0,761.0,380.5,528.20874,754.0,7.0,1777.0,592.3333,549.682,1086.0,0.0,0.0,0.0,0.0,0.0,104.0,136.0,1411.7646,1882.3529,0.0,185.0,37.375,66.02583,4359.4106,0.0,0.0,0.0,1.0,0.0,0.0,0.0,0.0,1.0,42.714287,26.333334,55.0,104.0,0.0,0.0,0.0,0.0,0.0,0.0,3.0,79.0,4.0,220.0,64240.0,255.0,1.0,32.0,0.0,0.0,0.0,0.0,0.0,0.0,0.0,0.0
8080.0,180.0,2.0,0.0,0.0,0.0,0.0,0.0,0.0,0.0,0.0,0.0,0.0,0.0,0.0,11111.111,180.0,0.0,180.0,180.0,180.0,180.0,0.0,180.0,180.0,0.0,0.0,0.0,0.0,0.0,0.0,0.0,0.0,0.0,64.0,0.0,11111.111,0.0,0.0,0.0,0.0,0.0,0.0,0.0,0.0,0.0,0.0,1.0,0.0,0.0,0.0,0.0,0.0,0.0,0.0,64.0,0.0,0.0,0.0,0.0,0.0,0.0,2.0,0.0,0.0,0.0,251.0,-1.0,0.0,32.0,0.0,0.0,0.0,0.0,0.0,0.0,0.0,0.0
8080.0,2330.0,3.0,4.0,79.0,220.0,79.0,0.0,26.333334,45.610672,185.0,0.0,55.0,88.223206,128326.18,3004.2917,388.33334,290.66934,839.0,5.0,998.0,499.0,698.6215,993.0,5.0,1890.0,630.0,361.99863,839.0,212.0,0.0,0.0,0.0,0.0,104.0,136.0,1287.5536,1716.7382,0.0,185.0,37.375,66.02583,4359.4106,0.0,0.0,0.0,1.0,0.0,0.0,0.0,0.0,1.0,42.714287,26.333334,55.0,104.0,0.0,0.0,0.0,0.0,0.0,0.0,3.0,79.0,4.0,220.0,64240.0,255.0,1.0,32.0,0.0,0.0,0.0,0.0,0.0,0.0,0.0,0.0
8080.0,222.0,2.0,0.0,0.0,0.0,0.0,0.0,0.0,0.0,0.0,0.0,0.0,0.0,0.0,9009.009,222.0,0.0,222.0,222.0,222.0,222.0,0.0,222.0,222.0,0.0,0.0,0.0,0.0,0.0,0.0,0.0,0.0,0.0,64.0,0.0,9009.009,0.0,0.0,0.0,0.0,0.0,0.0,0.0,0.0,0.0,0.0,1.0,0.0,0.0,0.0,0.0,0.0,0.0,0.0,64.0,0.0,0.0,0.0,0.0,0.0,0.0,2.0,0.0,0.0,0.0,251.0,-1.0,0.0,32.0,0.0,0.0,0.0,0.0,0.0,0.0,0.0,0.0
8080.0,1993.0,3.0,4.0,79.0,220.0,79.0,0.0,26.333334,45.610672,185.0,0.0,55.0,88.223206,150025.1,3512.293,332.16666,366.88495,1009.0,0.0,668.0,334.0,458.2052,658.0,10.0,1680.0,560.0,513.57666,1009.0,0.0,0.0,0.0,0.0,0.0,104.0,136.0,1505.2684,2007.0245,0.0,185.0,37.375,66.02583,4359.4106,0.0,0.0,0.0,1.0,0.0,0.0,0.0,0.0,1.0,42.714287,26.333334,55.0,104.0,0.0,0.0,0.0,0.0,0.0,0.0,3.0,79.0,4.0,220.0,64240.0,255.0,1.0,32.0,0.0,0.0,0.0,0.0,0.0,0.0,0.0,0.0
8080.0,8.0,2.0,0.0,0.0,0.0,0.0,0.0,0.0,0.0,0.0,0.0,0.0,0.0,0.0,250000.0,8.0,0.0,8.0,8.0,8.0,8.0,0.0,8.0,8.0,0.0,0.0,0.0,0.0,0.0,0.0,0.0,0.0,0.0,64.0,0.0,250000.0,0.0,0.0,0.0,0.0,0.0,0.0,0.0,0.0,0.0,0.0,1.0,0.0,0.0,0.0,0.0,0.0,0.0,0.0,64.0,0.0,0.0,0.0,0.0,0.0,0.0,2.0,0.0,0.0,0.0,251.0,-1.0,0.0,32.0,0.0,0.0,0.0,0.0,0.0,0.0,0.0,0.0
8080.0,2074.0,3.0,4.0,79.0,220.0,79.0,0.0,26.333334,45.610672,185.0,0.0,55.0,88.223206,144165.86,3375.1206,345.66666,329.81125,973.0,0.0,801.0,400.5,279.3072,598.0,203.0,1820.0,606.6667,805.06726,1520.0,0.0,0.0,0.0,0.0,0.0,104.0,136.0,1446.4802,1928.6403,0.0,185.0,37.375,66.02583,4359.4106,0.0,0.0,0.0,1.0,0.0,0.0,0.0,0.0,1.0,42.714287,26.333334,55.0,104.0,0.0,0.0,0.0,0.0,0.0,0.0,3.0,79.0,4.0,220.0,64240.0,255.0,1.0,32.0,0.0,0.0,0.0,0.0,0.0,0.0,0.0,0.0
8080.0,0.0,2.0,0.0,0.0,0.0,0.0,0.0,0.0,0.0,0.0,0.0,0.0,0.0,,,0.0,0.0,0.0,0.0,0.0,0.0,0.0,0.0,0.0,0.0,0.0,0.0,0.0,0.0,0.0,0.0,0.0,0.0,64.0,0.0,0.0,0.0,0.0,0.0,0.0,0.0,0.0,0.0,0.0,0.0,0.0,1.0,0.0,0.0,0.0,0.0,0.0,0.0,0.0,64.0,0.0,0.0,0.0,0.0,0.0,0.0,2.0,0.0,0.0,0.0,251.0,-1.0,0.0,32.0,0.0,0.0,0.0,0.0,0.0,0.0,0.0,0.0
8080.0,2409.0,3.0,4.0,79.0,220.0,79.0,0.0,26.333334,45.610672,185.0,0.0,55.0,88.223206,124117.89,2905.77,401.5,302.86813,731.0,0.0,1530.0,765.0,944.69464,1433.0,97.0,1678.0,559.3333,653.0577,1277.0,0.0,0.0,0.0,0.0,0.0,104.0,136.0,1245.33,1660.4401,0.0,185.0,37.375,66.02583,4359.4106,0.0,0.0,0.0,1.0,0.0,0.0,0.0,0.0,1.0,42.714287,26.333334,55.0,104.0,0.0,0.0,0.0,0.0,0.0,0.0,3.0,79.0,4.0,220.0,64240.0,255.0,1.0,32.0,0.0,0.0,0.0,0.0,0.0,0.0,0.0,0.0
8080.0,60.0,2.0,0.0,0.0,0.0,0.0,0.0,0.0,0.0,0.0,0.0,0.0,0.0,0.0,33333.332,60.0,0.0,60.0,60.0,60.0,60.0,0.0,60.0,60.0,0.0,0.0,0.0,0.0,0.0,0.0,0.0,0.0,0.0,64.0,0.0,33333.332,0.0,0.0,0.0,0.0,0.0,0.0,0.0,0.0,0.0,0.0,1.0,0.0,0.0,0.0,0.0,0.0,0.0,0.0,64.0,0.0,0.0,0.0,0.0,0.0,0.0,2.0,0.0,0.0,0.0,251.0,-1.0,0.0,32.0,0.0,0.0,0.0,0.0,0.0,0.0,0.0,0.0
8080.0,3824.0,4.0,4.0,79.0,220.0,79.0,0.0,19.75,39.5,185.0,0.0,55.0,88.223206,78190.375,2092.0503,546.2857,659.0475,2004.0,12.0,3812.0,1270.6666,635.4324,2004.0,883.0,3391.0,1130.3334,1392.0784,2737.0,284.0,0.0,0.0,0.0,0.0,136.0,136.0,1046.0251,1046.0251,0.0,185.0,33.22222,63.005512,3969.6943,0.0,0.0,0.0,1.0,0.0,0.0,0.0,0.0,1.0,37.375,19.75,55.0,136.0,0.0,0.0,0.0,0.0,0.0,0.0,4.0,79.0,4.0,220.0,64240.0,255.0,1.0,32.0,0.0,0.0,0.0,0.0,0.0,0.0,0.0,0.0
8080.0,2289.0,3.0,4.0,79.0,220.0,79.0,0.0,26.333334,45.610672,185.0,0.0,55.0,88.223206,130624.73,3058.104,381.5,260.28427,891.0,169.0,944.0,472.0,306.88434,689.0,255.0,1999.0,666.3333,431.37146,939.0,169.0,0.0,0.0,0.0,0.0,104.0,136.0,1310.616,1747.488,0.0,185.0,37.375,66.02583,4359.4106,0.0,0.0,0.0,1.0,0.0,0.0,0.0,0.0,1.0,42.714287,26.333334,55.0,104.0,0.0,0.0,0.0,0.0,0.0,0.0,3.0,79.0,4.0,220.0,64240.0,255.0,1.0,32.0,0.0,0.0,0.0,0.0,0.0,0.0,0.0,0.0
8080.0,236.0,2.0,0.0,0.0,0.0,0.0,0.0,0.0,0.0,0.0,0.0,0.0,0.0,0.0,8474.576,236.0,0.0,236.0,236.0,236.0,236.0,0.0,236.0,236.0,0.0,0.0,0.0,0.0,0.0,0.0,0.0,0.0,0.0,64.0,0.0,8474.576,0.0,0.0,0.0,0.0,0.0,0.0,0.0,0.0,0.0,0.0,1.0,0.0,0.0,0.0,0.0,0.0,0.0,0.0,64.0,0.0,0.0,0.0,0.0,0.0,0.0,2.0,0.0,0.0,0.0,251.0,-1.0,0.0,32.0,0.0,0.0,0.0,0.0,0.0,0.0,0.0,0.0
8080.0,2892.0,3.0,4.0,79.0,220.0,79.0,0.0,26.333334,45.610672,185.0,0.0,55.0,88.223206,103388.66,2420.4702,482.0,523.2265,1502.0,0.0,2163.0,1081.5,594.6768,1502.0,661.0,2663.0,887.6667,1260.1454,2330.0,0.0,0.0,0.0,0.0,0.0,104.0,136.0,1037.3444,1383.1259,0.0,185.0,37.375,66.02583,4359.4106,0.0,0.0,0.0,1.0,0.0,0.0,0.0,0.0,1.0,42.714287,26.333334,55.0,104.0,0.0,0.0,0.0,0.0,0.0,0.0,3.0,79.0,4.0,220.0,64240.0,255.0,1.0,32.0,0.0,0.0,0.0,0.0,0.0,0.0,0.0,0.0
8080.0,2073.0,3.0,4.0,79.0,220.0,79.0,0.0,26.333334,45.610672,185.0,0.0,55.0,88.223206,144235.4,3376.7488,345.5,331.7172,897.0,0.0,793.0,396.5,553.6646,788.0,5.0,1631.0,543.6667,477.83087,897.0,0.0,0.0,0.0,0.0,0.0,104.0,136.0,1447.178,1929.5707,0.0,185.0,37.375,66.02583,4359.4106,0.0,0.0,0.0,1.0,0.0,0.0,0.0,0.0,1.0,42.714287,26.333334,55.0,104.0,0.0,0.0,0.0,0.0,0.0,0.0,3.0,79.0,4.0,220.0,64240.0,255.0,1.0,32.0,0.0,0.0,0.0,0.0,0.0,0.0,0.0,0.0
8080.0,21.0,2.0,0.0,0.0,0.0,0.0,0.0,0.0,0.0,0.0,0.0,0.0,0.0,0.0,95238.09,21.0,0.0,21.0,21.0,21.0,21.0,0.0,21.0,21.0,0.0,0.0,0.0,0.0,0.0,0.0,0.0,0.0,0.0,64.0,0.0,95238.09,0.0,0.0,0.0,0.0,0.0,0.0,0.0,0.0,0.0,0.0,1.0,0.0,0.0,0.0,0.0,0.0,0.0,0.0,64.0,0.0,0.0,0.0,0.0,0.0,0.0,2.0,0.0,0.0,0.0,251.0,-1.0,0.0,32.0,0.0,0.0,0.0,0.0,0.0,0.0,0.0,0.0
8080.0,4.0,2.0,0.0,0.0,0.0,0.0,0.0,0.0,0.0,0.0,0.0,0.0,0.0,0.0,500000.0,4.0,0.0,4.0,4.0,4.0,4.0,0.0,4.0,4.0,0.0,0.0,0.0,0.0,0.0,0.0,0.0,0.0,0.0,64.0,0.0,500000.0,0.0,0.0,0.0,0.0,0.0,0.0,0.0,0.0,0.0,0.0,1.0,0.0,0.0,0.0,0.0,0.0,0.0,0.0,64.0,0.0,0.0,0.0,0.0,0.0,0.0,2.0,0.0,0.0,0.0,251.0,-1.0,0.0,32.0,0.0,0.0,0.0,0.0,0.0,0.0,0.0,0.0
8080.0,1732.0,3.0,4.0,79.0,220.0,79.0,0.0,26.333334,45.610672,185.0,0.0,55.0,88.223206,172632.8,4041.5706,288.66666,157.25859,462.0,0.0,1055.0,527.5,388.20163,802.0,253.0,1392.0,464.0,520.6083,1027.0,0.0,0.0,0.0,0.0,0.0,104.0,136.0,1732.1016,2309.4688,0.0,185.0,37.375,66.02583,4359.4106,0.0,0.0,0.0,1.0,0.0,0.0,0.0,0.0,1.0,42.714287,26.333334,55.0,104.0,0.0,0.0,0.0,0.0,0.0,0.0,3.0,79.0,4.0,220.0,64240.0,255.0,1.0,32.0,0.0,0.0,0.0,0.0,0.0,0.0,0.0,0.0
8080.0,5.0,2.0,0.0,0.0,0.0,0.0,0.0,0.0,0.0,0.0,0.0,0.0,0.0,0.0,400000.0,5.0,0.0,5.0,5.0,5.0,5.0,0.0,5.0,5.0,0.0,0.0,0.0,0.0,0.0,0.0,0.0,0.0,0.0,64.0,0.0,400000.0,0.0,0.0,0.0,0.0,0.0,0.0,0.0,0.0,0.0,0.0,1.0,0.0,0.0,0.0,0.0,0.0,0.0,0.0,64.0,0.0,0.0,0.0,0.0,0.0,0.0,2.0,0.0,0.0,0.0,251.0,-1.0,0.0,32.0,0.0,0.0,0.0,0.0,0.0,0.0,0.0,0.0
8080.0,1633.0,3.0,4.0,79.0,220.0,79.0,0.0,26.333334,45.610672,185.0,0.0,55.0,88.223206,183098.6,4286.589,272.16666,156.72832,452.0,7.0,688.0,344.0,476.58997,681.0,7.0,1249.0,416.33334,207.80841,604.0,193.0,0.0,0.0,0.0,0.0,104.0,136.0,1837.1096,2449.4795,0.0,185.0,37.375,66.02583,4359.4106,0.0,0.0,0.0,1.0,0.0,0.0,0.0,0.0,1.0,42.714287,26.333334,55.0,104.0,0.0,0.0,0.0,0.0,0.0,0.0,3.0,79.0,4.0,220.0,64240.0,255.0,1.0,32.0,0.0,0.0,0.0,0.0,0.0,0.0,0.0,0.0
8080.0,283.0,2.0,0.0,0.0,0.0,0.0,0.0,0.0,0.0,0.0,0.0,0.0,0.0,0.0,7067.1377,283.0,0.0,283.0,283.0,283.0,283.0,0.0,283.0,283.0,0.0,0.0,0.0,0.0,0.0,0.0,0.0,0.0,0.0,64.0,0.0,7067.1377,0.0,0.0,0.0,0.0,0.0,0.0,0.0,0.0,0.0,0.0,1.0,0.0,0.0,0.0,0.0,0.0,0.0,0.0,64.0,0.0,0.0,0.0,0.0,0.0,0.0,2.0,0.0,0.0,0.0,251.0,-1.0,0.0,32.0,0.0,0.0,0.0,0.0,0.0,0.0,0.0,0.0
8080.0,1546.0,3.0,4.0,79.0,220.0,79.0,0.0,26.333334,45.610672,185.0,0.0,55.0,88.223206,193402.33,4527.8135,257.66666,210.84085,474.0,0.0,772.0,386.0,535.98694,765.0,7.0,1082.0,360.66666,319.4516,608.0,0.0,0.0,0.0,0.0,0.0,104.0,136.0,1940.4916,2587.322,0.0,185.0,37.375,66.02583,4359.4106,0.0,0.0,0.0,1.0,0.0,0.0,0.0,0.0,1.0,42.714287,26.333334,55.0,104.0,0.0,0.0,0.0,0.0,0.0,0.0,3.0,79.0,4.0,220.0,64240.0,255.0,1.0,32.0,0.0,0.0,0.0,0.0,0.0,0.0,0.0,0.0
8080.0,2774.0,4.0,4.0,79.0,220.0,79.0,0.0,19.75,39.5,185.0,0.0,55.0,88.223206,107786.586,2883.922,396.2857,169.04015,747.0,208.0,2462.0,820.6667,313.0692,1164.0,551.0,2431.0,810.3333,467.31396,1332.0,430.0,0.0,0.0,0.0,0.0,136.0,136.0,1441.961,1441.961,0.0,185.0,33.22222,63.005512,3969.6943,0.0,0.0,0.0,1.0,0.0,0.0,0.0,0.0,1.0,37.375,19.75,55.0,136.0,0.0,0.0,0.0,0.0,0.0,0.0,4.0,79.0,4.0,220.0,64240.0,255.0,1.0,32.0,0.0,0.0,0.0,0.0,0.0,0.0,0.0,0.0
8080.0,1515.0,3.0,4.0,79.0,220.0,79.0,0.0,26.333334,45.610672,185.0,0.0,55.0,88.223206,197359.73,4620.462,252.5,197.35628,421.0,0.0,819.0,409.5,572.0494,814.0,5.0,1122.0,374.0,411.61026,815.0,0.0,0.0,0.0,0.0,0.0,104.0,136.0,1980.198,2640.264,0.0,185.0,37.375,66.02583,4359.4106,0.0,0.0,0.0,1.0,0.0,0.0,0.0,0.0,1.0,42.714287,26.333334,55.0,104.0,0.0,0.0,0.0,0.0,0.0,0.0,3.0,79.0,4.0,220.0,64240.0,255.0,1.0,32.0,0.0,0.0,0.0,0.0,0.0,0.0,0.0,0.0
8080.0,11.0,2.0,0.0,0.0,0.0,0.0,0.0,0.0,0.0,0.0,0.0,0.0,0.0,0.0,181818.19,11.0,0.0,11.0,11.0,11.0,11.0,0.0,11.0,11.0,0.0,0.0,0.0,0.0,0.0,0.0,0.0,0.0,0.0,64.0,0.0,181818.19,0.0,0.0,0.0,0.0,0.0,0.0,0.0,0.0,0.0,0.0,1.0,0.0,0.0,0.0,0.0,0.0,0.0,0.0,64.0,0.0,0.0,0.0,0.0,0.0,0.0,2.0,0.0,0.0,0.0,251.0,-1.0,0.0,32.0,0.0,0.0,0.0,0.0,0.0,0.0,0.0,0.0
8080.0,2229.0,2.0,0.0,0.0,0.0,0.0,0.0,0.0,0.0,0.0,0.0,0.0,0.0,0.0,897.26337,2229.0,0.0,2229.0,2229.0,2229.0,2229.0,0.0,2229.0,2229.0,0.0,0.0,0.0,0.0,0.0,0.0,0.0,0.0,0.0,64.0,0.0,897.26337,0.0,0.0,0.0,0.0,0.0,0.0,0.0,0.0,0.0,0.0,1.0,0.0,0.0,0.0,0.0,0.0,0.0,0.0,64.0,0.0,0.0,0.0,0.0,0.0,0.0,2.0,0.0,0.0,0.0,251.0,-1.0,0.0,32.0,0.0,0.0,0.0,0.0,0.0,0.0,0.0,0.0
8080.0,1500.0,3.0,4.0,79.0,220.0,79.0,0.0,26.333334,45.610672,185.0,0.0,55.0,88.223206,199333.33,4666.6665,250.0,193.65123,436.0,0.0,718.0,359.0,496.38895,710.0,8.0,1128.0,376.0,391.8622,782.0,0.0,0.0,0.0,0.0,0.0,104.0,136.0,2000.0,2666.6667,0.0,185.0,37.375,66.02583,4359.4106,0.0,0.0,0.0,1.0,0.0,0.0,0.0,0.0,1.0,42.714287,26.333334,55.0,104.0,0.0,0.0,0.0,0.0,0.0,0.0,3.0,79.0,4.0,220.0,64240.0,255.0,1.0,32.0,0.0,0.0,0.0,0.0,0.0,0.0,0.0,0.0
8080.0,2493.0,3.0,4.0,79.0,220.0,79.0,0.0,26.333334,45.610672,185.0,0.0,55.0,88.223206,119935.82,2807.862,415.5,352.61523,1052.0,0.0,1879.0,939.5,159.09903,1052.0,827.0,2147.0,715.6667,1045.1107,1915.0,0.0,0.0,0.0,0.0,0.0,104.0,136.0,1203.3694,1604.4926,0.0,185.0,37.375,66.02583,4359.4106,0.0,0.0,0.0,1.0,0.0,0.0,0.0,0.0,1.0,42.714287,26.333334,55.0,104.0,0.0,0.0,0.0,0.0,0.0,0.0,3.0,79.0,4.0,220.0,64240.0,255.0,1.0,32.0,0.0,0.0,0.0,0.0,0.0,0.0,0.0,0.0
8080.0,554.0,2.0,0.0,0.0,0.0,0.0,0.0,0.0,0.0,0.0,0.0,0.0,0.0,0.0,3610.1084,554.0,0.0,554.0,554.0,554.0,554.0,0.0,554.0,554.0,0.0,0.0,0.0,0.0,0.0,0.0,0.0,0.0,0.0,64.0,0.0,3610.1084,0.0,0.0,0.0,0.0,0.0,0.0,0.0,0.0,0.0,0.0,1.0,0.0,0.0,0.0,0.0,0.0,0.0,0.0,64.0,0.0,0.0,0.0,0.0,0.0,0.0,2.0,0.0,0.0,0.0,251.0,-1.0,0.0,32.0,0.0,0.0,0.0,0.0,0.0,0.0,0.0,0.0
8080.0,5.0,2.0,0.0,0.0,0.0,0.0,0.0,0.0,0.0,0.0,0.0,0.0,0.0,0.0,400000.0,5.0,0.0,5.0,5.0,5.0,5.0,0.0,5.0,5.0,0.0,0.0,0.0,0.0,0.0,0.0,0.0,0.0,0.0,64.0,0.0,400000.0,0.0,0.0,0.0,0.0,0.0,0.0,0.0,0.0,0.0,0.0,1.0,0.0,0.0,0.0,0.0,0.0,0.0,0.0,64.0,0.0,0.0,0.0,0.0,0.0,0.0,2.0,0.0,0.0,0.0,251.0,-1.0,0.0,32.0,0.0,0.0,0.0,0.0,0.0,0.0,0.0,0.0
8080.0,1213.0,3.0,4.0,79.0,220.0,79.0,0.0,26.333334,45.610672,185.0,0.0,55.0,88.223206,246496.3,5770.816,202.16667,178.2172,458.0,0.0,749.0,374.5,522.55194,744.0,5.0,755.0,251.66667,292.11697,572.0,0.0,0.0,0.0,0.0,0.0,104.0,136.0,2473.207,3297.6091,0.0,185.0,37.375,66.02583,4359.4106,0.0,0.0,0.0,1.0,0.0,0.0,0.0,0.0,1.0,42.714287,26.333334,55.0,104.0,0.0,0.0,0.0,0.0,0.0,0.0,3.0,79.0,4.0,220.0,64240.0,255.0,1.0,32.0,0.0,0.0,0.0,0.0,0.0,0.0,0.0,0.0
8080.0,4.0,2.0,0.0,0.0,0.0,0.0,0.0,0.0,0.0,0.0,0.0,0.0,0.0,0.0,500000.0,4.0,0.0,4.0,4.0,4.0,4.0,0.0,4.0,4.0,0.0,0.0,0.0,0.0,0.0,0.0,0.0,0.0,0.0,64.0,0.0,500000.0,0.0,0.0,0.0,0.0,0.0,0.0,0.0,0.0,0.0,0.0,1.0,0.0,0.0,0.0,0.0,0.0,0.0,0.0,64.0,0.0,0.0,0.0,0.0,0.0,0.0,2.0,0.0,0.0,0.0,251.0,-1.0,0.0,32.0,0.0,0.0,0.0,0.0,0.0,0.0,0.0,0.0
8080.0,1179.0,3.0,4.0,79.0,220.0,79.0,0.0,26.333334,45.610672,185.0,0.0,55.0,88.223206,253604.75,5937.235,196.5,162.20573,404.0,0.0,542.0,271.0,376.18082,537.0,5.0,938.0,312.66666,278.46964,534.0,0.0,0.0,0.0,0.0,0.0,104.0,136.0,2544.5293,3392.7056,0.0,185.0,37.375,66.02583,4359.4106,0.0,0.0,0.0,1.0,0.0,0.0,0.0,0.0,1.0,42.714287,26.333334,55.0,104.0,0.0,0.0,0.0,0.0,0.0,0.0,3.0,79.0,4.0,220.0,64240.0,255.0,1.0,32.0,0.0,0.0,0.0,0.0,0.0,0.0,0.0,0.0
8080.0,14.0,2.0,0.0,0.0,0.0,0.0,0.0,0.0,0.0,0.0,0.0,0.0,0.0,0.0,142857.14,14.0,0.0,14.0,14.0,14.0,14.0,0.0,14.0,14.0,0.0,0.0,0.0,0.0,0.0,0.0,0.0,0.0,0.0,64.0,0.0,142857.14,0.0,0.0,0.0,0.0,0.0,0.0,0.0,0.0,0.0,0.0,1.0,0.0,0.0,0.0,0.0,0.0,0.0,0.0,64.0,0.0,0.0,0.0,0.0,0.0,0.0,2.0,0.0,0.0,0.0,251.0,-1.0,0.0,32.0,0.0,0.0,0.0,0.0,0.0,0.0,0.0,0.0
8080.0,1337.0,3.0,4.0,79.0,220.0,79.0,0.0,26.333334,45.610672,185.0,0.0,55.0,88.223206,223635.0,5235.602,222.83333,143.53177,387.0,0.0,885.0,442.5,427.7996,745.0,140.0,950.0,316.66666,387.66522,749.0,0.0,0.0,0.0,0.0,0.0,104.0,136.0,2243.8296,2991.7727,0.0,185.0,37.375,66.02583,4359.4106,0.0,0.0,0.0,1.0,0.0,0.0,0.0,0.0,1.0,42.714287,26.333334,55.0,104.0,0.0,0.0,0.0,0.0,0.0,0.0,3.0,79.0,4.0,220.0,64240.0,255.0,1.0,32.0,0.0,0.0,0.0,0.0,0.0,0.0,0.0,0.0
8080.0,10.0,2.0,0.0,0.0,0.0,0.0,0.0,0.0,0.0,0.0,0.0,0.0,0.0,0.0,200000.0,10.0,0.0,10.0,10.0,10.0,10.0,0.0,10.0,10.0,0.0,0.0,0.0,0.0,0.0,0.0,0.0,0.0,0.0,64.0,0.0,200000.0,0.0,0.0,0.0,0.0,0.0,0.0,0.0,0.0,0.0,0.0,1.0,0.0,0.0,0.0,0.0,0.0,0.0,0.0,64.0,0.0,0.0,0.0,0.0,0.0,0.0,2.0,0.0,0.0,0.0,251.0,-1.0,0.0,32.0,0.0,0.0,0.0,0.0,0.0,0.0,0.0,0.0
8080.0,1114.0,3.0,4.0,79.0,220.0,79.0,0.0,26.333334,45.610672,185.0,0.0,55.0,88.223206,268402.16,6283.6626,185.66667,151.38516,372.0,0.0,497.0,248.5,350.01785,496.0,1.0,865.0,288.33334,312.26324,620.0,0.0,0.0,0.0,0.0,0.0,104.0,136.0,2692.9983,3590.6643,0.0,185.0,37.375,66.02583,4359.4106,0.0,0.0,0.0,1.0,0.0,0.0,0.0,0.0,1.0,42.714287,26.333334,55.0,104.0,0.0,0.0,0.0,0.0,0.0,0.0,3.0,79.0,4.0,220.0,64240.0,255.0,1.0,32.0,0.0,0.0,0.0,0.0,0.0,0.0,0.0,0.0
8080.0,15.0,2.0,0.0,0.0,0.0,0.0,0.0,0.0,0.0,0.0,0.0,0.0,0.0,0.0,133333.33,15.0,0.0,15.0,15.0,15.0,15.0,0.0,15.0,15.0,0.0,0.0,0.0,0.0,0.0,0.0,0.0,0.0,0.0,64.0,0.0,133333.33,0.0,0.0,0.0,0.0,0.0,0.0,0.0,0.0,0.0,0.0,1.0,0.0,0.0,0.0,0.0,0.0,0.0,0.0,64.0,0.0,0.0,0.0,0.0,0.0,0.0,2.0,0.0,0.0,0.0,251.0,-1.0,0.0,32.0,0.0,0.0,0.0,0.0,0.0,0.0,0.0,0.0
8080.0,1816.0,3.0,4.0,79.0,220.0,79.0,0.0,26.333334,45.610672,185.0,0.0,55.0,88.223206,164647.58,3854.6255,302.66666,274.21573,798.0,0.0,1295.0,647.5,212.83914,798.0,497.0,1562.0,520.6667,784.5281,1423.0,0.0,0.0,0.0,0.0,0.0,104.0,136.0,1651.9824,2202.643,0.0,185.0,37.375,66.02583,4359.4106,0.0,0.0,0.0,1.0,0.0,0.0,0.0,0.0,1.0,42.714287,26.333334,55.0,104.0,0.0,0.0,0.0,0.0,0.0,0.0,3.0,79.0,4.0,220.0,64240.0,255.0,1.0,32.0,0.0,0.0,0.0,0.0,0.0,0.0,0.0,0.0
8080.0,15.0,2.0,0.0,0.0,0.0,0.0,0.0,0.0,0.0,0.0,0.0,0.0,0.0,0.0,133333.33,15.0,0.0,15.0,15.0,15.0,15.0,0.0,15.0,15.0,0.0,0.0,0.0,0.0,0.0,0.0,0.0,0.0,0.0,64.0,0.0,133333.33,0.0,0.0,0.0,0.0,0.0,0.0,0.0,0.0,0.0,0.0,1.0,0.0,0.0,0.0,0.0,0.0,0.0,0.0,64.0,0.0,0.0,0.0,0.0,0.0,0.0,2.0,0.0,0.0,0.0,251.0,-1.0,0.0,32.0,0.0,0.0,0.0,0.0,0.0,0.0,0.0,0.0
8080.0,1404.0,3.0,4.0,79.0,220.0,79.0,0.0,26.333334,45.610672,185.0,0.0,55.0,88.223206,212962.97,4985.755,234.0,144.21928,393.0,0.0,843.0,421.5,374.05948,686.0,157.0,1011.0,337.0,416.03967,802.0,0.0,0.0,0.0,0.0,0.0,104.0,136.0,2136.7522,2849.003,0.0,185.0,37.375,66.02583,4359.4106,0.0,0.0,0.0,1.0,0.0,0.0,0.0,0.0,1.0,42.714287,26.333334,55.0,104.0,0.0,0.0,0.0,0.0,0.0,0.0,3.0,79.0,4.0,220.0,64240.0,255.0,1.0,32.0,0.0,0.0,0.0,0.0,0.0,0.0,0.0,0.0
8080.0,1598.0,3.0,4.0,79.0,220.0,79.0,0.0,26.333334,45.610672,185.0,0.0,55.0,88.223206,187108.89,4380.4756,266.33334,178.19278,538.0,0.0,1162.0,581.0,431.33514,886.0,276.0,1060.0,353.33334,463.39758,878.0,0.0,0.0,0.0,0.0,0.0,104.0,136.0,1877.3467,2503.129,0.0,185.0,37.375,66.02583,4359.4106,0.0,0.0,0.0,1.0,0.0,0.0,0.0,0.0,1.0,42.714287,26.333334,55.0,104.0,0.0,0.0,0.0,0.0,0.0,0.0,3.0,79.0,4.0,220.0,64240.0,255.0,1.0,32.0,0.0,0.0,0.0,0.0,0.0,0.0,0.0,0.0
8080.0,10.0,2.0,0.0,0.0,0.0,0.0,0.0,0.0,0.0,0.0,0.0,0.0,0.0,0.0,200000.0,10.0,0.0,10.0,10.0,10.0,10.0,0.0,10.0,10.0,0.0,0.0,0.0,0.0,0.0,0.0,0.0,0.0,0.0,64.0,0.0,200000.0,0.0,0.0,0.0,0.0,0.0,0.0,0.0,0.0,0.0,0.0,1.0,0.0,0.0,0.0,0.0,0.0,0.0,0.0,64.0,0.0,0.0,0.0,0.0,0.0,0.0,2.0,0.0,0.0,0.0,251.0,-1.0,0.0,32.0,0.0,0.0,0.0,0.0,0.0,0.0,0.0,0.0
8080.0,932.0,2.0,0.0,0.0,0.0,0.0,0.0,0.0,0.0,0.0,0.0,0.0,0.0,0.0,2145.9229,932.0,0.0,932.0,932.0,932.0,932.0,0.0,932.0,932.0,0.0,0.0,0.0,0.0,0.0,0.0,0.0,0.0,0.0,64.0,0.0,2145.9229,0.0,0.0,0.0,0.0,0.0,0.0,0.0,0.0,0.0,0.0,1.0,0.0,0.0,0.0,0.0,0.0,0.0,0.0,64.0,0.0,0.0,0.0,0.0,0.0,0.0,2.0,0.0,0.0,0.0,251.0,-1.0,0.0,32.0,0.0,0.0,0.0,0.0,0.0,0.0,0.0,0.0
8080.0,1031.0,3.0,4.0,79.0,220.0,79.0,0.0,26.333334,45.610672,185.0,0.0,55.0,88.223206,290009.7,6789.525,171.83333,134.21686,294.0,0.0,571.0,285.5,398.1011,567.0,4.0,737.0,245.66667,246.00067,492.0,0.0,0.0,0.0,0.0,0.0,104.0,136.0,2909.7964,3879.7285,0.0,185.0,37.375,66.02583,4359.4106,0.0,0.0,0.0,1.0,0.0,0.0,0.0,0.0,1.0,42.714287,26.333334,55.0,104.0,0.0,0.0,0.0,0.0,0.0,0.0,3.0,79.0,4.0,220.0,64240.0,255.0,1.0,32.0,0.0,0.0,0.0,0.0,0.0,0.0,0.0,0.0
8080.0,5.0,2.0,0.0,0.0,0.0,0.0,0.0,0.0,0.0,0.0,0.0,0.0,0.0,0.0,400000.0,5.0,0.0,5.0,5.0,5.0,5.0,0.0,5.0,5.0,0.0,0.0,0.0,0.0,0.0,0.0,0.0,0.0,0.0,64.0,0.0,400000.0,0.0,0.0,0.0,0.0,0.0,0.0,0.0,0.0,0.0,0.0,1.0,0.0,0.0,0.0,0.0,0.0,0.0,0.0,64.0,0.0,0.0,0.0,0.0,0.0,0.0,2.0,0.0,0.0,0.0,251.0,-1.0,0.0,32.0,0.0,0.0,0.0,0.0,0.0,0.0,0.0,0.0
8080.0,1276.0,3.0,4.0,79.0,220.0,79.0,0.0,26.333334,45.610672,185.0,0.0,55.0,88.223206,234326.02,5485.8936,212.66667,163.44499,338.0,0.0,630.0,315.0,436.992,624.0,6.0,938.0,312.66666,312.50012,625.0,0.0,0.0,0.0,0.0,0.0,104.0,136.0,2351.0972,3134.7961,0.0,185.0,37.375,66.02583,4359.4106,0.0,0.0,0.0,1.0,0.0,0.0,0.0,0.0,1.0,42.714287,26.333334,55.0,104.0,0.0,0.0,0.0,0.0,0.0,0.0,3.0,79.0,4.0,220.0,64240.0,255.0,1.0,32.0,0.0,0.0,0.0,0.0,0.0,0.0,0.0,0.0
8080.0,5.0,2.0,0.0,0.0,0.0,0.0,0.0,0.0,0.0,0.0,0.0,0.0,0.0,0.0,400000.0,5.0,0.0,5.0,5.0,5.0,5.0,0.0,5.0,5.0,0.0,0.0,0.0,0.0,0.0,0.0,0.0,0.0,0.0,64.0,0.0,400000.0,0.0,0.0,0.0,0.0,0.0,0.0,0.0,0.0,0.0,0.0,1.0,0.0,0.0,0.0,0.0,0.0,0.0,0.0,64.0,0.0,0.0,0.0,0.0,0.0,0.0,2.0,0.0,0.0,0.0,251.0,-1.0,0.0,32.0,0.0,0.0,0.0,0.0,0.0,0.0,0.0,0.0
8080.0,1600.0,3.0,4.0,79.0,220.0,79.0,0.0,26.333334,45.610672,185.0,0.0,55.0,88.223206,186875.0,4375.0,266.66666,220.81999,522.0,0.0,636.0,318.0,448.3057,635.0,1.0,1260.0,420.0,409.4435,818.0,0.0,0.0,0.0,0.0,0.0,104.0,136.0,1875.0,2500.0,0.0,185.0,37.375,66.02583,4359.4106,0.0,0.0,0.0,1.0,0.0,0.0,0.0,0.0,1.0,42.714287,26.333334,55.0,104.0,0.0,0.0,0.0,0.0,0.0,0.0,3.0,79.0,4.0,220.0,64240.0,255.0,1.0,32.0,0.0,0.0,0.0,0.0,0.0,0.0,0.0,0.0
8080.0,11.0,2.0,0.0,0.0,0.0,0.0,0.0,0.0,0.0,0.0,0.0,0.0,0.0,0.0,181818.19,11.0,0.0,11.0,11.0,11.0,11.0,0.0,11.0,11.0,0.0,0.0,0.0,0.0,0.0,0.0,0.0,0.0,0.0,64.0,0.0,181818.19,0.0,0.0,0.0,0.0,0.0,0.0,0.0,0.0,0.0,0.0,1.0,0.0,0.0,0.0,0.0,0.0,0.0,0.0,64.0,0.0,0.0,0.0,0.0,0.0,0.0,2.0,0.0,0.0,0.0,251.0,-1.0,0.0,32.0,0.0,0.0,0.0,0.0,0.0,0.0,0.0,0.0
8080.0,1943.0,3.0,4.0,79.0,220.0,79.0,0.0,26.333334,45.610672,185.0,0.0,55.0,88.223206,153885.75,3602.6763,323.83334,192.4177,527.0,4.0,1047.0,523.5,734.68396,1043.0,4.0,1416.0,472.0,336.13837,860.0,269.0,0.0,0.0,0.0,0.0,104.0,136.0,1544.0042,2058.672,0.0,185.0,37.375,66.02583,4359.4106,0.0,0.0,0.0,1.0,0.0,0.0,0.0,0.0,1.0,42.714287,26.333334,55.0,104.0,0.0,0.0,0.0,0.0,0.0,0.0,3.0,79.0,4.0,220.0,64240.0,255.0,1.0,32.0,0.0,0.0,0.0,0.0,0.0,0.0,0.0,0.0
8080.0,574.0,2.0,0.0,0.0,0.0,0.0,0.0,0.0,0.0,0.0,0.0,0.0,0.0,0.0,3484.3206,574.0,0.0,574.0,574.0,574.0,574.0,0.0,574.0,574.0,0.0,0.0,0.0,0.0,0.0,0.0,0.0,0.0,0.0,64.0,0.0,3484.3206,0.0,0.0,0.0,0.0,0.0,0.0,0.0,0.0,0.0,0.0,1.0,0.0,0.0,0.0,0.0,0.0,0.0,0.0,64.0,0.0,0.0,0.0,0.0,0.0,0.0,2.0,0.0,0.0,0.0,251.0,-1.0,0.0,32.0,0.0,0.0,0.0,0.0,0.0,0.0,0.0,0.0
8080.0,2037.0,3.0,4.0,79.0,220.0,79.0,0.0,26.333334,45.610672,185.0,0.0,55.0,88.223206,146784.48,3436.426,339.5,239.6512,739.0,0.0,956.0,478.0,294.15643,686.0,270.0,1633.0,544.3333,477.7346,894.0,0.0,0.0,0.0,0.0,0.0,104.0,136.0,1472.754,1963.6721,0.0,185.0,37.375,66.02583,4359.4106,0.0,0.0,0.0,1.0,0.0,0.0,0.0,0.0,1.0,42.714287,26.333334,55.0,104.0,0.0,0.0,0.0,0.0,0.0,0.0,3.0,79.0,4.0,220.0,64240.0,255.0,1.0,32.0,0.0,0.0,0.0,0.0,0.0,0.0,0.0,0.0
8080.0,1439.0,2.0,0.0,0.0,0.0,0.0,0.0,0.0,0.0,0.0,0.0,0.0,0.0,0.0,1389.8541,1439.0,0.0,1439.0,1439.0,1439.0,1439.0,0.0,1439.0,1439.0,0.0,0.0,0.0,0.0,0.0,0.0,0.0,0.0,0.0,64.0,0.0,1389.8541,0.0,0.0,0.0,0.0,0.0,0.0,0.0,0.0,0.0,0.0,1.0,0.0,0.0,0.0,0.0,0.0,0.0,0.0,64.0,0.0,0.0,0.0,0.0,0.0,0.0,2.0,0.0,0.0,0.0,251.0,-1.0,0.0,32.0,0.0,0.0,0.0,0.0,0.0,0.0,0.0,0.0
8080.0,1308.0,3.0,4.0,79.0,220.0,79.0,0.0,26.333334,45.610672,185.0,0.0,55.0,88.223206,228593.27,5351.682,218.0,148.48164,380.0,0.0,845.0,422.5,269.40768,613.0,232.0,967.0,322.33334,488.18472,884.0,0.0,0.0,0.0,0.0,0.0,104.0,136.0,2293.578,3058.104,0.0,185.0,37.375,66.02583,4359.4106,0.0,0.0,0.0,1.0,0.0,0.0,0.0,0.0,1.0,42.714287,26.333334,55.0,104.0,0.0,0.0,0.0,0.0,0.0,0.0,3.0,79.0,4.0,220.0,64240.0,255.0,1.0,32.0,0.0,0.0,0.0,0.0,0.0,0.0,0.0,0.0
8080.0,164.0,2.0,0.0,0.0,0.0,0.0,0.0,0.0,0.0,0.0,0.0,0.0,0.0,0.0,12195.122,164.0,0.0,164.0,164.0,164.0,164.0,0.0,164.0,164.0,0.0,0.0,0.0,0.0,0.0,0.0,0.0,0.0,0.0,64.0,0.0,12195.122,0.0,0.0,0.0,0.0,0.0,0.0,0.0,0.0,0.0,0.0,1.0,0.0,0.0,0.0,0.0,0.0,0.0,0.0,64.0,0.0,0.0,0.0,0.0,0.0,0.0,2.0,0.0,0.0,0.0,251.0,-1.0,0.0,32.0,0.0,0.0,0.0,0.0,0.0,0.0,0.0,0.0
8080.0,1310.0,3.0,4.0,79.0,220.0,79.0,0.0,26.333334,45.610672,185.0,0.0,55.0,88.223206,228244.28,5343.511,218.33333,138.48418,363.0,0.0,660.0,330.0,328.09753,562.0,98.0,1018.0,339.33334,328.14072,655.0,0.0,0.0,0.0,0.0,0.0,104.0,136.0,2290.0764,3053.435,0.0,185.0,37.375,66.02583,4359.4106,0.0,0.0,0.0,1.0,0.0,0.0,0.0,0.0,1.0,42.714287,26.333334,55.0,104.0,0.0,0.0,0.0,0.0,0.0,0.0,3.0,79.0,4.0,220.0,64240.0,255.0,1.0,32.0,0.0,0.0,0.0,0.0,0.0,0.0,0.0,0.0
8080.0,1305.0,3.0,4.0,79.0,220.0,79.0,0.0,26.333334,45.610672,185.0,0.0,55.0,88.223206,229118.78,5363.985,217.5,166.01537,367.0,0.0,636.0,318.0,422.84985,617.0,19.0,1055.0,351.66666,367.3994,733.0,0.0,0.0,0.0,0.0,0.0,104.0,136.0,2298.8506,3065.134,0.0,185.0,37.375,66.02583,4359.4106,0.0,0.0,0.0,1.0,0.0,0.0,0.0,0.0,1.0,42.714287,26.333334,55.0,104.0,0.0,0.0,0.0,0.0,0.0,0.0,3.0,79.0,4.0,220.0,64240.0,255.0,1.0,32.0,0.0,0.0,0.0,0.0,0.0,0.0,0.0,0.0
8080.0,862.0,2.0,0.0,0.0,0.0,0.0,0.0,0.0,0.0,0.0,0.0,0.0,0.0,0.0,2320.1855,862.0,0.0,862.0,862.0,862.0,862.0,0.0,862.0,862.0,0.0,0.0,0.0,0.0,0.0,0.0,0.0,0.0,0.0,64.0,0.0,2320.1855,0.0,0.0,0.0,0.0,0.0,0.0,0.0,0.0,0.0,0.0,1.0,0.0,0.0,0.0,0.0,0.0,0.0,0.0,64.0,0.0,0.0,0.0,0.0,0.0,0.0,2.0,0.0,0.0,0.0,251.0,-1.0,0.0,32.0,0.0,0.0,0.0,0.0,0.0,0.0,0.0,0.0
8080.0,861.0,2.0,0.0,0.0,0.0,0.0,0.0,0.0,0.0,0.0,0.0,0.0,0.0,0.0,2322.8804,861.0,0.0,861.0,861.0,861.0,861.0,0.0,861.0,861.0,0.0,0.0,0.0,0.0,0.0,0.0,0.0,0.0,0.0,64.0,0.0,2322.8804,0.0,0.0,0.0,0.0,0.0,0.0,0.0,0.0,0.0,0.0,1.0,0.0,0.0,0.0,0.0,0.0,0.0,0.0,64.0,0.0,0.0,0.0,0.0,0.0,0.0,2.0,0.0,0.0,0.0,251.0,-1.0,0.0,32.0,0.0,0.0,0.0,0.0,0.0,0.0,0.0,0.0
8080.0,1126.0,3.0,4.0,79.0,220.0,79.0,0.0,26.333334,45.610672,185.0,0.0,55.0,88.223206,265541.75,6216.6963,187.66667,153.1126,383.0,0.0,475.0,237.5,327.39044,469.0,6.0,891.0,297.0,312.5108,623.0,0.0,0.0,0.0,0.0,0.0,104.0,136.0,2664.2983,3552.398,0.0,185.0,37.375,66.02583,4359.4106,0.0,0.0,0.0,1.0,0.0,0.0,0.0,0.0,1.0,42.714287,26.333334,55.0,104.0,0.0,0.0,0.0,0.0,0.0,0.0,3.0,79.0,4.0,220.0,64240.0,255.0,1.0,32.0,0.0,0.0,0.0,0.0,0.0,0.0,0.0,0.0
8080.0,3.0,2.0,0.0,0.0,0.0,0.0,0.0,0.0,0.0,0.0,0.0,0.0,0.0,0.0,666666.7,3.0,0.0,3.0,3.0,3.0,3.0,0.0,3.0,3.0,0.0,0.0,0.0,0.0,0.0,0.0,0.0,0.0,0.0,64.0,0.0,666666.7,0.0,0.0,0.0,0.0,0.0,0.0,0.0,0.0,0.0,0.0,1.0,0.0,0.0,0.0,0.0,0.0,0.0,0.0,64.0,0.0,0.0,0.0,0.0,0.0,0.0,2.0,0.0,0.0,0.0,251.0,-1.0,0.0,32.0,0.0,0.0,0.0,0.0,0.0,0.0,0.0,0.0
8080.0,1402.0,3.0,4.0,79.0,220.0,79.0,0.0,26.333334,45.610672,185.0,0.0,55.0,88.223206,213266.77,4992.867,233.66667,119.17494,338.0,24.0,632.0,316.0,412.95035,608.0,24.0,1102.0,367.33334,267.42163,670.0,163.0,0.0,0.0,0.0,0.0,104.0,136.0,2139.8003,2853.0671,0.0,185.0,37.375,66.02583,4359.4106,0.0,0.0,0.0,1.0,0.0,0.0,0.0,0.0,1.0,42.714287,26.333334,55.0,104.0,0.0,0.0,0.0,0.0,0.0,0.0,3.0,79.0,4.0,220.0,64240.0,255.0,1.0,32.0,0.0,0.0,0.0,0.0,0.0,0.0,0.0,0.0
8080.0,130.0,2.0,0.0,0.0,0.0,0.0,0.0,0.0,0.0,0.0,0.0,0.0,0.0,0.0,15384.615,130.0,0.0,130.0,130.0,130.0,130.0,0.0,130.0,130.0,0.0,0.0,0.0,0.0,0.0,0.0,0.0,0.0,0.0,64.0,0.0,15384.615,0.0,0.0,0.0,0.0,0.0,0.0,0.0,0.0,0.0,0.0,1.0,0.0,0.0,0.0,0.0,0.0,0.0,0.0,64.0,0.0,0.0,0.0,0.0,0.0,0.0,2.0,0.0,0.0,0.0,251.0,-1.0,0.0,32.0,0.0,0.0,0.0,0.0,0.0,0.0,0.0,0.0
8080.0,1368.0,3.0,4.0,79.0,220.0,79.0,0.0,26.333334,45.610672,185.0,0.0,55.0,88.223206,218567.25,5116.959,228.0,207.16273,434.0,0.0,831.0,415.5,581.94885,827.0,4.0,975.0,325.0,456.5731,847.0,0.0,0.0,0.0,0.0,0.0,104.0,136.0,2192.9824,2923.9766,0.0,185.0,37.375,66.02583,4359.4106,0.0,0.0,0.0,1.0,0.0,0.0,0.0,0.0,1.0,42.714287,26.333334,55.0,104.0,0.0,0.0,0.0,0.0,0.0,0.0,3.0,79.0,4.0,220.0,64240.0,255.0,1.0,32.0,0.0,0.0,0.0,0.0,0.0,0.0,0.0,0.0
8080.0,5.0,2.0,0.0,0.0,0.0,0.0,0.0,0.0,0.0,0.0,0.0,0.0,0.0,0.0,400000.0,5.0,0.0,5.0,5.0,5.0,5.0,0.0,5.0,5.0,0.0,0.0,0.0,0.0,0.0,0.0,0.0,0.0,0.0,64.0,0.0,400000.0,0.0,0.0,0.0,0.0,0.0,0.0,0.0,0.0,0.0,0.0,1.0,0.0,0.0,0.0,0.0,0.0,0.0,0.0,64.0,0.0,0.0,0.0,0.0,0.0,0.0,2.0,0.0,0.0,0.0,251.0,-1.0,0.0,32.0,0.0,0.0,0.0,0.0,0.0,0.0,0.0,0.0
8080.0,1189.0,3.0,4.0,79.0,220.0,79.0,0.0,26.333334,45.610672,185.0,0.0,55.0,88.223206,251471.83,5887.3003,198.16667,153.15276,324.0,0.0,615.0,307.5,429.2138,611.0,4.0,865.0,288.33334,299.57025,598.0,0.0,0.0,0.0,0.0,0.0,104.0,136.0,2523.1287,3364.1716,0.0,185.0,37.375,66.02583,4359.4106,0.0,0.0,0.0,1.0,0.0,0.0,0.0,0.0,1.0,42.714287,26.333334,55.0,104.0,0.0,0.0,0.0,0.0,0.0,0.0,3.0,79.0,4.0,220.0,64240.0,255.0,1.0,32.0,0.0,0.0,0.0,0.0,0.0,0.0,0.0,0.0
8080.0,2082.0,4.0,4.0,79.0,220.0,79.0,0.0,19.75,39.5,185.0,0.0,55.0,88.223206,143611.9,3842.4592,297.42856,151.62547,464.0,4.0,2078.0,692.6667,206.63333,866.0,464.0,1653.0,551.0,420.44382,1034.0,267.0,0.0,0.0,0.0,0.0,136.0,136.0,1921.2296,1921.2296,0.0,185.0,33.22222,63.005512,3969.6943,0.0,0.0,0.0,1.0,0.0,0.0,0.0,0.0,1.0,37.375,19.75,55.0,136.0,0.0,0.0,0.0,0.0,0.0,0.0,4.0,79.0,4.0,220.0,64240.0,255.0,1.0,32.0,0.0,0.0,0.0,0.0,0.0,0.0,0.0,0.0
8080.0,332.0,2.0,0.0,0.0,0.0,0.0,0.0,0.0,0.0,0.0,0.0,0.0,0.0,0.0,6024.096,332.0,0.0,332.0,332.0,332.0,332.0,0.0,332.0,332.0,0.0,0.0,0.0,0.0,0.0,0.0,0.0,0.0,0.0,64.0,0.0,6024.096,0.0,0.0,0.0,0.0,0.0,0.0,0.0,0.0,0.0,0.0,1.0,0.0,0.0,0.0,0.0,0.0,0.0,0.0,64.0,0.0,0.0,0.0,0.0,0.0,0.0,2.0,0.0,0.0,0.0,251.0,-1.0,0.0,32.0,0.0,0.0,0.0,0.0,0.0,0.0,0.0,0.0
8080.0,1219.0,3.0,4.0,79.0,220.0,79.0,0.0,26.333334,45.610672,185.0,0.0,55.0,88.223206,245283.02,5742.4116,203.16667,134.84424,380.0,0.0,624.0,312.0,302.6417,526.0,98.0,954.0,318.0,291.97946,574.0,0.0,0.0,0.0,0.0,0.0,104.0,136.0,2461.0337,3281.3782,0.0,185.0,37.375,66.02583,4359.4106,0.0,0.0,0.0,1.0,0.0,0.0,0.0,0.0,1.0,42.714287,26.333334,55.0,104.0,0.0,0.0,0.0,0.0,0.0,0.0,3.0,79.0,4.0,220.0,64240.0,255.0,1.0,32.0,0.0,0.0,0.0,0.0,0.0,0.0,0.0,0.0
8080.0,6.0,2.0,0.0,0.0,0.0,0.0,0.0,0.0,0.0,0.0,0.0,0.0,0.0,0.0,333333.34,6.0,0.0,6.0,6.0,6.0,6.0,0.0,6.0,6.0,0.0,0.0,0.0,0.0,0.0,0.0,0.0,0.0,0.0,64.0,0.0,333333.34,0.0,0.0,0.0,0.0,0.0,0.0,0.0,0.0,0.0,0.0,1.0,0.0,0.0,0.0,0.0,0.0,0.0,0.0,64.0,0.0,0.0,0.0,0.0,0.0,0.0,2.0,0.0,0.0,0.0,251.0,-1.0,0.0,32.0,0.0,0.0,0.0,0.0,0.0,0.0,0.0,0.0
8080.0,1507.0,3.0,4.0,79.0,220.0,79.0,0.0,26.333334,45.610672,185.0,0.0,55.0,88.223206,198407.44,4644.99,251.16667,163.90414,488.0,0.0,880.0,440.0,67.88225,488.0,392.0,1286.0,428.66666,499.37195,977.0,0.0,0.0,0.0,0.0,0.0,104.0,136.0,1990.71,2654.28,0.0,185.0,37.375,66.02583,4359.4106,0.0,0.0,0.0,1.0,0.0,0.0,0.0,0.0,1.0,42.714287,26.333334,55.0,104.0,0.0,0.0,0.0,0.0,0.0,0.0,3.0,79.0,4.0,220.0,64240.0,255.0,1.0,32.0,0.0,0.0,0.0,0.0,0.0,0.0,0.0,0.0
8080.0,3567.0,3.0,4.0,79.0,220.0,79.0,0.0,26.333334,45.610672,185.0,0.0,55.0,88.223206,83823.945,1962.4335,594.5,701.6135,1966.0,0.0,2561.0,1280.5,969.4434,1966.0,595.0,3311.0,1103.6666,1404.7883,2685.0,0.0,0.0,0.0,0.0,0.0,104.0,136.0,841.0429,1121.3905,0.0,185.0,37.375,66.02583,4359.4106,0.0,0.0,0.0,1.0,0.0,0.0,0.0,0.0,1.0,42.714287,26.333334,55.0,104.0,0.0,0.0,0.0,0.0,0.0,0.0,3.0,79.0,4.0,220.0,64240.0,255.0,1.0,32.0,0.0,0.0,0.0,0.0,0.0,0.0,0.0,0.0
8080.0,268.0,2.0,0.0,0.0,0.0,0.0,0.0,0.0,0.0,0.0,0.0,0.0,0.0,0.0,7462.6865,268.0,0.0,268.0,268.0,268.0,268.0,0.0,268.0,268.0,0.0,0.0,0.0,0.0,0.0,0.0,0.0,0.0,0.0,64.0,0.0,7462.6865,0.0,0.0,0.0,0.0,0.0,0.0,0.0,0.0,0.0,0.0,1.0,0.0,0.0,0.0,0.0,0.0,0.0,0.0,64.0,0.0,0.0,0.0,0.0,0.0,0.0,2.0,0.0,0.0,0.0,251.0,-1.0,0.0,32.0,0.0,0.0,0.0,0.0,0.0,0.0,0.0,0.0
8080.0,1417.0,3.0,4.0,79.0,220.0,79.0,0.0,26.333334,45.610672,185.0,0.0,55.0,88.223206,211009.17,4940.014,236.16667,148.09512,393.0,0.0,841.0,420.5,429.2138,724.0,117.0,1086.0,362.0,416.364,817.0,0.0,0.0,0.0,0.0,0.0,104.0,136.0,2117.149,2822.8652,0.0,185.0,37.375,66.02583,4359.4106,0.0,0.0,0.0,1.0,0.0,0.0,0.0,0.0,1.0,42.714287,26.333334,55.0,104.0,0.0,0.0,0.0,0.0,0.0,0.0,3.0,79.0,4.0,220.0,64240.0,255.0,1.0,32.0,0.0,0.0,0.0,0.0,0.0,0.0,0.0,0.0
8080.0,10.0,2.0,0.0,0.0,0.0,0.0,0.0,0.0,0.0,0.0,0.0,0.0,0.0,0.0,200000.0,10.0,0.0,10.0,10.0,10.0,10.0,0.0,10.0,10.0,0.0,0.0,0.0,0.0,0.0,0.0,0.0,0.0,0.0,64.0,0.0,200000.0,0.0,0.0,0.0,0.0,0.0,0.0,0.0,0.0,0.0,0.0,1.0,0.0,0.0,0.0,0.0,0.0,0.0,0.0,64.0,0.0,0.0,0.0,0.0,0.0,0.0,2.0,0.0,0.0,0.0,251.0,-1.0,0.0,32.0,0.0,0.0,0.0,0.0,0.0,0.0,0.0,0.0
8080.0,4.0,2.0,0.0,0.0,0.0,0.0,0.0,0.0,0.0,0.0,0.0,0.0,0.0,0.0,500000.0,4.0,0.0,4.0,4.0,4.0,4.0,0.0,4.0,4.0,0.0,0.0,0.0,0.0,0.0,0.0,0.0,0.0,0.0,64.0,0.0,500000.0,0.0,0.0,0.0,0.0,0.0,0.0,0.0,0.0,0.0,0.0,1.0,0.0,0.0,0.0,0.0,0.0,0.0,0.0,64.0,0.0,0.0,0.0,0.0,0.0,0.0,2.0,0.0,0.0,0.0,251.0,-1.0,0.0,32.0,0.0,0.0,0.0,0.0,0.0,0.0,0.0,0.0
8080.0,1595.0,3.0,4.0,79.0,220.0,79.0,0.0,26.333334,45.610672,185.0,0.0,55.0,88.223206,187460.81,4388.715,265.83334,184.44666,502.0,0.0,1129.0,564.5,450.42703,883.0,246.0,1214.0,404.66666,604.0533,1099.0,0.0,0.0,0.0,0.0,0.0,104.0,136.0,1880.8777,2507.837,0.0,185.0,37.375,66.02583,4359.4106,0.0,0.0,0.0,1.0,0.0,0.0,0.0,0.0,1.0,42.714287,26.333334,55.0,104.0,0.0,0.0,0.0,0.0,0.0,0.0,3.0,79.0,4.0,220.0,64240.0,255.0,1.0,32.0,0.0,0.0,0.0,0.0,0.0,0.0,0.0,0.0
8080.0,2002.0,2.0,0.0,0.0,0.0,0.0,0.0,0.0,0.0,0.0,0.0,0.0,0.0,0.0,999.001,2002.0,0.0,2002.0,2002.0,2002.0,2002.0,0.0,2002.0,2002.0,0.0,0.0,0.0,0.0,0.0,0.0,0.0,0.0,0.0,64.0,0.0,999.001,0.0,0.0,0.0,0.0,0.0,0.0,0.0,0.0,0.0,0.0,1.0,0.0,0.0,0.0,0.0,0.0,0.0,0.0,64.0,0.0,0.0,0.0,0.0,0.0,0.0,2.0,0.0,0.0,0.0,251.0,-1.0,0.0,32.0,0.0,0.0,0.0,0.0,0.0,0.0,0.0,0.0
8080.0,1251.0,3.0,4.0,79.0,220.0,79.0,0.0,26.333334,45.610672,185.0,0.0,55.0,88.223206,239008.8,5595.5234,208.5,161.12325,340.0,0.0,598.0,299.0,414.36456,592.0,6.0,985.0,328.33334,336.2623,672.0,0.0,0.0,0.0,0.0,0.0,104.0,136.0,2398.0815,3197.4421,0.0,185.0,37.375,66.02583,4359.4106,0.0,0.0,0.0,1.0,0.0,0.0,0.0,0.0,1.0,42.714287,26.333334,55.0,104.0,0.0,0.0,0.0,0.0,0.0,0.0,3.0,79.0,4.0,220.0,64240.0,255.0,1.0,32.0,0.0,0.0,0.0,0.0,0.0,0.0,0.0,0.0
8080.0,7.0,2.0,0.0,0.0,0.0,0.0,0.0,0.0,0.0,0.0,0.0,0.0,0.0,0.0,285714.28,7.0,0.0,7.0,7.0,7.0,7.0,0.0,7.0,7.0,0.0,0.0,0.0,0.0,0.0,0.0,0.0,0.0,0.0,64.0,0.0,285714.28,0.0,0.0,0.0,0.0,0.0,0.0,0.0,0.0,0.0,0.0,1.0,0.0,0.0,0.0,0.0,0.0,0.0,0.0,64.0,0.0,0.0,0.0,0.0,0.0,0.0,2.0,0.0,0.0,0.0,251.0,-1.0,0.0,32.0,0.0,0.0,0.0,0.0,0.0,0.0,0.0,0.0
8080.0,1687.0,3.0,4.0,79.0,220.0,79.0,0.0,26.333334,45.610672,185.0,0.0,55.0,88.223206,177237.7,4149.3774,281.16666,256.46164,747.0,0.0,1248.0,624.0,173.94827,747.0,501.0,1397.0,465.66666,706.013,1278.0,0.0,0.0,0.0,0.0,0.0,104.0,136.0,1778.3047,2371.073,0.0,185.0,37.375,66.02583,4359.4106,0.0,0.0,0.0,1.0,0.0,0.0,0.0,0.0,1.0,42.714287,26.333334,55.0,104.0,0.0,0.0,0.0,0.0,0.0,0.0,3.0,79.0,4.0,220.0,64240.0,255.0,1.0,32.0,0.0,0.0,0.0,0.0,0.0,0.0,0.0,0.0
8080.0,64.0,2.0,0.0,0.0,0.0,0.0,0.0,0.0,0.0,0.0,0.0,0.0,0.0,0.0,31250.0,64.0,0.0,64.0,64.0,64.0,64.0,0.0,64.0,64.0,0.0,0.0,0.0,0.0,0.0,0.0,0.0,0.0,0.0,64.0,0.0,31250.0,0.0,0.0,0.0,0.0,0.0,0.0,0.0,0.0,0.0,0.0,1.0,0.0,0.0,0.0,0.0,0.0,0.0,0.0,64.0,0.0,0.0,0.0,0.0,0.0,0.0,2.0,0.0,0.0,0.0,251.0,-1.0,0.0,32.0,0.0,0.0,0.0,0.0,0.0,0.0,0.0,0.0
8080.0,1609.0,3.0,4.0,79.0,220.0,79.0,0.0,26.333334,45.610672,185.0,0.0,55.0,88.223206,185829.7,4350.5283,268.16666,257.97473,689.0,0.0,562.0,281.0,393.15137,559.0,3.0,1380.0,460.0,398.37296,691.0,0.0,0.0,0.0,0.0,0.0,104.0,136.0,1864.5121,2486.016,0.0,185.0,37.375,66.02583,4359.4106,0.0,0.0,0.0,1.0,0.0,0.0,0.0,0.0,1.0,42.714287,26.333334,55.0,104.0,0.0,0.0,0.0,0.0,0.0,0.0,3.0,79.0,4.0,220.0,64240.0,255.0,1.0,32.0,0.0,0.0,0.0,0.0,0.0,0.0,0.0,0.0
8080.0,56.0,2.0,0.0,0.0,0.0,0.0,0.0,0.0,0.0,0.0,0.0,0.0,0.0,0.0,35714.285,56.0,0.0,56.0,56.0,56.0,56.0,0.0,56.0,56.0,0.0,0.0,0.0,0.0,0.0,0.0,0.0,0.0,0.0,64.0,0.0,35714.285,0.0,0.0,0.0,0.0,0.0,0.0,0.0,0.0,0.0,0.0,1.0,0.0,0.0,0.0,0.0,0.0,0.0,0.0,64.0,0.0,0.0,0.0,0.0,0.0,0.0,2.0,0.0,0.0,0.0,251.0,-1.0,0.0,32.0,0.0,0.0,0.0,0.0,0.0,0.0,0.0,0.0
8080.0,1868.0,3.0,4.0,79.0,220.0,79.0,0.0,26.333334,45.610672,185.0,0.0,55.0,88.223206,160064.23,3747.3232,311.33334,168.91852,481.0,0.0,947.0,473.5,217.08179,627.0,320.0,1542.0,514.0,531.2692,1061.0,0.0,0.0,0.0,0.0,0.0,104.0,136.0,1605.9957,2141.3276,0.0,185.0,37.375,66.02583,4359.4106,0.0,0.0,0.0,1.0,0.0,0.0,0.0,0.0,1.0,42.714287,26.333334,55.0,104.0,0.0,0.0,0.0,0.0,0.0,0.0,3.0,79.0,4.0,220.0,64240.0,255.0,1.0,32.0,0.0,0.0,0.0,0.0,0.0,0.0,0.0,0.0
8080.0,149.0,2.0,0.0,0.0,0.0,0.0,0.0,0.0,0.0,0.0,0.0,0.0,0.0,0.0,13422.818,149.0,0.0,149.0,149.0,149.0,149.0,0.0,149.0,149.0,0.0,0.0,0.0,0.0,0.0,0.0,0.0,0.0,0.0,64.0,0.0,13422.818,0.0,0.0,0.0,0.0,0.0,0.0,0.0,0.0,0.0,0.0,1.0,0.0,0.0,0.0,0.0,0.0,0.0,0.0,64.0,0.0,0.0,0.0,0.0,0.0,0.0,2.0,0.0,0.0,0.0,251.0,-1.0,0.0,32.0,0.0,0.0,0.0,0.0,0.0,0.0,0.0,0.0
8080.0,1164.0,3.0,4.0,79.0,220.0,79.0,0.0,26.333334,45.610672,185.0,0.0,55.0,88.223206,256872.86,6013.7456,194.0,163.84749,380.0,0.0,701.0,350.5,488.61078,696.0,5.0,784.0,261.33334,319.83954,618.0,0.0,0.0,0.0,0.0,0.0,104.0,136.0,2577.3196,3436.426,0.0,185.0,37.375,66.02583,4359.4106,0.0,0.0,0.0,1.0,0.0,0.0,0.0,0.0,1.0,42.714287,26.333334,55.0,104.0,0.0,0.0,0.0,0.0,0.0,0.0,3.0,79.0,4.0,220.0,64240.0,255.0,1.0,32.0,0.0,0.0,0.0,0.0,0.0,0.0,0.0,0.0
8080.0,8.0,2.0,0.0,0.0,0.0,0.0,0.0,0.0,0.0,0.0,0.0,0.0,0.0,0.0,250000.0,8.0,0.0,8.0,8.0,8.0,8.0,0.0,8.0,8.0,0.0,0.0,0.0,0.0,0.0,0.0,0.0,0.0,0.0,64.0,0.0,250000.0,0.0,0.0,0.0,0.0,0.0,0.0,0.0,0.0,0.0,0.0,1.0,0.0,0.0,0.0,0.0,0.0,0.0,0.0,64.0,0.0,0.0,0.0,0.0,0.0,0.0,2.0,0.0,0.0,0.0,251.0,-1.0,0.0,32.0,0.0,0.0,0.0,0.0,0.0,0.0,0.0,0.0
8080.0,1097.0,3.0,4.0,79.0,220.0,79.0,0.0,26.333334,45.610672,185.0,0.0,55.0,88.223206,272561.53,6381.039,182.83333,109.474045,287.0,0.0,603.0,301.5,270.8219,493.0,110.0,810.0,270.0,267.53503,535.0,0.0,0.0,0.0,0.0,0.0,104.0,136.0,2734.7312,3646.308,0.0,185.0,37.375,66.02583,4359.4106,0.0,0.0,0.0,1.0,0.0,0.0,0.0,0.0,1.0,42.714287,26.333334,55.0,104.0,0.0,0.0,0.0,0.0,0.0,0.0,3.0,79.0,4.0,220.0,64240.0,255.0,1.0,32.0,0.0,0.0,0.0,0.0,0.0,0.0,0.0,0.0
8080.0,137.0,2.0,0.0,0.0,0.0,0.0,0.0,0.0,0.0,0.0,0.0,0.0,0.0,0.0,14598.54,137.0,0.0,137.0,137.0,137.0,137.0,0.0,137.0,137.0,0.0,0.0,0.0,0.0,0.0,0.0,0.0,0.0,0.0,64.0,0.0,14598.54,0.0,0.0,0.0,0.0,0.0,0.0,0.0,0.0,0.0,0.0,1.0,0.0,0.0,0.0,0.0,0.0,0.0,0.0,64.0,0.0,0.0,0.0,0.0,0.0,0.0,2.0,0.0,0.0,0.0,251.0,-1.0,0.0,32.0,0.0,0.0,0.0,0.0,0.0,0.0,0.0,0.0
8080.0,1532.0,3.0,4.0,79.0,220.0,79.0,0.0,26.333334,45.610672,185.0,0.0,55.0,88.223206,195169.72,4569.1904,255.33333,249.70195,673.0,0.0,551.0,275.5,382.54477,546.0,5.0,1204.0,401.33334,354.7426,673.0,0.0,0.0,0.0,0.0,0.0,104.0,136.0,1958.2245,2610.966,0.0,185.0,37.375,66.02583,4359.4106,0.0,0.0,0.0,1.0,0.0,0.0,0.0,0.0,1.0,42.714287,26.333334,55.0,104.0,0.0,0.0,0.0,0.0,0.0,0.0,3.0,79.0,4.0,220.0,64240.0,255.0,1.0,32.0,0.0,0.0,0.0,0.0,0.0,0.0,0.0,0.0
8080.0,4.0,2.0,0.0,0.0,0.0,0.0,0.0,0.0,0.0,0.0,0.0,0.0,0.0,0.0,500000.0,4.0,0.0,4.0,4.0,4.0,4.0,0.0,4.0,4.0,0.0,0.0,0.0,0.0,0.0,0.0,0.0,0.0,0.0,64.0,0.0,500000.0,0.0,0.0,0.0,0.0,0.0,0.0,0.0,0.0,0.0,0.0,1.0,0.0,0.0,0.0,0.0,0.0,0.0,0.0,64.0,0.0,0.0,0.0,0.0,0.0,0.0,2.0,0.0,0.0,0.0,251.0,-1.0,0.0,32.0,0.0,0.0,0.0,0.0,0.0,0.0,0.0,0.0
8080.0,2352.0,3.0,4.0,79.0,220.0,79.0,0.0,26.333334,45.610672,185.0,0.0,55.0,88.223206,127125.85,2976.1904,392.0,459.50146,1283.0,14.0,627.0,313.5,423.55698,613.0,14.0,2066.0,688.6667,606.3368,1283.0,71.0,0.0,0.0,0.0,0.0,104.0,136.0,1275.5103,1700.6803,0.0,185.0,37.375,66.02583,4359.4106,0.0,0.0,0.0,1.0,0.0,0.0,0.0,0.0,1.0,42.714287,26.333334,55.0,104.0,0.0,0.0,0.0,0.0,0.0,0.0,3.0,79.0,4.0,220.0,64240.0,255.0,1.0,32.0,0.0,0.0,0.0,0.0,0.0,0.0,0.0,0.0
8080.0,2138.0,3.0,4.0,79.0,220.0,79.0,0.0,26.333334,45.610672,185.0,0.0,55.0,88.223206,139850.33,3274.088,356.33334,463.159,1253.0,0.0,599.0,299.5,419.31433,596.0,3.0,1790.0,596.6667,628.6273,1253.0,0.0,0.0,0.0,0.0,0.0,104.0,136.0,1403.1805,1870.9073,0.0,185.0,37.375,66.02583,4359.4106,0.0,0.0,0.0,1.0,0.0,0.0,0.0,0.0,1.0,42.714287,26.333334,55.0,104.0,0.0,0.0,0.0,0.0,0.0,0.0,3.0,79.0,4.0,220.0,64240.0,255.0,1.0,32.0,0.0,0.0,0.0,0.0,0.0,0.0,0.0,0.0
8080.0,160.0,2.0,0.0,0.0,0.0,0.0,0.0,0.0,0.0,0.0,0.0,0.0,0.0,0.0,12500.0,160.0,0.0,160.0,160.0,160.0,160.0,0.0,160.0,160.0,0.0,0.0,0.0,0.0,0.0,0.0,0.0,0.0,0.0,64.0,0.0,12500.0,0.0,0.0,0.0,0.0,0.0,0.0,0.0,0.0,0.0,0.0,1.0,0.0,0.0,0.0,0.0,0.0,0.0,0.0,64.0,0.0,0.0,0.0,0.0,0.0,0.0,2.0,0.0,0.0,0.0,251.0,-1.0,0.0,32.0,0.0,0.0,0.0,0.0,0.0,0.0,0.0,0.0
8080.0,200.0,2.0,0.0,0.0,0.0,0.0,0.0,0.0,0.0,0.0,0.0,0.0,0.0,0.0,10000.0,200.0,0.0,200.0,200.0,200.0,200.0,0.0,200.0,200.0,0.0,0.0,0.0,0.0,0.0,0.0,0.0,0.0,0.0,64.0,0.0,10000.0,0.0,0.0,0.0,0.0,0.0,0.0,0.0,0.0,0.0,0.0,1.0,0.0,0.0,0.0,0.0,0.0,0.0,0.0,64.0,0.0,0.0,0.0,0.0,0.0,0.0,2.0,0.0,0.0,0.0,251.0,-1.0,0.0,32.0,0.0,0.0,0.0,0.0,0.0,0.0,0.0,0.0
8080.0,1371.0,3.0,4.0,79.0,220.0,79.0,0.0,26.333334,45.610672,185.0,0.0,55.0,88.223206,218088.98,5105.762,228.5,134.17116,393.0,0.0,786.0,393.0,274.35742,587.0,199.0,1084.0,361.33334,469.4905,892.0,0.0,0.0,0.0,0.0,0.0,104.0,136.0,2188.1838,2917.5784,0.0,185.0,37.375,66.02583,4359.4106,0.0,0.0,0.0,1.0,0.0,0.0,0.0,0.0,1.0,42.714287,26.333334,55.0,104.0,0.0,0.0,0.0,0.0,0.0,0.0,3.0,79.0,4.0,220.0,64240.0,255.0,1.0,32.0,0.0,0.0,0.0,0.0,0.0,0.0,0.0,0.0
8080.0,7.0,2.0,0.0,0.0,0.0,0.0,0.0,0.0,0.0,0.0,0.0,0.0,0.0,0.0,285714.28,7.0,0.0,7.0,7.0,7.0,7.0,0.0,7.0,7.0,0.0,0.0,0.0,0.0,0.0,0.0,0.0,0.0,0.0,64.0,0.0,285714.28,0.0,0.0,0.0,0.0,0.0,0.0,0.0,0.0,0.0,0.0,1.0,0.0,0.0,0.0,0.0,0.0,0.0,0.0,64.0,0.0,0.0,0.0,0.0,0.0,0.0,2.0,0.0,0.0,0.0,251.0,-1.0,0.0,32.0,0.0,0.0,0.0,0.0,0.0,0.0,0.0,0.0
8080.0,1101.0,3.0,4.0,79.0,220.0,79.0,0.0,26.333334,45.610672,185.0,0.0,55.0,88.223206,271571.3,6357.8564,183.5,152.95065,347.0,0.0,522.0,261.0,362.03867,517.0,5.0,917.0,305.66666,287.23917,570.0,0.0,0.0,0.0,0.0,0.0,104.0,136.0,2724.7957,3633.0608,0.0,185.0,37.375,66.02583,4359.4106,0.0,0.0,0.0,1.0,0.0,0.0,0.0,0.0,1.0,42.714287,26.333334,55.0,104.0,0.0,0.0,0.0,0.0,0.0,0.0,3.0,79.0,4.0,220.0,64240.0,255.0,1.0,32.0,0.0,0.0,0.0,0.0,0.0,0.0,0.0,0.0
8080.0,5.0,2.0,0.0,0.0,0.0,0.0,0.0,0.0,0.0,0.0,0.0,0.0,0.0,0.0,400000.0,5.0,0.0,5.0,5.0,5.0,5.0,0.0,5.0,5.0,0.0,0.0,0.0,0.0,0.0,0.0,0.0,0.0,0.0,64.0,0.0,400000.0,0.0,0.0,0.0,0.0,0.0,0.0,0.0,0.0,0.0,0.0,1.0,0.0,0.0,0.0,0.0,0.0,0.0,0.0,64.0,0.0,0.0,0.0,0.0,0.0,0.0,2.0,0.0,0.0,0.0,251.0,-1.0,0.0,32.0,0.0,0.0,0.0,0.0,0.0,0.0,0.0,0.0
8080.0,1347.0,3.0,4.0,79.0,220.0,79.0,0.0,26.333334,45.610672,185.0,0.0,55.0,88.223206,221974.77,5196.7334,224.5,176.15079,404.0,0.0,783.0,391.5,536.69403,771.0,12.0,943.0,314.33334,323.34863,646.0,0.0,0.0,0.0,0.0,0.0,104.0,136.0,2227.1714,2969.562,0.0,185.0,37.375,66.02583,4359.4106,0.0,0.0,0.0,1.0,0.0,0.0,0.0,0.0,1.0,42.714287,26.333334,55.0,104.0,0.0,0.0,0.0,0.0,0.0,0.0,3.0,79.0,4.0,220.0,64240.0,255.0,1.0,32.0,0.0,0.0,0.0,0.0,0.0,0.0,0.0,0.0
8080.0,5.0,2.0,0.0,0.0,0.0,0.0,0.0,0.0,0.0,0.0,0.0,0.0,0.0,0.0,400000.0,5.0,0.0,5.0,5.0,5.0,5.0,0.0,5.0,5.0,0.0,0.0,0.0,0.0,0.0,0.0,0.0,0.0,0.0,64.0,0.0,400000.0,0.0,0.0,0.0,0.0,0.0,0.0,0.0,0.0,0.0,0.0,1.0,0.0,0.0,0.0,0.0,0.0,0.0,0.0,64.0,0.0,0.0,0.0,0.0,0.0,0.0,2.0,0.0,0.0,0.0,251.0,-1.0,0.0,32.0,0.0,0.0,0.0,0.0,0.0,0.0,0.0,0.0
8080.0,1715.0,3.0,4.0,79.0,220.0,79.0,0.0,26.333334,45.610672,185.0,0.0,55.0,88.223206,174344.02,4081.6326,285.83334,308.5044,836.0,0.0,613.0,306.5,429.2138,610.0,3.0,1482.0,494.0,438.23737,836.0,0.0,0.0,0.0,0.0,0.0,104.0,136.0,1749.2711,2332.3616,0.0,185.0,37.375,66.02583,4359.4106,0.0,0.0,0.0,1.0,0.0,0.0,0.0,0.0,1.0,42.714287,26.333334,55.0,104.0,0.0,0.0,0.0,0.0,0.0,0.0,3.0,79.0,4.0,220.0,64240.0,255.0,1.0,32.0,0.0,0.0,0.0,0.0,0.0,0.0,0.0,0.0
8080.0,4.0,2.0,0.0,0.0,0.0,0.0,0.0,0.0,0.0,0.0,0.0,0.0,0.0,0.0,500000.0,4.0,0.0,4.0,4.0,4.0,4.0,0.0,4.0,4.0,0.0,0.0,0.0,0.0,0.0,0.0,0.0,0.0,0.0,64.0,0.0,500000.0,0.0,0.0,0.0,0.0,0.0,0.0,0.0,0.0,0.0,0.0,1.0,0.0,0.0,0.0,0.0,0.0,0.0,0.0,64.0,0.0,0.0,0.0,0.0,0.0,0.0,2.0,0.0,0.0,0.0,251.0,-1.0,0.0,32.0,0.0,0.0,0.0,0.0,0.0,0.0,0.0,0.0
8080.0,1760.0,3.0,4.0,79.0,220.0,79.0,0.0,26.333334,45.610672,185.0,0.0,55.0,88.223206,169886.36,3977.2727,293.33334,224.56685,601.0,0.0,976.0,488.0,561.4428,885.0,91.0,1159.0,386.33334,424.64377,841.0,0.0,0.0,0.0,0.0,0.0,104.0,136.0,1704.5454,2272.7273,0.0,185.0,37.375,66.02583,4359.4106,0.0,0.0,0.0,1.0,0.0,0.0,0.0,0.0,1.0,42.714287,26.333334,55.0,104.0,0.0,0.0,0.0,0.0,0.0,0.0,3.0,79.0,4.0,220.0,64240.0,255.0,1.0,32.0,0.0,0.0,0.0,0.0,0.0,0.0,0.0,0.0
8080.0,4.0,2.0,0.0,0.0,0.0,0.0,0.0,0.0,0.0,0.0,0.0,0.0,0.0,0.0,500000.0,4.0,0.0,4.0,4.0,4.0,4.0,0.0,4.0,4.0,0.0,0.0,0.0,0.0,0.0,0.0,0.0,0.0,0.0,64.0,0.0,500000.0,0.0,0.0,0.0,0.0,0.0,0.0,0.0,0.0,0.0,0.0,1.0,0.0,0.0,0.0,0.0,0.0,0.0,0.0,64.0,0.0,0.0,0.0,0.0,0.0,0.0,2.0,0.0,0.0,0.0,251.0,-1.0,0.0,32.0,0.0,0.0,0.0,0.0,0.0,0.0,0.0,0.0
8080.0,1049.0,3.0,4.0,79.0,220.0,79.0,0.0,26.333334,45.610672,185.0,0.0,55.0,88.223206,285033.38,6673.022,174.83333,134.3792,313.0,0.0,452.0,226.0,291.328,432.0,20.0,807.0,269.0,261.82245,523.0,0.0,0.0,0.0,0.0,0.0,104.0,136.0,2859.8665,3813.1553,0.0,185.0,37.375,66.02583,4359.4106,0.0,0.0,0.0,1.0,0.0,0.0,0.0,0.0,1.0,42.714287,26.333334,55.0,104.0,0.0,0.0,0.0,0.0,0.0,0.0,3.0,79.0,4.0,220.0,64240.0,255.0,1.0,32.0,0.0,0.0,0.0,0.0,0.0,0.0,0.0,0.0
8080.0,8.0,2.0,0.0,0.0,0.0,0.0,0.0,0.0,0.0,0.0,0.0,0.0,0.0,0.0,250000.0,8.0,0.0,8.0,8.0,8.0,8.0,0.0,8.0,8.0,0.0,0.0,0.0,0.0,0.0,0.0,0.0,0.0,0.0,64.0,0.0,250000.0,0.0,0.0,0.0,0.0,0.0,0.0,0.0,0.0,0.0,0.0,1.0,0.0,0.0,0.0,0.0,0.0,0.0,0.0,64.0,0.0,0.0,0.0,0.0,0.0,0.0,2.0,0.0,0.0,0.0,251.0,-1.0,0.0,32.0,0.0,0.0,0.0,0.0,0.0,0.0,0.0,0.0
8080.0,1363.0,3.0,4.0,79.0,220.0,79.0,0.0,26.333334,45.610672,185.0,0.0,55.0,88.223206,219369.03,5135.73,227.16667,174.87071,372.0,0.0,658.0,329.0,458.2052,653.0,5.0,1040.0,346.66666,353.6981,707.0,0.0,0.0,0.0,0.0,0.0,104.0,136.0,2201.027,2934.703,0.0,185.0,37.375,66.02583,4359.4106,0.0,0.0,0.0,1.0,0.0,0.0,0.0,0.0,1.0,42.714287,26.333334,55.0,104.0,0.0,0.0,0.0,0.0,0.0,0.0,3.0,79.0,4.0,220.0,64240.0,255.0,1.0,32.0,0.0,0.0,0.0,0.0,0.0,0.0,0.0,0.0
8080.0,1476.0,3.0,4.0,79.0,220.0,79.0,0.0,26.333334,45.610672,185.0,0.0,55.0,88.223206,202574.53,4742.5474,246.0,140.08284,371.0,1.0,606.0,303.0,427.0925,605.0,1.0,1206.0,402.0,277.02167,707.0,166.0,0.0,0.0,0.0,0.0,104.0,136.0,2032.5204,2710.027,0.0,185.0,37.375,66.02583,4359.4106,0.0,0.0,0.0,1.0,0.0,0.0,0.0,0.0,1.0,42.714287,26.333334,55.0,104.0,0.0,0.0,0.0,0.0,0.0,0.0,3.0,79.0,4.0,220.0,64240.0,255.0,1.0,32.0,0.0,0.0,0.0,0.0,0.0,0.0,0.0,0.0
8080.0,4.0,2.0,0.0,0.0,0.0,0.0,0.0,0.0,0.0,0.0,0.0,0.0,0.0,0.0,500000.0,4.0,0.0,4.0,4.0,4.0,4.0,0.0,4.0,4.0,0.0,0.0,0.0,0.0,0.0,0.0,0.0,0.0,0.0,64.0,0.0,500000.0,0.0,0.0,0.0,0.0,0.0,0.0,0.0,0.0,0.0,0.0,1.0,0.0,0.0,0.0,0.0,0.0,0.0,0.0,64.0,0.0,0.0,0.0,0.0,0.0,0.0,2.0,0.0,0.0,0.0,251.0,-1.0,0.0,32.0,0.0,0.0,0.0,0.0,0.0,0.0,0.0,0.0
8080.0,132.0,2.0,0.0,0.0,0.0,0.0,0.0,0.0,0.0,0.0,0.0,0.0,0.0,0.0,15151.516,132.0,0.0,132.0,132.0,132.0,132.0,0.0,132.0,132.0,0.0,0.0,0.0,0.0,0.0,0.0,0.0,0.0,0.0,64.0,0.0,15151.516,0.0,0.0,0.0,0.0,0.0,0.0,0.0,0.0,0.0,0.0,1.0,0.0,0.0,0.0,0.0,0.0,0.0,0.0,64.0,0.0,0.0,0.0,0.0,0.0,0.0,2.0,0.0,0.0,0.0,251.0,-1.0,0.0,32.0,0.0,0.0,0.0,0.0,0.0,0.0,0.0,0.0
8080.0,1450.0,3.0,4.0,79.0,220.0,79.0,0.0,26.333334,45.610672,185.0,0.0,55.0,88.223206,206206.89,4827.5864,241.66667,143.82721,413.0,0.0,804.0,402.0,321.0265,629.0,175.0,1152.0,384.0,477.74576,919.0,0.0,0.0,0.0,0.0,0.0,104.0,136.0,2068.9656,2758.6206,0.0,185.0,37.375,66.02583,4359.4106,0.0,0.0,0.0,1.0,0.0,0.0,0.0,0.0,1.0,42.714287,26.333334,55.0,104.0,0.0,0.0,0.0,0.0,0.0,0.0,3.0,79.0,4.0,220.0,64240.0,255.0,1.0,32.0,0.0,0.0,0.0,0.0,0.0,0.0,0.0,0.0
8080.0,4.0,2.0,0.0,0.0,0.0,0.0,0.0,0.0,0.0,0.0,0.0,0.0,0.0,0.0,500000.0,4.0,0.0,4.0,4.0,4.0,4.0,0.0,4.0,4.0,0.0,0.0,0.0,0.0,0.0,0.0,0.0,0.0,0.0,64.0,0.0,500000.0,0.0,0.0,0.0,0.0,0.0,0.0,0.0,0.0,0.0,0.0,1.0,0.0,0.0,0.0,0.0,0.0,0.0,0.0,64.0,0.0,0.0,0.0,0.0,0.0,0.0,2.0,0.0,0.0,0.0,251.0,-1.0,0.0,32.0,0.0,0.0,0.0,0.0,0.0,0.0,0.0,0.0
8080.0,1733.0,3.0,4.0,79.0,220.0,79.0,0.0,26.333334,45.610672,185.0,0.0,55.0,88.223206,172533.17,4039.2383,288.83334,261.801,697.0,0.0,680.0,340.0,472.34732,674.0,6.0,1354.0,451.33334,391.37747,697.0,0.0,0.0,0.0,0.0,0.0,104.0,136.0,1731.1022,2308.1362,0.0,185.0,37.375,66.02583,4359.4106,0.0,0.0,0.0,1.0,0.0,0.0,0.0,0.0,1.0,42.714287,26.333334,55.0,104.0,0.0,0.0,0.0,0.0,0.0,0.0,3.0,79.0,4.0,220.0,64240.0,255.0,1.0,32.0,0.0,0.0,0.0,0.0,0.0,0.0,0.0,0.0
8080.0,1340.0,3.0,4.0,79.0,220.0,79.0,0.0,26.333334,45.610672,185.0,0.0,55.0,88.223206,223134.33,5223.8804,223.33333,166.46161,389.0,0.0,868.0,434.0,441.23462,746.0,122.0,983.0,327.66666,477.0706,875.0,0.0,0.0,0.0,0.0,0.0,104.0,136.0,2238.806,2985.0747,0.0,185.0,37.375,66.02583,4359.4106,0.0,0.0,0.0,1.0,0.0,0.0,0.0,0.0,1.0,42.714287,26.333334,55.0,104.0,0.0,0.0,0.0,0.0,0.0,0.0,3.0,79.0,4.0,220.0,64240.0,255.0,1.0,32.0,0.0,0.0,0.0,0.0,0.0,0.0,0.0,0.0
8080.0,107.0,2.0,0.0,0.0,0.0,0.0,0.0,0.0,0.0,0.0,0.0,0.0,0.0,0.0,18691.588,107.0,0.0,107.0,107.0,107.0,107.0,0.0,107.0,107.0,0.0,0.0,0.0,0.0,0.0,0.0,0.0,0.0,0.0,64.0,0.0,18691.588,0.0,0.0,0.0,0.0,0.0,0.0,0.0,0.0,0.0,0.0,1.0,0.0,0.0,0.0,0.0,0.0,0.0,0.0,64.0,0.0,0.0,0.0,0.0,0.0,0.0,2.0,0.0,0.0,0.0,251.0,-1.0,0.0,32.0,0.0,0.0,0.0,0.0,0.0,0.0,0.0,0.0
8080.0,122.0,2.0,0.0,0.0,0.0,0.0,0.0,0.0,0.0,0.0,0.0,0.0,0.0,0.0,16393.443,122.0,0.0,122.0,122.0,122.0,122.0,0.0,122.0,122.0,0.0,0.0,0.0,0.0,0.0,0.0,0.0,0.0,0.0,64.0,0.0,16393.443,0.0,0.0,0.0,0.0,0.0,0.0,0.0,0.0,0.0,0.0,1.0,0.0,0.0,0.0,0.0,0.0,0.0,0.0,64.0,0.0,0.0,0.0,0.0,0.0,0.0,2.0,0.0,0.0,0.0,251.0,-1.0,0.0,32.0,0.0,0.0,0.0,0.0,0.0,0.0,0.0,0.0
8080.0,1379.0,3.0,4.0,79.0,220.0,79.0,0.0,26.333334,45.610672,185.0,0.0,55.0,88.223206,216823.78,5076.142,229.83333,185.04964,542.0,0.0,564.0,282.0,268.7006,472.0,92.0,1141.0,380.33334,330.60904,599.0,0.0,0.0,0.0,0.0,0.0,104.0,136.0,2175.4895,2900.6526,0.0,185.0,37.375,66.02583,4359.4106,0.0,0.0,0.0,1.0,0.0,0.0,0.0,0.0,1.0,42.714287,26.333334,55.0,104.0,0.0,0.0,0.0,0.0,0.0,0.0,3.0,79.0,4.0,220.0,64240.0,255.0,1.0,32.0,0.0,0.0,0.0,0.0,0.0,0.0,0.0,0.0
8080.0,9.0,2.0,0.0,0.0,0.0,0.0,0.0,0.0,0.0,0.0,0.0,0.0,0.0,0.0,222222.22,9.0,0.0,9.0,9.0,9.0,9.0,0.0,9.0,9.0,0.0,0.0,0.0,0.0,0.0,0.0,0.0,0.0,0.0,64.0,0.0,222222.22,0.0,0.0,0.0,0.0,0.0,0.0,0.0,0.0,0.0,0.0,1.0,0.0,0.0,0.0,0.0,0.0,0.0,0.0,64.0,0.0,0.0,0.0,0.0,0.0,0.0,2.0,0.0,0.0,0.0,251.0,-1.0,0.0,32.0,0.0,0.0,0.0,0.0,0.0,0.0,0.0,0.0
8080.0,1215.0,3.0,4.0,79.0,220.0,79.0,0.0,26.333334,45.610672,185.0,0.0,55.0,88.223206,246090.53,5761.317,202.5,162.665,391.0,0.0,562.0,281.0,394.56558,560.0,2.0,933.0,311.0,279.71594,542.0,0.0,0.0,0.0,0.0,0.0,104.0,136.0,2469.1357,3292.1812,0.0,185.0,37.375,66.02583,4359.4106,0.0,0.0,0.0,1.0,0.0,0.0,0.0,0.0,1.0,42.714287,26.333334,55.0,104.0,0.0,0.0,0.0,0.0,0.0,0.0,3.0,79.0,4.0,220.0,64240.0,255.0,1.0,32.0,0.0,0.0,0.0,0.0,0.0,0.0,0.0,0.0
8080.0,122.0,2.0,0.0,0.0,0.0,0.0,0.0,0.0,0.0,0.0,0.0,0.0,0.0,0.0,16393.443,122.0,0.0,122.0,122.0,122.0,122.0,0.0,122.0,122.0,0.0,0.0,0.0,0.0,0.0,0.0,0.0,0.0,0.0,64.0,0.0,16393.443,0.0,0.0,0.0,0.0,0.0,0.0,0.0,0.0,0.0,0.0,1.0,0.0,0.0,0.0,0.0,0.0,0.0,0.0,64.0,0.0,0.0,0.0,0.0,0.0,0.0,2.0,0.0,0.0,0.0,251.0,-1.0,0.0,32.0,0.0,0.0,0.0,0.0,0.0,0.0,0.0,0.0
8080.0,1635.0,3.0,4.0,79.0,220.0,79.0,0.0,26.333334,45.610672,185.0,0.0,55.0,88.223206,182874.62,4281.3457,272.5,164.96878,490.0,0.0,920.0,460.0,274.35742,654.0,266.0,1364.0,454.66666,603.2332,1139.0,0.0,0.0,0.0,0.0,0.0,104.0,136.0,1834.8624,2446.4832,0.0,185.0,37.375,66.02583,4359.4106,0.0,0.0,0.0,1.0,0.0,0.0,0.0,0.0,1.0,42.714287,26.333334,55.0,104.0,0.0,0.0,0.0,0.0,0.0,0.0,3.0,79.0,4.0,220.0,64240.0,255.0,1.0,32.0,0.0,0.0,0.0,0.0,0.0,0.0,0.0,0.0
8080.0,3.0,2.0,0.0,0.0,0.0,0.0,0.0,0.0,0.0,0.0,0.0,0.0,0.0,0.0,666666.7,3.0,0.0,3.0,3.0,3.0,3.0,0.0,3.0,3.0,0.0,0.0,0.0,0.0,0.0,0.0,0.0,0.0,0.0,64.0,0.0,666666.7,0.0,0.0,0.0,0.0,0.0,0.0,0.0,0.0,0.0,0.0,1.0,0.0,0.0,0.0,0.0,0.0,0.0,0.0,64.0,0.0,0.0,0.0,0.0,0.0,0.0,2.0,0.0,0.0,0.0,251.0,-1.0,0.0,32.0,0.0,0.0,0.0,0.0,0.0,0.0,0.0,0.0
8080.0,1674.0,3.0,4.0,79.0,220.0,79.0,0.0,26.333334,45.610672,185.0,0.0,55.0,88.223206,178614.1,4181.601,279.0,295.7323,810.0,0.0,576.0,288.0,401.63666,572.0,4.0,1417.0,472.33334,421.4574,810.0,0.0,0.0,0.0,0.0,0.0,104.0,136.0,1792.1147,2389.4863,0.0,185.0,37.375,66.02583,4359.4106,0.0,0.0,0.0,1.0,0.0,0.0,0.0,0.0,1.0,42.714287,26.333334,55.0,104.0,0.0,0.0,0.0,0.0,0.0,0.0,3.0,79.0,4.0,220.0,64240.0,255.0,1.0,32.0,0.0,0.0,0.0,0.0,0.0,0.0,0.0,0.0
8080.0,8.0,2.0,0.0,0.0,0.0,0.0,0.0,0.0,0.0,0.0,0.0,0.0,0.0,0.0,250000.0,8.0,0.0,8.0,8.0,8.0,8.0,0.0,8.0,8.0,0.0,0.0,0.0,0.0,0.0,0.0,0.0,0.0,0.0,64.0,0.0,250000.0,0.0,0.0,0.0,0.0,0.0,0.0,0.0,0.0,0.0,0.0,1.0,0.0,0.0,0.0,0.0,0.0,0.0,0.0,64.0,0.0,0.0,0.0,0.0,0.0,0.0,2.0,0.0,0.0,0.0,251.0,-1.0,0.0,32.0,0.0,0.0,0.0,0.0,0.0,0.0,0.0,0.0
8080.0,1321.0,3.0,4.0,79.0,220.0,79.0,0.0,26.333334,45.610672,185.0,0.0,55.0,88.223206,226343.67,5299.016,220.16667,197.84581,453.0,0.0,725.0,362.5,504.16714,719.0,6.0,996.0,332.0,456.82928,853.0,0.0,0.0,0.0,0.0,0.0,104.0,136.0,2271.0068,3028.009,0.0,185.0,37.375,66.02583,4359.4106,0.0,0.0,0.0,1.0,0.0,0.0,0.0,0.0,1.0,42.714287,26.333334,55.0,104.0,0.0,0.0,0.0,0.0,0.0,0.0,3.0,79.0,4.0,220.0,64240.0,255.0,1.0,32.0,0.0,0.0,0.0,0.0,0.0,0.0,0.0,0.0
8080.0,1719.0,3.0,4.0,79.0,220.0,79.0,0.0,26.333334,45.610672,185.0,0.0,55.0,88.223206,173938.34,4072.135,286.5,200.06075,507.0,4.0,607.0,303.5,423.55698,603.0,4.0,1432.0,477.33334,348.44846,810.0,115.0,0.0,0.0,0.0,0.0,104.0,136.0,1745.2007,2326.9343,0.0,185.0,37.375,66.02583,4359.4106,0.0,0.0,0.0,1.0,0.0,0.0,0.0,0.0,1.0,42.714287,26.333334,55.0,104.0,0.0,0.0,0.0,0.0,0.0,0.0,3.0,79.0,4.0,220.0,64240.0,255.0,1.0,32.0,0.0,0.0,0.0,0.0,0.0,0.0,0.0,0.0
8080.0,1356.0,3.0,4.0,79.0,220.0,79.0,0.0,26.333334,45.610672,185.0,0.0,55.0,88.223206,220501.47,5162.2417,226.0,160.47928,415.0,0.0,835.0,417.5,439.1133,728.0,107.0,941.0,313.66666,408.05676,775.0,0.0,0.0,0.0,0.0,0.0,104.0,136.0,2212.3894,2949.8525,0.0,185.0,37.375,66.02583,4359.4106,0.0,0.0,0.0,1.0,0.0,0.0,0.0,0.0,1.0,42.714287,26.333334,55.0,104.0,0.0,0.0,0.0,0.0,0.0,0.0,3.0,79.0,4.0,220.0,64240.0,255.0,1.0,32.0,0.0,0.0,0.0,0.0,0.0,0.0,0.0,0.0
8080.0,3.0,2.0,0.0,0.0,0.0,0.0,0.0,0.0,0.0,0.0,0.0,0.0,0.0,0.0,666666.7,3.0,0.0,3.0,3.0,3.0,3.0,0.0,3.0,3.0,0.0,0.0,0.0,0.0,0.0,0.0,0.0,0.0,0.0,64.0,0.0,666666.7,0.0,0.0,0.0,0.0,0.0,0.0,0.0,0.0,0.0,0.0,1.0,0.0,0.0,0.0,0.0,0.0,0.0,0.0,64.0,0.0,0.0,0.0,0.0,0.0,0.0,2.0,0.0,0.0,0.0,251.0,-1.0,0.0,32.0,0.0,0.0,0.0,0.0,0.0,0.0,0.0,0.0
8080.0,1675.0,2.0,0.0,0.0,0.0,0.0,0.0,0.0,0.0,0.0,0.0,0.0,0.0,0.0,1194.0299,1675.0,0.0,1675.0,1675.0,1675.0,1675.0,0.0,1675.0,1675.0,0.0,0.0,0.0,0.0,0.0,0.0,0.0,0.0,0.0,64.0,0.0,1194.0299,0.0,0.0,0.0,0.0,0.0,0.0,0.0,0.0,0.0,0.0,1.0,0.0,0.0,0.0,0.0,0.0,0.0,0.0,64.0,0.0,0.0,0.0,0.0,0.0,0.0,2.0,0.0,0.0,0.0,251.0,-1.0,0.0,32.0,0.0,0.0,0.0,0.0,0.0,0.0,0.0,0.0
8080.0,2343.0,2.0,0.0,0.0,0.0,0.0,0.0,0.0,0.0,0.0,0.0,0.0,0.0,0.0,853.6065,2343.0,0.0,2343.0,2343.0,2343.0,2343.0,0.0,2343.0,2343.0,0.0,0.0,0.0,0.0,0.0,0.0,0.0,0.0,0.0,64.0,0.0,853.6065,0.0,0.0,0.0,0.0,0.0,0.0,0.0,0.0,0.0,0.0,1.0,0.0,0.0,0.0,0.0,0.0,0.0,0.0,64.0,0.0,0.0,0.0,0.0,0.0,0.0,2.0,0.0,0.0,0.0,251.0,-1.0,0.0,32.0,0.0,0.0,0.0,0.0,0.0,0.0,0.0,0.0
8080.0,1660.0,3.0,4.0,79.0,220.0,79.0,0.0,26.333334,45.610672,185.0,0.0,55.0,88.223206,180120.48,4216.8677,276.66666,242.05922,638.0,0.0,685.0,342.5,477.2971,680.0,5.0,1334.0,444.66666,386.18304,696.0,0.0,0.0,0.0,0.0,0.0,104.0,136.0,1807.2289,2409.6387,0.0,185.0,37.375,66.02583,4359.4106,0.0,0.0,0.0,1.0,0.0,0.0,0.0,0.0,1.0,42.714287,26.333334,55.0,104.0,0.0,0.0,0.0,0.0,0.0,0.0,3.0,79.0,4.0,220.0,64240.0,255.0,1.0,32.0,0.0,0.0,0.0,0.0,0.0,0.0,0.0,0.0
8080.0,1430.0,3.0,4.0,79.0,220.0,79.0,0.0,26.333334,45.610672,185.0,0.0,55.0,88.223206,209090.9,4895.105,238.33333,197.63063,518.0,0.0,696.0,348.0,420.02142,645.0,51.0,1180.0,393.33334,348.1628,662.0,0.0,0.0,0.0,0.0,0.0,104.0,136.0,2097.902,2797.203,0.0,185.0,37.375,66.02583,4359.4106,0.0,0.0,0.0,1.0,0.0,0.0,0.0,0.0,1.0,42.714287,26.333334,55.0,104.0,0.0,0.0,0.0,0.0,0.0,0.0,3.0,79.0,4.0,220.0,64240.0,255.0,1.0,32.0,0.0,0.0,0.0,0.0,0.0,0.0,0.0,0.0
8080.0,2152.0,3.0,4.0,79.0,220.0,79.0,0.0,26.333334,45.610672,185.0,0.0,55.0,88.223206,138940.52,3252.788,358.66666,416.25888,1139.0,0.0,678.0,339.0,475.17575,675.0,3.0,1835.0,611.6667,574.164,1139.0,0.0,0.0,0.0,0.0,0.0,104.0,136.0,1394.052,1858.7361,0.0,185.0,37.375,66.02583,4359.4106,0.0,0.0,0.0,1.0,0.0,0.0,0.0,0.0,1.0,42.714287,26.333334,55.0,104.0,0.0,0.0,0.0,0.0,0.0,0.0,3.0,79.0,4.0,220.0,64240.0,255.0,1.0,32.0,0.0,0.0,0.0,0.0,0.0,0.0,0.0,0.0
8080.0,27.0,2.0,0.0,0.0,0.0,0.0,0.0,0.0,0.0,0.0,0.0,0.0,0.0,0.0,74074.07,27.0,0.0,27.0,27.0,27.0,27.0,0.0,27.0,27.0,0.0,0.0,0.0,0.0,0.0,0.0,0.0,0.0,0.0,64.0,0.0,74074.07,0.0,0.0,0.0,0.0,0.0,0.0,0.0,0.0,0.0,0.0,1.0,0.0,0.0,0.0,0.0,0.0,0.0,0.0,64.0,0.0,0.0,0.0,0.0,0.0,0.0,2.0,0.0,0.0,0.0,251.0,-1.0,0.0,32.0,0.0,0.0,0.0,0.0,0.0,0.0,0.0,0.0
8080.0,256.0,2.0,0.0,0.0,0.0,0.0,0.0,0.0,0.0,0.0,0.0,0.0,0.0,0.0,7812.5,256.0,0.0,256.0,256.0,256.0,256.0,0.0,256.0,256.0,0.0,0.0,0.0,0.0,0.0,0.0,0.0,0.0,0.0,64.0,0.0,7812.5,0.0,0.0,0.0,0.0,0.0,0.0,0.0,0.0,0.0,0.0,1.0,0.0,0.0,0.0,0.0,0.0,0.0,0.0,64.0,0.0,0.0,0.0,0.0,0.0,0.0,2.0,0.0,0.0,0.0,251.0,-1.0,0.0,32.0,0.0,0.0,0.0,0.0,0.0,0.0,0.0,0.0
8080.0,7.0,2.0,0.0,0.0,0.0,0.0,0.0,0.0,0.0,0.0,0.0,0.0,0.0,0.0,285714.28,7.0,0.0,7.0,7.0,7.0,7.0,0.0,7.0,7.0,0.0,0.0,0.0,0.0,0.0,0.0,0.0,0.0,0.0,64.0,0.0,285714.28,0.0,0.0,0.0,0.0,0.0,0.0,0.0,0.0,0.0,0.0,1.0,0.0,0.0,0.0,0.0,0.0,0.0,0.0,64.0,0.0,0.0,0.0,0.0,0.0,0.0,2.0,0.0,0.0,0.0,251.0,-1.0,0.0,32.0,0.0,0.0,0.0,0.0,0.0,0.0,0.0,0.0
8080.0,1936.0,3.0,4.0,79.0,220.0,79.0,0.0,26.333334,45.610672,185.0,0.0,55.0,88.223206,154442.16,3615.7024,322.66666,256.8203,719.0,0.0,804.0,402.0,438.40622,712.0,92.0,1530.0,510.0,444.06192,811.0,0.0,0.0,0.0,0.0,0.0,104.0,136.0,1549.5868,2066.1157,0.0,185.0,37.375,66.02583,4359.4106,0.0,0.0,0.0,1.0,0.0,0.0,0.0,0.0,1.0,42.714287,26.333334,55.0,104.0,0.0,0.0,0.0,0.0,0.0,0.0,3.0,79.0,4.0,220.0,64240.0,255.0,1.0,32.0,0.0,0.0,0.0,0.0,0.0,0.0,0.0,0.0
8080.0,4.0,2.0,0.0,0.0,0.0,0.0,0.0,0.0,0.0,0.0,0.0,0.0,0.0,0.0,500000.0,4.0,0.0,4.0,4.0,4.0,4.0,0.0,4.0,4.0,0.0,0.0,0.0,0.0,0.0,0.0,0.0,0.0,0.0,64.0,0.0,500000.0,0.0,0.0,0.0,0.0,0.0,0.0,0.0,0.0,0.0,0.0,1.0,0.0,0.0,0.0,0.0,0.0,0.0,0.0,64.0,0.0,0.0,0.0,0.0,0.0,0.0,2.0,0.0,0.0,0.0,251.0,-1.0,0.0,32.0,0.0,0.0,0.0,0.0,0.0,0.0,0.0,0.0
8080.0,2010.0,4.0,4.0,79.0,220.0,79.0,0.0,19.75,39.5,185.0,0.0,55.0,88.223206,148756.22,3980.0996,287.14285,262.3925,785.0,4.0,2004.0,668.0,716.8375,1428.0,4.0,1693.0,564.3333,246.69077,785.0,298.0,0.0,0.0,0.0,0.0,136.0,136.0,1990.0498,1990.0498,0.0,185.0,33.22222,63.005512,3969.6943,0.0,0.0,0.0,1.0,0.0,0.0,0.0,0.0,1.0,37.375,19.75,55.0,136.0,0.0,0.0,0.0,0.0,0.0,0.0,4.0,79.0,4.0,220.0,64240.0,255.0,1.0,32.0,0.0,0.0,0.0,0.0,0.0,0.0,0.0,0.0
8080.0,2072.0,3.0,4.0,79.0,220.0,79.0,0.0,26.333334,45.610672,185.0,0.0,55.0,88.223206,144305.02,3378.3784,345.33334,228.67502,720.0,5.0,712.0,356.0,496.38895,707.0,5.0,1710.0,570.0,253.76958,720.0,277.0,0.0,0.0,0.0,0.0,104.0,136.0,1447.8765,1930.502,0.0,185.0,37.375,66.02583,4359.4106,0.0,0.0,0.0,1.0,0.0,0.0,0.0,0.0,1.0,42.714287,26.333334,55.0,104.0,0.0,0.0,0.0,0.0,0.0,0.0,3.0,79.0,4.0,220.0,64240.0,255.0,1.0,32.0,0.0,0.0,0.0,0.0,0.0,0.0,0.0,0.0
8080.0,1065.0,3.0,4.0,79.0,220.0,79.0,0.0,26.333334,45.610672,185.0,0.0,55.0,88.223206,280751.2,6572.77,177.5,142.35274,297.0,0.0,490.0,245.0,345.0681,489.0,1.0,872.0,290.66666,287.5523,575.0,0.0,0.0,0.0,0.0,0.0,104.0,136.0,2816.9014,3755.8687,0.0,185.0,37.375,66.02583,4359.4106,0.0,0.0,0.0,1.0,0.0,0.0,0.0,0.0,1.0,42.714287,26.333334,55.0,104.0,0.0,0.0,0.0,0.0,0.0,0.0,3.0,79.0,4.0,220.0,64240.0,255.0,1.0,32.0,0.0,0.0,0.0,0.0,0.0,0.0,0.0,0.0
8080.0,2256.0,4.0,4.0,79.0,220.0,79.0,0.0,19.75,39.5,185.0,0.0,55.0,88.223206,132535.47,3546.0994,322.2857,220.06114,720.0,4.0,2044.0,681.3333,647.4267,1294.0,4.0,1887.0,629.0,177.90727,743.0,424.0,0.0,0.0,0.0,0.0,136.0,136.0,1773.0497,1773.0497,0.0,185.0,33.22222,63.005512,3969.6943,0.0,0.0,0.0,1.0,0.0,0.0,0.0,0.0,1.0,37.375,19.75,55.0,136.0,0.0,0.0,0.0,0.0,0.0,0.0,4.0,79.0,4.0,220.0,64240.0,255.0,1.0,32.0,0.0,0.0,0.0,0.0,0.0,0.0,0.0,0.0
8080.0,482.0,2.0,0.0,0.0,0.0,0.0,0.0,0.0,0.0,0.0,0.0,0.0,0.0,0.0,4149.3774,482.0,0.0,482.0,482.0,482.0,482.0,0.0,482.0,482.0,0.0,0.0,0.0,0.0,0.0,0.0,0.0,0.0,0.0,64.0,0.0,4149.3774,0.0,0.0,0.0,0.0,0.0,0.0,0.0,0.0,0.0,0.0,1.0,0.0,0.0,0.0,0.0,0.0,0.0,0.0,64.0,0.0,0.0,0.0,0.0,0.0,0.0,2.0,0.0,0.0,0.0,251.0,-1.0,0.0,32.0,0.0,0.0,0.0,0.0,0.0,0.0,0.0,0.0
8080.0,1500.0,2.0,0.0,0.0,0.0,0.0,0.0,0.0,0.0,0.0,0.0,0.0,0.0,0.0,1333.3334,1500.0,0.0,1500.0,1500.0,1500.0,1500.0,0.0,1500.0,1500.0,0.0,0.0,0.0,0.0,0.0,0.0,0.0,0.0,0.0,64.0,0.0,1333.3334,0.0,0.0,0.0,0.0,0.0,0.0,0.0,0.0,0.0,0.0,1.0,0.0,0.0,0.0,0.0,0.0,0.0,0.0,64.0,0.0,0.0,0.0,0.0,0.0,0.0,2.0,0.0,0.0,0.0,251.0,-1.0,0.0,32.0,0.0,0.0,0.0,0.0,0.0,0.0,0.0,0.0
8080.0,1429.0,3.0,4.0,79.0,220.0,79.0,0.0,26.333334,45.610672,185.0,0.0,55.0,88.223206,209237.23,4898.5303,238.16667,162.54527,419.0,0.0,732.0,366.0,404.4651,652.0,80.0,1121.0,373.66666,353.1888,702.0,0.0,0.0,0.0,0.0,0.0,104.0,136.0,2099.37,2799.1602,0.0,185.0,37.375,66.02583,4359.4106,0.0,0.0,0.0,1.0,0.0,0.0,0.0,0.0,1.0,42.714287,26.333334,55.0,104.0,0.0,0.0,0.0,0.0,0.0,0.0,3.0,79.0,4.0,220.0,64240.0,255.0,1.0,32.0,0.0,0.0,0.0,0.0,0.0,0.0,0.0,0.0
8080.0,4.0,2.0,0.0,0.0,0.0,0.0,0.0,0.0,0.0,0.0,0.0,0.0,0.0,0.0,500000.0,4.0,0.0,4.0,4.0,4.0,4.0,0.0,4.0,4.0,0.0,0.0,0.0,0.0,0.0,0.0,0.0,0.0,0.0,64.0,0.0,500000.0,0.0,0.0,0.0,0.0,0.0,0.0,0.0,0.0,0.0,0.0,1.0,0.0,0.0,0.0,0.0,0.0,0.0,0.0,64.0,0.0,0.0,0.0,0.0,0.0,0.0,2.0,0.0,0.0,0.0,251.0,-1.0,0.0,32.0,0.0,0.0,0.0,0.0,0.0,0.0,0.0,0.0
8080.0,1254.0,3.0,4.0,79.0,220.0,79.0,0.0,26.333334,45.610672,185.0,0.0,55.0,88.223206,238437.0,5582.137,209.0,126.54801,350.0,0.0,763.0,381.5,364.16,639.0,124.0,904.0,301.33334,326.36993,648.0,0.0,0.0,0.0,0.0,0.0,104.0,136.0,2392.3445,3189.7927,0.0,185.0,37.375,66.02583,4359.4106,0.0,0.0,0.0,1.0,0.0,0.0,0.0,0.0,1.0,42.714287,26.333334,55.0,104.0,0.0,0.0,0.0,0.0,0.0,0.0,3.0,79.0,4.0,220.0,64240.0,255.0,1.0,32.0,0.0,0.0,0.0,0.0,0.0,0.0,0.0,0.0
8080.0,7.0,2.0,0.0,0.0,0.0,0.0,0.0,0.0,0.0,0.0,0.0,0.0,0.0,0.0,285714.28,7.0,0.0,7.0,7.0,7.0,7.0,0.0,7.0,7.0,0.0,0.0,0.0,0.0,0.0,0.0,0.0,0.0,0.0,64.0,0.0,285714.28,0.0,0.0,0.0,0.0,0.0,0.0,0.0,0.0,0.0,0.0,1.0,0.0,0.0,0.0,0.0,0.0,0.0,0.0,64.0,0.0,0.0,0.0,0.0,0.0,0.0,2.0,0.0,0.0,0.0,251.0,-1.0,0.0,32.0,0.0,0.0,0.0,0.0,0.0,0.0,0.0,0.0
8080.0,1521.0,3.0,4.0,79.0,220.0,79.0,0.0,26.333334,45.610672,185.0,0.0,55.0,88.223206,196581.2,4602.2354,253.5,133.614,364.0,0.0,959.0,479.5,333.0473,715.0,244.0,1157.0,385.66666,467.07208,905.0,0.0,0.0,0.0,0.0,0.0,104.0,136.0,1972.3866,2629.8489,0.0,185.0,37.375,66.02583,4359.4106,0.0,0.0,0.0,1.0,0.0,0.0,0.0,0.0,1.0,42.714287,26.333334,55.0,104.0,0.0,0.0,0.0,0.0,0.0,0.0,3.0,79.0,4.0,220.0,64240.0,255.0,1.0,32.0,0.0,0.0,0.0,0.0,0.0,0.0,0.0,0.0
8080.0,38.0,2.0,0.0,0.0,0.0,0.0,0.0,0.0,0.0,0.0,0.0,0.0,0.0,0.0,52631.58,38.0,0.0,38.0,38.0,38.0,38.0,0.0,38.0,38.0,0.0,0.0,0.0,0.0,0.0,0.0,0.0,0.0,0.0,64.0,0.0,52631.58,0.0,0.0,0.0,0.0,0.0,0.0,0.0,0.0,0.0,0.0,1.0,0.0,0.0,0.0,0.0,0.0,0.0,0.0,64.0,0.0,0.0,0.0,0.0,0.0,0.0,2.0,0.0,0.0,0.0,251.0,-1.0,0.0,32.0,0.0,0.0,0.0,0.0,0.0,0.0,0.0,0.0
8080.0,1408.0,3.0,4.0,79.0,220.0,79.0,0.0,26.333334,45.610672,185.0,0.0,55.0,88.223206,212357.95,4971.591,234.66667,186.4475,467.0,0.0,648.0,324.0,428.5067,627.0,21.0,1135.0,378.33334,342.7132,668.0,0.0,0.0,0.0,0.0,0.0,104.0,136.0,2130.682,2840.9092,0.0,185.0,37.375,66.02583,4359.4106,0.0,0.0,0.0,1.0,0.0,0.0,0.0,0.0,1.0,42.714287,26.333334,55.0,104.0,0.0,0.0,0.0,0.0,0.0,0.0,3.0,79.0,4.0,220.0,64240.0,255.0,1.0,32.0,0.0,0.0,0.0,0.0,0.0,0.0,0.0,0.0
8080.0,3.0,2.0,0.0,0.0,0.0,0.0,0.0,0.0,0.0,0.0,0.0,0.0,0.0,0.0,666666.7,3.0,0.0,3.0,3.0,3.0,3.0,0.0,3.0,3.0,0.0,0.0,0.0,0.0,0.0,0.0,0.0,0.0,0.0,64.0,0.0,666666.7,0.0,0.0,0.0,0.0,0.0,0.0,0.0,0.0,0.0,0.0,1.0,0.0,0.0,0.0,0.0,0.0,0.0,0.0,64.0,0.0,0.0,0.0,0.0,0.0,0.0,2.0,0.0,0.0,0.0,251.0,-1.0,0.0,32.0,0.0,0.0,0.0,0.0,0.0,0.0,0.0,0.0
8080.0,1629.0,3.0,4.0,79.0,220.0,79.0,0.0,26.333334,45.610672,185.0,0.0,55.0,88.223206,183548.19,4297.1147,271.5,193.47429,588.0,1.0,501.0,250.5,352.84628,500.0,1.0,1301.0,433.66666,170.27722,588.0,251.0,0.0,0.0,0.0,0.0,104.0,136.0,1841.6206,2455.4941,0.0,185.0,37.375,66.02583,4359.4106,0.0,0.0,0.0,1.0,0.0,0.0,0.0,0.0,1.0,42.714287,26.333334,55.0,104.0,0.0,0.0,0.0,0.0,0.0,0.0,3.0,79.0,4.0,220.0,64240.0,255.0,1.0,32.0,0.0,0.0,0.0,0.0,0.0,0.0,0.0,0.0
8080.0,216.0,2.0,0.0,0.0,0.0,0.0,0.0,0.0,0.0,0.0,0.0,0.0,0.0,0.0,9259.259,216.0,0.0,216.0,216.0,216.0,216.0,0.0,216.0,216.0,0.0,0.0,0.0,0.0,0.0,0.0,0.0,0.0,0.0,64.0,0.0,9259.259,0.0,0.0,0.0,0.0,0.0,0.0,0.0,0.0,0.0,0.0,1.0,0.0,0.0,0.0,0.0,0.0,0.0,0.0,64.0,0.0,0.0,0.0,0.0,0.0,0.0,2.0,0.0,0.0,0.0,251.0,-1.0,0.0,32.0,0.0,0.0,0.0,0.0,0.0,0.0,0.0,0.0
8080.0,483.0,1.0,1.0,0.0,0.0,0.0,0.0,0.0,0.0,0.0,0.0,0.0,0.0,0.0,4140.7866,483.0,0.0,483.0,483.0,0.0,0.0,0.0,0.0,0.0,0.0,0.0,0.0,0.0,0.0,0.0,0.0,0.0,0.0,32.0,32.0,2070.3933,2070.3933,0.0,0.0,0.0,0.0,0.0,0.0,0.0,0.0,0.0,1.0,1.0,0.0,0.0,1.0,0.0,0.0,0.0,32.0,0.0,0.0,0.0,0.0,0.0,0.0,1.0,0.0,1.0,0.0,251.0,255.0,0.0,32.0,0.0,0.0,0.0,0.0,0.0,0.0,0.0,0.0
8080.0,258.0,1.0,1.0,0.0,0.0,0.0,0.0,0.0,0.0,0.0,0.0,0.0,0.0,0.0,7751.938,258.0,0.0,258.0,258.0,0.0,0.0,0.0,0.0,0.0,0.0,0.0,0.0,0.0,0.0,0.0,0.0,0.0,0.0,32.0,32.0,3875.969,3875.969,0.0,0.0,0.0,0.0,0.0,0.0,0.0,0.0,0.0,1.0,1.0,0.0,0.0,1.0,0.0,0.0,0.0,32.0,0.0,0.0,0.0,0.0,0.0,0.0,1.0,0.0,1.0,0.0,251.0,255.0,0.0,32.0,0.0,0.0,0.0,0.0,0.0,0.0,0.0,0.0
8080.0,454.0,1.0,1.0,0.0,0.0,0.0,0.0,0.0,0.0,0.0,0.0,0.0,0.0,0.0,4405.286,454.0,0.0,454.0,454.0,0.0,0.0,0.0,0.0,0.0,0.0,0.0,0.0,0.0,0.0,0.0,0.0,0.0,0.0,32.0,32.0,2202.643,2202.643,0.0,0.0,0.0,0.0,0.0,0.0,0.0,0.0,0.0,1.0,1.0,0.0,0.0,1.0,0.0,0.0,0.0,32.0,0.0,0.0,0.0,0.0,0.0,0.0,1.0,0.0,1.0,0.0,251.0,255.0,0.0,32.0,0.0,0.0,0.0,0.0,0.0,0.0,0.0,0.0
8080.0,335.0,1.0,1.0,0.0,0.0,0.0,0.0,0.0,0.0,0.0,0.0,0.0,0.0,0.0,5970.1494,335.0,0.0,335.0,335.0,0.0,0.0,0.0,0.0,0.0,0.0,0.0,0.0,0.0,0.0,0.0,0.0,0.0,0.0,32.0,32.0,2985.0747,2985.0747,0.0,0.0,0.0,0.0,0.0,0.0,0.0,0.0,0.0,1.0,1.0,0.0,0.0,1.0,0.0,0.0,0.0,32.0,0.0,0.0,0.0,0.0,0.0,0.0,1.0,0.0,1.0,0.0,251.0,255.0,0.0,32.0,0.0,0.0,0.0,0.0,0.0,0.0,0.0,0.0
8080.0,688.0,1.0,1.0,0.0,0.0,0.0,0.0,0.0,0.0,0.0,0.0,0.0,0.0,0.0,2906.9768,688.0,0.0,688.0,688.0,0.0,0.0,0.0,0.0,0.0,0.0,0.0,0.0,0.0,0.0,0.0,0.0,0.0,0.0,32.0,32.0,1453.4884,1453.4884,0.0,0.0,0.0,0.0,0.0,0.0,0.0,0.0,0.0,1.0,1.0,0.0,0.0,1.0,0.0,0.0,0.0,32.0,0.0,0.0,0.0,0.0,0.0,0.0,1.0,0.0,1.0,0.0,251.0,255.0,0.0,32.0,0.0,0.0,0.0,0.0,0.0,0.0,0.0,0.0
8080.0,267.0,1.0,1.0,0.0,0.0,0.0,0.0,0.0,0.0,0.0,0.0,0.0,0.0,0.0,7490.6367,267.0,0.0,267.0,267.0,0.0,0.0,0.0,0.0,0.0,0.0,0.0,0.0,0.0,0.0,0.0,0.0,0.0,0.0,32.0,32.0,3745.3184,3745.3184,0.0,0.0,0.0,0.0,0.0,0.0,0.0,0.0,0.0,1.0,1.0,0.0,0.0,1.0,0.0,0.0,0.0,32.0,0.0,0.0,0.0,0.0,0.0,0.0,1.0,0.0,1.0,0.0,251.0,255.0,0.0,32.0,0.0,0.0,0.0,0.0,0.0,0.0,0.0,0.0
42564.0,326.0,2.0,1.0,0.0,0.0,0.0,0.0,0.0,0.0,0.0,0.0,0.0,0.0,0.0,9202.454,163.0,227.68839,324.0,2.0,326.0,326.0,0.0,326.0,326.0,0.0,0.0,0.0,0.0,0.0,0.0,0.0,0.0,0.0,64.0,32.0,6134.969,3067.4846,0.0,0.0,0.0,0.0,0.0,0.0,0.0,0.0,0.0,1.0,1.0,0.0,0.0,0.0,0.0,0.0,0.0,64.0,0.0,0.0,0.0,0.0,0.0,0.0,2.0,0.0,1.0,0.0,255.0,251.0,0.0,32.0,0.0,0.0,0.0,0.0,0.0,0.0,0.0,0.0
8080.0,240.0,1.0,1.0,0.0,0.0,0.0,0.0,0.0,0.0,0.0,0.0,0.0,0.0,0.0,8333.333,240.0,0.0,240.0,240.0,0.0,0.0,0.0,0.0,0.0,0.0,0.0,0.0,0.0,0.0,0.0,0.0,0.0,0.0,32.0,32.0,4166.6665,4166.6665,0.0,0.0,0.0,0.0,0.0,0.0,0.0,0.0,0.0,1.0,1.0,0.0,0.0,1.0,0.0,0.0,0.0,32.0,0.0,0.0,0.0,0.0,0.0,0.0,1.0,0.0,1.0,0.0,251.0,255.0,0.0,32.0,0.0,0.0,0.0,0.0,0.0,0.0,0.0,0.0
8080.0,478.0,1.0,1.0,0.0,0.0,0.0,0.0,0.0,0.0,0.0,0.0,0.0,0.0,0.0,4184.1006,478.0,0.0,478.0,478.0,0.0,0.0,0.0,0.0,0.0,0.0,0.0,0.0,0.0,0.0,0.0,0.0,0.0,0.0,32.0,32.0,2092.0503,2092.0503,0.0,0.0,0.0,0.0,0.0,0.0,0.0,0.0,0.0,1.0,1.0,0.0,0.0,1.0,0.0,0.0,0.0,32.0,0.0,0.0,0.0,0.0,0.0,0.0,1.0,0.0,1.0,0.0,251.0,255.0,0.0,32.0,0.0,0.0,0.0,0.0,0.0,0.0,0.0,0.0
8080.0,372.0,1.0,1.0,0.0,0.0,0.0,0.0,0.0,0.0,0.0,0.0,0.0,0.0,0.0,5376.344,372.0,0.0,372.0,372.0,0.0,0.0,0.0,0.0,0.0,0.0,0.0,0.0,0.0,0.0,0.0,0.0,0.0,0.0,32.0,32.0,2688.172,2688.172,0.0,0.0,0.0,0.0,0.0,0.0,0.0,0.0,0.0,1.0,1.0,0.0,0.0,1.0,0.0,0.0,0.0,32.0,0.0,0.0,0.0,0.0,0.0,0.0,1.0,0.0,1.0,0.0,251.0,255.0,0.0,32.0,0.0,0.0,0.0,0.0,0.0,0.0,0.0,0.0
8080.0,167.0,1.0,1.0,0.0,0.0,0.0,0.0,0.0,0.0,0.0,0.0,0.0,0.0,0.0,11976.048,167.0,0.0,167.0,167.0,0.0,0.0,0.0,0.0,0.0,0.0,0.0,0.0,0.0,0.0,0.0,0.0,0.0,0.0,32.0,32.0,5988.024,5988.024,0.0,0.0,0.0,0.0,0.0,0.0,0.0,0.0,0.0,1.0,0.0,0.0,0.0,1.0,0.0,0.0,0.0,32.0,0.0,0.0,0.0,0.0,0.0,0.0,1.0,0.0,1.0,0.0,251.0,255.0,0.0,32.0,0.0,0.0,0.0,0.0,0.0,0.0,0.0,0.0
8080.0,389.0,1.0,1.0,0.0,0.0,0.0,0.0,0.0,0.0,0.0,0.0,0.0,0.0,0.0,5141.388,389.0,0.0,389.0,389.0,0.0,0.0,0.0,0.0,0.0,0.0,0.0,0.0,0.0,0.0,0.0,0.0,0.0,0.0,32.0,32.0,2570.694,2570.694,0.0,0.0,0.0,0.0,0.0,0.0,0.0,0.0,0.0,1.0,1.0,0.0,0.0,1.0,0.0,0.0,0.0,32.0,0.0,0.0,0.0,0.0,0.0,0.0,1.0,0.0,1.0,0.0,251.0,255.0,0.0,32.0,0.0,0.0,0.0,0.0,0.0,0.0,0.0,0.0
8080.0,312.0,1.0,1.0,0.0,0.0,0.0,0.0,0.0,0.0,0.0,0.0,0.0,0.0,0.0,6410.2563,312.0,0.0,312.0,312.0,0.0,0.0,0.0,0.0,0.0,0.0,0.0,0.0,0.0,0.0,0.0,0.0,0.0,0.0,32.0,32.0,3205.1282,3205.1282,0.0,0.0,0.0,0.0,0.0,0.0,0.0,0.0,0.0,1.0,1.0,0.0,0.0,1.0,0.0,0.0,0.0,32.0,0.0,0.0,0.0,0.0,0.0,0.0,1.0,0.0,1.0,0.0,251.0,255.0,0.0,32.0,0.0,0.0,0.0,0.0,0.0,0.0,0.0,0.0
8080.0,312.0,1.0,1.0,0.0,0.0,0.0,0.0,0.0,0.0,0.0,0.0,0.0,0.0,0.0,6410.2563,312.0,0.0,312.0,312.0,0.0,0.0,0.0,0.0,0.0,0.0,0.0,0.0,0.0,0.0,0.0,0.0,0.0,0.0,32.0,32.0,3205.1282,3205.1282,0.0,0.0,0.0,0.0,0.0,0.0,0.0,0.0,0.0,1.0,1.0,0.0,0.0,1.0,0.0,0.0,0.0,32.0,0.0,0.0,0.0,0.0,0.0,0.0,1.0,0.0,1.0,0.0,251.0,255.0,0.0,32.0,0.0,0.0,0.0,0.0,0.0,0.0,0.0,0.0
8080.0,404.0,1.0,1.0,0.0,0.0,0.0,0.0,0.0,0.0,0.0,0.0,0.0,0.0,0.0,4950.495,404.0,0.0,404.0,404.0,0.0,0.0,0.0,0.0,0.0,0.0,0.0,0.0,0.0,0.0,0.0,0.0,0.0,0.0,32.0,32.0,2475.2476,2475.2476,0.0,0.0,0.0,0.0,0.0,0.0,0.0,0.0,0.0,1.0,1.0,0.0,0.0,1.0,0.0,0.0,0.0,32.0,0.0,0.0,0.0,0.0,0.0,0.0,1.0,0.0,1.0,0.0,251.0,255.0,0.0,32.0,0.0,0.0,0.0,0.0,0.0,0.0,0.0,0.0
8080.0,314.0,1.0,1.0,0.0,0.0,0.0,0.0,0.0,0.0,0.0,0.0,0.0,0.0,0.0,6369.427,314.0,0.0,314.0,314.0,0.0,0.0,0.0,0.0,0.0,0.0,0.0,0.0,0.0,0.0,0.0,0.0,0.0,0.0,32.0,32.0,3184.7134,3184.7134,0.0,0.0,0.0,0.0,0.0,0.0,0.0,0.0,0.0,1.0,1.0,0.0,0.0,1.0,0.0,0.0,0.0,32.0,0.0,0.0,0.0,0.0,0.0,0.0,1.0,0.0,1.0,0.0,251.0,255.0,0.0,32.0,0.0,0.0,0.0,0.0,0.0,0.0,0.0,0.0
8080.0,228.0,1.0,1.0,0.0,0.0,0.0,0.0,0.0,0.0,0.0,0.0,0.0,0.0,0.0,8771.93,228.0,0.0,228.0,228.0,0.0,0.0,0.0,0.0,0.0,0.0,0.0,0.0,0.0,0.0,0.0,0.0,0.0,0.0,32.0,32.0,4385.965,4385.965,0.0,0.0,0.0,0.0,0.0,0.0,0.0,0.0,0.0,1.0,1.0,0.0,0.0,1.0,0.0,0.0,0.0,32.0,0.0,0.0,0.0,0.0,0.0,0.0,1.0,0.0,1.0,0.0,251.0,255.0,0.0,32.0,0.0,0.0,0.0,0.0,0.0,0.0,0.0,0.0
8080.0,361.0,1.0,1.0,0.0,0.0,0.0,0.0,0.0,0.0,0.0,0.0,0.0,0.0,0.0,5540.166,361.0,0.0,361.0,361.0,0.0,0.0,0.0,0.0,0.0,0.0,0.0,0.0,0.0,0.0,0.0,0.0,0.0,0.0,32.0,32.0,2770.083,2770.083,0.0,0.0,0.0,0.0,0.0,0.0,0.0,0.0,0.0,1.0,1.0,0.0,0.0,1.0,0.0,0.0,0.0,32.0,0.0,0.0,0.0,0.0,0.0,0.0,1.0,0.0,1.0,0.0,251.0,255.0,0.0,32.0,0.0,0.0,0.0,0.0,0.0,0.0,0.0,0.0
8080.0,297.0,1.0,1.0,0.0,0.0,0.0,0.0,0.0,0.0,0.0,0.0,0.0,0.0,0.0,6734.007,297.0,0.0,297.0,297.0,0.0,0.0,0.0,0.0,0.0,0.0,0.0,0.0,0.0,0.0,0.0,0.0,0.0,0.0,32.0,32.0,3367.0034,3367.0034,0.0,0.0,0.0,0.0,0.0,0.0,0.0,0.0,0.0,1.0,1.0,0.0,0.0,1.0,0.0,0.0,0.0,32.0,0.0,0.0,0.0,0.0,0.0,0.0,1.0,0.0,1.0,0.0,251.0,255.0,0.0,32.0,0.0,0.0,0.0,0.0,0.0,0.0,0.0,0.0
8080.0,983.0,1.0,1.0,0.0,0.0,0.0,0.0,0.0,0.0,0.0,0.0,0.0,0.0,0.0,2034.588,983.0,0.0,983.0,983.0,0.0,0.0,0.0,0.0,0.0,0.0,0.0,0.0,0.0,0.0,0.0,0.0,0.0,0.0,32.0,32.0,1017.294,1017.294,0.0,0.0,0.0,0.0,0.0,0.0,0.0,0.0,0.0,1.0,1.0,0.0,0.0,1.0,0.0,0.0,0.0,32.0,0.0,0.0,0.0,0.0,0.0,0.0,1.0,0.0,1.0,0.0,251.0,255.0,0.0,32.0,0.0,0.0,0.0,0.0,0.0,0.0,0.0,0.0
0.0,1249.0,2.0,0.0,0.0,0.0,0.0,0.0,0.0,0.0,0.0,0.0,0.0,0.0,0.0,1601.281,1249.0,0.0,1249.0,1249.0,1249.0,1249.0,0.0,1249.0,1249.0,0.0,0.0,0.0,0.0,0.0,0.0,0.0,0.0,0.0,0.0,0.0,1601.281,0.0,0.0,0.0,0.0,0.0,0.0,0.0,0.0,0.0,0.0,0.0,0.0,0.0,0.0,0.0,0.0,0.0,0.0,0.0,0.0,0.0,0.0,0.0,0.0,0.0,2.0,0.0,0.0,0.0,-1.0,-1.0,0.0,0.0,0.0,0.0,0.0,0.0,0.0,0.0,0.0,0.0
8080.0,219.0,1.0,1.0,0.0,0.0,0.0,0.0,0.0,0.0,0.0,0.0,0.0,0.0,0.0,9132.42,219.0,0.0,219.0,219.0,0.0,0.0,0.0,0.0,0.0,0.0,0.0,0.0,0.0,0.0,0.0,0.0,0.0,0.0,32.0,32.0,4566.21,4566.21,0.0,0.0,0.0,0.0,0.0,0.0,0.0,0.0,0.0,1.0,1.0,0.0,0.0,1.0,0.0,0.0,0.0,32.0,0.0,0.0,0.0,0.0,0.0,0.0,1.0,0.0,1.0,0.0,251.0,255.0,0.0,32.0,0.0,0.0,0.0,0.0,0.0,0.0,0.0,0.0
8080.0,409.0,1.0,1.0,0.0,0.0,0.0,0.0,0.0,0.0,0.0,0.0,0.0,0.0,0.0,4889.9756,409.0,0.0,409.0,409.0,0.0,0.0,0.0,0.0,0.0,0.0,0.0,0.0,0.0,0.0,0.0,0.0,0.0,0.0,32.0,32.0,2444.9878,2444.9878,0.0,0.0,0.0,0.0,0.0,0.0,0.0,0.0,0.0,1.0,1.0,0.0,0.0,1.0,0.0,0.0,0.0,32.0,0.0,0.0,0.0,0.0,0.0,0.0,1.0,0.0,1.0,0.0,251.0,255.0,0.0,32.0,0.0,0.0,0.0,0.0,0.0,0.0,0.0,0.0
8080.0,214.0,1.0,1.0,0.0,0.0,0.0,0.0,0.0,0.0,0.0,0.0,0.0,0.0,0.0,9345.794,214.0,0.0,214.0,214.0,0.0,0.0,0.0,0.0,0.0,0.0,0.0,0.0,0.0,0.0,0.0,0.0,0.0,0.0,32.0,32.0,4672.897,4672.897,0.0,0.0,0.0,0.0,0.0,0.0,0.0,0.0,0.0,1.0,1.0,0.0,0.0,1.0,0.0,0.0,0.0,32.0,0.0,0.0,0.0,0.0,0.0,0.0,1.0,0.0,1.0,0.0,251.0,255.0,0.0,32.0,0.0,0.0,0.0,0.0,0.0,0.0,0.0,0.0
8080.0,326.0,1.0,1.0,0.0,0.0,0.0,0.0,0.0,0.0,0.0,0.0,0.0,0.0,0.0,6134.969,326.0,0.0,326.0,326.0,0.0,0.0,0.0,0.0,0.0,0.0,0.0,0.0,0.0,0.0,0.0,0.0,0.0,0.0,32.0,32.0,3067.4846,3067.4846,0.0,0.0,0.0,0.0,0.0,0.0,0.0,0.0,0.0,1.0,1.0,0.0,0.0,1.0,0.0,0.0,0.0,32.0,0.0,0.0,0.0,0.0,0.0,0.0,1.0,0.0,1.0,0.0,251.0,255.0,0.0,32.0,0.0,0.0,0.0,0.0,0.0,0.0,0.0,0.0
8080.0,342.0,1.0,1.0,0.0,0.0,0.0,0.0,0.0,0.0,0.0,0.0,0.0,0.0,0.0,5847.953,342.0,0.0,342.0,342.0,0.0,0.0,0.0,0.0,0.0,0.0,0.0,0.0,0.0,0.0,0.0,0.0,0.0,0.0,32.0,32.0,2923.9766,2923.9766,0.0,0.0,0.0,0.0,0.0,0.0,0.0,0.0,0.0,1.0,1.0,0.0,0.0,1.0,0.0,0.0,0.0,32.0,0.0,0.0,0.0,0.0,0.0,0.0,1.0,0.0,1.0,0.0,251.0,255.0,0.0,32.0,0.0,0.0,0.0,0.0,0.0,0.0,0.0,0.0
8080.0,311.0,1.0,1.0,0.0,0.0,0.0,0.0,0.0,0.0,0.0,0.0,0.0,0.0,0.0,6430.868,311.0,0.0,311.0,311.0,0.0,0.0,0.0,0.0,0.0,0.0,0.0,0.0,0.0,0.0,0.0,0.0,0.0,0.0,32.0,32.0,3215.434,3215.434,0.0,0.0,0.0,0.0,0.0,0.0,0.0,0.0,0.0,1.0,1.0,0.0,0.0,1.0,0.0,0.0,0.0,32.0,0.0,0.0,0.0,0.0,0.0,0.0,1.0,0.0,1.0,0.0,251.0,255.0,0.0,32.0,0.0,0.0,0.0,0.0,0.0,0.0,0.0,0.0
8080.0,402.0,1.0,1.0,0.0,0.0,0.0,0.0,0.0,0.0,0.0,0.0,0.0,0.0,0.0,4975.1245,402.0,0.0,402.0,402.0,0.0,0.0,0.0,0.0,0.0,0.0,0.0,0.0,0.0,0.0,0.0,0.0,0.0,0.0,32.0,32.0,2487.5623,2487.5623,0.0,0.0,0.0,0.0,0.0,0.0,0.0,0.0,0.0,1.0,1.0,0.0,0.0,1.0,0.0,0.0,0.0,32.0,0.0,0.0,0.0,0.0,0.0,0.0,1.0,0.0,1.0,0.0,251.0,255.0,0.0,32.0,0.0,0.0,0.0,0.0,0.0,0.0,0.0,0.0
8080.0,207.0,1.0,1.0,0.0,0.0,0.0,0.0,0.0,0.0,0.0,0.0,0.0,0.0,0.0,9661.836,207.0,0.0,207.0,207.0,0.0,0.0,0.0,0.0,0.0,0.0,0.0,0.0,0.0,0.0,0.0,0.0,0.0,0.0,32.0,32.0,4830.918,4830.918,0.0,0.0,0.0,0.0,0.0,0.0,0.0,0.0,0.0,1.0,1.0,0.0,0.0,1.0,0.0,0.0,0.0,32.0,0.0,0.0,0.0,0.0,0.0,0.0,1.0,0.0,1.0,0.0,251.0,255.0,0.0,32.0,0.0,0.0,0.0,0.0,0.0,0.0,0.0,0.0
8080.0,420.0,1.0,1.0,0.0,0.0,0.0,0.0,0.0,0.0,0.0,0.0,0.0,0.0,0.0,4761.905,420.0,0.0,420.0,420.0,0.0,0.0,0.0,0.0,0.0,0.0,0.0,0.0,0.0,0.0,0.0,0.0,0.0,0.0,32.0,32.0,2380.9524,2380.9524,0.0,0.0,0.0,0.0,0.0,0.0,0.0,0.0,0.0,1.0,1.0,0.0,0.0,1.0,0.0,0.0,0.0,32.0,0.0,0.0,0.0,0.0,0.0,0.0,1.0,0.0,1.0,0.0,251.0,255.0,0.0,32.0,0.0,0.0,0.0,0.0,0.0,0.0,0.0,0.0
8080.0,298.0,1.0,1.0,0.0,0.0,0.0,0.0,0.0,0.0,0.0,0.0,0.0,0.0,0.0,6711.409,298.0,0.0,298.0,298.0,0.0,0.0,0.0,0.0,0.0,0.0,0.0,0.0,0.0,0.0,0.0,0.0,0.0,0.0,32.0,32.0,3355.7046,3355.7046,0.0,0.0,0.0,0.0,0.0,0.0,0.0,0.0,0.0,1.0,1.0,0.0,0.0,1.0,0.0,0.0,0.0,32.0,0.0,0.0,0.0,0.0,0.0,0.0,1.0,0.0,1.0,0.0,251.0,255.0,0.0,32.0,0.0,0.0,0.0,0.0,0.0,0.0,0.0,0.0
8080.0,390.0,1.0,1.0,0.0,0.0,0.0,0.0,0.0,0.0,0.0,0.0,0.0,0.0,0.0,5128.205,390.0,0.0,390.0,390.0,0.0,0.0,0.0,0.0,0.0,0.0,0.0,0.0,0.0,0.0,0.0,0.0,0.0,0.0,32.0,32.0,2564.1025,2564.1025,0.0,0.0,0.0,0.0,0.0,0.0,0.0,0.0,0.0,1.0,1.0,0.0,0.0,1.0,0.0,0.0,0.0,32.0,0.0,0.0,0.0,0.0,0.0,0.0,1.0,0.0,1.0,0.0,251.0,255.0,0.0,32.0,0.0,0.0,0.0,0.0,0.0,0.0,0.0,0.0
