monitoring_session_id,id,prediction_id,severity,title,description,status,acknowledged_at,created_at,acknowledged_by_user_id
20,1807,7138,MEDIUM,MEDIUM severity PortScan detected,RF-NIDS classified this flow as PortScan with confidence 0.7587.,ACTIVE,,2026-09-17 09:14:28.185217+00,
20,1808,7139,MEDIUM,MEDIUM severity PortScan detected,RF-NIDS classified this flow as PortScan with confidence 0.7580.,ACTIVE,,2026-09-17 09:14:41.291866+00,
20,1809,7140,MEDIUM,MEDIUM severity PortScan detected,RF-NIDS classified this flow as PortScan with confidence 0.7580.,ACTIVE,,2026-09-17 09:14:41.291867+00,
20,1810,7141,MEDIUM,MEDIUM severity PortScan detected,RF-NIDS classified this flow as PortScan with confidence 0.7564.,ACTIVE,,2026-09-17 09:14:41.291868+00,
20,1811,7142,MEDIUM,MEDIUM severity PortScan detected,RF-NIDS classified this flow as PortScan with confidence 0.7546.,ACTIVE,,2026-09-17 09:14:41.291868+00,
20,1812,7143,MEDIUM,MEDIUM severity PortScan detected,RF-NIDS classified this flow as PortScan with confidence 0.7587.,ACTIVE,,2026-09-17 09:14:41.291868+00,
20,1813,7144,MEDIUM,MEDIUM severity PortScan detected,RF-NIDS classified this flow as PortScan with confidence 0.7560.,ACTIVE,,2026-09-17 09:14:41.291868+00,
20,1814,7145,MEDIUM,MEDIUM severity PortScan detected,RF-NIDS classified this flow as PortScan with confidence 0.5217.,ACTIVE,,2026-09-17 09:14:41.291868+00,
20,1815,7146,MEDIUM,MEDIUM severity PortScan detected,RF-NIDS classified this flow as PortScan with confidence 0.7573.,ACTIVE,,2026-09-17 09:14:41.291869+00,
20,1816,7147,MEDIUM,MEDIUM severity PortScan detected,RF-NIDS classified this flow as PortScan with confidence 0.7581.,ACTIVE,,2026-09-17 09:14:41.291869+00,
20,1817,7148,MEDIUM,MEDIUM severity PortScan detected,RF-NIDS classified this flow as PortScan with confidence 0.7560.,ACTIVE,,2026-09-17 09:14:41.291869+00,
20,1818,7149,MEDIUM,MEDIUM severity PortScan detected,RF-NIDS classified this flow as PortScan with confidence 0.7581.,ACTIVE,,2026-09-17 09:14:41.291869+00,
21,1819,7196,HIGH,HIGH severity DDoS detected,RF-NIDS classified this flow as DDoS with confidence 0.7931.,ACTIVE,,2026-09-17 09:35:40.527609+00,
21,1820,7197,HIGH,HIGH severity DDoS detected,RF-NIDS classified this flow as DDoS with confidence 0.8231.,ACTIVE,,2026-09-17 09:35:40.52761+00,
21,1821,7200,HIGH,HIGH severity DDoS detected,RF-NIDS classified this flow as DDoS with confidence 0.9960.,ACTIVE,,2026-09-17 09:35:40.527611+00,
21,1822,7201,HIGH,HIGH severity DDoS detected,RF-NIDS classified this flow as DDoS with confidence 0.9874.,ACTIVE,,2026-09-17 09:35:40.527611+00,
21,1823,7202,HIGH,HIGH severity DDoS detected,RF-NIDS classified this flow as DDoS with confidence 0.7452.,ACTIVE,,2026-09-17 09:35:40.527611+00,
21,1824,7203,HIGH,HIGH severity DDoS detected,RF-NIDS classified this flow as DDoS with confidence 0.9930.,ACTIVE,,2026-09-17 09:35:40.527611+00,
21,1825,7204,HIGH,HIGH severity DDoS detected,RF-NIDS classified this flow as DDoS with confidence 0.8645.,ACTIVE,,2026-09-17 09:35:40.527612+00,
21,1826,7205,HIGH,HIGH severity DDoS detected,RF-NIDS classified this flow as DDoS with confidence 0.9960.,ACTIVE,,2026-09-17 09:35:40.527612+00,
21,1827,7207,HIGH,HIGH severity DDoS detected,RF-NIDS classified this flow as DDoS with confidence 0.9808.,ACTIVE,,2026-09-17 09:35:40.527612+00,
21,1828,7208,HIGH,HIGH severity DDoS detected,RF-NIDS classified this flow as DDoS with confidence 0.9635.,ACTIVE,,2026-09-17 09:35:40.527612+00,
21,1829,7209,HIGH,HIGH severity DDoS detected,RF-NIDS classified this flow as DDoS with confidence 0.7518.,ACTIVE,,2026-09-17 09:35:40.527613+00,
21,1830,7210,HIGH,HIGH severity DDoS detected,RF-NIDS classified this flow as DDoS with confidence 0.9690.,ACTIVE,,2026-09-17 09:35:40.527613+00,
21,1831,7212,HIGH,HIGH severity DDoS detected,RF-NIDS classified this flow as DDoS with confidence 0.9960.,ACTIVE,,2026-09-17 09:35:40.527613+00,
21,1832,7213,HIGH,HIGH severity DDoS detected,RF-NIDS classified this flow as DDoS with confidence 0.7791.,ACTIVE,,2026-09-17 09:35:40.527613+00,
21,1833,7214,HIGH,HIGH severity DDoS detected,RF-NIDS classified this flow as DDoS with confidence 0.9956.,ACTIVE,,2026-09-17 09:35:40.527614+00,
21,1834,7216,HIGH,HIGH severity DDoS detected,RF-NIDS classified this flow as DDoS with confidence 0.9910.,ACTIVE,,2026-09-17 09:35:40.527614+00,
21,1835,7218,HIGH,HIGH severity DDoS detected,RF-NIDS classified this flow as DDoS with confidence 0.9913.,ACTIVE,,2026-09-17 09:35:40.527614+00,
21,1836,7219,HIGH,HIGH severity DDoS detected,RF-NIDS classified this flow as DDoS with confidence 0.7440.,ACTIVE,,2026-09-17 09:35:40.527614+00,
21,1837,7220,HIGH,HIGH severity DDoS detected,RF-NIDS classified this flow as DDoS with confidence 0.9824.,ACTIVE,,2026-09-17 09:35:40.527614+00,
21,1838,7221,HIGH,HIGH severity DDoS detected,RF-NIDS classified this flow as DDoS with confidence 0.7668.,ACTIVE,,2026-09-17 09:35:40.527615+00,
21,1839,7222,HIGH,HIGH severity DDoS detected,RF-NIDS classified this flow as DDoS with confidence 0.9386.,ACTIVE,,2026-09-17 09:35:40.527615+00,
21,1840,7224,HIGH,HIGH severity DDoS detected,RF-NIDS classified this flow as DDoS with confidence 0.9913.,ACTIVE,,2026-09-17 09:35:40.527615+00,
21,1841,7225,HIGH,HIGH severity DDoS detected,RF-NIDS classified this flow as DDoS with confidence 0.7752.,ACTIVE,,2026-09-17 09:35:40.527615+00,
21,1842,7226,HIGH,HIGH severity DDoS detected,RF-NIDS classified this flow as DDoS with confidence 0.9960.,ACTIVE,,2026-09-17 09:35:40.527615+00,
21,1843,7227,HIGH,HIGH severity DDoS detected,RF-NIDS classified this flow as DDoS with confidence 0.7169.,ACTIVE,,2026-09-17 09:35:40.527616+00,
21,1844,7228,HIGH,HIGH severity DDoS detected,RF-NIDS classified this flow as DDoS with confidence 0.9960.,ACTIVE,,2026-09-17 09:35:40.527616+00,
21,1845,7229,HIGH,HIGH severity DDoS detected,RF-NIDS classified this flow as DDoS with confidence 0.5448.,ACTIVE,,2026-09-17 09:35:40.527616+00,
21,1846,7230,HIGH,HIGH severity DDoS detected,RF-NIDS classified this flow as DDoS with confidence 0.9960.,ACTIVE,,2026-09-17 09:35:40.527616+00,
21,1847,7231,HIGH,HIGH severity DDoS detected,RF-NIDS classified this flow as DDoS with confidence 0.7474.,ACTIVE,,2026-09-17 09:35:40.527617+00,
21,1848,7232,HIGH,HIGH severity DDoS detected,RF-NIDS classified this flow as DDoS with confidence 0.9960.,ACTIVE,,2026-09-17 09:35:40.527617+00,
21,1849,7233,HIGH,HIGH severity DDoS detected,RF-NIDS classified this flow as DDoS with confidence 0.8477.,ACTIVE,,2026-09-17 09:35:40.527617+00,
21,1850,7234,HIGH,HIGH severity DDoS detected,RF-NIDS classified this flow as DDoS with confidence 0.9815.,ACTIVE,,2026-09-17 09:35:40.527617+00,
21,1851,7235,HIGH,HIGH severity DDoS detected,RF-NIDS classified this flow as DDoS with confidence 0.9944.,ACTIVE,,2026-09-17 09:35:40.527617+00,
21,1852,7236,HIGH,HIGH severity DDoS detected,RF-NIDS classified this flow as DDoS with confidence 0.7791.,ACTIVE,,2026-09-17 09:35:40.527618+00,
21,1853,7237,HIGH,HIGH severity DDoS detected,RF-NIDS classified this flow as DDoS with confidence 0.9960.,ACTIVE,,2026-09-17 09:35:40.527618+00,
21,1854,7238,HIGH,HIGH severity DDoS detected,RF-NIDS classified this flow as DDoS with confidence 0.7474.,ACTIVE,,2026-09-17 09:35:40.527618+00,
21,1855,7239,HIGH,HIGH severity DDoS detected,RF-NIDS classified this flow as DDoS with confidence 0.6888.,ACTIVE,,2026-09-17 09:35:40.527618+00,
21,1856,7241,HIGH,HIGH severity DDoS detected,RF-NIDS classified this flow as DDoS with confidence 0.6812.,ACTIVE,,2026-09-17 09:35:40.527618+00,
21,1857,7242,HIGH,HIGH severity DDoS detected,RF-NIDS classified this flow as DDoS with confidence 0.9960.,ACTIVE,,2026-09-17 09:35:58.988879+00,
21,1858,7244,HIGH,HIGH severity DDoS detected,RF-NIDS classified this flow as DDoS with confidence 0.9433.,ACTIVE,,2026-09-17 09:35:58.98888+00,
21,1859,7246,HIGH,HIGH severity DDoS detected,RF-NIDS classified this flow as DDoS with confidence 0.9863.,ACTIVE,,2026-09-17 09:35:58.988881+00,
21,1860,7248,HIGH,HIGH severity DDoS detected,RF-NIDS classified this flow as DDoS with confidence 0.9960.,ACTIVE,,2026-09-17 09:35:58.988881+00,
21,1861,7249,HIGH,HIGH severity DDoS detected,RF-NIDS classified this flow as DDoS with confidence 0.8645.,ACTIVE,,2026-09-17 09:35:58.988881+00,
21,1862,7250,HIGH,HIGH severity DDoS detected,RF-NIDS classified this flow as DDoS with confidence 0.9937.,ACTIVE,,2026-09-17 09:35:58.988881+00,
21,1863,7251,HIGH,HIGH severity DDoS detected,RF-NIDS classified this flow as DDoS with confidence 0.8645.,ACTIVE,,2026-09-17 09:35:58.988882+00,
21,1864,7252,HIGH,HIGH severity DDoS detected,RF-NIDS classified this flow as DDoS with confidence 0.9911.,ACTIVE,,2026-09-17 09:35:58.988882+00,
21,1865,7253,HIGH,HIGH severity DDoS detected,RF-NIDS classified this flow as DDoS with confidence 0.7791.,ACTIVE,,2026-09-17 09:35:58.988882+00,
21,1866,7254,HIGH,HIGH severity DDoS detected,RF-NIDS classified this flow as DDoS with confidence 0.9930.,ACTIVE,,2026-09-17 09:35:58.988882+00,
21,1867,7255,HIGH,HIGH severity DDoS detected,RF-NIDS classified this flow as DDoS with confidence 0.7360.,ACTIVE,,2026-09-17 09:35:58.988882+00,
21,1868,7256,HIGH,HIGH severity DDoS detected,RF-NIDS classified this flow as DDoS with confidence 0.9808.,ACTIVE,,2026-09-17 09:35:58.988883+00,
21,1869,7258,HIGH,HIGH severity DDoS detected,RF-NIDS classified this flow as DDoS with confidence 0.9960.,ACTIVE,,2026-09-17 09:35:58.988883+00,
21,1870,7259,HIGH,HIGH severity DDoS detected,RF-NIDS classified this flow as DDoS with confidence 1.0000.,ACTIVE,,2026-09-17 09:35:58.988883+00,
21,1871,7260,HIGH,HIGH severity DDoS detected,RF-NIDS classified this flow as DDoS with confidence 0.7360.,ACTIVE,,2026-09-17 09:35:58.988883+00,
21,1872,7261,HIGH,HIGH severity DDoS detected,RF-NIDS classified this flow as DDoS with confidence 0.8645.,ACTIVE,,2026-09-17 09:35:58.988883+00,
21,1873,7262,HIGH,HIGH severity DDoS detected,RF-NIDS classified this flow as DDoS with confidence 0.9956.,ACTIVE,,2026-09-17 09:35:58.988884+00,
21,1874,7263,HIGH,HIGH severity DDoS detected,RF-NIDS classified this flow as DDoS with confidence 0.5539.,ACTIVE,,2026-09-17 09:35:58.988884+00,
21,1875,7264,HIGH,HIGH severity DDoS detected,RF-NIDS classified this flow as DDoS with confidence 0.9960.,ACTIVE,,2026-09-17 09:35:58.988884+00,
21,1876,7265,HIGH,HIGH severity DDoS detected,RF-NIDS classified this flow as DDoS with confidence 0.7440.,ACTIVE,,2026-09-17 09:35:58.988884+00,
21,1877,7266,HIGH,HIGH severity DDoS detected,RF-NIDS classified this flow as DDoS with confidence 0.9340.,ACTIVE,,2026-09-17 09:35:58.988884+00,
21,1878,7268,HIGH,HIGH severity DDoS detected,RF-NIDS classified this flow as DDoS with confidence 0.9767.,ACTIVE,,2026-09-17 09:35:58.988885+00,
21,1879,7270,HIGH,HIGH severity DDoS detected,RF-NIDS classified this flow as DDoS with confidence 0.9960.,ACTIVE,,2026-09-17 09:35:58.988885+00,
21,1880,7271,HIGH,HIGH severity DDoS detected,RF-NIDS classified this flow as DDoS with confidence 0.6151.,ACTIVE,,2026-09-17 09:35:58.988885+00,
21,1881,7272,HIGH,HIGH severity DDoS detected,RF-NIDS classified this flow as DDoS with confidence 0.9960.,ACTIVE,,2026-09-17 09:35:58.988885+00,
21,1882,7273,HIGH,HIGH severity DDoS detected,RF-NIDS classified this flow as DDoS with confidence 0.8645.,ACTIVE,,2026-09-17 09:35:58.988886+00,
21,1883,7274,HIGH,HIGH severity DDoS detected,RF-NIDS classified this flow as DDoS with confidence 0.9706.,ACTIVE,,2026-09-17 09:35:58.988886+00,
21,1884,7275,HIGH,HIGH severity DDoS detected,RF-NIDS classified this flow as DDoS with confidence 0.7868.,ACTIVE,,2026-09-17 09:35:58.988886+00,
21,1885,7276,HIGH,HIGH severity DDoS detected,RF-NIDS classified this flow as DDoS with confidence 0.8477.,ACTIVE,,2026-09-17 09:35:58.988886+00,
21,1886,7278,HIGH,HIGH severity DDoS detected,RF-NIDS classified this flow as DDoS with confidence 0.9960.,ACTIVE,,2026-09-17 09:35:58.988886+00,
21,1887,7279,HIGH,HIGH severity DDoS detected,RF-NIDS classified this flow as DDoS with confidence 0.7828.,ACTIVE,,2026-09-17 09:35:58.988887+00,
21,1888,7280,HIGH,HIGH severity DDoS detected,RF-NIDS classified this flow as DDoS with confidence 0.9960.,ACTIVE,,2026-09-17 09:35:58.988887+00,
21,1889,7281,HIGH,HIGH severity DDoS detected,RF-NIDS classified this flow as DDoS with confidence 0.8477.,ACTIVE,,2026-09-17 09:35:58.988887+00,
21,1890,7282,HIGH,HIGH severity DDoS detected,RF-NIDS classified this flow as DDoS with confidence 0.9887.,ACTIVE,,2026-09-17 09:35:58.988887+00,
21,1891,7283,HIGH,HIGH severity DDoS detected,RF-NIDS classified this flow as DDoS with confidence 0.7474.,ACTIVE,,2026-09-17 09:35:58.988887+00,
21,1892,7284,HIGH,HIGH severity DDoS detected,RF-NIDS classified this flow as DDoS with confidence 0.9960.,ACTIVE,,2026-09-17 09:35:58.988888+00,
21,1893,7286,HIGH,HIGH severity DDoS detected,RF-NIDS classified this flow as DDoS with confidence 0.9889.,ACTIVE,,2026-09-17 09:35:58.988888+00,
21,1894,7287,HIGH,HIGH severity DDoS detected,RF-NIDS classified this flow as DDoS with confidence 0.7448.,ACTIVE,,2026-09-17 09:35:58.988888+00,
21,1895,7288,HIGH,HIGH severity DDoS detected,RF-NIDS classified this flow as DDoS with confidence 0.9913.,ACTIVE,,2026-09-17 09:35:58.988888+00,
21,1896,7289,HIGH,HIGH severity DDoS detected,RF-NIDS classified this flow as DDoS with confidence 0.7688.,ACTIVE,,2026-09-17 09:35:58.988888+00,
21,1897,7290,HIGH,HIGH severity DDoS detected,RF-NIDS classified this flow as DDoS with confidence 0.9927.,ACTIVE,,2026-09-17 09:35:58.988889+00,
21,1898,7291,HIGH,HIGH severity DDoS detected,RF-NIDS classified this flow as DDoS with confidence 0.8645.,ACTIVE,,2026-09-17 09:35:58.988889+00,
21,1899,7292,HIGH,HIGH severity DDoS detected,RF-NIDS classified this flow as DDoS with confidence 0.9913.,ACTIVE,,2026-09-17 09:35:58.988889+00,
21,1900,7294,HIGH,HIGH severity DDoS detected,RF-NIDS classified this flow as DDoS with confidence 0.9930.,ACTIVE,,2026-09-17 09:35:58.988889+00,
21,1901,7295,HIGH,HIGH severity DDoS detected,RF-NIDS classified this flow as DDoS with confidence 0.7828.,ACTIVE,,2026-09-17 09:35:58.988889+00,
21,1902,7296,HIGH,HIGH severity DDoS detected,RF-NIDS classified this flow as DDoS with confidence 0.9960.,ACTIVE,,2026-09-17 09:35:58.98889+00,
21,1903,7297,HIGH,HIGH severity DDoS detected,RF-NIDS classified this flow as DDoS with confidence 0.7816.,ACTIVE,,2026-09-17 09:35:58.98889+00,
21,1904,7298,HIGH,HIGH severity DDoS detected,RF-NIDS classified this flow as DDoS with confidence 0.9960.,ACTIVE,,2026-09-17 09:35:58.98889+00,
21,1905,7299,HIGH,HIGH severity DDoS detected,RF-NIDS classified this flow as DDoS with confidence 0.7688.,ACTIVE,,2026-09-17 09:35:58.98889+00,
21,1906,7300,HIGH,HIGH severity DDoS detected,RF-NIDS classified this flow as DDoS with confidence 0.9910.,ACTIVE,,2026-09-17 09:35:58.98889+00,
21,1907,7301,HIGH,HIGH severity DDoS detected,RF-NIDS classified this flow as DDoS with confidence 0.8645.,ACTIVE,,2026-09-17 09:35:58.988891+00,
21,1908,7302,HIGH,HIGH severity DDoS detected,RF-NIDS classified this flow as DDoS with confidence 0.9913.,ACTIVE,,2026-09-17 09:35:58.988891+00,
21,1909,7304,HIGH,HIGH severity DDoS detected,RF-NIDS classified this flow as DDoS with confidence 0.9960.,ACTIVE,,2026-09-17 09:35:58.988891+00,
21,1910,7305,HIGH,HIGH severity DDoS detected,RF-NIDS classified this flow as DDoS with confidence 0.8645.,ACTIVE,,2026-09-17 09:35:58.988891+00,
21,1911,7306,HIGH,HIGH severity DDoS detected,RF-NIDS classified this flow as DDoS with confidence 0.9960.,ACTIVE,,2026-09-17 09:35:58.988891+00,
21,1912,7307,HIGH,HIGH severity DDoS detected,RF-NIDS classified this flow as DDoS with confidence 0.7791.,ACTIVE,,2026-09-17 09:35:58.988892+00,
21,1913,7308,HIGH,HIGH severity DDoS detected,RF-NIDS classified this flow as DDoS with confidence 0.9890.,ACTIVE,,2026-09-17 09:35:58.988892+00,
21,1914,7310,HIGH,HIGH severity DDoS detected,RF-NIDS classified this flow as DDoS with confidence 0.9848.,ACTIVE,,2026-09-17 09:35:58.988892+00,
21,1915,7312,HIGH,HIGH severity DDoS detected,RF-NIDS classified this flow as DDoS with confidence 0.9913.,ACTIVE,,2026-09-17 09:35:58.988892+00,
21,1916,7313,HIGH,HIGH severity DDoS detected,RF-NIDS classified this flow as DDoS with confidence 0.7791.,ACTIVE,,2026-09-17 09:35:58.988892+00,
21,1917,7314,HIGH,HIGH severity DDoS detected,RF-NIDS classified this flow as DDoS with confidence 0.9944.,ACTIVE,,2026-09-17 09:35:58.988893+00,
21,1918,7315,HIGH,HIGH severity DDoS detected,RF-NIDS classified this flow as DDoS with confidence 0.5550.,ACTIVE,,2026-09-17 09:35:58.988893+00,
21,1919,7316,HIGH,HIGH severity DDoS detected,RF-NIDS classified this flow as DDoS with confidence 0.9863.,ACTIVE,,2026-09-17 09:35:58.988893+00,
21,1920,7317,HIGH,HIGH severity DDoS detected,RF-NIDS classified this flow as DDoS with confidence 0.5484.,ACTIVE,,2026-09-17 09:35:58.988893+00,
21,1921,7318,HIGH,HIGH severity DDoS detected,RF-NIDS classified this flow as DDoS with confidence 0.9960.,ACTIVE,,2026-09-17 09:35:58.988893+00,
21,1922,7320,HIGH,HIGH severity DDoS detected,RF-NIDS classified this flow as DDoS with confidence 0.9913.,ACTIVE,,2026-09-17 09:35:58.988894+00,
21,1923,7321,HIGH,HIGH severity DDoS detected,RF-NIDS classified this flow as DDoS with confidence 0.8645.,ACTIVE,,2026-09-17 09:35:58.988894+00,
21,1924,7322,HIGH,HIGH severity DDoS detected,RF-NIDS classified this flow as DDoS with confidence 0.9937.,ACTIVE,,2026-09-17 09:35:58.988894+00,
21,1925,7323,HIGH,HIGH severity DDoS detected,RF-NIDS classified this flow as DDoS with confidence 0.7169.,ACTIVE,,2026-09-17 09:35:58.988894+00,
21,1926,7324,HIGH,HIGH severity DDoS detected,RF-NIDS classified this flow as DDoS with confidence 0.9913.,ACTIVE,,2026-09-17 09:35:58.988894+00,
21,1927,7326,HIGH,HIGH severity DDoS detected,RF-NIDS classified this flow as DDoS with confidence 0.9849.,ACTIVE,,2026-09-17 09:35:58.988895+00,
21,1928,7328,HIGH,HIGH severity DDoS detected,RF-NIDS classified this flow as DDoS with confidence 0.9897.,ACTIVE,,2026-09-17 09:35:58.988895+00,
21,1929,7329,HIGH,HIGH severity DDoS detected,RF-NIDS classified this flow as DDoS with confidence 0.8645.,ACTIVE,,2026-09-17 09:35:58.988895+00,
21,1930,7330,HIGH,HIGH severity DDoS detected,RF-NIDS classified this flow as DDoS with confidence 0.9960.,ACTIVE,,2026-09-17 09:35:58.988895+00,
21,1931,7331,HIGH,HIGH severity DDoS detected,RF-NIDS classified this flow as DDoS with confidence 0.7897.,ACTIVE,,2026-09-17 09:35:58.988895+00,
21,1932,7332,HIGH,HIGH severity DDoS detected,RF-NIDS classified this flow as DDoS with confidence 0.9301.,ACTIVE,,2026-09-17 09:35:58.988896+00,
21,1933,7333,HIGH,HIGH severity DDoS detected,RF-NIDS classified this flow as DDoS with confidence 0.7471.,ACTIVE,,2026-09-17 09:35:58.988896+00,
21,1934,7334,HIGH,HIGH severity DDoS detected,RF-NIDS classified this flow as DDoS with confidence 0.9536.,ACTIVE,,2026-09-17 09:35:58.988896+00,
21,1935,7336,HIGH,HIGH severity DDoS detected,RF-NIDS classified this flow as DDoS with confidence 0.9910.,ACTIVE,,2026-09-17 09:35:58.988896+00,
21,1936,7337,HIGH,HIGH severity DDoS detected,RF-NIDS classified this flow as DDoS with confidence 0.5506.,ACTIVE,,2026-09-17 09:35:58.988896+00,
21,1937,7338,HIGH,HIGH severity DDoS detected,RF-NIDS classified this flow as DDoS with confidence 0.9843.,ACTIVE,,2026-09-17 09:35:58.988897+00,
21,1938,7339,HIGH,HIGH severity DDoS detected,RF-NIDS classified this flow as DDoS with confidence 0.8645.,ACTIVE,,2026-09-17 09:35:58.988897+00,
21,1939,7340,HIGH,HIGH severity DDoS detected,RF-NIDS classified this flow as DDoS with confidence 0.9960.,ACTIVE,,2026-09-17 09:35:58.988897+00,
21,1940,7341,HIGH,HIGH severity DDoS detected,RF-NIDS classified this flow as DDoS with confidence 0.8645.,ACTIVE,,2026-09-17 09:35:58.988897+00,
21,1941,7342,HIGH,HIGH severity DDoS detected,RF-NIDS classified this flow as DDoS with confidence 0.9944.,ACTIVE,,2026-09-17 09:35:58.988897+00,
21,1942,7343,HIGH,HIGH severity DDoS detected,RF-NIDS classified this flow as DDoS with confidence 0.7474.,ACTIVE,,2026-09-17 09:35:58.988898+00,
21,1943,7344,HIGH,HIGH severity DDoS detected,RF-NIDS classified this flow as DDoS with confidence 0.9940.,ACTIVE,,2026-09-17 09:35:58.988898+00,
21,1944,7345,HIGH,HIGH severity DDoS detected,RF-NIDS classified this flow as DDoS with confidence 0.9911.,ACTIVE,,2026-09-17 09:35:58.988898+00,
21,1945,7346,HIGH,HIGH severity DDoS detected,RF-NIDS classified this flow as DDoS with confidence 0.7868.,ACTIVE,,2026-09-17 09:35:58.988898+00,
21,1946,7347,HIGH,HIGH severity DDoS detected,RF-NIDS classified this flow as DDoS with confidence 0.7729.,ACTIVE,,2026-09-17 09:35:58.988898+00,
21,1947,7348,HIGH,HIGH severity DDoS detected,RF-NIDS classified this flow as DDoS with confidence 0.9863.,ACTIVE,,2026-09-17 09:35:58.988899+00,
21,1948,7349,HIGH,HIGH severity DDoS detected,RF-NIDS classified this flow as DDoS with confidence 0.7452.,ACTIVE,,2026-09-17 09:35:58.988899+00,
21,1949,7350,HIGH,HIGH severity DDoS detected,RF-NIDS classified this flow as DDoS with confidence 0.9960.,ACTIVE,,2026-09-17 09:36:18.123441+00,
21,1950,7351,HIGH,HIGH severity DDoS detected,RF-NIDS classified this flow as DDoS with confidence 0.7791.,ACTIVE,,2026-09-17 09:36:18.123443+00,
21,1951,7352,HIGH,HIGH severity DDoS detected,RF-NIDS classified this flow as DDoS with confidence 0.9960.,ACTIVE,,2026-09-17 09:36:18.123443+00,
21,1952,7353,HIGH,HIGH severity DDoS detected,RF-NIDS classified this flow as DDoS with confidence 0.7440.,ACTIVE,,2026-09-17 09:36:18.123444+00,
21,1953,7354,HIGH,HIGH severity DDoS detected,RF-NIDS classified this flow as DDoS with confidence 0.9960.,ACTIVE,,2026-09-17 09:36:18.123444+00,
21,1954,7356,HIGH,HIGH severity DDoS detected,RF-NIDS classified this flow as DDoS with confidence 0.9930.,ACTIVE,,2026-09-17 09:36:18.123444+00,
21,1955,7358,HIGH,HIGH severity DDoS detected,RF-NIDS classified this flow as DDoS with confidence 0.9940.,ACTIVE,,2026-09-17 09:36:18.123444+00,
21,1956,7359,HIGH,HIGH severity DDoS detected,RF-NIDS classified this flow as DDoS with confidence 0.8645.,ACTIVE,,2026-09-17 09:36:18.123445+00,
21,1957,7360,HIGH,HIGH severity DDoS detected,RF-NIDS classified this flow as DDoS with confidence 0.9960.,ACTIVE,,2026-09-17 09:36:18.123445+00,
21,1958,7361,HIGH,HIGH severity DDoS detected,RF-NIDS classified this flow as DDoS with confidence 0.7518.,ACTIVE,,2026-09-17 09:36:18.123445+00,
21,1959,7362,HIGH,HIGH severity DDoS detected,RF-NIDS classified this flow as DDoS with confidence 0.9956.,ACTIVE,,2026-09-17 09:36:18.123445+00,
21,1960,7363,HIGH,HIGH severity DDoS detected,RF-NIDS classified this flow as DDoS with confidence 0.7816.,ACTIVE,,2026-09-17 09:36:18.123446+00,
21,1961,7364,HIGH,HIGH severity DDoS detected,RF-NIDS classified this flow as DDoS with confidence 0.9913.,ACTIVE,,2026-09-17 09:36:18.123446+00,
21,1962,7365,HIGH,HIGH severity DDoS detected,RF-NIDS classified this flow as DDoS with confidence 0.7474.,ACTIVE,,2026-09-17 09:36:18.123446+00,
21,1963,7366,HIGH,HIGH severity DDoS detected,RF-NIDS classified this flow as DDoS with confidence 0.9908.,ACTIVE,,2026-09-17 09:36:18.123446+00,
21,1964,7367,HIGH,HIGH severity DDoS detected,RF-NIDS classified this flow as DDoS with confidence 0.7816.,ACTIVE,,2026-09-17 09:36:18.123446+00,
21,1965,7368,HIGH,HIGH severity DDoS detected,RF-NIDS classified this flow as DDoS with confidence 0.9960.,ACTIVE,,2026-09-17 09:36:18.123447+00,
21,1966,7370,HIGH,HIGH severity DDoS detected,RF-NIDS classified this flow as DDoS with confidence 0.9960.,ACTIVE,,2026-09-17 09:36:18.123447+00,
21,1967,7371,HIGH,HIGH severity DDoS detected,RF-NIDS classified this flow as DDoS with confidence 0.8645.,ACTIVE,,2026-09-17 09:36:18.123447+00,
21,1968,7372,HIGH,HIGH severity DDoS detected,RF-NIDS classified this flow as DDoS with confidence 0.9956.,ACTIVE,,2026-09-17 09:36:18.123447+00,
21,1969,7373,HIGH,HIGH severity DDoS detected,RF-NIDS classified this flow as DDoS with confidence 0.8645.,ACTIVE,,2026-09-17 09:36:18.123447+00,
21,1970,7374,HIGH,HIGH severity DDoS detected,RF-NIDS classified this flow as DDoS with confidence 0.9930.,ACTIVE,,2026-09-17 09:36:18.123448+00,
21,1971,7375,HIGH,HIGH severity DDoS detected,RF-NIDS classified this flow as DDoS with confidence 0.7847.,ACTIVE,,2026-09-17 09:36:18.123448+00,
21,1972,7376,HIGH,HIGH severity DDoS detected,RF-NIDS classified this flow as DDoS with confidence 0.9862.,ACTIVE,,2026-09-17 09:36:18.123448+00,
21,1973,7378,HIGH,HIGH severity DDoS detected,RF-NIDS classified this flow as DDoS with confidence 0.9770.,ACTIVE,,2026-09-17 09:36:18.123448+00,
21,1974,7380,HIGH,HIGH severity DDoS detected,RF-NIDS classified this flow as DDoS with confidence 0.9600.,ACTIVE,,2026-09-17 09:36:18.123448+00,
21,1975,7382,HIGH,HIGH severity DDoS detected,RF-NIDS classified this flow as DDoS with confidence 0.9724.,ACTIVE,,2026-09-17 09:36:18.123449+00,
21,1976,7384,HIGH,HIGH severity DDoS detected,RF-NIDS classified this flow as DDoS with confidence 0.9960.,ACTIVE,,2026-09-17 09:36:18.123449+00,
21,1977,7385,HIGH,HIGH severity DDoS detected,RF-NIDS classified this flow as DDoS with confidence 0.8645.,ACTIVE,,2026-09-17 09:36:18.123449+00,
21,1978,7386,HIGH,HIGH severity DDoS detected,RF-NIDS classified this flow as DDoS with confidence 0.9960.,ACTIVE,,2026-09-17 09:36:18.123449+00,
21,1979,7387,HIGH,HIGH severity DDoS detected,RF-NIDS classified this flow as DDoS with confidence 0.7671.,ACTIVE,,2026-09-17 09:36:18.12345+00,
21,1980,7388,HIGH,HIGH severity DDoS detected,RF-NIDS classified this flow as DDoS with confidence 0.9808.,ACTIVE,,2026-09-17 09:36:18.12345+00,
21,1981,7390,HIGH,HIGH severity DDoS detected,RF-NIDS classified this flow as DDoS with confidence 0.9960.,ACTIVE,,2026-09-17 09:36:18.12345+00,
21,1982,7391,HIGH,HIGH severity DDoS detected,RF-NIDS classified this flow as DDoS with confidence 0.7440.,ACTIVE,,2026-09-17 09:36:18.12345+00,
21,1983,7392,HIGH,HIGH severity DDoS detected,RF-NIDS classified this flow as DDoS with confidence 0.9913.,ACTIVE,,2026-09-17 09:36:18.12345+00,
21,1984,7393,HIGH,HIGH severity DDoS detected,RF-NIDS classified this flow as DDoS with confidence 0.7448.,ACTIVE,,2026-09-17 09:36:18.123451+00,
21,1985,7394,HIGH,HIGH severity DDoS detected,RF-NIDS classified this flow as DDoS with confidence 0.9914.,ACTIVE,,2026-09-17 09:36:18.123451+00,
21,1986,7396,HIGH,HIGH severity DDoS detected,RF-NIDS classified this flow as DDoS with confidence 0.9960.,ACTIVE,,2026-09-17 09:36:18.123451+00,
21,1987,7397,HIGH,HIGH severity DDoS detected,RF-NIDS classified this flow as DDoS with confidence 0.5624.,ACTIVE,,2026-09-17 09:36:18.123451+00,
21,1988,7398,HIGH,HIGH severity DDoS detected,RF-NIDS classified this flow as DDoS with confidence 0.9863.,ACTIVE,,2026-09-17 09:36:18.123451+00,
21,1989,7399,HIGH,HIGH severity DDoS detected,RF-NIDS classified this flow as DDoS with confidence 0.5644.,ACTIVE,,2026-09-17 09:36:18.123452+00,
21,1990,7400,HIGH,HIGH severity DDoS detected,RF-NIDS classified this flow as DDoS with confidence 0.9791.,ACTIVE,,2026-09-17 09:36:18.123452+00,
21,1991,7401,HIGH,HIGH severity DDoS detected,RF-NIDS classified this flow as DDoS with confidence 0.7729.,ACTIVE,,2026-09-17 09:36:18.123452+00,
21,1992,7402,HIGH,HIGH severity DDoS detected,RF-NIDS classified this flow as DDoS with confidence 0.9890.,ACTIVE,,2026-09-17 09:36:18.123452+00,
21,1993,7404,HIGH,HIGH severity DDoS detected,RF-NIDS classified this flow as DDoS with confidence 0.9960.,ACTIVE,,2026-09-17 09:36:18.123452+00,
21,1994,7405,HIGH,HIGH severity DDoS detected,RF-NIDS classified this flow as DDoS with confidence 0.8645.,ACTIVE,,2026-09-17 09:36:18.123453+00,
21,1995,7406,HIGH,HIGH severity DDoS detected,RF-NIDS classified this flow as DDoS with confidence 0.9913.,ACTIVE,,2026-09-17 09:36:18.123453+00,
21,1996,7407,HIGH,HIGH severity DDoS detected,RF-NIDS classified this flow as DDoS with confidence 0.7474.,ACTIVE,,2026-09-17 09:36:18.123453+00,
21,1997,7408,HIGH,HIGH severity DDoS detected,RF-NIDS classified this flow as DDoS with confidence 0.9917.,ACTIVE,,2026-09-17 09:36:18.123453+00,
21,1998,7409,HIGH,HIGH severity DDoS detected,RF-NIDS classified this flow as DDoS with confidence 0.7668.,ACTIVE,,2026-09-17 09:36:18.123453+00,
21,1999,7410,HIGH,HIGH severity DDoS detected,RF-NIDS classified this flow as DDoS with confidence 0.9849.,ACTIVE,,2026-09-17 09:36:18.123454+00,
21,2000,7412,HIGH,HIGH severity DDoS detected,RF-NIDS classified this flow as DDoS with confidence 1.0000.,ACTIVE,,2026-09-17 09:36:18.123454+00,
21,2001,7413,HIGH,HIGH severity DDoS detected,RF-NIDS classified this flow as DDoS with confidence 0.7897.,ACTIVE,,2026-09-17 09:36:18.123454+00,
21,2002,7414,HIGH,HIGH severity DDoS detected,RF-NIDS classified this flow as DDoS with confidence 0.9956.,ACTIVE,,2026-09-17 09:36:18.123454+00,
21,2003,7415,HIGH,HIGH severity DDoS detected,RF-NIDS classified this flow as DDoS with confidence 0.5850.,ACTIVE,,2026-09-17 09:36:18.123454+00,
21,2004,7416,HIGH,HIGH severity DDoS detected,RF-NIDS classified this flow as DDoS with confidence 0.9960.,ACTIVE,,2026-09-17 09:36:18.123455+00,
21,2005,7418,HIGH,HIGH severity DDoS detected,RF-NIDS classified this flow as DDoS with confidence 0.9789.,ACTIVE,,2026-09-17 09:36:18.123455+00,
21,2006,7419,HIGH,HIGH severity DDoS detected,RF-NIDS classified this flow as DDoS with confidence 0.9930.,ACTIVE,,2026-09-17 09:36:18.123455+00,
21,2007,7420,HIGH,HIGH severity DDoS detected,RF-NIDS classified this flow as DDoS with confidence 0.7518.,ACTIVE,,2026-09-17 09:36:18.123455+00,
21,2008,7421,HIGH,HIGH severity DDoS detected,RF-NIDS classified this flow as DDoS with confidence 0.9957.,ACTIVE,,2026-09-17 09:36:18.123455+00,
21,2009,7422,HIGH,HIGH severity DDoS detected,RF-NIDS classified this flow as DDoS with confidence 0.7504.,ACTIVE,,2026-09-17 09:36:18.123456+00,
21,2010,7423,HIGH,HIGH severity DDoS detected,RF-NIDS classified this flow as DDoS with confidence 0.9960.,ACTIVE,,2026-09-17 09:36:18.123456+00,
21,2011,7424,HIGH,HIGH severity DDoS detected,RF-NIDS classified this flow as DDoS with confidence 0.8645.,ACTIVE,,2026-09-17 09:36:18.123456+00,
21,2012,7425,HIGH,HIGH severity DDoS detected,RF-NIDS classified this flow as DDoS with confidence 0.9913.,ACTIVE,,2026-09-17 09:36:18.123456+00,
21,2013,7426,HIGH,HIGH severity DDoS detected,RF-NIDS classified this flow as DDoS with confidence 0.8645.,ACTIVE,,2026-09-17 09:36:18.123456+00,
21,2014,7427,HIGH,HIGH severity DDoS detected,RF-NIDS classified this flow as DDoS with confidence 0.9913.,ACTIVE,,2026-09-17 09:36:18.123457+00,
21,2015,7428,HIGH,HIGH severity DDoS detected,RF-NIDS classified this flow as DDoS with confidence 0.8645.,ACTIVE,,2026-09-17 09:36:18.123457+00,
21,2016,7429,HIGH,HIGH severity DDoS detected,RF-NIDS classified this flow as DDoS with confidence 0.9874.,ACTIVE,,2026-09-17 09:36:18.123457+00,
21,2017,7431,HIGH,HIGH severity DDoS detected,RF-NIDS classified this flow as DDoS with confidence 0.9913.,ACTIVE,,2026-09-17 09:36:18.123457+00,
21,2018,7432,HIGH,HIGH severity DDoS detected,RF-NIDS classified this flow as DDoS with confidence 0.7847.,ACTIVE,,2026-09-17 09:36:18.123457+00,
21,2019,7433,HIGH,HIGH severity DDoS detected,RF-NIDS classified this flow as DDoS with confidence 0.9932.,ACTIVE,,2026-09-17 09:36:18.123458+00,
21,2020,7434,HIGH,HIGH severity DDoS detected,RF-NIDS classified this flow as DDoS with confidence 0.7791.,ACTIVE,,2026-09-17 09:36:18.123458+00,
21,2021,7435,HIGH,HIGH severity DDoS detected,RF-NIDS classified this flow as DDoS with confidence 0.9910.,ACTIVE,,2026-09-17 09:36:18.123458+00,
21,2022,7436,HIGH,HIGH severity DDoS detected,RF-NIDS classified this flow as DDoS with confidence 0.7448.,ACTIVE,,2026-09-17 09:36:18.123458+00,
21,2023,7437,HIGH,HIGH severity DDoS detected,RF-NIDS classified this flow as DDoS with confidence 0.9960.,ACTIVE,,2026-09-17 09:36:18.123458+00,
21,2024,7438,HIGH,HIGH severity DDoS detected,RF-NIDS classified this flow as DDoS with confidence 0.7688.,ACTIVE,,2026-09-17 09:36:18.123459+00,
21,2025,7439,HIGH,HIGH severity DDoS detected,RF-NIDS classified this flow as DDoS with confidence 0.9960.,ACTIVE,,2026-09-17 09:36:18.123459+00,
21,2026,7440,HIGH,HIGH severity DDoS detected,RF-NIDS classified this flow as DDoS with confidence 0.5499.,ACTIVE,,2026-09-17 09:36:18.123459+00,
21,2027,7441,HIGH,HIGH severity DDoS detected,RF-NIDS classified this flow as DDoS with confidence 0.9430.,ACTIVE,,2026-09-17 09:36:18.123459+00,
21,2028,7443,HIGH,HIGH severity DDoS detected,RF-NIDS classified this flow as DDoS with confidence 0.9960.,ACTIVE,,2026-09-17 09:36:18.123459+00,
21,2029,7444,HIGH,HIGH severity DDoS detected,RF-NIDS classified this flow as DDoS with confidence 0.7440.,ACTIVE,,2026-09-17 09:36:18.12346+00,
21,2030,7445,HIGH,HIGH severity DDoS detected,RF-NIDS classified this flow as DDoS with confidence 0.9913.,ACTIVE,,2026-09-17 09:36:18.12346+00,
21,2031,7446,HIGH,HIGH severity DDoS detected,RF-NIDS classified this flow as DDoS with confidence 0.7847.,ACTIVE,,2026-09-17 09:36:18.12346+00,
21,2032,7447,HIGH,HIGH severity DDoS detected,RF-NIDS classified this flow as DDoS with confidence 0.9960.,ACTIVE,,2026-09-17 09:36:18.12346+00,
21,2033,7448,HIGH,HIGH severity DDoS detected,RF-NIDS classified this flow as DDoS with confidence 0.6164.,ACTIVE,,2026-09-17 09:36:18.123461+00,
21,2034,7449,HIGH,HIGH severity DDoS detected,RF-NIDS classified this flow as DDoS with confidence 0.9821.,ACTIVE,,2026-09-17 09:36:18.123461+00,
21,2035,7450,HIGH,HIGH severity DDoS detected,RF-NIDS classified this flow as DDoS with confidence 0.9960.,ACTIVE,,2026-09-17 09:36:18.123461+00,
21,2036,7451,HIGH,HIGH severity DDoS detected,RF-NIDS classified this flow as DDoS with confidence 0.7169.,ACTIVE,,2026-09-17 09:36:18.123461+00,
21,2037,7452,HIGH,HIGH severity DDoS detected,RF-NIDS classified this flow as DDoS with confidence 0.7897.,ACTIVE,,2026-09-17 09:36:18.123461+00,
21,2038,7453,HIGH,HIGH severity DDoS detected,RF-NIDS classified this flow as DDoS with confidence 0.6758.,ACTIVE,,2026-09-17 09:36:18.123462+00,
21,2039,7454,HIGH,HIGH severity DDoS detected,RF-NIDS classified this flow as DDoS with confidence 0.6844.,ACTIVE,,2026-09-17 09:36:18.123462+00,
21,2040,7455,HIGH,HIGH severity DDoS detected,RF-NIDS classified this flow as DDoS with confidence 0.9960.,ACTIVE,,2026-09-17 09:36:36.525731+00,
21,2041,7456,HIGH,HIGH severity DDoS detected,RF-NIDS classified this flow as DDoS with confidence 0.8645.,ACTIVE,,2026-09-17 09:36:36.525734+00,
21,2042,7457,HIGH,HIGH severity DDoS detected,RF-NIDS classified this flow as DDoS with confidence 0.9897.,ACTIVE,,2026-09-17 09:36:36.525735+00,
21,2043,7458,HIGH,HIGH severity DDoS detected,RF-NIDS classified this flow as DDoS with confidence 0.7474.,ACTIVE,,2026-09-17 09:36:36.525735+00,
21,2044,7459,HIGH,HIGH severity DDoS detected,RF-NIDS classified this flow as DDoS with confidence 0.9875.,ACTIVE,,2026-09-17 09:36:36.525735+00,
21,2045,7461,HIGH,HIGH severity DDoS detected,RF-NIDS classified this flow as DDoS with confidence 0.9954.,ACTIVE,,2026-09-17 09:36:36.525735+00,
21,2046,7463,HIGH,HIGH severity DDoS detected,RF-NIDS classified this flow as DDoS with confidence 0.9960.,ACTIVE,,2026-09-17 09:36:36.525736+00,
21,2047,7465,HIGH,HIGH severity DDoS detected,RF-NIDS classified this flow as DDoS with confidence 0.9960.,ACTIVE,,2026-09-17 09:36:36.525736+00,
21,2048,7466,HIGH,HIGH severity DDoS detected,RF-NIDS classified this flow as DDoS with confidence 0.8645.,ACTIVE,,2026-09-17 09:36:36.525736+00,
21,2049,7467,HIGH,HIGH severity DDoS detected,RF-NIDS classified this flow as DDoS with confidence 0.9927.,ACTIVE,,2026-09-17 09:36:36.525736+00,
21,2050,7469,HIGH,HIGH severity DDoS detected,RF-NIDS classified this flow as DDoS with confidence 0.9960.,ACTIVE,,2026-09-17 09:36:36.525736+00,
21,2051,7470,HIGH,HIGH severity DDoS detected,RF-NIDS classified this flow as DDoS with confidence 0.8645.,ACTIVE,,2026-09-17 09:36:36.525737+00,
21,2052,7471,HIGH,HIGH severity DDoS detected,RF-NIDS classified this flow as DDoS with confidence 0.9786.,ACTIVE,,2026-09-17 09:36:36.525737+00,
21,2053,7472,HIGH,HIGH severity DDoS detected,RF-NIDS classified this flow as DDoS with confidence 0.9960.,ACTIVE,,2026-09-17 09:36:36.525737+00,
21,2054,7474,HIGH,HIGH severity DDoS detected,RF-NIDS classified this flow as DDoS with confidence 0.9941.,ACTIVE,,2026-09-17 09:36:36.525737+00,
21,2055,7476,HIGH,HIGH severity DDoS detected,RF-NIDS classified this flow as DDoS with confidence 0.9796.,ACTIVE,,2026-09-17 09:36:36.525737+00,
21,2056,7477,HIGH,HIGH severity DDoS detected,RF-NIDS classified this flow as DDoS with confidence 0.7668.,ACTIVE,,2026-09-17 09:36:36.525738+00,
21,2057,7478,HIGH,HIGH severity DDoS detected,RF-NIDS classified this flow as DDoS with confidence 0.9885.,ACTIVE,,2026-09-17 09:36:36.525738+00,
21,2058,7480,HIGH,HIGH severity DDoS detected,RF-NIDS classified this flow as DDoS with confidence 0.9944.,ACTIVE,,2026-09-17 09:36:36.525738+00,
21,2059,7481,HIGH,HIGH severity DDoS detected,RF-NIDS classified this flow as DDoS with confidence 0.5539.,ACTIVE,,2026-09-17 09:36:36.525738+00,
21,2060,7482,HIGH,HIGH severity DDoS detected,RF-NIDS classified this flow as DDoS with confidence 0.9960.,ACTIVE,,2026-09-17 09:36:36.525738+00,
21,2061,7483,HIGH,HIGH severity DDoS detected,RF-NIDS classified this flow as DDoS with confidence 0.8645.,ACTIVE,,2026-09-17 09:36:36.525739+00,
21,2062,7484,HIGH,HIGH severity DDoS detected,RF-NIDS classified this flow as DDoS with confidence 0.9911.,ACTIVE,,2026-09-17 09:36:36.525739+00,
21,2063,7485,HIGH,HIGH severity DDoS detected,RF-NIDS classified this flow as DDoS with confidence 0.7452.,ACTIVE,,2026-09-17 09:36:36.525739+00,
21,2064,7486,HIGH,HIGH severity DDoS detected,RF-NIDS classified this flow as DDoS with confidence 0.9960.,ACTIVE,,2026-09-17 09:36:36.525739+00,
21,2065,7487,HIGH,HIGH severity DDoS detected,RF-NIDS classified this flow as DDoS with confidence 0.8645.,ACTIVE,,2026-09-17 09:36:36.52574+00,
21,2066,7488,HIGH,HIGH severity DDoS detected,RF-NIDS classified this flow as DDoS with confidence 0.9960.,ACTIVE,,2026-09-17 09:36:36.52574+00,
21,2067,7489,HIGH,HIGH severity DDoS detected,RF-NIDS classified this flow as DDoS with confidence 0.7847.,ACTIVE,,2026-09-17 09:36:36.52574+00,
21,2068,7490,HIGH,HIGH severity DDoS detected,RF-NIDS classified this flow as DDoS with confidence 0.9960.,ACTIVE,,2026-09-17 09:36:36.52574+00,
21,2069,7491,HIGH,HIGH severity DDoS detected,RF-NIDS classified this flow as DDoS with confidence 0.8645.,ACTIVE,,2026-09-17 09:36:36.52574+00,
21,2070,7492,HIGH,HIGH severity DDoS detected,RF-NIDS classified this flow as DDoS with confidence 0.9937.,ACTIVE,,2026-09-17 09:36:36.525741+00,
21,2071,7493,HIGH,HIGH severity DDoS detected,RF-NIDS classified this flow as DDoS with confidence 0.8645.,ACTIVE,,2026-09-17 09:36:36.525741+00,
21,2072,7494,HIGH,HIGH severity DDoS detected,RF-NIDS classified this flow as DDoS with confidence 0.9960.,ACTIVE,,2026-09-17 09:36:36.525741+00,
21,2073,7495,HIGH,HIGH severity DDoS detected,RF-NIDS classified this flow as DDoS with confidence 0.7440.,ACTIVE,,2026-09-17 09:36:36.525741+00,
21,2074,7496,HIGH,HIGH severity DDoS detected,RF-NIDS classified this flow as DDoS with confidence 0.9872.,ACTIVE,,2026-09-17 09:36:36.525741+00,
21,2075,7498,HIGH,HIGH severity DDoS detected,RF-NIDS classified this flow as DDoS with confidence 0.9842.,ACTIVE,,2026-09-17 09:36:36.525742+00,
21,2076,7499,HIGH,HIGH severity DDoS detected,RF-NIDS classified this flow as DDoS with confidence 0.8645.,ACTIVE,,2026-09-17 09:36:36.525742+00,
21,2077,7500,HIGH,HIGH severity DDoS detected,RF-NIDS classified this flow as DDoS with confidence 0.9706.,ACTIVE,,2026-09-17 09:36:36.525742+00,
21,2078,7501,HIGH,HIGH severity DDoS detected,RF-NIDS classified this flow as DDoS with confidence 0.8645.,ACTIVE,,2026-09-17 09:36:36.525742+00,
21,2079,7502,HIGH,HIGH severity DDoS detected,RF-NIDS classified this flow as DDoS with confidence 0.9296.,ACTIVE,,2026-09-17 09:36:36.525742+00,
21,2080,7504,HIGH,HIGH severity DDoS detected,RF-NIDS classified this flow as DDoS with confidence 0.9913.,ACTIVE,,2026-09-17 09:36:36.525743+00,
21,2081,7505,HIGH,HIGH severity DDoS detected,RF-NIDS classified this flow as DDoS with confidence 0.8645.,ACTIVE,,2026-09-17 09:36:36.525743+00,
21,2082,7506,HIGH,HIGH severity DDoS detected,RF-NIDS classified this flow as DDoS with confidence 0.9960.,ACTIVE,,2026-09-17 09:36:36.525743+00,
21,2083,7507,HIGH,HIGH severity DDoS detected,RF-NIDS classified this flow as DDoS with confidence 0.8645.,ACTIVE,,2026-09-17 09:36:36.525743+00,
21,2084,7508,HIGH,HIGH severity DDoS detected,RF-NIDS classified this flow as DDoS with confidence 0.9913.,ACTIVE,,2026-09-17 09:36:36.525743+00,
21,2085,7509,HIGH,HIGH severity DDoS detected,RF-NIDS classified this flow as DDoS with confidence 0.7474.,ACTIVE,,2026-09-17 09:36:36.525744+00,
21,2086,7510,HIGH,HIGH severity DDoS detected,RF-NIDS classified this flow as DDoS with confidence 0.9944.,ACTIVE,,2026-09-17 09:36:36.525744+00,
21,2087,7511,HIGH,HIGH severity DDoS detected,RF-NIDS classified this flow as DDoS with confidence 0.7518.,ACTIVE,,2026-09-17 09:36:36.525744+00,
21,2088,7512,HIGH,HIGH severity DDoS detected,RF-NIDS classified this flow as DDoS with confidence 0.9913.,ACTIVE,,2026-09-17 09:36:36.525744+00,
21,2089,7513,HIGH,HIGH severity DDoS detected,RF-NIDS classified this flow as DDoS with confidence 0.7688.,ACTIVE,,2026-09-17 09:36:36.525744+00,
21,2090,7514,HIGH,HIGH severity DDoS detected,RF-NIDS classified this flow as DDoS with confidence 0.9913.,ACTIVE,,2026-09-17 09:36:36.525745+00,
21,2091,7515,HIGH,HIGH severity DDoS detected,RF-NIDS classified this flow as DDoS with confidence 1.0000.,ACTIVE,,2026-09-17 09:36:36.525745+00,
21,2092,7516,HIGH,HIGH severity DDoS detected,RF-NIDS classified this flow as DDoS with confidence 0.6921.,ACTIVE,,2026-09-17 09:36:36.525745+00,
21,2093,7517,HIGH,HIGH severity DDoS detected,RF-NIDS classified this flow as DDoS with confidence 0.7791.,ACTIVE,,2026-09-17 09:36:36.525745+00,
21,2094,7518,HIGH,HIGH severity DDoS detected,RF-NIDS classified this flow as DDoS with confidence 0.9960.,ACTIVE,,2026-09-17 09:36:36.525745+00,
21,2095,7520,HIGH,HIGH severity DDoS detected,RF-NIDS classified this flow as DDoS with confidence 0.9820.,ACTIVE,,2026-09-17 09:36:36.525746+00,
21,2096,7522,HIGH,HIGH severity DDoS detected,RF-NIDS classified this flow as DDoS with confidence 0.9824.,ACTIVE,,2026-09-17 09:36:36.525746+00,
21,2097,7524,HIGH,HIGH severity DDoS detected,RF-NIDS classified this flow as DDoS with confidence 0.9960.,ACTIVE,,2026-09-17 09:36:36.525746+00,
21,2098,7526,HIGH,HIGH severity DDoS detected,RF-NIDS classified this flow as DDoS with confidence 0.9875.,ACTIVE,,2026-09-17 09:36:36.525746+00,
21,2099,7528,HIGH,HIGH severity DDoS detected,RF-NIDS classified this flow as DDoS with confidence 0.9862.,ACTIVE,,2026-09-17 09:36:36.525746+00,
21,2100,7530,HIGH,HIGH severity DDoS detected,RF-NIDS classified this flow as DDoS with confidence 0.9913.,ACTIVE,,2026-09-17 09:36:36.525747+00,
21,2101,7531,HIGH,HIGH severity DDoS detected,RF-NIDS classified this flow as DDoS with confidence 0.7729.,ACTIVE,,2026-09-17 09:36:36.525747+00,
21,2102,7532,HIGH,HIGH severity DDoS detected,RF-NIDS classified this flow as DDoS with confidence 0.9960.,ACTIVE,,2026-09-17 09:36:36.525747+00,
21,2103,7533,HIGH,HIGH severity DDoS detected,RF-NIDS classified this flow as DDoS with confidence 0.8645.,ACTIVE,,2026-09-17 09:36:36.525747+00,
21,2104,7534,HIGH,HIGH severity DDoS detected,RF-NIDS classified this flow as DDoS with confidence 0.9960.,ACTIVE,,2026-09-17 09:36:36.525747+00,
21,2105,7535,HIGH,HIGH severity DDoS detected,RF-NIDS classified this flow as DDoS with confidence 0.5550.,ACTIVE,,2026-09-17 09:36:36.525747+00,
21,2106,7536,HIGH,HIGH severity DDoS detected,RF-NIDS classified this flow as DDoS with confidence 0.9832.,ACTIVE,,2026-09-17 09:36:36.525748+00,
21,2107,7537,HIGH,HIGH severity DDoS detected,RF-NIDS classified this flow as DDoS with confidence 0.9910.,ACTIVE,,2026-09-17 09:36:36.525748+00,
21,2108,7538,HIGH,HIGH severity DDoS detected,RF-NIDS classified this flow as DDoS with confidence 0.8645.,ACTIVE,,2026-09-17 09:36:36.525748+00,
21,2109,7539,HIGH,HIGH severity DDoS detected,RF-NIDS classified this flow as DDoS with confidence 0.9960.,ACTIVE,,2026-09-17 09:36:36.525748+00,
21,2110,7540,HIGH,HIGH severity DDoS detected,RF-NIDS classified this flow as DDoS with confidence 0.7474.,ACTIVE,,2026-09-17 09:36:36.525748+00,
21,2111,7541,HIGH,HIGH severity DDoS detected,RF-NIDS classified this flow as DDoS with confidence 0.9889.,ACTIVE,,2026-09-17 09:36:36.525749+00,
21,2112,7542,HIGH,HIGH severity DDoS detected,RF-NIDS classified this flow as DDoS with confidence 0.7791.,ACTIVE,,2026-09-17 09:36:36.525749+00,
21,2113,7543,HIGH,HIGH severity DDoS detected,RF-NIDS classified this flow as DDoS with confidence 0.9960.,ACTIVE,,2026-09-17 09:36:36.525749+00,
21,2114,7544,HIGH,HIGH severity DDoS detected,RF-NIDS classified this flow as DDoS with confidence 0.7440.,ACTIVE,,2026-09-17 09:36:36.525749+00,
21,2115,7545,HIGH,HIGH severity DDoS detected,RF-NIDS classified this flow as DDoS with confidence 0.9960.,ACTIVE,,2026-09-17 09:36:36.525749+00,
21,2116,7546,HIGH,HIGH severity DDoS detected,RF-NIDS classified this flow as DDoS with confidence 0.8645.,ACTIVE,,2026-09-17 09:36:36.52575+00,
21,2117,7547,HIGH,HIGH severity DDoS detected,RF-NIDS classified this flow as DDoS with confidence 0.9960.,ACTIVE,,2026-09-17 09:36:36.52575+00,
21,2118,7549,HIGH,HIGH severity DDoS detected,RF-NIDS classified this flow as DDoS with confidence 0.9954.,ACTIVE,,2026-09-17 09:36:36.52575+00,
21,2119,7550,HIGH,HIGH severity DDoS detected,RF-NIDS classified this flow as DDoS with confidence 0.7577.,ACTIVE,,2026-09-17 09:36:36.52575+00,
21,2120,7551,HIGH,HIGH severity DDoS detected,RF-NIDS classified this flow as DDoS with confidence 0.9960.,ACTIVE,,2026-09-17 09:36:36.52575+00,
21,2121,7552,HIGH,HIGH severity DDoS detected,RF-NIDS classified this flow as DDoS with confidence 0.8357.,ACTIVE,,2026-09-17 09:36:36.525751+00,
21,2122,7553,HIGH,HIGH severity DDoS detected,RF-NIDS classified this flow as DDoS with confidence 0.9956.,ACTIVE,,2026-09-17 09:36:36.525751+00,
21,2123,7554,HIGH,HIGH severity DDoS detected,RF-NIDS classified this flow as DDoS with confidence 0.8477.,ACTIVE,,2026-09-17 09:36:36.525751+00,
21,2124,7555,HIGH,HIGH severity DDoS detected,RF-NIDS classified this flow as DDoS with confidence 0.9837.,ACTIVE,,2026-09-17 09:36:36.525751+00,
21,2125,7557,HIGH,HIGH severity DDoS detected,RF-NIDS classified this flow as DDoS with confidence 0.9352.,ACTIVE,,2026-09-17 09:36:36.525752+00,
21,2126,7561,HIGH,HIGH severity DDoS detected,RF-NIDS classified this flow as DDoS with confidence 0.6888.,ACTIVE,,2026-09-17 09:36:36.525752+00,
21,2127,7563,HIGH,HIGH severity DDoS detected,RF-NIDS classified this flow as DDoS with confidence 0.9960.,ACTIVE,,2026-09-17 09:36:54.44899+00,
21,2128,7564,HIGH,HIGH severity DDoS detected,RF-NIDS classified this flow as DDoS with confidence 0.7897.,ACTIVE,,2026-09-17 09:36:54.448992+00,
21,2129,7565,HIGH,HIGH severity DDoS detected,RF-NIDS classified this flow as DDoS with confidence 0.9956.,ACTIVE,,2026-09-17 09:36:54.448992+00,
21,2130,7566,HIGH,HIGH severity DDoS detected,RF-NIDS classified this flow as DDoS with confidence 0.5176.,ACTIVE,,2026-09-17 09:36:54.448993+00,
21,2131,7567,HIGH,HIGH severity DDoS detected,RF-NIDS classified this flow as DDoS with confidence 0.9956.,ACTIVE,,2026-09-17 09:36:54.448993+00,
21,2132,7568,HIGH,HIGH severity DDoS detected,RF-NIDS classified this flow as DDoS with confidence 0.7474.,ACTIVE,,2026-09-17 09:36:54.448993+00,
21,2133,7569,HIGH,HIGH severity DDoS detected,RF-NIDS classified this flow as DDoS with confidence 0.9956.,ACTIVE,,2026-09-17 09:36:54.448993+00,
21,2134,7570,HIGH,HIGH severity DDoS detected,RF-NIDS classified this flow as DDoS with confidence 0.7897.,ACTIVE,,2026-09-17 09:36:54.448994+00,
21,2135,7571,HIGH,HIGH severity DDoS detected,RF-NIDS classified this flow as DDoS with confidence 0.9813.,ACTIVE,,2026-09-17 09:36:54.448994+00,
21,2136,7572,HIGH,HIGH severity DDoS detected,RF-NIDS classified this flow as DDoS with confidence 0.5644.,ACTIVE,,2026-09-17 09:36:54.448994+00,
21,2137,7573,HIGH,HIGH severity DDoS detected,RF-NIDS classified this flow as DDoS with confidence 0.9739.,ACTIVE,,2026-09-17 09:36:54.448994+00,
21,2138,7574,HIGH,HIGH severity DDoS detected,RF-NIDS classified this flow as DDoS with confidence 0.8645.,ACTIVE,,2026-09-17 09:36:54.448995+00,
21,2139,7575,HIGH,HIGH severity DDoS detected,RF-NIDS classified this flow as DDoS with confidence 0.9960.,ACTIVE,,2026-09-17 09:36:54.448995+00,
21,2140,7577,HIGH,HIGH severity DDoS detected,RF-NIDS classified this flow as DDoS with confidence 0.9833.,ACTIVE,,2026-09-17 09:36:54.448995+00,
21,2141,7578,HIGH,HIGH severity DDoS detected,RF-NIDS classified this flow as DDoS with confidence 0.7440.,ACTIVE,,2026-09-17 09:36:54.448995+00,
21,2142,7579,HIGH,HIGH severity DDoS detected,RF-NIDS classified this flow as DDoS with confidence 0.9940.,ACTIVE,,2026-09-17 09:36:54.448995+00,
21,2143,7580,HIGH,HIGH severity DDoS detected,RF-NIDS classified this flow as DDoS with confidence 0.5248.,ACTIVE,,2026-09-17 09:36:54.448996+00,
21,2144,7581,HIGH,HIGH severity DDoS detected,RF-NIDS classified this flow as DDoS with confidence 0.9956.,ACTIVE,,2026-09-17 09:36:54.448996+00,
21,2145,7582,HIGH,HIGH severity DDoS detected,RF-NIDS classified this flow as DDoS with confidence 0.8645.,ACTIVE,,2026-09-17 09:36:54.448996+00,
21,2146,7583,HIGH,HIGH severity DDoS detected,RF-NIDS classified this flow as DDoS with confidence 0.9960.,ACTIVE,,2026-09-17 09:36:54.448996+00,
21,2147,7584,HIGH,HIGH severity DDoS detected,RF-NIDS classified this flow as DDoS with confidence 0.7847.,ACTIVE,,2026-09-17 09:36:54.448996+00,
21,2148,7585,HIGH,HIGH severity DDoS detected,RF-NIDS classified this flow as DDoS with confidence 0.9960.,ACTIVE,,2026-09-17 09:36:54.448997+00,
21,2149,7586,HIGH,HIGH severity DDoS detected,RF-NIDS classified this flow as DDoS with confidence 0.6164.,ACTIVE,,2026-09-17 09:36:54.448997+00,
21,2150,7587,HIGH,HIGH severity DDoS detected,RF-NIDS classified this flow as DDoS with confidence 0.9917.,ACTIVE,,2026-09-17 09:36:54.448997+00,
21,2151,7588,HIGH,HIGH severity DDoS detected,RF-NIDS classified this flow as DDoS with confidence 0.8645.,ACTIVE,,2026-09-17 09:36:54.448997+00,
21,2152,7589,HIGH,HIGH severity DDoS detected,RF-NIDS classified this flow as DDoS with confidence 0.9786.,ACTIVE,,2026-09-17 09:36:54.448998+00,
21,2153,7590,HIGH,HIGH severity DDoS detected,RF-NIDS classified this flow as DDoS with confidence 0.7577.,ACTIVE,,2026-09-17 09:36:54.448998+00,
21,2154,7591,HIGH,HIGH severity DDoS detected,RF-NIDS classified this flow as DDoS with confidence 0.9843.,ACTIVE,,2026-09-17 09:36:54.448998+00,
21,2155,7593,HIGH,HIGH severity DDoS detected,RF-NIDS classified this flow as DDoS with confidence 0.9882.,ACTIVE,,2026-09-17 09:36:54.448998+00,
21,2156,7594,HIGH,HIGH severity DDoS detected,RF-NIDS classified this flow as DDoS with confidence 0.7360.,ACTIVE,,2026-09-17 09:36:54.448998+00,
21,2157,7595,HIGH,HIGH severity DDoS detected,RF-NIDS classified this flow as DDoS with confidence 0.9157.,ACTIVE,,2026-09-17 09:36:54.448999+00,
21,2158,7597,HIGH,HIGH severity DDoS detected,RF-NIDS classified this flow as DDoS with confidence 0.9960.,ACTIVE,,2026-09-17 09:36:54.448999+00,
21,2159,7598,HIGH,HIGH severity DDoS detected,RF-NIDS classified this flow as DDoS with confidence 0.7452.,ACTIVE,,2026-09-17 09:36:54.448999+00,
21,2160,7599,HIGH,HIGH severity DDoS detected,RF-NIDS classified this flow as DDoS with confidence 0.9904.,ACTIVE,,2026-09-17 09:36:54.448999+00,
21,2161,7600,HIGH,HIGH severity DDoS detected,RF-NIDS classified this flow as DDoS with confidence 0.8645.,ACTIVE,,2026-09-17 09:36:54.448999+00,
21,2162,7601,HIGH,HIGH severity DDoS detected,RF-NIDS classified this flow as DDoS with confidence 0.9960.,ACTIVE,,2026-09-17 09:36:54.449+00,
21,2163,7602,HIGH,HIGH severity DDoS detected,RF-NIDS classified this flow as DDoS with confidence 0.8645.,ACTIVE,,2026-09-17 09:36:54.449+00,
21,2164,7603,HIGH,HIGH severity DDoS detected,RF-NIDS classified this flow as DDoS with confidence 0.9960.,ACTIVE,,2026-09-17 09:36:54.449+00,
21,2165,7605,HIGH,HIGH severity DDoS detected,RF-NIDS classified this flow as DDoS with confidence 0.9867.,ACTIVE,,2026-09-17 09:36:54.449+00,
21,2166,7606,HIGH,HIGH severity DDoS detected,RF-NIDS classified this flow as DDoS with confidence 0.8357.,ACTIVE,,2026-09-17 09:36:54.449+00,
21,2167,7607,HIGH,HIGH severity DDoS detected,RF-NIDS classified this flow as DDoS with confidence 0.9913.,ACTIVE,,2026-09-17 09:36:54.449001+00,
21,2168,7609,HIGH,HIGH severity DDoS detected,RF-NIDS classified this flow as DDoS with confidence 0.9960.,ACTIVE,,2026-09-17 09:36:54.449001+00,
21,2169,7610,HIGH,HIGH severity DDoS detected,RF-NIDS classified this flow as DDoS with confidence 0.8645.,ACTIVE,,2026-09-17 09:36:54.449001+00,
21,2170,7611,HIGH,HIGH severity DDoS detected,RF-NIDS classified this flow as DDoS with confidence 0.9913.,ACTIVE,,2026-09-17 09:36:54.449001+00,
21,2171,7612,HIGH,HIGH severity DDoS detected,RF-NIDS classified this flow as DDoS with confidence 0.7897.,ACTIVE,,2026-09-17 09:36:54.449001+00,
21,2172,7613,HIGH,HIGH severity DDoS detected,RF-NIDS classified this flow as DDoS with confidence 0.9930.,ACTIVE,,2026-09-17 09:36:54.449002+00,
21,2173,7614,HIGH,HIGH severity DDoS detected,RF-NIDS classified this flow as DDoS with confidence 0.8645.,ACTIVE,,2026-09-17 09:36:54.449002+00,
21,2174,7615,HIGH,HIGH severity DDoS detected,RF-NIDS classified this flow as DDoS with confidence 0.9960.,ACTIVE,,2026-09-17 09:36:54.449002+00,
21,2175,7616,HIGH,HIGH severity DDoS detected,RF-NIDS classified this flow as DDoS with confidence 0.5607.,ACTIVE,,2026-09-17 09:36:54.449002+00,
21,2176,7617,HIGH,HIGH severity DDoS detected,RF-NIDS classified this flow as DDoS with confidence 0.9960.,ACTIVE,,2026-09-17 09:36:54.449002+00,
21,2177,7618,HIGH,HIGH severity DDoS detected,RF-NIDS classified this flow as DDoS with confidence 0.8645.,ACTIVE,,2026-09-17 09:36:54.449003+00,
21,2178,7619,HIGH,HIGH severity DDoS detected,RF-NIDS classified this flow as DDoS with confidence 0.9960.,ACTIVE,,2026-09-17 09:36:54.449003+00,
21,2179,7620,HIGH,HIGH severity DDoS detected,RF-NIDS classified this flow as DDoS with confidence 0.7440.,ACTIVE,,2026-09-17 09:36:54.449003+00,
21,2180,7621,HIGH,HIGH severity DDoS detected,RF-NIDS classified this flow as DDoS with confidence 0.9910.,ACTIVE,,2026-09-17 09:36:54.449003+00,
21,2181,7622,HIGH,HIGH severity DDoS detected,RF-NIDS classified this flow as DDoS with confidence 0.8645.,ACTIVE,,2026-09-17 09:36:54.449003+00,
21,2182,7623,HIGH,HIGH severity DDoS detected,RF-NIDS classified this flow as DDoS with confidence 0.9927.,ACTIVE,,2026-09-17 09:36:54.449004+00,
21,2183,7624,HIGH,HIGH severity DDoS detected,RF-NIDS classified this flow as DDoS with confidence 0.7688.,ACTIVE,,2026-09-17 09:36:54.449004+00,
21,2184,7625,HIGH,HIGH severity DDoS detected,RF-NIDS classified this flow as DDoS with confidence 0.9828.,ACTIVE,,2026-09-17 09:36:54.449004+00,
21,2185,7626,HIGH,HIGH severity DDoS detected,RF-NIDS classified this flow as DDoS with confidence 0.6856.,ACTIVE,,2026-09-17 09:36:54.449004+00,
21,2186,7627,HIGH,HIGH severity DDoS detected,RF-NIDS classified this flow as DDoS with confidence 0.9910.,ACTIVE,,2026-09-17 09:36:54.449004+00,
21,2187,7628,HIGH,HIGH severity DDoS detected,RF-NIDS classified this flow as DDoS with confidence 0.7828.,ACTIVE,,2026-09-17 09:36:54.449005+00,
21,2188,7629,HIGH,HIGH severity DDoS detected,RF-NIDS classified this flow as DDoS with confidence 0.9332.,ACTIVE,,2026-09-17 09:36:54.449005+00,
21,2189,7631,HIGH,HIGH severity DDoS detected,RF-NIDS classified this flow as DDoS with confidence 0.9770.,ACTIVE,,2026-09-17 09:36:54.449005+00,
21,2190,7633,HIGH,HIGH severity DDoS detected,RF-NIDS classified this flow as DDoS with confidence 0.9960.,ACTIVE,,2026-09-17 09:36:54.449005+00,
21,2191,7634,HIGH,HIGH severity DDoS detected,RF-NIDS classified this flow as DDoS with confidence 0.8357.,ACTIVE,,2026-09-17 09:36:54.449005+00,
21,2192,7635,HIGH,HIGH severity DDoS detected,RF-NIDS classified this flow as DDoS with confidence 0.9917.,ACTIVE,,2026-09-17 09:36:54.449006+00,
21,2193,7637,HIGH,HIGH severity DDoS detected,RF-NIDS classified this flow as DDoS with confidence 0.9940.,ACTIVE,,2026-09-17 09:36:54.449006+00,
21,2194,7638,HIGH,HIGH severity DDoS detected,RF-NIDS classified this flow as DDoS with confidence 0.8645.,ACTIVE,,2026-09-17 09:36:54.449006+00,
21,2195,7639,HIGH,HIGH severity DDoS detected,RF-NIDS classified this flow as DDoS with confidence 0.9960.,ACTIVE,,2026-09-17 09:36:54.449006+00,
21,2196,7641,HIGH,HIGH severity DDoS detected,RF-NIDS classified this flow as DDoS with confidence 0.9960.,ACTIVE,,2026-09-17 09:36:54.449006+00,
21,2197,7642,HIGH,HIGH severity DDoS detected,RF-NIDS classified this flow as DDoS with confidence 0.7847.,ACTIVE,,2026-09-17 09:36:54.449007+00,
21,2198,7643,HIGH,HIGH severity DDoS detected,RF-NIDS classified this flow as DDoS with confidence 0.9956.,ACTIVE,,2026-09-17 09:36:54.449007+00,
21,2199,7644,HIGH,HIGH severity DDoS detected,RF-NIDS classified this flow as DDoS with confidence 0.5589.,ACTIVE,,2026-09-17 09:36:54.449007+00,
21,2200,7645,HIGH,HIGH severity DDoS detected,RF-NIDS classified this flow as DDoS with confidence 0.9930.,ACTIVE,,2026-09-17 09:36:54.449007+00,
21,2201,7646,HIGH,HIGH severity DDoS detected,RF-NIDS classified this flow as DDoS with confidence 0.8645.,ACTIVE,,2026-09-17 09:36:54.449007+00,
21,2202,7647,HIGH,HIGH severity DDoS detected,RF-NIDS classified this flow as DDoS with confidence 0.9960.,ACTIVE,,2026-09-17 09:36:54.449008+00,
21,2203,7648,HIGH,HIGH severity DDoS detected,RF-NIDS classified this flow as DDoS with confidence 0.7668.,ACTIVE,,2026-09-17 09:36:54.449008+00,
21,2204,7649,HIGH,HIGH severity DDoS detected,RF-NIDS classified this flow as DDoS with confidence 0.9913.,ACTIVE,,2026-09-17 09:36:54.449008+00,
21,2205,7651,HIGH,HIGH severity DDoS detected,RF-NIDS classified this flow as DDoS with confidence 0.9960.,ACTIVE,,2026-09-17 09:36:54.449008+00,
21,2206,7653,HIGH,HIGH severity DDoS detected,RF-NIDS classified this flow as DDoS with confidence 0.9387.,ACTIVE,,2026-09-17 09:36:54.449008+00,
21,2207,7655,HIGH,HIGH severity DDoS detected,RF-NIDS classified this flow as DDoS with confidence 0.9881.,ACTIVE,,2026-09-17 09:36:54.449009+00,
21,2208,7657,HIGH,HIGH severity DDoS detected,RF-NIDS classified this flow as DDoS with confidence 0.9910.,ACTIVE,,2026-09-17 09:36:54.449009+00,
21,2209,7658,HIGH,HIGH severity DDoS detected,RF-NIDS classified this flow as DDoS with confidence 0.8645.,ACTIVE,,2026-09-17 09:36:54.449009+00,
21,2210,7659,HIGH,HIGH severity DDoS detected,RF-NIDS classified this flow as DDoS with confidence 0.9960.,ACTIVE,,2026-09-17 09:36:54.449009+00,
21,2211,7660,HIGH,HIGH severity DDoS detected,RF-NIDS classified this flow as DDoS with confidence 0.5607.,ACTIVE,,2026-09-17 09:36:54.449009+00,
21,2212,7661,HIGH,HIGH severity DDoS detected,RF-NIDS classified this flow as DDoS with confidence 0.9930.,ACTIVE,,2026-09-17 09:36:54.44901+00,
21,2213,7662,HIGH,HIGH severity DDoS detected,RF-NIDS classified this flow as DDoS with confidence 0.5607.,ACTIVE,,2026-09-17 09:36:54.44901+00,
21,2214,7663,HIGH,HIGH severity DDoS detected,RF-NIDS classified this flow as DDoS with confidence 0.9941.,ACTIVE,,2026-09-17 09:36:54.44901+00,
21,2215,7664,HIGH,HIGH severity DDoS detected,RF-NIDS classified this flow as DDoS with confidence 0.7668.,ACTIVE,,2026-09-17 09:36:54.44901+00,
21,2216,7665,HIGH,HIGH severity DDoS detected,RF-NIDS classified this flow as DDoS with confidence 0.9863.,ACTIVE,,2026-09-17 09:36:54.44901+00,
21,2217,7666,HIGH,HIGH severity DDoS detected,RF-NIDS classified this flow as DDoS with confidence 0.7474.,ACTIVE,,2026-09-17 09:36:54.44901+00,
21,2218,7667,HIGH,HIGH severity DDoS detected,RF-NIDS classified this flow as DDoS with confidence 0.9774.,ACTIVE,,2026-09-17 09:36:54.449011+00,
21,2219,7669,HIGH,HIGH severity DDoS detected,RF-NIDS classified this flow as DDoS with confidence 0.9960.,ACTIVE,,2026-09-17 09:37:10.348536+00,
21,2220,7670,HIGH,HIGH severity DDoS detected,RF-NIDS classified this flow as DDoS with confidence 0.7688.,ACTIVE,,2026-09-17 09:37:10.348537+00,
21,2221,7671,HIGH,HIGH severity DDoS detected,RF-NIDS classified this flow as DDoS with confidence 0.9960.,ACTIVE,,2026-09-17 09:37:10.348537+00,
21,2222,7672,HIGH,HIGH severity DDoS detected,RF-NIDS classified this flow as DDoS with confidence 0.8645.,ACTIVE,,2026-09-17 09:37:10.348538+00,
21,2223,7673,HIGH,HIGH severity DDoS detected,RF-NIDS classified this flow as DDoS with confidence 0.9911.,ACTIVE,,2026-09-17 09:37:10.348538+00,
21,2224,7674,HIGH,HIGH severity DDoS detected,RF-NIDS classified this flow as DDoS with confidence 0.8645.,ACTIVE,,2026-09-17 09:37:10.348538+00,
21,2225,7675,HIGH,HIGH severity DDoS detected,RF-NIDS classified this flow as DDoS with confidence 0.9960.,ACTIVE,,2026-09-17 09:37:10.348538+00,
21,2226,7676,HIGH,HIGH severity DDoS detected,RF-NIDS classified this flow as DDoS with confidence 0.7440.,ACTIVE,,2026-09-17 09:37:10.348539+00,
21,2227,7677,HIGH,HIGH severity DDoS detected,RF-NIDS classified this flow as DDoS with confidence 0.9960.,ACTIVE,,2026-09-17 09:37:10.348539+00,
21,2228,7678,HIGH,HIGH severity DDoS detected,RF-NIDS classified this flow as DDoS with confidence 0.8645.,ACTIVE,,2026-09-17 09:37:10.348539+00,
21,2229,7679,HIGH,HIGH severity DDoS detected,RF-NIDS classified this flow as DDoS with confidence 0.9960.,ACTIVE,,2026-09-17 09:37:10.348539+00,
21,2230,7680,HIGH,HIGH severity DDoS detected,RF-NIDS classified this flow as DDoS with confidence 0.8645.,ACTIVE,,2026-09-17 09:37:10.348539+00,
21,2231,7681,HIGH,HIGH severity DDoS detected,RF-NIDS classified this flow as DDoS with confidence 0.9956.,ACTIVE,,2026-09-17 09:37:10.34854+00,
21,2232,7682,HIGH,HIGH severity DDoS detected,RF-NIDS classified this flow as DDoS with confidence 0.8645.,ACTIVE,,2026-09-17 09:37:10.34854+00,
21,2233,7683,HIGH,HIGH severity DDoS detected,RF-NIDS classified this flow as DDoS with confidence 0.9913.,ACTIVE,,2026-09-17 09:37:10.34854+00,
21,2234,7684,HIGH,HIGH severity DDoS detected,RF-NIDS classified this flow as DDoS with confidence 0.5484.,ACTIVE,,2026-09-17 09:37:10.34854+00,
21,2235,7685,HIGH,HIGH severity DDoS detected,RF-NIDS classified this flow as DDoS with confidence 0.9960.,ACTIVE,,2026-09-17 09:37:10.34854+00,
21,2236,7686,HIGH,HIGH severity DDoS detected,RF-NIDS classified this flow as DDoS with confidence 0.8645.,ACTIVE,,2026-09-17 09:37:10.348541+00,
21,2237,7687,HIGH,HIGH severity DDoS detected,RF-NIDS classified this flow as DDoS with confidence 0.9960.,ACTIVE,,2026-09-17 09:37:10.348541+00,
21,2238,7688,HIGH,HIGH severity DDoS detected,RF-NIDS classified this flow as DDoS with confidence 0.7471.,ACTIVE,,2026-09-17 09:37:10.348541+00,
21,2239,7689,HIGH,HIGH severity DDoS detected,RF-NIDS classified this flow as DDoS with confidence 0.9940.,ACTIVE,,2026-09-17 09:37:10.348541+00,
21,2240,7690,HIGH,HIGH severity DDoS detected,RF-NIDS classified this flow as DDoS with confidence 0.8645.,ACTIVE,,2026-09-17 09:37:10.348541+00,
21,2241,7691,HIGH,HIGH severity DDoS detected,RF-NIDS classified this flow as DDoS with confidence 0.9913.,ACTIVE,,2026-09-17 09:37:10.348542+00,
21,2242,7693,HIGH,HIGH severity DDoS detected,RF-NIDS classified this flow as DDoS with confidence 0.9774.,ACTIVE,,2026-09-17 09:37:10.348542+00,
21,2243,7694,HIGH,HIGH severity DDoS detected,RF-NIDS classified this flow as DDoS with confidence 0.7577.,ACTIVE,,2026-09-17 09:37:10.348542+00,
21,2244,7695,HIGH,HIGH severity DDoS detected,RF-NIDS classified this flow as DDoS with confidence 0.9960.,ACTIVE,,2026-09-17 09:37:10.348542+00,
21,2245,7696,HIGH,HIGH severity DDoS detected,RF-NIDS classified this flow as DDoS with confidence 0.7577.,ACTIVE,,2026-09-17 09:37:10.348542+00,
21,2246,7697,HIGH,HIGH severity DDoS detected,RF-NIDS classified this flow as DDoS with confidence 0.9930.,ACTIVE,,2026-09-17 09:37:10.348543+00,
21,2247,7698,HIGH,HIGH severity DDoS detected,RF-NIDS classified this flow as DDoS with confidence 0.5589.,ACTIVE,,2026-09-17 09:37:10.348543+00,
21,2248,7699,HIGH,HIGH severity DDoS detected,RF-NIDS classified this flow as DDoS with confidence 0.9830.,ACTIVE,,2026-09-17 09:37:10.348543+00,
21,2249,7701,HIGH,HIGH severity DDoS detected,RF-NIDS classified this flow as DDoS with confidence 0.9960.,ACTIVE,,2026-09-17 09:37:10.348543+00,
21,2250,7702,HIGH,HIGH severity DDoS detected,RF-NIDS classified this flow as DDoS with confidence 0.7518.,ACTIVE,,2026-09-17 09:37:10.348544+00,
21,2251,7703,HIGH,HIGH severity DDoS detected,RF-NIDS classified this flow as DDoS with confidence 0.9149.,ACTIVE,,2026-09-17 09:37:10.348544+00,
21,2252,7705,HIGH,HIGH severity DDoS detected,RF-NIDS classified this flow as DDoS with confidence 0.9956.,ACTIVE,,2026-09-17 09:37:10.348544+00,
21,2253,7706,HIGH,HIGH severity DDoS detected,RF-NIDS classified this flow as DDoS with confidence 0.5624.,ACTIVE,,2026-09-17 09:37:10.348544+00,
21,2254,7707,HIGH,HIGH severity DDoS detected,RF-NIDS classified this flow as DDoS with confidence 0.9914.,ACTIVE,,2026-09-17 09:37:10.348544+00,
21,2255,7709,HIGH,HIGH severity DDoS detected,RF-NIDS classified this flow as DDoS with confidence 0.9808.,ACTIVE,,2026-09-17 09:37:10.348545+00,
21,2256,7710,HIGH,HIGH severity DDoS detected,RF-NIDS classified this flow as DDoS with confidence 0.9760.,ACTIVE,,2026-09-17 09:37:10.348545+00,
21,2257,7711,HIGH,HIGH severity DDoS detected,RF-NIDS classified this flow as DDoS with confidence 0.9960.,ACTIVE,,2026-09-17 09:37:10.348545+00,
21,2258,7712,HIGH,HIGH severity DDoS detected,RF-NIDS classified this flow as DDoS with confidence 0.8645.,ACTIVE,,2026-09-17 09:37:10.348545+00,
21,2259,7713,HIGH,HIGH severity DDoS detected,RF-NIDS classified this flow as DDoS with confidence 0.9880.,ACTIVE,,2026-09-17 09:37:10.348545+00,
21,2260,7715,HIGH,HIGH severity DDoS detected,RF-NIDS classified this flow as DDoS with confidence 0.9942.,ACTIVE,,2026-09-17 09:37:10.348546+00,
21,2261,7716,HIGH,HIGH severity DDoS detected,RF-NIDS classified this flow as DDoS with confidence 0.8645.,ACTIVE,,2026-09-17 09:37:10.348546+00,
21,2262,7717,HIGH,HIGH severity DDoS detected,RF-NIDS classified this flow as DDoS with confidence 0.9913.,ACTIVE,,2026-09-17 09:37:10.348546+00,
21,2263,7718,HIGH,HIGH severity DDoS detected,RF-NIDS classified this flow as DDoS with confidence 0.8645.,ACTIVE,,2026-09-17 09:37:10.348546+00,
21,2264,7719,HIGH,HIGH severity DDoS detected,RF-NIDS classified this flow as DDoS with confidence 0.9884.,ACTIVE,,2026-09-17 09:37:10.348546+00,
21,2265,7720,HIGH,HIGH severity DDoS detected,RF-NIDS classified this flow as DDoS with confidence 0.7440.,ACTIVE,,2026-09-17 09:37:10.348547+00,
21,2266,7721,HIGH,HIGH severity DDoS detected,RF-NIDS classified this flow as DDoS with confidence 0.9960.,ACTIVE,,2026-09-17 09:37:10.348547+00,
21,2267,7723,HIGH,HIGH severity DDoS detected,RF-NIDS classified this flow as DDoS with confidence 0.9917.,ACTIVE,,2026-09-17 09:37:10.348547+00,
21,2268,7725,HIGH,HIGH severity DDoS detected,RF-NIDS classified this flow as DDoS with confidence 0.9960.,ACTIVE,,2026-09-17 09:37:10.348547+00,
21,2269,7726,HIGH,HIGH severity DDoS detected,RF-NIDS classified this flow as DDoS with confidence 0.6166.,ACTIVE,,2026-09-17 09:37:10.348547+00,
21,2270,7727,HIGH,HIGH severity DDoS detected,RF-NIDS classified this flow as DDoS with confidence 0.9910.,ACTIVE,,2026-09-17 09:37:10.348548+00,
21,2271,7730,HIGH,HIGH severity DDoS detected,RF-NIDS classified this flow as DDoS with confidence 0.6888.,ACTIVE,,2026-09-17 09:37:10.348548+00,
22,2272,7731,MEDIUM,MEDIUM severity PortScan detected,RF-NIDS classified this flow as PortScan with confidence 0.9908.,ACTIVE,,2026-09-17 09:42:28.869577+00,
22,2273,7732,MEDIUM,MEDIUM severity PortScan detected,RF-NIDS classified this flow as PortScan with confidence 0.9908.,ACTIVE,,2026-09-17 09:42:28.86958+00,
22,2274,7733,MEDIUM,MEDIUM severity PortScan detected,RF-NIDS classified this flow as PortScan with confidence 0.9850.,ACTIVE,,2026-09-17 09:42:28.86958+00,
22,2275,7734,MEDIUM,MEDIUM severity PortScan detected,RF-NIDS classified this flow as PortScan with confidence 0.9908.,ACTIVE,,2026-09-17 09:42:28.86958+00,
22,2276,7735,MEDIUM,MEDIUM severity PortScan detected,RF-NIDS classified this flow as PortScan with confidence 0.9908.,ACTIVE,,2026-09-17 09:42:28.869581+00,
22,2277,7736,MEDIUM,MEDIUM severity PortScan detected,RF-NIDS classified this flow as PortScan with confidence 0.9859.,ACTIVE,,2026-09-17 09:42:28.869581+00,
22,2278,7737,MEDIUM,MEDIUM severity PortScan detected,RF-NIDS classified this flow as PortScan with confidence 0.9859.,ACTIVE,,2026-09-17 09:42:28.869581+00,
22,2279,7738,MEDIUM,MEDIUM severity PortScan detected,RF-NIDS classified this flow as PortScan with confidence 0.9908.,ACTIVE,,2026-09-17 09:42:28.869581+00,
22,2280,7739,MEDIUM,MEDIUM severity PortScan detected,RF-NIDS classified this flow as PortScan with confidence 0.9908.,ACTIVE,,2026-09-17 09:42:28.869581+00,
22,2281,7740,MEDIUM,MEDIUM severity PortScan detected,RF-NIDS classified this flow as PortScan with confidence 0.9908.,ACTIVE,,2026-09-17 09:42:28.869582+00,
22,2282,7741,MEDIUM,MEDIUM severity PortScan detected,RF-NIDS classified this flow as PortScan with confidence 0.9881.,ACTIVE,,2026-09-17 09:42:28.869582+00,
22,2283,7742,MEDIUM,MEDIUM severity PortScan detected,RF-NIDS classified this flow as PortScan with confidence 0.9908.,ACTIVE,,2026-09-17 09:42:28.869582+00,
22,2284,7743,MEDIUM,MEDIUM severity PortScan detected,RF-NIDS classified this flow as PortScan with confidence 0.9674.,ACTIVE,,2026-09-17 09:42:28.869582+00,
22,2285,7744,MEDIUM,MEDIUM severity PortScan detected,RF-NIDS classified this flow as PortScan with confidence 0.9908.,ACTIVE,,2026-09-17 09:42:28.869582+00,
22,2286,7745,MEDIUM,MEDIUM severity PortScan detected,RF-NIDS classified this flow as PortScan with confidence 0.9630.,ACTIVE,,2026-09-17 09:42:28.869583+00,
22,2287,7746,MEDIUM,MEDIUM severity PortScan detected,RF-NIDS classified this flow as PortScan with confidence 0.9908.,ACTIVE,,2026-09-17 09:42:28.869583+00,
22,2288,7747,MEDIUM,MEDIUM severity PortScan detected,RF-NIDS classified this flow as PortScan with confidence 0.9908.,ACTIVE,,2026-09-17 09:42:28.869583+00,
22,2289,7748,MEDIUM,MEDIUM severity PortScan detected,RF-NIDS classified this flow as PortScan with confidence 0.9908.,ACTIVE,,2026-09-17 09:42:28.869583+00,
22,2290,7749,MEDIUM,MEDIUM severity PortScan detected,RF-NIDS classified this flow as PortScan with confidence 0.9859.,ACTIVE,,2026-09-17 09:42:28.869583+00,
22,2291,7750,MEDIUM,MEDIUM severity PortScan detected,RF-NIDS classified this flow as PortScan with confidence 0.9859.,ACTIVE,,2026-09-17 09:42:28.869584+00,
22,2292,7751,MEDIUM,MEDIUM severity PortScan detected,RF-NIDS classified this flow as PortScan with confidence 0.9850.,ACTIVE,,2026-09-17 09:42:28.869584+00,
22,2293,7752,MEDIUM,MEDIUM severity PortScan detected,RF-NIDS classified this flow as PortScan with confidence 0.9859.,ACTIVE,,2026-09-17 09:42:28.869584+00,
22,2294,7753,MEDIUM,MEDIUM severity PortScan detected,RF-NIDS classified this flow as PortScan with confidence 0.9908.,ACTIVE,,2026-09-17 09:42:28.869584+00,
22,2295,7754,MEDIUM,MEDIUM severity PortScan detected,RF-NIDS classified this flow as PortScan with confidence 0.9859.,ACTIVE,,2026-09-17 09:42:28.869585+00,
22,2296,7755,MEDIUM,MEDIUM severity PortScan detected,RF-NIDS classified this flow as PortScan with confidence 0.9908.,ACTIVE,,2026-09-17 09:42:28.869585+00,
22,2297,7756,MEDIUM,MEDIUM severity PortScan detected,RF-NIDS classified this flow as PortScan with confidence 0.9908.,ACTIVE,,2026-09-17 09:42:28.869585+00,
22,2298,7757,MEDIUM,MEDIUM severity PortScan detected,RF-NIDS classified this flow as PortScan with confidence 0.9908.,ACTIVE,,2026-09-17 09:42:28.869585+00,
22,2299,7758,MEDIUM,MEDIUM severity PortScan detected,RF-NIDS classified this flow as PortScan with confidence 0.9908.,ACTIVE,,2026-09-17 09:42:28.869585+00,
22,2300,7759,MEDIUM,MEDIUM severity PortScan detected,RF-NIDS classified this flow as PortScan with confidence 0.9908.,ACTIVE,,2026-09-17 09:42:28.869586+00,
22,2301,7760,MEDIUM,MEDIUM severity PortScan detected,RF-NIDS classified this flow as PortScan with confidence 0.9908.,ACTIVE,,2026-09-17 09:42:28.869586+00,
22,2302,7761,MEDIUM,MEDIUM severity PortScan detected,RF-NIDS classified this flow as PortScan with confidence 0.9859.,ACTIVE,,2026-09-17 09:42:28.869586+00,
22,2303,7762,MEDIUM,MEDIUM severity PortScan detected,RF-NIDS classified this flow as PortScan with confidence 0.9908.,ACTIVE,,2026-09-17 09:42:28.869586+00,
22,2304,7763,MEDIUM,MEDIUM severity PortScan detected,RF-NIDS classified this flow as PortScan with confidence 0.9908.,ACTIVE,,2026-09-17 09:42:28.869586+00,
22,2305,7764,MEDIUM,MEDIUM severity PortScan detected,RF-NIDS classified this flow as PortScan with confidence 0.9908.,ACTIVE,,2026-09-17 09:42:28.869587+00,
22,2306,7765,MEDIUM,MEDIUM severity PortScan detected,RF-NIDS classified this flow as PortScan with confidence 0.9850.,ACTIVE,,2026-09-17 09:42:28.869587+00,
22,2307,7766,MEDIUM,MEDIUM severity PortScan detected,RF-NIDS classified this flow as PortScan with confidence 0.9908.,ACTIVE,,2026-09-17 09:42:28.869587+00,
22,2308,7767,MEDIUM,MEDIUM severity PortScan detected,RF-NIDS classified this flow as PortScan with confidence 0.9850.,ACTIVE,,2026-09-17 09:42:28.869587+00,
22,2309,7768,MEDIUM,MEDIUM severity PortScan detected,RF-NIDS classified this flow as PortScan with confidence 0.9859.,ACTIVE,,2026-09-17 09:42:28.869587+00,
22,2310,7769,MEDIUM,MEDIUM severity PortScan detected,RF-NIDS classified this flow as PortScan with confidence 0.9908.,ACTIVE,,2026-09-17 09:42:28.869588+00,
22,2311,7770,MEDIUM,MEDIUM severity PortScan detected,RF-NIDS classified this flow as PortScan with confidence 0.9859.,ACTIVE,,2026-09-17 09:42:28.869588+00,
22,2312,7771,MEDIUM,MEDIUM severity PortScan detected,RF-NIDS classified this flow as PortScan with confidence 0.9908.,ACTIVE,,2026-09-17 09:42:28.869588+00,
22,2313,7772,MEDIUM,MEDIUM severity PortScan detected,RF-NIDS classified this flow as PortScan with confidence 0.9859.,ACTIVE,,2026-09-17 09:42:28.869588+00,
22,2314,7773,MEDIUM,MEDIUM severity PortScan detected,RF-NIDS classified this flow as PortScan with confidence 0.9859.,ACTIVE,,2026-09-17 09:42:28.869588+00,
22,2315,7774,MEDIUM,MEDIUM severity PortScan detected,RF-NIDS classified this flow as PortScan with confidence 0.9899.,ACTIVE,,2026-09-17 09:42:28.869589+00,
22,2316,7775,MEDIUM,MEDIUM severity PortScan detected,RF-NIDS classified this flow as PortScan with confidence 0.9908.,ACTIVE,,2026-09-17 09:42:28.869589+00,
22,2317,7776,MEDIUM,MEDIUM severity PortScan detected,RF-NIDS classified this flow as PortScan with confidence 0.9859.,ACTIVE,,2026-09-17 09:42:28.869589+00,
22,2318,7777,MEDIUM,MEDIUM severity PortScan detected,RF-NIDS classified this flow as PortScan with confidence 0.9908.,ACTIVE,,2026-09-17 09:42:28.869589+00,
22,2319,7778,MEDIUM,MEDIUM severity PortScan detected,RF-NIDS classified this flow as PortScan with confidence 0.9908.,ACTIVE,,2026-09-17 09:42:28.869589+00,
22,2320,7779,MEDIUM,MEDIUM severity PortScan detected,RF-NIDS classified this flow as PortScan with confidence 0.9908.,ACTIVE,,2026-09-17 09:42:28.86959+00,
22,2321,7780,MEDIUM,MEDIUM severity PortScan detected,RF-NIDS classified this flow as PortScan with confidence 0.9899.,ACTIVE,,2026-09-17 09:42:28.86959+00,
22,2322,7781,MEDIUM,MEDIUM severity PortScan detected,RF-NIDS classified this flow as PortScan with confidence 0.9908.,ACTIVE,,2026-09-17 09:42:28.86959+00,
22,2323,7782,MEDIUM,MEDIUM severity PortScan detected,RF-NIDS classified this flow as PortScan with confidence 0.9908.,ACTIVE,,2026-09-17 09:42:28.86959+00,
22,2324,7783,MEDIUM,MEDIUM severity PortScan detected,RF-NIDS classified this flow as PortScan with confidence 0.9908.,ACTIVE,,2026-09-17 09:42:28.86959+00,
22,2325,7784,MEDIUM,MEDIUM severity PortScan detected,RF-NIDS classified this flow as PortScan with confidence 0.9859.,ACTIVE,,2026-09-17 09:42:28.869591+00,
22,2326,7785,MEDIUM,MEDIUM severity PortScan detected,RF-NIDS classified this flow as PortScan with confidence 0.9908.,ACTIVE,,2026-09-17 09:42:28.869591+00,
22,2327,7786,MEDIUM,MEDIUM severity PortScan detected,RF-NIDS classified this flow as PortScan with confidence 0.9908.,ACTIVE,,2026-09-17 09:42:28.869591+00,
22,2328,7787,MEDIUM,MEDIUM severity PortScan detected,RF-NIDS classified this flow as PortScan with confidence 0.9859.,ACTIVE,,2026-09-17 09:42:28.869591+00,
22,2329,7788,MEDIUM,MEDIUM severity PortScan detected,RF-NIDS classified this flow as PortScan with confidence 0.9908.,ACTIVE,,2026-09-17 09:42:28.869591+00,
22,2330,7789,MEDIUM,MEDIUM severity PortScan detected,RF-NIDS classified this flow as PortScan with confidence 0.9859.,ACTIVE,,2026-09-17 09:42:28.869592+00,
22,2331,7790,MEDIUM,MEDIUM severity PortScan detected,RF-NIDS classified this flow as PortScan with confidence 0.9908.,ACTIVE,,2026-09-17 09:42:28.869592+00,
22,2332,7791,MEDIUM,MEDIUM severity PortScan detected,RF-NIDS classified this flow as PortScan with confidence 0.9859.,ACTIVE,,2026-09-17 09:42:28.869592+00,
22,2333,7792,MEDIUM,MEDIUM severity PortScan detected,RF-NIDS classified this flow as PortScan with confidence 0.9859.,ACTIVE,,2026-09-17 09:42:28.869592+00,
22,2334,7793,MEDIUM,MEDIUM severity PortScan detected,RF-NIDS classified this flow as PortScan with confidence 0.9859.,ACTIVE,,2026-09-17 09:42:28.869592+00,
22,2335,7794,MEDIUM,MEDIUM severity PortScan detected,RF-NIDS classified this flow as PortScan with confidence 0.9881.,ACTIVE,,2026-09-17 09:42:28.869593+00,
22,2336,7795,MEDIUM,MEDIUM severity PortScan detected,RF-NIDS classified this flow as PortScan with confidence 0.9908.,ACTIVE,,2026-09-17 09:42:28.869593+00,
22,2337,7796,MEDIUM,MEDIUM severity PortScan detected,RF-NIDS classified this flow as PortScan with confidence 0.9859.,ACTIVE,,2026-09-17 09:42:28.869593+00,
22,2338,7797,MEDIUM,MEDIUM severity PortScan detected,RF-NIDS classified this flow as PortScan with confidence 0.9850.,ACTIVE,,2026-09-17 09:42:28.869593+00,
22,2339,7798,MEDIUM,MEDIUM severity PortScan detected,RF-NIDS classified this flow as PortScan with confidence 0.9911.,ACTIVE,,2026-09-17 09:42:28.869593+00,
22,2340,7799,MEDIUM,MEDIUM severity PortScan detected,RF-NIDS classified this flow as PortScan with confidence 0.9859.,ACTIVE,,2026-09-17 09:42:28.869593+00,
22,2341,7800,MEDIUM,MEDIUM severity PortScan detected,RF-NIDS classified this flow as PortScan with confidence 0.9908.,ACTIVE,,2026-09-17 09:42:28.869594+00,
22,2342,7801,MEDIUM,MEDIUM severity PortScan detected,RF-NIDS classified this flow as PortScan with confidence 0.9859.,ACTIVE,,2026-09-17 09:42:28.869594+00,
22,2343,7802,MEDIUM,MEDIUM severity PortScan detected,RF-NIDS classified this flow as PortScan with confidence 0.9908.,ACTIVE,,2026-09-17 09:42:28.869594+00,
22,2344,7803,MEDIUM,MEDIUM severity PortScan detected,RF-NIDS classified this flow as PortScan with confidence 0.9908.,ACTIVE,,2026-09-17 09:42:28.869594+00,
22,2345,7804,MEDIUM,MEDIUM severity PortScan detected,RF-NIDS classified this flow as PortScan with confidence 0.9859.,ACTIVE,,2026-09-17 09:42:28.869594+00,
22,2346,7805,MEDIUM,MEDIUM severity PortScan detected,RF-NIDS classified this flow as PortScan with confidence 0.9908.,ACTIVE,,2026-09-17 09:42:28.869595+00,
22,2347,7806,MEDIUM,MEDIUM severity PortScan detected,RF-NIDS classified this flow as PortScan with confidence 0.9908.,ACTIVE,,2026-09-17 09:42:28.869595+00,
22,2348,7807,MEDIUM,MEDIUM severity PortScan detected,RF-NIDS classified this flow as PortScan with confidence 0.9859.,ACTIVE,,2026-09-17 09:42:28.869595+00,
22,2349,7808,MEDIUM,MEDIUM severity PortScan detected,RF-NIDS classified this flow as PortScan with confidence 0.9908.,ACTIVE,,2026-09-17 09:42:28.869595+00,
22,2350,7809,MEDIUM,MEDIUM severity PortScan detected,RF-NIDS classified this flow as PortScan with confidence 0.9908.,ACTIVE,,2026-09-17 09:42:28.869595+00,
22,2351,7810,MEDIUM,MEDIUM severity PortScan detected,RF-NIDS classified this flow as PortScan with confidence 0.9908.,ACTIVE,,2026-09-17 09:42:28.869596+00,
22,2352,7811,MEDIUM,MEDIUM severity PortScan detected,RF-NIDS classified this flow as PortScan with confidence 0.9908.,ACTIVE,,2026-09-17 09:42:28.869596+00,
22,2353,7812,MEDIUM,MEDIUM severity PortScan detected,RF-NIDS classified this flow as PortScan with confidence 0.9859.,ACTIVE,,2026-09-17 09:42:28.869596+00,
22,2354,7813,MEDIUM,MEDIUM severity PortScan detected,RF-NIDS classified this flow as PortScan with confidence 0.9911.,ACTIVE,,2026-09-17 09:42:28.869596+00,
22,2355,7814,MEDIUM,MEDIUM severity PortScan detected,RF-NIDS classified this flow as PortScan with confidence 0.9850.,ACTIVE,,2026-09-17 09:42:28.869596+00,
22,2356,7815,MEDIUM,MEDIUM severity PortScan detected,RF-NIDS classified this flow as PortScan with confidence 0.9908.,ACTIVE,,2026-09-17 09:42:28.869597+00,
22,2357,7816,MEDIUM,MEDIUM severity PortScan detected,RF-NIDS classified this flow as PortScan with confidence 0.9807.,ACTIVE,,2026-09-17 09:42:28.869597+00,
22,2358,7817,MEDIUM,MEDIUM severity PortScan detected,RF-NIDS classified this flow as PortScan with confidence 0.9850.,ACTIVE,,2026-09-17 09:42:28.869597+00,
22,2359,7818,MEDIUM,MEDIUM severity PortScan detected,RF-NIDS classified this flow as PortScan with confidence 0.9881.,ACTIVE,,2026-09-17 09:42:28.869597+00,
22,2360,7819,MEDIUM,MEDIUM severity PortScan detected,RF-NIDS classified this flow as PortScan with confidence 0.9908.,ACTIVE,,2026-09-17 09:42:28.869598+00,
22,2361,7820,MEDIUM,MEDIUM severity PortScan detected,RF-NIDS classified this flow as PortScan with confidence 0.9908.,ACTIVE,,2026-09-17 09:42:28.869598+00,
22,2362,7821,MEDIUM,MEDIUM severity PortScan detected,RF-NIDS classified this flow as PortScan with confidence 0.9908.,ACTIVE,,2026-09-17 09:42:28.869598+00,
22,2363,7822,MEDIUM,MEDIUM severity PortScan detected,RF-NIDS classified this flow as PortScan with confidence 0.9859.,ACTIVE,,2026-09-17 09:42:28.869598+00,
22,2364,7823,MEDIUM,MEDIUM severity PortScan detected,RF-NIDS classified this flow as PortScan with confidence 0.9908.,ACTIVE,,2026-09-17 09:42:28.869598+00,
22,2365,7824,MEDIUM,MEDIUM severity PortScan detected,RF-NIDS classified this flow as PortScan with confidence 0.9908.,ACTIVE,,2026-09-17 09:42:28.869598+00,
22,2366,7825,MEDIUM,MEDIUM severity PortScan detected,RF-NIDS classified this flow as PortScan with confidence 0.9859.,ACTIVE,,2026-09-17 09:42:28.869599+00,
22,2367,7826,MEDIUM,MEDIUM severity PortScan detected,RF-NIDS classified this flow as PortScan with confidence 0.9911.,ACTIVE,,2026-09-17 09:42:28.869599+00,
22,2368,7827,MEDIUM,MEDIUM severity PortScan detected,RF-NIDS classified this flow as PortScan with confidence 0.9859.,ACTIVE,,2026-09-17 09:42:28.869599+00,
22,2369,7828,MEDIUM,MEDIUM severity PortScan detected,RF-NIDS classified this flow as PortScan with confidence 0.9859.,ACTIVE,,2026-09-17 09:42:28.869599+00,
22,2370,7829,MEDIUM,MEDIUM severity PortScan detected,RF-NIDS classified this flow as PortScan with confidence 0.9859.,ACTIVE,,2026-09-17 09:42:28.869599+00,
22,2371,7830,MEDIUM,MEDIUM severity PortScan detected,RF-NIDS classified this flow as PortScan with confidence 0.9881.,ACTIVE,,2026-09-17 09:42:28.8696+00,
22,2372,7831,MEDIUM,MEDIUM severity PortScan detected,RF-NIDS classified this flow as PortScan with confidence 0.9908.,ACTIVE,,2026-09-17 09:42:28.8696+00,
22,2373,7832,MEDIUM,MEDIUM severity PortScan detected,RF-NIDS classified this flow as PortScan with confidence 0.9908.,ACTIVE,,2026-09-17 09:42:28.8696+00,
22,2374,7833,MEDIUM,MEDIUM severity PortScan detected,RF-NIDS classified this flow as PortScan with confidence 0.9859.,ACTIVE,,2026-09-17 09:42:28.8696+00,
22,2375,7834,MEDIUM,MEDIUM severity PortScan detected,RF-NIDS classified this flow as PortScan with confidence 0.9881.,ACTIVE,,2026-09-17 09:42:28.8696+00,
22,2376,7835,MEDIUM,MEDIUM severity PortScan detected,RF-NIDS classified this flow as PortScan with confidence 0.9881.,ACTIVE,,2026-09-17 09:42:28.869601+00,
22,2377,7836,MEDIUM,MEDIUM severity PortScan detected,RF-NIDS classified this flow as PortScan with confidence 0.9908.,ACTIVE,,2026-09-17 09:42:28.869601+00,
22,2378,7837,MEDIUM,MEDIUM severity PortScan detected,RF-NIDS classified this flow as PortScan with confidence 0.9908.,ACTIVE,,2026-09-17 09:42:28.869601+00,
22,2379,7838,MEDIUM,MEDIUM severity PortScan detected,RF-NIDS classified this flow as PortScan with confidence 0.9859.,ACTIVE,,2026-09-17 09:42:28.869601+00,
22,2380,7839,MEDIUM,MEDIUM severity PortScan detected,RF-NIDS classified this flow as PortScan with confidence 0.9850.,ACTIVE,,2026-09-17 09:42:28.869601+00,
22,2381,7840,MEDIUM,MEDIUM severity PortScan detected,RF-NIDS classified this flow as PortScan with confidence 0.9899.,ACTIVE,,2026-09-17 09:42:28.869602+00,
22,2382,7841,MEDIUM,MEDIUM severity PortScan detected,RF-NIDS classified this flow as PortScan with confidence 0.9850.,ACTIVE,,2026-09-17 09:42:28.869602+00,
22,2383,7842,MEDIUM,MEDIUM severity PortScan detected,RF-NIDS classified this flow as PortScan with confidence 0.9908.,ACTIVE,,2026-09-17 09:42:28.869602+00,
22,2384,7843,MEDIUM,MEDIUM severity PortScan detected,RF-NIDS classified this flow as PortScan with confidence 0.9908.,ACTIVE,,2026-09-17 09:42:28.869602+00,
22,2385,7844,MEDIUM,MEDIUM severity PortScan detected,RF-NIDS classified this flow as PortScan with confidence 0.9908.,ACTIVE,,2026-09-17 09:42:28.869602+00,
22,2386,7845,MEDIUM,MEDIUM severity PortScan detected,RF-NIDS classified this flow as PortScan with confidence 0.9859.,ACTIVE,,2026-09-17 09:42:28.869603+00,
22,2387,7846,MEDIUM,MEDIUM severity PortScan detected,RF-NIDS classified this flow as PortScan with confidence 0.9908.,ACTIVE,,2026-09-17 09:42:28.869603+00,
22,2388,7847,MEDIUM,MEDIUM severity PortScan detected,RF-NIDS classified this flow as PortScan with confidence 0.9859.,ACTIVE,,2026-09-17 09:42:28.869603+00,
22,2389,7848,MEDIUM,MEDIUM severity PortScan detected,RF-NIDS classified this flow as PortScan with confidence 0.9859.,ACTIVE,,2026-09-17 09:42:28.869603+00,
22,2390,7849,MEDIUM,MEDIUM severity PortScan detected,RF-NIDS classified this flow as PortScan with confidence 0.9908.,ACTIVE,,2026-09-17 09:42:28.869603+00,
22,2391,7850,MEDIUM,MEDIUM severity PortScan detected,RF-NIDS classified this flow as PortScan with confidence 0.9908.,ACTIVE,,2026-09-17 09:42:28.869604+00,
22,2392,7851,MEDIUM,MEDIUM severity PortScan detected,RF-NIDS classified this flow as PortScan with confidence 0.9908.,ACTIVE,,2026-09-17 09:42:28.869604+00,
22,2393,7852,MEDIUM,MEDIUM severity PortScan detected,RF-NIDS classified this flow as PortScan with confidence 0.9859.,ACTIVE,,2026-09-17 09:42:28.869604+00,
22,2394,7853,MEDIUM,MEDIUM severity PortScan detected,RF-NIDS classified this flow as PortScan with confidence 0.9859.,ACTIVE,,2026-09-17 09:42:28.869604+00,
22,2395,7854,MEDIUM,MEDIUM severity PortScan detected,RF-NIDS classified this flow as PortScan with confidence 0.9908.,ACTIVE,,2026-09-17 09:42:28.869604+00,
22,2396,7855,MEDIUM,MEDIUM severity PortScan detected,RF-NIDS classified this flow as PortScan with confidence 0.9911.,ACTIVE,,2026-09-17 09:42:28.869605+00,
22,2397,7856,MEDIUM,MEDIUM severity PortScan detected,RF-NIDS classified this flow as PortScan with confidence 0.9908.,ACTIVE,,2026-09-17 09:42:28.869605+00,
22,2398,7857,MEDIUM,MEDIUM severity PortScan detected,RF-NIDS classified this flow as PortScan with confidence 0.9908.,ACTIVE,,2026-09-17 09:42:28.869605+00,
22,2399,7858,MEDIUM,MEDIUM severity PortScan detected,RF-NIDS classified this flow as PortScan with confidence 0.9911.,ACTIVE,,2026-09-17 09:42:28.869605+00,
22,2400,7859,MEDIUM,MEDIUM severity PortScan detected,RF-NIDS classified this flow as PortScan with confidence 0.9908.,ACTIVE,,2026-09-17 09:42:28.869605+00,
22,2401,7860,MEDIUM,MEDIUM severity PortScan detected,RF-NIDS classified this flow as PortScan with confidence 0.9908.,ACTIVE,,2026-09-17 09:42:28.869606+00,
22,2402,7861,MEDIUM,MEDIUM severity PortScan detected,RF-NIDS classified this flow as PortScan with confidence 0.9908.,ACTIVE,,2026-09-17 09:42:28.869606+00,
22,2403,7862,MEDIUM,MEDIUM severity PortScan detected,RF-NIDS classified this flow as PortScan with confidence 0.9908.,ACTIVE,,2026-09-17 09:42:28.869606+00,
22,2404,7863,MEDIUM,MEDIUM severity PortScan detected,RF-NIDS classified this flow as PortScan with confidence 0.9908.,ACTIVE,,2026-09-17 09:42:28.869606+00,
22,2405,7864,MEDIUM,MEDIUM severity PortScan detected,RF-NIDS classified this flow as PortScan with confidence 0.9859.,ACTIVE,,2026-09-17 09:42:28.869606+00,
22,2406,7865,MEDIUM,MEDIUM severity PortScan detected,RF-NIDS classified this flow as PortScan with confidence 0.9908.,ACTIVE,,2026-09-17 09:42:28.869606+00,
22,2407,7866,MEDIUM,MEDIUM severity PortScan detected,RF-NIDS classified this flow as PortScan with confidence 0.9908.,ACTIVE,,2026-09-17 09:42:28.869607+00,
22,2408,7867,MEDIUM,MEDIUM severity PortScan detected,RF-NIDS classified this flow as PortScan with confidence 0.9850.,ACTIVE,,2026-09-17 09:42:28.869607+00,
22,2409,7868,MEDIUM,MEDIUM severity PortScan detected,RF-NIDS classified this flow as PortScan with confidence 0.9908.,ACTIVE,,2026-09-17 09:42:28.869607+00,
22,2410,7869,MEDIUM,MEDIUM severity PortScan detected,RF-NIDS classified this flow as PortScan with confidence 0.9859.,ACTIVE,,2026-09-17 09:42:28.869607+00,
22,2411,7870,MEDIUM,MEDIUM severity PortScan detected,RF-NIDS classified this flow as PortScan with confidence 0.9859.,ACTIVE,,2026-09-17 09:42:28.869607+00,
22,2412,7871,MEDIUM,MEDIUM severity PortScan detected,RF-NIDS classified this flow as PortScan with confidence 0.9850.,ACTIVE,,2026-09-17 09:42:28.869608+00,
22,2413,7872,MEDIUM,MEDIUM severity PortScan detected,RF-NIDS classified this flow as PortScan with confidence 0.9908.,ACTIVE,,2026-09-17 09:42:28.869608+00,
22,2414,7873,MEDIUM,MEDIUM severity PortScan detected,RF-NIDS classified this flow as PortScan with confidence 0.9908.,ACTIVE,,2026-09-17 09:42:28.869608+00,
22,2415,7874,MEDIUM,MEDIUM severity PortScan detected,RF-NIDS classified this flow as PortScan with confidence 0.9908.,ACTIVE,,2026-09-17 09:42:28.869608+00,
22,2416,7875,MEDIUM,MEDIUM severity PortScan detected,RF-NIDS classified this flow as PortScan with confidence 0.9850.,ACTIVE,,2026-09-17 09:42:28.869608+00,
22,2417,7876,MEDIUM,MEDIUM severity PortScan detected,RF-NIDS classified this flow as PortScan with confidence 0.9908.,ACTIVE,,2026-09-17 09:42:28.869609+00,
22,2418,7877,MEDIUM,MEDIUM severity PortScan detected,RF-NIDS classified this flow as PortScan with confidence 0.9908.,ACTIVE,,2026-09-17 09:42:28.869609+00,
22,2419,7878,MEDIUM,MEDIUM severity PortScan detected,RF-NIDS classified this flow as PortScan with confidence 0.9908.,ACTIVE,,2026-09-17 09:42:28.869609+00,
22,2420,7879,MEDIUM,MEDIUM severity PortScan detected,RF-NIDS classified this flow as PortScan with confidence 0.9881.,ACTIVE,,2026-09-17 09:42:28.869609+00,
22,2421,7880,MEDIUM,MEDIUM severity PortScan detected,RF-NIDS classified this flow as PortScan with confidence 0.9908.,ACTIVE,,2026-09-17 09:42:28.869609+00,
22,2422,7881,MEDIUM,MEDIUM severity PortScan detected,RF-NIDS classified this flow as PortScan with confidence 0.9859.,ACTIVE,,2026-09-17 09:42:28.86961+00,
22,2423,7882,MEDIUM,MEDIUM severity PortScan detected,RF-NIDS classified this flow as PortScan with confidence 0.9908.,ACTIVE,,2026-09-17 09:42:28.86961+00,
22,2424,7883,MEDIUM,MEDIUM severity PortScan detected,RF-NIDS classified this flow as PortScan with confidence 0.9908.,ACTIVE,,2026-09-17 09:42:28.86961+00,
22,2425,7884,MEDIUM,MEDIUM severity PortScan detected,RF-NIDS classified this flow as PortScan with confidence 0.9859.,ACTIVE,,2026-09-17 09:42:28.86961+00,
22,2426,7885,MEDIUM,MEDIUM severity PortScan detected,RF-NIDS classified this flow as PortScan with confidence 0.9859.,ACTIVE,,2026-09-17 09:42:28.86961+00,
22,2427,7886,MEDIUM,MEDIUM severity PortScan detected,RF-NIDS classified this flow as PortScan with confidence 0.9908.,ACTIVE,,2026-09-17 09:42:28.869611+00,
22,2428,7887,MEDIUM,MEDIUM severity PortScan detected,RF-NIDS classified this flow as PortScan with confidence 0.9859.,ACTIVE,,2026-09-17 09:42:28.869611+00,
22,2429,7888,MEDIUM,MEDIUM severity PortScan detected,RF-NIDS classified this flow as PortScan with confidence 0.9908.,ACTIVE,,2026-09-17 09:42:28.869611+00,
22,2430,7889,MEDIUM,MEDIUM severity PortScan detected,RF-NIDS classified this flow as PortScan with confidence 0.9908.,ACTIVE,,2026-09-17 09:42:28.869611+00,
22,2431,7890,MEDIUM,MEDIUM severity PortScan detected,RF-NIDS classified this flow as PortScan with confidence 0.9908.,ACTIVE,,2026-09-17 09:42:28.869611+00,
22,2432,7891,MEDIUM,MEDIUM severity PortScan detected,RF-NIDS classified this flow as PortScan with confidence 0.9908.,ACTIVE,,2026-09-17 09:42:28.869612+00,
22,2433,7892,MEDIUM,MEDIUM severity PortScan detected,RF-NIDS classified this flow as PortScan with confidence 0.9908.,ACTIVE,,2026-09-17 09:42:28.869612+00,
22,2434,7893,MEDIUM,MEDIUM severity PortScan detected,RF-NIDS classified this flow as PortScan with confidence 0.9881.,ACTIVE,,2026-09-17 09:42:28.869612+00,
22,2435,7894,MEDIUM,MEDIUM severity PortScan detected,RF-NIDS classified this flow as PortScan with confidence 0.9911.,ACTIVE,,2026-09-17 09:42:28.869612+00,
22,2436,7895,MEDIUM,MEDIUM severity PortScan detected,RF-NIDS classified this flow as PortScan with confidence 0.9908.,ACTIVE,,2026-09-17 09:42:28.869612+00,
22,2437,7896,MEDIUM,MEDIUM severity PortScan detected,RF-NIDS classified this flow as PortScan with confidence 0.9908.,ACTIVE,,2026-09-17 09:42:28.869613+00,
22,2438,7897,MEDIUM,MEDIUM severity PortScan detected,RF-NIDS classified this flow as PortScan with confidence 0.9859.,ACTIVE,,2026-09-17 09:42:28.869613+00,
22,2439,7898,MEDIUM,MEDIUM severity PortScan detected,RF-NIDS classified this flow as PortScan with confidence 0.9859.,ACTIVE,,2026-09-17 09:42:28.869613+00,
22,2440,7899,MEDIUM,MEDIUM severity PortScan detected,RF-NIDS classified this flow as PortScan with confidence 0.9908.,ACTIVE,,2026-09-17 09:42:28.869613+00,
22,2441,7900,MEDIUM,MEDIUM severity PortScan detected,RF-NIDS classified this flow as PortScan with confidence 0.9859.,ACTIVE,,2026-09-17 09:42:28.869613+00,
22,2442,7901,MEDIUM,MEDIUM severity PortScan detected,RF-NIDS classified this flow as PortScan with confidence 0.9859.,ACTIVE,,2026-09-17 09:42:28.869613+00,
22,2443,7902,MEDIUM,MEDIUM severity PortScan detected,RF-NIDS classified this flow as PortScan with confidence 0.9630.,ACTIVE,,2026-09-17 09:42:28.869614+00,
22,2444,7903,MEDIUM,MEDIUM severity PortScan detected,RF-NIDS classified this flow as PortScan with confidence 0.9908.,ACTIVE,,2026-09-17 09:42:28.869614+00,
22,2445,7904,MEDIUM,MEDIUM severity PortScan detected,RF-NIDS classified this flow as PortScan with confidence 0.9807.,ACTIVE,,2026-09-17 09:42:28.869614+00,
22,2446,7905,MEDIUM,MEDIUM severity PortScan detected,RF-NIDS classified this flow as PortScan with confidence 0.9908.,ACTIVE,,2026-09-17 09:42:28.869614+00,
22,2447,7906,MEDIUM,MEDIUM severity PortScan detected,RF-NIDS classified this flow as PortScan with confidence 0.9859.,ACTIVE,,2026-09-17 09:42:28.869614+00,
22,2448,7907,MEDIUM,MEDIUM severity PortScan detected,RF-NIDS classified this flow as PortScan with confidence 0.9908.,ACTIVE,,2026-09-17 09:42:28.869615+00,
22,2449,7908,MEDIUM,MEDIUM severity PortScan detected,RF-NIDS classified this flow as PortScan with confidence 0.9859.,ACTIVE,,2026-09-17 09:42:28.869615+00,
22,2450,7909,MEDIUM,MEDIUM severity PortScan detected,RF-NIDS classified this flow as PortScan with confidence 0.9908.,ACTIVE,,2026-09-17 09:42:28.869615+00,
22,2451,7910,MEDIUM,MEDIUM severity PortScan detected,RF-NIDS classified this flow as PortScan with confidence 0.9908.,ACTIVE,,2026-09-17 09:42:28.869615+00,
22,2452,7911,MEDIUM,MEDIUM severity PortScan detected,RF-NIDS classified this flow as PortScan with confidence 0.9859.,ACTIVE,,2026-09-17 09:42:28.869615+00,
22,2453,7912,MEDIUM,MEDIUM severity PortScan detected,RF-NIDS classified this flow as PortScan with confidence 0.9908.,ACTIVE,,2026-09-17 09:42:28.869616+00,
22,2454,7913,MEDIUM,MEDIUM severity PortScan detected,RF-NIDS classified this flow as PortScan with confidence 0.9908.,ACTIVE,,2026-09-17 09:42:28.869616+00,
22,2455,7914,MEDIUM,MEDIUM severity PortScan detected,RF-NIDS classified this flow as PortScan with confidence 0.9908.,ACTIVE,,2026-09-17 09:42:28.869616+00,
22,2456,7915,MEDIUM,MEDIUM severity PortScan detected,RF-NIDS classified this flow as PortScan with confidence 0.9876.,ACTIVE,,2026-09-17 09:42:28.869616+00,
22,2457,7916,MEDIUM,MEDIUM severity PortScan detected,RF-NIDS classified this flow as PortScan with confidence 0.9908.,ACTIVE,,2026-09-17 09:42:28.869616+00,
22,2458,7917,MEDIUM,MEDIUM severity PortScan detected,RF-NIDS classified this flow as PortScan with confidence 0.9908.,ACTIVE,,2026-09-17 09:42:28.869617+00,
22,2459,7918,MEDIUM,MEDIUM severity PortScan detected,RF-NIDS classified this flow as PortScan with confidence 0.9859.,ACTIVE,,2026-09-17 09:42:28.869617+00,
22,2460,7919,MEDIUM,MEDIUM severity PortScan detected,RF-NIDS classified this flow as PortScan with confidence 0.9908.,ACTIVE,,2026-09-17 09:42:28.869617+00,
22,2461,7920,MEDIUM,MEDIUM severity PortScan detected,RF-NIDS classified this flow as PortScan with confidence 0.9859.,ACTIVE,,2026-09-17 09:42:28.869617+00,
22,2462,7921,MEDIUM,MEDIUM severity PortScan detected,RF-NIDS classified this flow as PortScan with confidence 0.9908.,ACTIVE,,2026-09-17 09:42:28.869617+00,
22,2463,7922,MEDIUM,MEDIUM severity PortScan detected,RF-NIDS classified this flow as PortScan with confidence 0.9908.,ACTIVE,,2026-09-17 09:42:28.869618+00,
22,2464,7923,MEDIUM,MEDIUM severity PortScan detected,RF-NIDS classified this flow as PortScan with confidence 0.9908.,ACTIVE,,2026-09-17 09:42:28.869618+00,
22,2465,7924,MEDIUM,MEDIUM severity PortScan detected,RF-NIDS classified this flow as PortScan with confidence 0.9859.,ACTIVE,,2026-09-17 09:42:28.869618+00,
22,2466,7925,MEDIUM,MEDIUM severity PortScan detected,RF-NIDS classified this flow as PortScan with confidence 0.9908.,ACTIVE,,2026-09-17 09:42:28.869618+00,
22,2467,7926,MEDIUM,MEDIUM severity PortScan detected,RF-NIDS classified this flow as PortScan with confidence 0.9908.,ACTIVE,,2026-09-17 09:42:28.869618+00,
22,2468,7927,MEDIUM,MEDIUM severity PortScan detected,RF-NIDS classified this flow as PortScan with confidence 0.9881.,ACTIVE,,2026-09-17 09:42:28.869619+00,
22,2469,7928,MEDIUM,MEDIUM severity PortScan detected,RF-NIDS classified this flow as PortScan with confidence 0.9908.,ACTIVE,,2026-09-17 09:42:28.869619+00,
22,2470,7929,MEDIUM,MEDIUM severity PortScan detected,RF-NIDS classified this flow as PortScan with confidence 0.9859.,ACTIVE,,2026-09-17 09:42:28.869619+00,
22,2471,7930,MEDIUM,MEDIUM severity PortScan detected,RF-NIDS classified this flow as PortScan with confidence 0.9911.,ACTIVE,,2026-09-17 09:42:28.869619+00,
22,2472,7931,MEDIUM,MEDIUM severity PortScan detected,RF-NIDS classified this flow as PortScan with confidence 0.9850.,ACTIVE,,2026-09-17 09:42:28.869619+00,
22,2473,7932,MEDIUM,MEDIUM severity PortScan detected,RF-NIDS classified this flow as PortScan with confidence 0.9791.,ACTIVE,,2026-09-17 09:42:28.869619+00,
22,2474,7933,MEDIUM,MEDIUM severity PortScan detected,RF-NIDS classified this flow as PortScan with confidence 0.9908.,ACTIVE,,2026-09-17 09:42:28.86962+00,
22,2475,7934,MEDIUM,MEDIUM severity PortScan detected,RF-NIDS classified this flow as PortScan with confidence 0.9908.,ACTIVE,,2026-09-17 09:42:28.86962+00,
22,2476,7935,MEDIUM,MEDIUM severity PortScan detected,RF-NIDS classified this flow as PortScan with confidence 0.9833.,ACTIVE,,2026-09-17 09:42:28.86962+00,
22,2477,7936,MEDIUM,MEDIUM severity PortScan detected,RF-NIDS classified this flow as PortScan with confidence 0.9859.,ACTIVE,,2026-09-17 09:42:28.86962+00,
22,2478,7937,MEDIUM,MEDIUM severity PortScan detected,RF-NIDS classified this flow as PortScan with confidence 0.9859.,ACTIVE,,2026-09-17 09:42:28.86962+00,
22,2479,7938,MEDIUM,MEDIUM severity PortScan detected,RF-NIDS classified this flow as PortScan with confidence 0.9908.,ACTIVE,,2026-09-17 09:42:28.869621+00,
22,2480,7939,MEDIUM,MEDIUM severity PortScan detected,RF-NIDS classified this flow as PortScan with confidence 0.9859.,ACTIVE,,2026-09-17 09:42:28.869621+00,
22,2481,7940,MEDIUM,MEDIUM severity PortScan detected,RF-NIDS classified this flow as PortScan with confidence 0.9908.,ACTIVE,,2026-09-17 09:42:28.869621+00,
22,2482,7941,MEDIUM,MEDIUM severity PortScan detected,RF-NIDS classified this flow as PortScan with confidence 0.9859.,ACTIVE,,2026-09-17 09:42:28.869621+00,
22,2483,7942,MEDIUM,MEDIUM severity PortScan detected,RF-NIDS classified this flow as PortScan with confidence 0.9881.,ACTIVE,,2026-09-17 09:42:28.869621+00,
22,2484,7943,MEDIUM,MEDIUM severity PortScan detected,RF-NIDS classified this flow as PortScan with confidence 0.9908.,ACTIVE,,2026-09-17 09:42:28.869621+00,
22,2485,7944,MEDIUM,MEDIUM severity PortScan detected,RF-NIDS classified this flow as PortScan with confidence 0.9859.,ACTIVE,,2026-09-17 09:42:28.869622+00,
22,2486,7945,MEDIUM,MEDIUM severity PortScan detected,RF-NIDS classified this flow as PortScan with confidence 0.9859.,ACTIVE,,2026-09-17 09:42:28.869622+00,
22,2487,7946,MEDIUM,MEDIUM severity PortScan detected,RF-NIDS classified this flow as PortScan with confidence 0.9881.,ACTIVE,,2026-09-17 09:42:28.869622+00,
22,2488,7947,MEDIUM,MEDIUM severity PortScan detected,RF-NIDS classified this flow as PortScan with confidence 0.9859.,ACTIVE,,2026-09-17 09:42:28.869622+00,
22,2489,7948,MEDIUM,MEDIUM severity PortScan detected,RF-NIDS classified this flow as PortScan with confidence 0.9908.,ACTIVE,,2026-09-17 09:42:28.869622+00,
22,2490,7949,MEDIUM,MEDIUM severity PortScan detected,RF-NIDS classified this flow as PortScan with confidence 0.9908.,ACTIVE,,2026-09-17 09:42:28.869623+00,
22,2491,7950,MEDIUM,MEDIUM severity PortScan detected,RF-NIDS classified this flow as PortScan with confidence 0.9908.,ACTIVE,,2026-09-17 09:42:28.869623+00,
22,2492,7951,MEDIUM,MEDIUM severity PortScan detected,RF-NIDS classified this flow as PortScan with confidence 0.9908.,ACTIVE,,2026-09-17 09:42:28.869623+00,
22,2493,7952,MEDIUM,MEDIUM severity PortScan detected,RF-NIDS classified this flow as PortScan with confidence 0.9908.,ACTIVE,,2026-09-17 09:42:28.869623+00,
22,2494,7953,MEDIUM,MEDIUM severity PortScan detected,RF-NIDS classified this flow as PortScan with confidence 0.9908.,ACTIVE,,2026-09-17 09:42:28.869623+00,
22,2495,7954,MEDIUM,MEDIUM severity PortScan detected,RF-NIDS classified this flow as PortScan with confidence 0.9881.,ACTIVE,,2026-09-17 09:42:28.869624+00,
22,2496,7955,MEDIUM,MEDIUM severity PortScan detected,RF-NIDS classified this flow as PortScan with confidence 0.9859.,ACTIVE,,2026-09-17 09:42:28.869624+00,
22,2497,7956,MEDIUM,MEDIUM severity PortScan detected,RF-NIDS classified this flow as PortScan with confidence 0.9908.,ACTIVE,,2026-09-17 09:42:28.869624+00,
22,2498,7957,MEDIUM,MEDIUM severity PortScan detected,RF-NIDS classified this flow as PortScan with confidence 0.9859.,ACTIVE,,2026-09-17 09:42:28.869624+00,
22,2499,7958,MEDIUM,MEDIUM severity PortScan detected,RF-NIDS classified this flow as PortScan with confidence 0.9908.,ACTIVE,,2026-09-17 09:42:28.869624+00,
22,2500,7959,MEDIUM,MEDIUM severity PortScan detected,RF-NIDS classified this flow as PortScan with confidence 0.9908.,ACTIVE,,2026-09-17 09:42:28.869624+00,
22,2501,7960,MEDIUM,MEDIUM severity PortScan detected,RF-NIDS classified this flow as PortScan with confidence 0.9908.,ACTIVE,,2026-09-17 09:42:28.869625+00,
22,2502,7961,MEDIUM,MEDIUM severity PortScan detected,RF-NIDS classified this flow as PortScan with confidence 0.9908.,ACTIVE,,2026-09-17 09:42:28.869625+00,
22,2503,7962,MEDIUM,MEDIUM severity PortScan detected,RF-NIDS classified this flow as PortScan with confidence 0.9908.,ACTIVE,,2026-09-17 09:42:28.869625+00,
22,2504,7963,MEDIUM,MEDIUM severity PortScan detected,RF-NIDS classified this flow as PortScan with confidence 0.9859.,ACTIVE,,2026-09-17 09:42:28.869625+00,
22,2505,7964,MEDIUM,MEDIUM severity PortScan detected,RF-NIDS classified this flow as PortScan with confidence 0.9859.,ACTIVE,,2026-09-17 09:42:28.869625+00,
22,2506,7965,MEDIUM,MEDIUM severity PortScan detected,RF-NIDS classified this flow as PortScan with confidence 0.9859.,ACTIVE,,2026-09-17 09:42:28.869626+00,
22,2507,7966,MEDIUM,MEDIUM severity PortScan detected,RF-NIDS classified this flow as PortScan with confidence 0.9908.,ACTIVE,,2026-09-17 09:42:28.869626+00,
22,2508,7967,MEDIUM,MEDIUM severity PortScan detected,RF-NIDS classified this flow as PortScan with confidence 0.9850.,ACTIVE,,2026-09-17 09:42:28.869626+00,
22,2509,7968,MEDIUM,MEDIUM severity PortScan detected,RF-NIDS classified this flow as PortScan with confidence 0.9908.,ACTIVE,,2026-09-17 09:42:28.869626+00,
22,2510,7969,MEDIUM,MEDIUM severity PortScan detected,RF-NIDS classified this flow as PortScan with confidence 0.9908.,ACTIVE,,2026-09-17 09:42:28.869626+00,
22,2511,7970,MEDIUM,MEDIUM severity PortScan detected,RF-NIDS classified this flow as PortScan with confidence 0.9908.,ACTIVE,,2026-09-17 09:42:28.869627+00,
22,2512,7971,MEDIUM,MEDIUM severity PortScan detected,RF-NIDS classified this flow as PortScan with confidence 0.9850.,ACTIVE,,2026-09-17 09:42:28.869627+00,
22,2513,7972,MEDIUM,MEDIUM severity PortScan detected,RF-NIDS classified this flow as PortScan with confidence 0.9908.,ACTIVE,,2026-09-17 09:42:28.869627+00,
22,2514,7973,MEDIUM,MEDIUM severity PortScan detected,RF-NIDS classified this flow as PortScan with confidence 0.9908.,ACTIVE,,2026-09-17 09:42:28.869627+00,
22,2515,7974,MEDIUM,MEDIUM severity PortScan detected,RF-NIDS classified this flow as PortScan with confidence 0.9908.,ACTIVE,,2026-09-17 09:42:28.869627+00,
22,2516,7975,MEDIUM,MEDIUM severity PortScan detected,RF-NIDS classified this flow as PortScan with confidence 0.9859.,ACTIVE,,2026-09-17 09:42:28.869628+00,
22,2517,7976,MEDIUM,MEDIUM severity PortScan detected,RF-NIDS classified this flow as PortScan with confidence 0.9831.,ACTIVE,,2026-09-17 09:42:28.869628+00,
22,2518,7977,MEDIUM,MEDIUM severity PortScan detected,RF-NIDS classified this flow as PortScan with confidence 0.9908.,ACTIVE,,2026-09-17 09:42:28.869628+00,
22,2519,7978,MEDIUM,MEDIUM severity PortScan detected,RF-NIDS classified this flow as PortScan with confidence 0.9850.,ACTIVE,,2026-09-17 09:42:28.869628+00,
22,2520,7979,MEDIUM,MEDIUM severity PortScan detected,RF-NIDS classified this flow as PortScan with confidence 0.9908.,ACTIVE,,2026-09-17 09:42:28.869628+00,
22,2521,7980,MEDIUM,MEDIUM severity PortScan detected,RF-NIDS classified this flow as PortScan with confidence 0.9908.,ACTIVE,,2026-09-17 09:42:28.869628+00,
22,2522,7981,MEDIUM,MEDIUM severity PortScan detected,RF-NIDS classified this flow as PortScan with confidence 0.9881.,ACTIVE,,2026-09-17 09:42:28.869629+00,
22,2523,7982,MEDIUM,MEDIUM severity PortScan detected,RF-NIDS classified this flow as PortScan with confidence 0.9859.,ACTIVE,,2026-09-17 09:42:28.869629+00,
22,2524,7983,MEDIUM,MEDIUM severity PortScan detected,RF-NIDS classified this flow as PortScan with confidence 0.9850.,ACTIVE,,2026-09-17 09:42:28.869629+00,
22,2525,7984,MEDIUM,MEDIUM severity PortScan detected,RF-NIDS classified this flow as PortScan with confidence 0.9908.,ACTIVE,,2026-09-17 09:42:28.869629+00,
22,2526,7985,MEDIUM,MEDIUM severity PortScan detected,RF-NIDS classified this flow as PortScan with confidence 0.9859.,ACTIVE,,2026-09-17 09:42:28.869629+00,
22,2527,7986,MEDIUM,MEDIUM severity PortScan detected,RF-NIDS classified this flow as PortScan with confidence 0.9859.,ACTIVE,,2026-09-17 09:42:28.86963+00,
22,2528,7987,MEDIUM,MEDIUM severity PortScan detected,RF-NIDS classified this flow as PortScan with confidence 0.9908.,ACTIVE,,2026-09-17 09:42:28.86963+00,
22,2529,7988,MEDIUM,MEDIUM severity PortScan detected,RF-NIDS classified this flow as PortScan with confidence 0.9850.,ACTIVE,,2026-09-17 09:42:28.86963+00,
22,2530,7989,MEDIUM,MEDIUM severity PortScan detected,RF-NIDS classified this flow as PortScan with confidence 0.9859.,ACTIVE,,2026-09-17 09:42:28.86963+00,
22,2531,7990,MEDIUM,MEDIUM severity PortScan detected,RF-NIDS classified this flow as PortScan with confidence 0.9859.,ACTIVE,,2026-09-17 09:42:28.86963+00,
22,2532,7991,MEDIUM,MEDIUM severity PortScan detected,RF-NIDS classified this flow as PortScan with confidence 0.9908.,ACTIVE,,2026-09-17 09:42:28.869631+00,
22,2533,7992,MEDIUM,MEDIUM severity PortScan detected,RF-NIDS classified this flow as PortScan with confidence 0.9908.,ACTIVE,,2026-09-17 09:42:28.869631+00,
22,2534,7993,MEDIUM,MEDIUM severity PortScan detected,RF-NIDS classified this flow as PortScan with confidence 0.9908.,ACTIVE,,2026-09-17 09:42:28.869631+00,
22,2535,7994,MEDIUM,MEDIUM severity PortScan detected,RF-NIDS classified this flow as PortScan with confidence 0.9859.,ACTIVE,,2026-09-17 09:42:28.869631+00,
22,2536,7995,MEDIUM,MEDIUM severity PortScan detected,RF-NIDS classified this flow as PortScan with confidence 0.9859.,ACTIVE,,2026-09-17 09:42:28.869631+00,
22,2537,7996,MEDIUM,MEDIUM severity PortScan detected,RF-NIDS classified this flow as PortScan with confidence 0.9908.,ACTIVE,,2026-09-17 09:42:28.869631+00,
22,2538,7997,MEDIUM,MEDIUM severity PortScan detected,RF-NIDS classified this flow as PortScan with confidence 0.9908.,ACTIVE,,2026-09-17 09:42:28.869632+00,
22,2539,7998,MEDIUM,MEDIUM severity PortScan detected,RF-NIDS classified this flow as PortScan with confidence 0.9850.,ACTIVE,,2026-09-17 09:42:28.869632+00,
22,2540,7999,MEDIUM,MEDIUM severity PortScan detected,RF-NIDS classified this flow as PortScan with confidence 0.9908.,ACTIVE,,2026-09-17 09:42:28.869632+00,
22,2541,8000,MEDIUM,MEDIUM severity PortScan detected,RF-NIDS classified this flow as PortScan with confidence 0.9908.,ACTIVE,,2026-09-17 09:42:28.869632+00,
22,2542,8001,MEDIUM,MEDIUM severity PortScan detected,RF-NIDS classified this flow as PortScan with confidence 0.9859.,ACTIVE,,2026-09-17 09:42:28.869632+00,
22,2543,8002,MEDIUM,MEDIUM severity PortScan detected,RF-NIDS classified this flow as PortScan with confidence 0.9908.,ACTIVE,,2026-09-17 09:42:28.869633+00,
22,2544,8003,MEDIUM,MEDIUM severity PortScan detected,RF-NIDS classified this flow as PortScan with confidence 0.9908.,ACTIVE,,2026-09-17 09:42:28.869633+00,
22,2545,8004,MEDIUM,MEDIUM severity PortScan detected,RF-NIDS classified this flow as PortScan with confidence 0.9908.,ACTIVE,,2026-09-17 09:42:28.869633+00,
22,2546,8005,MEDIUM,MEDIUM severity PortScan detected,RF-NIDS classified this flow as PortScan with confidence 0.9859.,ACTIVE,,2026-09-17 09:42:28.869633+00,
22,2547,8006,MEDIUM,MEDIUM severity PortScan detected,RF-NIDS classified this flow as PortScan with confidence 0.9908.,ACTIVE,,2026-09-17 09:42:28.869633+00,
22,2548,8007,MEDIUM,MEDIUM severity PortScan detected,RF-NIDS classified this flow as PortScan with confidence 0.9908.,ACTIVE,,2026-09-17 09:42:28.869633+00,
22,2549,8008,MEDIUM,MEDIUM severity PortScan detected,RF-NIDS classified this flow as PortScan with confidence 0.9859.,ACTIVE,,2026-09-17 09:42:28.869634+00,
22,2550,8009,MEDIUM,MEDIUM severity PortScan detected,RF-NIDS classified this flow as PortScan with confidence 0.9859.,ACTIVE,,2026-09-17 09:42:28.869634+00,
22,2551,8010,MEDIUM,MEDIUM severity PortScan detected,RF-NIDS classified this flow as PortScan with confidence 0.9850.,ACTIVE,,2026-09-17 09:42:28.869634+00,
22,2552,8011,MEDIUM,MEDIUM severity PortScan detected,RF-NIDS classified this flow as PortScan with confidence 0.9908.,ACTIVE,,2026-09-17 09:42:28.869634+00,
22,2553,8012,MEDIUM,MEDIUM severity PortScan detected,RF-NIDS classified this flow as PortScan with confidence 0.9908.,ACTIVE,,2026-09-17 09:42:28.869634+00,
22,2554,8013,MEDIUM,MEDIUM severity PortScan detected,RF-NIDS classified this flow as PortScan with confidence 0.9908.,ACTIVE,,2026-09-17 09:42:28.869635+00,
22,2555,8014,MEDIUM,MEDIUM severity PortScan detected,RF-NIDS classified this flow as PortScan with confidence 0.9908.,ACTIVE,,2026-09-17 09:42:28.869635+00,
22,2556,8015,MEDIUM,MEDIUM severity PortScan detected,RF-NIDS classified this flow as PortScan with confidence 0.9908.,ACTIVE,,2026-09-17 09:42:28.869635+00,
22,2557,8016,MEDIUM,MEDIUM severity PortScan detected,RF-NIDS classified this flow as PortScan with confidence 0.9859.,ACTIVE,,2026-09-17 09:42:28.869635+00,
22,2558,8017,MEDIUM,MEDIUM severity PortScan detected,RF-NIDS classified this flow as PortScan with confidence 0.9908.,ACTIVE,,2026-09-17 09:42:28.869635+00,
22,2559,8018,MEDIUM,MEDIUM severity PortScan detected,RF-NIDS classified this flow as PortScan with confidence 0.9908.,ACTIVE,,2026-09-17 09:42:28.869636+00,
22,2560,8019,MEDIUM,MEDIUM severity PortScan detected,RF-NIDS classified this flow as PortScan with confidence 0.9908.,ACTIVE,,2026-09-17 09:42:28.869636+00,
22,2561,8020,MEDIUM,MEDIUM severity PortScan detected,RF-NIDS classified this flow as PortScan with confidence 0.9850.,ACTIVE,,2026-09-17 09:42:28.869636+00,
22,2562,8021,MEDIUM,MEDIUM severity PortScan detected,RF-NIDS classified this flow as PortScan with confidence 0.9908.,ACTIVE,,2026-09-17 09:42:28.869636+00,
22,2563,8022,MEDIUM,MEDIUM severity PortScan detected,RF-NIDS classified this flow as PortScan with confidence 0.9908.,ACTIVE,,2026-09-17 09:42:28.869636+00,
22,2564,8023,MEDIUM,MEDIUM severity PortScan detected,RF-NIDS classified this flow as PortScan with confidence 0.9859.,ACTIVE,,2026-09-17 09:42:28.869637+00,
22,2565,8024,MEDIUM,MEDIUM severity PortScan detected,RF-NIDS classified this flow as PortScan with confidence 0.9859.,ACTIVE,,2026-09-17 09:42:28.869637+00,
22,2566,8025,MEDIUM,MEDIUM severity PortScan detected,RF-NIDS classified this flow as PortScan with confidence 0.9908.,ACTIVE,,2026-09-17 09:42:28.869637+00,
22,2567,8026,MEDIUM,MEDIUM severity PortScan detected,RF-NIDS classified this flow as PortScan with confidence 0.9881.,ACTIVE,,2026-09-17 09:42:28.869637+00,
22,2568,8027,MEDIUM,MEDIUM severity PortScan detected,RF-NIDS classified this flow as PortScan with confidence 0.9850.,ACTIVE,,2026-09-17 09:42:28.869637+00,
22,2569,8028,MEDIUM,MEDIUM severity PortScan detected,RF-NIDS classified this flow as PortScan with confidence 0.9908.,ACTIVE,,2026-09-17 09:42:28.869638+00,
22,2570,8029,MEDIUM,MEDIUM severity PortScan detected,RF-NIDS classified this flow as PortScan with confidence 0.9859.,ACTIVE,,2026-09-17 09:42:28.869638+00,
22,2571,8030,MEDIUM,MEDIUM severity PortScan detected,RF-NIDS classified this flow as PortScan with confidence 0.9859.,ACTIVE,,2026-09-17 09:42:28.869638+00,
22,2572,8031,MEDIUM,MEDIUM severity PortScan detected,RF-NIDS classified this flow as PortScan with confidence 0.9674.,ACTIVE,,2026-09-17 09:42:28.869638+00,
22,2573,8032,MEDIUM,MEDIUM severity PortScan detected,RF-NIDS classified this flow as PortScan with confidence 0.9911.,ACTIVE,,2026-09-17 09:42:28.869638+00,
22,2574,8033,MEDIUM,MEDIUM severity PortScan detected,RF-NIDS classified this flow as PortScan with confidence 0.9908.,ACTIVE,,2026-09-17 09:42:28.869639+00,
22,2575,8034,MEDIUM,MEDIUM severity PortScan detected,RF-NIDS classified this flow as PortScan with confidence 0.9911.,ACTIVE,,2026-09-17 09:42:28.869639+00,
22,2576,8035,MEDIUM,MEDIUM severity PortScan detected,RF-NIDS classified this flow as PortScan with confidence 0.9850.,ACTIVE,,2026-09-17 09:42:28.869639+00,
22,2577,8036,MEDIUM,MEDIUM severity PortScan detected,RF-NIDS classified this flow as PortScan with confidence 0.9859.,ACTIVE,,2026-09-17 09:42:28.869639+00,
22,2578,8037,MEDIUM,MEDIUM severity PortScan detected,RF-NIDS classified this flow as PortScan with confidence 0.9908.,ACTIVE,,2026-09-17 09:42:28.869639+00,
22,2579,8038,MEDIUM,MEDIUM severity PortScan detected,RF-NIDS classified this flow as PortScan with confidence 0.9908.,ACTIVE,,2026-09-17 09:42:28.86964+00,
22,2580,8039,MEDIUM,MEDIUM severity PortScan detected,RF-NIDS classified this flow as PortScan with confidence 0.9908.,ACTIVE,,2026-09-17 09:42:28.86964+00,
22,2581,8040,MEDIUM,MEDIUM severity PortScan detected,RF-NIDS classified this flow as PortScan with confidence 0.9850.,ACTIVE,,2026-09-17 09:42:28.86964+00,
22,2582,8041,MEDIUM,MEDIUM severity PortScan detected,RF-NIDS classified this flow as PortScan with confidence 0.9859.,ACTIVE,,2026-09-17 09:42:28.86964+00,
22,2583,8042,MEDIUM,MEDIUM severity PortScan detected,RF-NIDS classified this flow as PortScan with confidence 0.9908.,ACTIVE,,2026-09-17 09:42:28.86964+00,
22,2584,8043,MEDIUM,MEDIUM severity PortScan detected,RF-NIDS classified this flow as PortScan with confidence 0.9881.,ACTIVE,,2026-09-17 09:42:28.86964+00,
22,2585,8044,MEDIUM,MEDIUM severity PortScan detected,RF-NIDS classified this flow as PortScan with confidence 0.9859.,ACTIVE,,2026-09-17 09:42:28.869641+00,
22,2586,8045,MEDIUM,MEDIUM severity PortScan detected,RF-NIDS classified this flow as PortScan with confidence 0.9881.,ACTIVE,,2026-09-17 09:42:28.869641+00,
22,2587,8046,MEDIUM,MEDIUM severity PortScan detected,RF-NIDS classified this flow as PortScan with confidence 0.9908.,ACTIVE,,2026-09-17 09:42:28.869641+00,
22,2588,8047,MEDIUM,MEDIUM severity PortScan detected,RF-NIDS classified this flow as PortScan with confidence 0.9850.,ACTIVE,,2026-09-17 09:42:28.869641+00,
22,2589,8048,MEDIUM,MEDIUM severity PortScan detected,RF-NIDS classified this flow as PortScan with confidence 0.9850.,ACTIVE,,2026-09-17 09:42:28.869641+00,
22,2590,8049,MEDIUM,MEDIUM severity PortScan detected,RF-NIDS classified this flow as PortScan with confidence 0.9850.,ACTIVE,,2026-09-17 09:42:28.869642+00,
22,2591,8050,MEDIUM,MEDIUM severity PortScan detected,RF-NIDS classified this flow as PortScan with confidence 0.9881.,ACTIVE,,2026-09-17 09:42:28.869642+00,
22,2592,8051,MEDIUM,MEDIUM severity PortScan detected,RF-NIDS classified this flow as PortScan with confidence 0.9908.,ACTIVE,,2026-09-17 09:42:28.869642+00,
22,2593,8052,MEDIUM,MEDIUM severity PortScan detected,RF-NIDS classified this flow as PortScan with confidence 0.9850.,ACTIVE,,2026-09-17 09:42:28.869642+00,
22,2594,8053,MEDIUM,MEDIUM severity PortScan detected,RF-NIDS classified this flow as PortScan with confidence 0.9859.,ACTIVE,,2026-09-17 09:42:28.869642+00,
22,2595,8054,MEDIUM,MEDIUM severity PortScan detected,RF-NIDS classified this flow as PortScan with confidence 0.9908.,ACTIVE,,2026-09-17 09:42:28.869643+00,
22,2596,8055,MEDIUM,MEDIUM severity PortScan detected,RF-NIDS classified this flow as PortScan with confidence 0.9908.,ACTIVE,,2026-09-17 09:42:28.869643+00,
22,2597,8056,MEDIUM,MEDIUM severity PortScan detected,RF-NIDS classified this flow as PortScan with confidence 0.9908.,ACTIVE,,2026-09-17 09:42:28.869643+00,
22,2598,8057,MEDIUM,MEDIUM severity PortScan detected,RF-NIDS classified this flow as PortScan with confidence 0.9908.,ACTIVE,,2026-09-17 09:42:28.869643+00,
22,2599,8058,MEDIUM,MEDIUM severity PortScan detected,RF-NIDS classified this flow as PortScan with confidence 0.9908.,ACTIVE,,2026-09-17 09:42:28.869643+00,
22,2600,8059,MEDIUM,MEDIUM severity PortScan detected,RF-NIDS classified this flow as PortScan with confidence 0.9908.,ACTIVE,,2026-09-17 09:42:28.869643+00,
22,2601,8060,MEDIUM,MEDIUM severity PortScan detected,RF-NIDS classified this flow as PortScan with confidence 0.9908.,ACTIVE,,2026-09-17 09:42:28.869644+00,
22,2602,8061,MEDIUM,MEDIUM severity PortScan detected,RF-NIDS classified this flow as PortScan with confidence 0.9908.,ACTIVE,,2026-09-17 09:42:28.869644+00,
22,2603,8062,MEDIUM,MEDIUM severity PortScan detected,RF-NIDS classified this flow as PortScan with confidence 0.9908.,ACTIVE,,2026-09-17 09:42:28.869644+00,
22,2604,8063,MEDIUM,MEDIUM severity PortScan detected,RF-NIDS classified this flow as PortScan with confidence 0.9908.,ACTIVE,,2026-09-17 09:42:28.869644+00,
22,2605,8064,MEDIUM,MEDIUM severity PortScan detected,RF-NIDS classified this flow as PortScan with confidence 0.9908.,ACTIVE,,2026-09-17 09:42:28.869644+00,
22,2606,8065,MEDIUM,MEDIUM severity PortScan detected,RF-NIDS classified this flow as PortScan with confidence 0.9908.,ACTIVE,,2026-09-17 09:42:28.869645+00,
22,2607,8066,MEDIUM,MEDIUM severity PortScan detected,RF-NIDS classified this flow as PortScan with confidence 0.9859.,ACTIVE,,2026-09-17 09:42:28.869645+00,
22,2608,8067,MEDIUM,MEDIUM severity PortScan detected,RF-NIDS classified this flow as PortScan with confidence 0.9908.,ACTIVE,,2026-09-17 09:42:28.869645+00,
22,2609,8068,MEDIUM,MEDIUM severity PortScan detected,RF-NIDS classified this flow as PortScan with confidence 0.9899.,ACTIVE,,2026-09-17 09:42:28.869645+00,
22,2610,8069,MEDIUM,MEDIUM severity PortScan detected,RF-NIDS classified this flow as PortScan with confidence 0.9908.,ACTIVE,,2026-09-17 09:42:28.869645+00,
22,2611,8070,MEDIUM,MEDIUM severity PortScan detected,RF-NIDS classified this flow as PortScan with confidence 0.9850.,ACTIVE,,2026-09-17 09:42:28.869645+00,
22,2612,8071,MEDIUM,MEDIUM severity PortScan detected,RF-NIDS classified this flow as PortScan with confidence 0.9908.,ACTIVE,,2026-09-17 09:42:28.869646+00,
22,2613,8072,MEDIUM,MEDIUM severity PortScan detected,RF-NIDS classified this flow as PortScan with confidence 0.9908.,ACTIVE,,2026-09-17 09:42:28.869646+00,
22,2614,8073,MEDIUM,MEDIUM severity PortScan detected,RF-NIDS classified this flow as PortScan with confidence 0.9859.,ACTIVE,,2026-09-17 09:42:28.869646+00,
22,2615,8074,MEDIUM,MEDIUM severity PortScan detected,RF-NIDS classified this flow as PortScan with confidence 0.9908.,ACTIVE,,2026-09-17 09:42:28.869646+00,
22,2616,8075,MEDIUM,MEDIUM severity PortScan detected,RF-NIDS classified this flow as PortScan with confidence 0.9908.,ACTIVE,,2026-09-17 09:42:28.869646+00,
22,2617,8076,MEDIUM,MEDIUM severity PortScan detected,RF-NIDS classified this flow as PortScan with confidence 0.9859.,ACTIVE,,2026-09-17 09:42:28.869647+00,
22,2618,8077,MEDIUM,MEDIUM severity PortScan detected,RF-NIDS classified this flow as PortScan with confidence 0.9908.,ACTIVE,,2026-09-17 09:42:28.869647+00,
22,2619,8078,MEDIUM,MEDIUM severity PortScan detected,RF-NIDS classified this flow as PortScan with confidence 0.9908.,ACTIVE,,2026-09-17 09:42:28.869647+00,
22,2620,8079,MEDIUM,MEDIUM severity PortScan detected,RF-NIDS classified this flow as PortScan with confidence 0.9850.,ACTIVE,,2026-09-17 09:42:28.869647+00,
22,2621,8080,MEDIUM,MEDIUM severity PortScan detected,RF-NIDS classified this flow as PortScan with confidence 0.9859.,ACTIVE,,2026-09-17 09:42:28.869647+00,
22,2622,8081,MEDIUM,MEDIUM severity PortScan detected,RF-NIDS classified this flow as PortScan with confidence 0.9859.,ACTIVE,,2026-09-17 09:42:28.869648+00,
22,2623,8082,MEDIUM,MEDIUM severity PortScan detected,RF-NIDS classified this flow as PortScan with confidence 0.9859.,ACTIVE,,2026-09-17 09:42:28.869648+00,
22,2624,8083,MEDIUM,MEDIUM severity PortScan detected,RF-NIDS classified this flow as PortScan with confidence 0.9859.,ACTIVE,,2026-09-17 09:42:28.869648+00,
22,2625,8084,MEDIUM,MEDIUM severity PortScan detected,RF-NIDS classified this flow as PortScan with confidence 0.9859.,ACTIVE,,2026-09-17 09:42:28.869648+00,
22,2626,8085,MEDIUM,MEDIUM severity PortScan detected,RF-NIDS classified this flow as PortScan with confidence 0.9908.,ACTIVE,,2026-09-17 09:42:28.869648+00,
22,2627,8086,MEDIUM,MEDIUM severity PortScan detected,RF-NIDS classified this flow as PortScan with confidence 0.9908.,ACTIVE,,2026-09-17 09:42:28.869648+00,
22,2628,8087,MEDIUM,MEDIUM severity PortScan detected,RF-NIDS classified this flow as PortScan with confidence 0.9908.,ACTIVE,,2026-09-17 09:42:28.869649+00,
22,2629,8088,MEDIUM,MEDIUM severity PortScan detected,RF-NIDS classified this flow as PortScan with confidence 0.9859.,ACTIVE,,2026-09-17 09:42:28.869649+00,
22,2630,8089,MEDIUM,MEDIUM severity PortScan detected,RF-NIDS classified this flow as PortScan with confidence 0.9850.,ACTIVE,,2026-09-17 09:42:28.869649+00,
22,2631,8090,MEDIUM,MEDIUM severity PortScan detected,RF-NIDS classified this flow as PortScan with confidence 0.9908.,ACTIVE,,2026-09-17 09:42:28.869649+00,
22,2632,8091,MEDIUM,MEDIUM severity PortScan detected,RF-NIDS classified this flow as PortScan with confidence 0.9908.,ACTIVE,,2026-09-17 09:42:28.869649+00,
22,2633,8092,MEDIUM,MEDIUM severity PortScan detected,RF-NIDS classified this flow as PortScan with confidence 0.9859.,ACTIVE,,2026-09-17 09:42:28.86965+00,
22,2634,8093,MEDIUM,MEDIUM severity PortScan detected,RF-NIDS classified this flow as PortScan with confidence 0.9908.,ACTIVE,,2026-09-17 09:42:28.86965+00,
22,2635,8094,MEDIUM,MEDIUM severity PortScan detected,RF-NIDS classified this flow as PortScan with confidence 0.9859.,ACTIVE,,2026-09-17 09:42:28.86965+00,
22,2636,8095,MEDIUM,MEDIUM severity PortScan detected,RF-NIDS classified this flow as PortScan with confidence 0.9908.,ACTIVE,,2026-09-17 09:42:28.86965+00,
22,2637,8096,MEDIUM,MEDIUM severity PortScan detected,RF-NIDS classified this flow as PortScan with confidence 0.9908.,ACTIVE,,2026-09-17 09:42:28.86965+00,
22,2638,8097,MEDIUM,MEDIUM severity PortScan detected,RF-NIDS classified this flow as PortScan with confidence 0.9908.,ACTIVE,,2026-09-17 09:42:28.869651+00,
22,2639,8098,MEDIUM,MEDIUM severity PortScan detected,RF-NIDS classified this flow as PortScan with confidence 0.9908.,ACTIVE,,2026-09-17 09:42:28.869651+00,
22,2640,8099,MEDIUM,MEDIUM severity PortScan detected,RF-NIDS classified this flow as PortScan with confidence 0.9908.,ACTIVE,,2026-09-17 09:42:28.869651+00,
22,2641,8100,MEDIUM,MEDIUM severity PortScan detected,RF-NIDS classified this flow as PortScan with confidence 0.9859.,ACTIVE,,2026-09-17 09:42:28.869651+00,
22,2642,8101,MEDIUM,MEDIUM severity PortScan detected,RF-NIDS classified this flow as PortScan with confidence 0.9859.,ACTIVE,,2026-09-17 09:42:28.869651+00,
22,2643,8102,MEDIUM,MEDIUM severity PortScan detected,RF-NIDS classified this flow as PortScan with confidence 0.9908.,ACTIVE,,2026-09-17 09:42:28.869652+00,
22,2644,8103,MEDIUM,MEDIUM severity PortScan detected,RF-NIDS classified this flow as PortScan with confidence 0.9908.,ACTIVE,,2026-09-17 09:42:28.869652+00,
22,2645,8104,MEDIUM,MEDIUM severity PortScan detected,RF-NIDS classified this flow as PortScan with confidence 0.9911.,ACTIVE,,2026-09-17 09:42:28.869652+00,
22,2646,8105,MEDIUM,MEDIUM severity PortScan detected,RF-NIDS classified this flow as PortScan with confidence 0.9908.,ACTIVE,,2026-09-17 09:42:28.869652+00,
22,2647,8106,MEDIUM,MEDIUM severity PortScan detected,RF-NIDS classified this flow as PortScan with confidence 0.9908.,ACTIVE,,2026-09-17 09:42:28.869652+00,
22,2648,8107,MEDIUM,MEDIUM severity PortScan detected,RF-NIDS classified this flow as PortScan with confidence 0.9859.,ACTIVE,,2026-09-17 09:42:28.869652+00,
22,2649,8108,MEDIUM,MEDIUM severity PortScan detected,RF-NIDS classified this flow as PortScan with confidence 0.9908.,ACTIVE,,2026-09-17 09:42:28.869653+00,
22,2650,8109,MEDIUM,MEDIUM severity PortScan detected,RF-NIDS classified this flow as PortScan with confidence 0.9908.,ACTIVE,,2026-09-17 09:42:28.869653+00,
22,2651,8110,MEDIUM,MEDIUM severity PortScan detected,RF-NIDS classified this flow as PortScan with confidence 0.9859.,ACTIVE,,2026-09-17 09:42:28.869653+00,
22,2652,8111,MEDIUM,MEDIUM severity PortScan detected,RF-NIDS classified this flow as PortScan with confidence 0.9850.,ACTIVE,,2026-09-17 09:42:28.869653+00,
22,2653,8112,MEDIUM,MEDIUM severity PortScan detected,RF-NIDS classified this flow as PortScan with confidence 0.9911.,ACTIVE,,2026-09-17 09:42:28.869653+00,
22,2654,8113,MEDIUM,MEDIUM severity PortScan detected,RF-NIDS classified this flow as PortScan with confidence 0.9908.,ACTIVE,,2026-09-17 09:42:28.869654+00,
22,2655,8114,MEDIUM,MEDIUM severity PortScan detected,RF-NIDS classified this flow as PortScan with confidence 0.9908.,ACTIVE,,2026-09-17 09:42:28.869654+00,
22,2656,8115,MEDIUM,MEDIUM severity PortScan detected,RF-NIDS classified this flow as PortScan with confidence 0.9630.,ACTIVE,,2026-09-17 09:42:28.869654+00,
22,2657,8116,MEDIUM,MEDIUM severity PortScan detected,RF-NIDS classified this flow as PortScan with confidence 0.9859.,ACTIVE,,2026-09-17 09:42:28.869654+00,
22,2658,8117,MEDIUM,MEDIUM severity PortScan detected,RF-NIDS classified this flow as PortScan with confidence 0.9859.,ACTIVE,,2026-09-17 09:42:28.869654+00,
22,2659,8118,MEDIUM,MEDIUM severity PortScan detected,RF-NIDS classified this flow as PortScan with confidence 0.9859.,ACTIVE,,2026-09-17 09:42:28.869655+00,
22,2660,8119,MEDIUM,MEDIUM severity PortScan detected,RF-NIDS classified this flow as PortScan with confidence 0.9908.,ACTIVE,,2026-09-17 09:42:28.869655+00,
22,2661,8120,MEDIUM,MEDIUM severity PortScan detected,RF-NIDS classified this flow as PortScan with confidence 0.9908.,ACTIVE,,2026-09-17 09:42:28.869655+00,
22,2662,8121,MEDIUM,MEDIUM severity PortScan detected,RF-NIDS classified this flow as PortScan with confidence 0.9908.,ACTIVE,,2026-09-17 09:42:28.869655+00,
22,2663,8122,MEDIUM,MEDIUM severity PortScan detected,RF-NIDS classified this flow as PortScan with confidence 0.9859.,ACTIVE,,2026-09-17 09:42:28.869655+00,
22,2664,8123,MEDIUM,MEDIUM severity PortScan detected,RF-NIDS classified this flow as PortScan with confidence 0.9859.,ACTIVE,,2026-09-17 09:42:28.869655+00,
22,2665,8124,MEDIUM,MEDIUM severity PortScan detected,RF-NIDS classified this flow as PortScan with confidence 0.9908.,ACTIVE,,2026-09-17 09:42:28.869656+00,
22,2666,8125,MEDIUM,MEDIUM severity PortScan detected,RF-NIDS classified this flow as PortScan with confidence 0.9908.,ACTIVE,,2026-09-17 09:42:28.869656+00,
22,2667,8126,MEDIUM,MEDIUM severity PortScan detected,RF-NIDS classified this flow as PortScan with confidence 0.9850.,ACTIVE,,2026-09-17 09:42:28.869656+00,
22,2668,8127,MEDIUM,MEDIUM severity PortScan detected,RF-NIDS classified this flow as PortScan with confidence 0.9908.,ACTIVE,,2026-09-17 09:42:28.869656+00,
22,2669,8128,MEDIUM,MEDIUM severity PortScan detected,RF-NIDS classified this flow as PortScan with confidence 0.9859.,ACTIVE,,2026-09-17 09:42:28.869656+00,
22,2670,8129,MEDIUM,MEDIUM severity PortScan detected,RF-NIDS classified this flow as PortScan with confidence 0.9859.,ACTIVE,,2026-09-17 09:42:28.869657+00,
22,2671,8130,MEDIUM,MEDIUM severity PortScan detected,RF-NIDS classified this flow as PortScan with confidence 0.9908.,ACTIVE,,2026-09-17 09:42:28.869657+00,
22,2672,8131,MEDIUM,MEDIUM severity PortScan detected,RF-NIDS classified this flow as PortScan with confidence 0.9859.,ACTIVE,,2026-09-17 09:42:28.869657+00,
22,2673,8132,MEDIUM,MEDIUM severity PortScan detected,RF-NIDS classified this flow as PortScan with confidence 0.9908.,ACTIVE,,2026-09-17 09:42:28.869657+00,
22,2674,8133,MEDIUM,MEDIUM severity PortScan detected,RF-NIDS classified this flow as PortScan with confidence 0.9911.,ACTIVE,,2026-09-17 09:42:28.869657+00,
22,2675,8134,MEDIUM,MEDIUM severity PortScan detected,RF-NIDS classified this flow as PortScan with confidence 0.9908.,ACTIVE,,2026-09-17 09:42:28.869658+00,
22,2676,8135,MEDIUM,MEDIUM severity PortScan detected,RF-NIDS classified this flow as PortScan with confidence 0.9908.,ACTIVE,,2026-09-17 09:42:28.869658+00,
22,2677,8136,MEDIUM,MEDIUM severity PortScan detected,RF-NIDS classified this flow as PortScan with confidence 0.9908.,ACTIVE,,2026-09-17 09:42:28.869658+00,
22,2678,8137,MEDIUM,MEDIUM severity PortScan detected,RF-NIDS classified this flow as PortScan with confidence 0.9911.,ACTIVE,,2026-09-17 09:42:28.869658+00,
22,2679,8138,MEDIUM,MEDIUM severity PortScan detected,RF-NIDS classified this flow as PortScan with confidence 0.9908.,ACTIVE,,2026-09-17 09:42:28.869658+00,
22,2680,8139,MEDIUM,MEDIUM severity PortScan detected,RF-NIDS classified this flow as PortScan with confidence 0.9908.,ACTIVE,,2026-09-17 09:42:28.869658+00,
22,2681,8140,MEDIUM,MEDIUM severity PortScan detected,RF-NIDS classified this flow as PortScan with confidence 0.9859.,ACTIVE,,2026-09-17 09:42:28.869659+00,
22,2682,8141,MEDIUM,MEDIUM severity PortScan detected,RF-NIDS classified this flow as PortScan with confidence 0.9908.,ACTIVE,,2026-09-17 09:42:28.869659+00,
22,2683,8142,MEDIUM,MEDIUM severity PortScan detected,RF-NIDS classified this flow as PortScan with confidence 0.9908.,ACTIVE,,2026-09-17 09:42:28.869659+00,
22,2684,8143,MEDIUM,MEDIUM severity PortScan detected,RF-NIDS classified this flow as PortScan with confidence 0.9908.,ACTIVE,,2026-09-17 09:42:28.869659+00,
22,2685,8144,MEDIUM,MEDIUM severity PortScan detected,RF-NIDS classified this flow as PortScan with confidence 0.9859.,ACTIVE,,2026-09-17 09:42:28.869659+00,
22,2686,8145,MEDIUM,MEDIUM severity PortScan detected,RF-NIDS classified this flow as PortScan with confidence 0.9908.,ACTIVE,,2026-09-17 09:42:28.86966+00,
22,2687,8146,MEDIUM,MEDIUM severity PortScan detected,RF-NIDS classified this flow as PortScan with confidence 0.9908.,ACTIVE,,2026-09-17 09:42:28.86966+00,
22,2688,8147,MEDIUM,MEDIUM severity PortScan detected,RF-NIDS classified this flow as PortScan with confidence 0.9908.,ACTIVE,,2026-09-17 09:42:28.86966+00,
22,2689,8148,MEDIUM,MEDIUM severity PortScan detected,RF-NIDS classified this flow as PortScan with confidence 0.9908.,ACTIVE,,2026-09-17 09:42:28.86966+00,
22,2690,8149,MEDIUM,MEDIUM severity PortScan detected,RF-NIDS classified this flow as PortScan with confidence 0.9908.,ACTIVE,,2026-09-17 09:42:28.86966+00,
22,2691,8150,MEDIUM,MEDIUM severity PortScan detected,RF-NIDS classified this flow as PortScan with confidence 0.9908.,ACTIVE,,2026-09-17 09:42:28.869661+00,
22,2692,8151,MEDIUM,MEDIUM severity PortScan detected,RF-NIDS classified this flow as PortScan with confidence 0.9908.,ACTIVE,,2026-09-17 09:42:28.869661+00,
22,2693,8152,MEDIUM,MEDIUM severity PortScan detected,RF-NIDS classified this flow as PortScan with confidence 0.9908.,ACTIVE,,2026-09-17 09:42:28.869661+00,
22,2694,8153,MEDIUM,MEDIUM severity PortScan detected,RF-NIDS classified this flow as PortScan with confidence 0.9908.,ACTIVE,,2026-09-17 09:42:28.869661+00,
22,2695,8154,MEDIUM,MEDIUM severity PortScan detected,RF-NIDS classified this flow as PortScan with confidence 0.9859.,ACTIVE,,2026-09-17 09:42:28.869661+00,
22,2696,8155,MEDIUM,MEDIUM severity PortScan detected,RF-NIDS classified this flow as PortScan with confidence 0.9859.,ACTIVE,,2026-09-17 09:42:28.869662+00,
22,2697,8156,MEDIUM,MEDIUM severity PortScan detected,RF-NIDS classified this flow as PortScan with confidence 0.9859.,ACTIVE,,2026-09-17 09:42:28.869662+00,
22,2698,8157,MEDIUM,MEDIUM severity PortScan detected,RF-NIDS classified this flow as PortScan with confidence 0.9850.,ACTIVE,,2026-09-17 09:42:28.869662+00,
22,2699,8158,MEDIUM,MEDIUM severity PortScan detected,RF-NIDS classified this flow as PortScan with confidence 0.9908.,ACTIVE,,2026-09-17 09:42:28.869662+00,
22,2700,8159,MEDIUM,MEDIUM severity PortScan detected,RF-NIDS classified this flow as PortScan with confidence 0.9859.,ACTIVE,,2026-09-17 09:42:28.869662+00,
22,2701,8160,MEDIUM,MEDIUM severity PortScan detected,RF-NIDS classified this flow as PortScan with confidence 0.9879.,ACTIVE,,2026-09-17 09:42:28.869662+00,
22,2702,8161,MEDIUM,MEDIUM severity PortScan detected,RF-NIDS classified this flow as PortScan with confidence 0.9908.,ACTIVE,,2026-09-17 09:42:28.869663+00,
22,2703,8162,MEDIUM,MEDIUM severity PortScan detected,RF-NIDS classified this flow as PortScan with confidence 0.9908.,ACTIVE,,2026-09-17 09:42:28.869663+00,
22,2704,8163,MEDIUM,MEDIUM severity PortScan detected,RF-NIDS classified this flow as PortScan with confidence 0.9908.,ACTIVE,,2026-09-17 09:42:28.869663+00,
22,2705,8164,MEDIUM,MEDIUM severity PortScan detected,RF-NIDS classified this flow as PortScan with confidence 0.9908.,ACTIVE,,2026-09-17 09:42:28.869663+00,
22,2706,8165,MEDIUM,MEDIUM severity PortScan detected,RF-NIDS classified this flow as PortScan with confidence 0.9859.,ACTIVE,,2026-09-17 09:42:28.869663+00,
22,2707,8166,MEDIUM,MEDIUM severity PortScan detected,RF-NIDS classified this flow as PortScan with confidence 0.9908.,ACTIVE,,2026-09-17 09:42:28.869664+00,
22,2708,8167,MEDIUM,MEDIUM severity PortScan detected,RF-NIDS classified this flow as PortScan with confidence 0.9911.,ACTIVE,,2026-09-17 09:42:28.869664+00,
22,2709,8168,MEDIUM,MEDIUM severity PortScan detected,RF-NIDS classified this flow as PortScan with confidence 0.9908.,ACTIVE,,2026-09-17 09:42:28.869664+00,
22,2710,8169,MEDIUM,MEDIUM severity PortScan detected,RF-NIDS classified this flow as PortScan with confidence 0.9899.,ACTIVE,,2026-09-17 09:42:28.869664+00,
22,2711,8170,MEDIUM,MEDIUM severity PortScan detected,RF-NIDS classified this flow as PortScan with confidence 0.9908.,ACTIVE,,2026-09-17 09:42:28.869664+00,
22,2712,8171,MEDIUM,MEDIUM severity PortScan detected,RF-NIDS classified this flow as PortScan with confidence 0.9859.,ACTIVE,,2026-09-17 09:42:28.869665+00,
22,2713,8172,MEDIUM,MEDIUM severity PortScan detected,RF-NIDS classified this flow as PortScan with confidence 0.9859.,ACTIVE,,2026-09-17 09:42:28.869665+00,
22,2714,8173,MEDIUM,MEDIUM severity PortScan detected,RF-NIDS classified this flow as PortScan with confidence 0.9908.,ACTIVE,,2026-09-17 09:42:28.869665+00,
22,2715,8174,MEDIUM,MEDIUM severity PortScan detected,RF-NIDS classified this flow as PortScan with confidence 0.9908.,ACTIVE,,2026-09-17 09:42:28.869665+00,
22,2716,8175,MEDIUM,MEDIUM severity PortScan detected,RF-NIDS classified this flow as PortScan with confidence 0.9908.,ACTIVE,,2026-09-17 09:42:28.869665+00,
22,2717,8176,MEDIUM,MEDIUM severity PortScan detected,RF-NIDS classified this flow as PortScan with confidence 0.9859.,ACTIVE,,2026-09-17 09:42:28.869665+00,
22,2718,8177,MEDIUM,MEDIUM severity PortScan detected,RF-NIDS classified this flow as PortScan with confidence 0.9859.,ACTIVE,,2026-09-17 09:42:28.869666+00,
22,2719,8178,MEDIUM,MEDIUM severity PortScan detected,RF-NIDS classified this flow as PortScan with confidence 0.9908.,ACTIVE,,2026-09-17 09:42:28.869666+00,
22,2720,8179,MEDIUM,MEDIUM severity PortScan detected,RF-NIDS classified this flow as PortScan with confidence 0.9908.,ACTIVE,,2026-09-17 09:42:28.869666+00,
22,2721,8180,MEDIUM,MEDIUM severity PortScan detected,RF-NIDS classified this flow as PortScan with confidence 0.9859.,ACTIVE,,2026-09-17 09:42:28.869666+00,
22,2722,8181,MEDIUM,MEDIUM severity PortScan detected,RF-NIDS classified this flow as PortScan with confidence 0.9908.,ACTIVE,,2026-09-17 09:42:28.869666+00,
22,2723,8182,MEDIUM,MEDIUM severity PortScan detected,RF-NIDS classified this flow as PortScan with confidence 0.9908.,ACTIVE,,2026-09-17 09:42:28.869667+00,
22,2724,8183,MEDIUM,MEDIUM severity PortScan detected,RF-NIDS classified this flow as PortScan with confidence 0.9859.,ACTIVE,,2026-09-17 09:42:28.869667+00,
22,2725,8184,MEDIUM,MEDIUM severity PortScan detected,RF-NIDS classified this flow as PortScan with confidence 0.9859.,ACTIVE,,2026-09-17 09:42:28.869667+00,
22,2726,8185,MEDIUM,MEDIUM severity PortScan detected,RF-NIDS classified this flow as PortScan with confidence 0.9908.,ACTIVE,,2026-09-17 09:42:28.869667+00,
22,2727,8186,MEDIUM,MEDIUM severity PortScan detected,RF-NIDS classified this flow as PortScan with confidence 0.9908.,ACTIVE,,2026-09-17 09:42:28.869667+00,
22,2728,8187,MEDIUM,MEDIUM severity PortScan detected,RF-NIDS classified this flow as PortScan with confidence 0.9859.,ACTIVE,,2026-09-17 09:42:28.869668+00,
22,2729,8188,MEDIUM,MEDIUM severity PortScan detected,RF-NIDS classified this flow as PortScan with confidence 0.9908.,ACTIVE,,2026-09-17 09:42:28.869668+00,
22,2730,8189,MEDIUM,MEDIUM severity PortScan detected,RF-NIDS classified this flow as PortScan with confidence 0.9908.,ACTIVE,,2026-09-17 09:42:28.869668+00,
22,2731,8190,MEDIUM,MEDIUM severity PortScan detected,RF-NIDS classified this flow as PortScan with confidence 0.9908.,ACTIVE,,2026-09-17 09:42:28.869668+00,
22,2732,8191,MEDIUM,MEDIUM severity PortScan detected,RF-NIDS classified this flow as PortScan with confidence 0.9881.,ACTIVE,,2026-09-17 09:42:28.869668+00,
22,2733,8192,MEDIUM,MEDIUM severity PortScan detected,RF-NIDS classified this flow as PortScan with confidence 0.9908.,ACTIVE,,2026-09-17 09:42:28.869668+00,
22,2734,8193,MEDIUM,MEDIUM severity PortScan detected,RF-NIDS classified this flow as PortScan with confidence 0.9908.,ACTIVE,,2026-09-17 09:42:28.869669+00,
22,2735,8194,MEDIUM,MEDIUM severity PortScan detected,RF-NIDS classified this flow as PortScan with confidence 0.9807.,ACTIVE,,2026-09-17 09:42:28.869669+00,
22,2736,8195,MEDIUM,MEDIUM severity PortScan detected,RF-NIDS classified this flow as PortScan with confidence 0.9859.,ACTIVE,,2026-09-17 09:42:28.869669+00,
22,2737,8196,MEDIUM,MEDIUM severity PortScan detected,RF-NIDS classified this flow as PortScan with confidence 0.9859.,ACTIVE,,2026-09-17 09:42:28.869669+00,
22,2738,8197,MEDIUM,MEDIUM severity PortScan detected,RF-NIDS classified this flow as PortScan with confidence 0.9630.,ACTIVE,,2026-09-17 09:42:28.869669+00,
22,2739,8198,MEDIUM,MEDIUM severity PortScan detected,RF-NIDS classified this flow as PortScan with confidence 0.9859.,ACTIVE,,2026-09-17 09:42:28.86967+00,
22,2740,8199,MEDIUM,MEDIUM severity PortScan detected,RF-NIDS classified this flow as PortScan with confidence 0.9908.,ACTIVE,,2026-09-17 09:42:28.86967+00,
22,2741,8200,MEDIUM,MEDIUM severity PortScan detected,RF-NIDS classified this flow as PortScan with confidence 0.9908.,ACTIVE,,2026-09-17 09:42:28.86967+00,
22,2742,8201,MEDIUM,MEDIUM severity PortScan detected,RF-NIDS classified this flow as PortScan with confidence 0.9850.,ACTIVE,,2026-09-17 09:42:28.86967+00,
22,2743,8202,MEDIUM,MEDIUM severity PortScan detected,RF-NIDS classified this flow as PortScan with confidence 0.9908.,ACTIVE,,2026-09-17 09:42:28.86967+00,
22,2744,8203,MEDIUM,MEDIUM severity PortScan detected,RF-NIDS classified this flow as PortScan with confidence 0.9859.,ACTIVE,,2026-09-17 09:42:28.869671+00,
22,2745,8204,MEDIUM,MEDIUM severity PortScan detected,RF-NIDS classified this flow as PortScan with confidence 0.9908.,ACTIVE,,2026-09-17 09:42:28.869671+00,
22,2746,8205,MEDIUM,MEDIUM severity PortScan detected,RF-NIDS classified this flow as PortScan with confidence 0.9859.,ACTIVE,,2026-09-17 09:42:28.869671+00,
22,2747,8206,MEDIUM,MEDIUM severity PortScan detected,RF-NIDS classified this flow as PortScan with confidence 0.9881.,ACTIVE,,2026-09-17 09:42:28.869671+00,
22,2748,8207,MEDIUM,MEDIUM severity PortScan detected,RF-NIDS classified this flow as PortScan with confidence 0.9630.,ACTIVE,,2026-09-17 09:42:28.869671+00,
22,2749,8208,MEDIUM,MEDIUM severity PortScan detected,RF-NIDS classified this flow as PortScan with confidence 0.9908.,ACTIVE,,2026-09-17 09:42:28.869671+00,
22,2750,8209,MEDIUM,MEDIUM severity PortScan detected,RF-NIDS classified this flow as PortScan with confidence 0.9908.,ACTIVE,,2026-09-17 09:42:28.869672+00,
22,2751,8210,MEDIUM,MEDIUM severity PortScan detected,RF-NIDS classified this flow as PortScan with confidence 0.9908.,ACTIVE,,2026-09-17 09:42:28.869672+00,
22,2752,8211,MEDIUM,MEDIUM severity PortScan detected,RF-NIDS classified this flow as PortScan with confidence 0.9899.,ACTIVE,,2026-09-17 09:42:28.869672+00,
22,2753,8212,MEDIUM,MEDIUM severity PortScan detected,RF-NIDS classified this flow as PortScan with confidence 0.9908.,ACTIVE,,2026-09-17 09:42:28.869672+00,
22,2754,8213,MEDIUM,MEDIUM severity PortScan detected,RF-NIDS classified this flow as PortScan with confidence 0.9908.,ACTIVE,,2026-09-17 09:42:28.869672+00,
22,2755,8214,MEDIUM,MEDIUM severity PortScan detected,RF-NIDS classified this flow as PortScan with confidence 0.9859.,ACTIVE,,2026-09-17 09:42:28.869673+00,
22,2756,8215,MEDIUM,MEDIUM severity PortScan detected,RF-NIDS classified this flow as PortScan with confidence 0.4345.,ACTIVE,,2026-09-17 09:42:28.869673+00,
22,2757,8216,MEDIUM,MEDIUM severity PortScan detected,RF-NIDS classified this flow as PortScan with confidence 0.9908.,ACTIVE,,2026-09-17 09:42:28.869673+00,
22,2758,8217,MEDIUM,MEDIUM severity PortScan detected,RF-NIDS classified this flow as PortScan with confidence 0.9859.,ACTIVE,,2026-09-17 09:42:28.869673+00,
22,2759,8218,MEDIUM,MEDIUM severity PortScan detected,RF-NIDS classified this flow as PortScan with confidence 0.9859.,ACTIVE,,2026-09-17 09:42:28.869673+00,
22,2760,8219,MEDIUM,MEDIUM severity PortScan detected,RF-NIDS classified this flow as PortScan with confidence 0.9859.,ACTIVE,,2026-09-17 09:42:28.869674+00,
22,2761,8220,MEDIUM,MEDIUM severity PortScan detected,RF-NIDS classified this flow as PortScan with confidence 0.9908.,ACTIVE,,2026-09-17 09:42:28.869674+00,
22,2762,8221,MEDIUM,MEDIUM severity PortScan detected,RF-NIDS classified this flow as PortScan with confidence 0.9859.,ACTIVE,,2026-09-17 09:42:28.869674+00,
22,2763,8222,MEDIUM,MEDIUM severity PortScan detected,RF-NIDS classified this flow as PortScan with confidence 0.9859.,ACTIVE,,2026-09-17 09:42:28.869674+00,
22,2764,8223,MEDIUM,MEDIUM severity PortScan detected,RF-NIDS classified this flow as PortScan with confidence 0.9908.,ACTIVE,,2026-09-17 09:42:28.869674+00,
22,2765,8224,MEDIUM,MEDIUM severity PortScan detected,RF-NIDS classified this flow as PortScan with confidence 0.9859.,ACTIVE,,2026-09-17 09:42:28.869674+00,
22,2766,8225,MEDIUM,MEDIUM severity PortScan detected,RF-NIDS classified this flow as PortScan with confidence 0.9908.,ACTIVE,,2026-09-17 09:42:28.869675+00,
22,2767,8226,MEDIUM,MEDIUM severity PortScan detected,RF-NIDS classified this flow as PortScan with confidence 0.9911.,ACTIVE,,2026-09-17 09:42:28.869675+00,
22,2768,8227,MEDIUM,MEDIUM severity PortScan detected,RF-NIDS classified this flow as PortScan with confidence 0.9908.,ACTIVE,,2026-09-17 09:42:28.869675+00,
22,2769,8228,MEDIUM,MEDIUM severity PortScan detected,RF-NIDS classified this flow as PortScan with confidence 0.9908.,ACTIVE,,2026-09-17 09:42:28.869675+00,
22,2770,8229,MEDIUM,MEDIUM severity PortScan detected,RF-NIDS classified this flow as PortScan with confidence 0.9908.,ACTIVE,,2026-09-17 09:42:28.869675+00,
22,2771,8230,MEDIUM,MEDIUM severity PortScan detected,RF-NIDS classified this flow as PortScan with confidence 0.9908.,ACTIVE,,2026-09-17 09:42:28.869676+00,
22,2772,8231,MEDIUM,MEDIUM severity PortScan detected,RF-NIDS classified this flow as PortScan with confidence 0.9859.,ACTIVE,,2026-09-17 09:42:28.869676+00,
22,2773,8232,MEDIUM,MEDIUM severity PortScan detected,RF-NIDS classified this flow as PortScan with confidence 0.9908.,ACTIVE,,2026-09-17 09:42:28.869676+00,
22,2774,8233,MEDIUM,MEDIUM severity PortScan detected,RF-NIDS classified this flow as PortScan with confidence 0.9911.,ACTIVE,,2026-09-17 09:42:28.869676+00,
22,2775,8234,MEDIUM,MEDIUM severity PortScan detected,RF-NIDS classified this flow as PortScan with confidence 0.9908.,ACTIVE,,2026-09-17 09:42:28.869676+00,
22,2776,8235,MEDIUM,MEDIUM severity PortScan detected,RF-NIDS classified this flow as PortScan with confidence 0.9859.,ACTIVE,,2026-09-17 09:42:28.869677+00,
22,2777,8236,MEDIUM,MEDIUM severity PortScan detected,RF-NIDS classified this flow as PortScan with confidence 0.9908.,ACTIVE,,2026-09-17 09:42:28.869677+00,
22,2778,8237,MEDIUM,MEDIUM severity PortScan detected,RF-NIDS classified this flow as PortScan with confidence 0.9831.,ACTIVE,,2026-09-17 09:42:28.869677+00,
22,2779,8238,MEDIUM,MEDIUM severity PortScan detected,RF-NIDS classified this flow as PortScan with confidence 0.9881.,ACTIVE,,2026-09-17 09:42:28.869677+00,
22,2780,8239,MEDIUM,MEDIUM severity PortScan detected,RF-NIDS classified this flow as PortScan with confidence 0.9859.,ACTIVE,,2026-09-17 09:42:28.869677+00,
22,2781,8240,MEDIUM,MEDIUM severity PortScan detected,RF-NIDS classified this flow as PortScan with confidence 0.9908.,ACTIVE,,2026-09-17 09:42:28.869678+00,
22,2782,8241,MEDIUM,MEDIUM severity PortScan detected,RF-NIDS classified this flow as PortScan with confidence 0.9859.,ACTIVE,,2026-09-17 09:42:28.869678+00,
22,2783,8242,MEDIUM,MEDIUM severity PortScan detected,RF-NIDS classified this flow as PortScan with confidence 0.9908.,ACTIVE,,2026-09-17 09:42:28.869678+00,
22,2784,8243,MEDIUM,MEDIUM severity PortScan detected,RF-NIDS classified this flow as PortScan with confidence 0.9908.,ACTIVE,,2026-09-17 09:42:28.869678+00,
22,2785,8244,MEDIUM,MEDIUM severity PortScan detected,RF-NIDS classified this flow as PortScan with confidence 0.9908.,ACTIVE,,2026-09-17 09:42:28.869678+00,
22,2786,8245,MEDIUM,MEDIUM severity PortScan detected,RF-NIDS classified this flow as PortScan with confidence 0.9859.,ACTIVE,,2026-09-17 09:42:28.869679+00,
22,2787,8246,MEDIUM,MEDIUM severity PortScan detected,RF-NIDS classified this flow as PortScan with confidence 0.9881.,ACTIVE,,2026-09-17 09:42:28.869679+00,
22,2788,8247,MEDIUM,MEDIUM severity PortScan detected,RF-NIDS classified this flow as PortScan with confidence 0.9850.,ACTIVE,,2026-09-17 09:42:28.869679+00,
22,2789,8248,MEDIUM,MEDIUM severity PortScan detected,RF-NIDS classified this flow as PortScan with confidence 0.9908.,ACTIVE,,2026-09-17 09:42:28.869679+00,
22,2790,8249,MEDIUM,MEDIUM severity PortScan detected,RF-NIDS classified this flow as PortScan with confidence 0.9908.,ACTIVE,,2026-09-17 09:42:28.869679+00,
22,2791,8250,MEDIUM,MEDIUM severity PortScan detected,RF-NIDS classified this flow as PortScan with confidence 0.9908.,ACTIVE,,2026-09-17 09:42:28.869679+00,
22,2792,8251,MEDIUM,MEDIUM severity PortScan detected,RF-NIDS classified this flow as PortScan with confidence 0.9908.,ACTIVE,,2026-09-17 09:42:28.86968+00,
22,2793,8252,MEDIUM,MEDIUM severity PortScan detected,RF-NIDS classified this flow as PortScan with confidence 0.9908.,ACTIVE,,2026-09-17 09:42:28.86968+00,
22,2794,8253,MEDIUM,MEDIUM severity PortScan detected,RF-NIDS classified this flow as PortScan with confidence 0.9908.,ACTIVE,,2026-09-17 09:42:28.86968+00,
22,2795,8254,MEDIUM,MEDIUM severity PortScan detected,RF-NIDS classified this flow as PortScan with confidence 0.9908.,ACTIVE,,2026-09-17 09:42:28.86968+00,
22,2796,8255,MEDIUM,MEDIUM severity PortScan detected,RF-NIDS classified this flow as PortScan with confidence 0.9859.,ACTIVE,,2026-09-17 09:42:28.86968+00,
22,2797,8256,MEDIUM,MEDIUM severity PortScan detected,RF-NIDS classified this flow as PortScan with confidence 0.9908.,ACTIVE,,2026-09-17 09:42:28.869681+00,
22,2798,8257,MEDIUM,MEDIUM severity PortScan detected,RF-NIDS classified this flow as PortScan with confidence 0.9859.,ACTIVE,,2026-09-17 09:42:28.869681+00,
22,2799,8258,MEDIUM,MEDIUM severity PortScan detected,RF-NIDS classified this flow as PortScan with confidence 0.9908.,ACTIVE,,2026-09-17 09:42:28.869681+00,
22,2800,8259,MEDIUM,MEDIUM severity PortScan detected,RF-NIDS classified this flow as PortScan with confidence 0.9908.,ACTIVE,,2026-09-17 09:42:28.869681+00,
22,2801,8260,MEDIUM,MEDIUM severity PortScan detected,RF-NIDS classified this flow as PortScan with confidence 0.9908.,ACTIVE,,2026-09-17 09:42:28.869681+00,
22,2802,8261,MEDIUM,MEDIUM severity PortScan detected,RF-NIDS classified this flow as PortScan with confidence 0.9908.,ACTIVE,,2026-09-17 09:42:28.869681+00,
22,2803,8262,MEDIUM,MEDIUM severity PortScan detected,RF-NIDS classified this flow as PortScan with confidence 0.9908.,ACTIVE,,2026-09-17 09:42:28.869682+00,
22,2804,8263,MEDIUM,MEDIUM severity PortScan detected,RF-NIDS classified this flow as PortScan with confidence 0.9908.,ACTIVE,,2026-09-17 09:42:28.869682+00,
22,2805,8264,MEDIUM,MEDIUM severity PortScan detected,RF-NIDS classified this flow as PortScan with confidence 0.9908.,ACTIVE,,2026-09-17 09:42:28.869682+00,
22,2806,8265,MEDIUM,MEDIUM severity PortScan detected,RF-NIDS classified this flow as PortScan with confidence 0.9908.,ACTIVE,,2026-09-17 09:42:28.869682+00,
22,2807,8266,MEDIUM,MEDIUM severity PortScan detected,RF-NIDS classified this flow as PortScan with confidence 0.9859.,ACTIVE,,2026-09-17 09:42:28.869682+00,
22,2808,8267,MEDIUM,MEDIUM severity PortScan detected,RF-NIDS classified this flow as PortScan with confidence 0.9859.,ACTIVE,,2026-09-17 09:42:28.869683+00,
22,2809,8268,MEDIUM,MEDIUM severity PortScan detected,RF-NIDS classified this flow as PortScan with confidence 0.9908.,ACTIVE,,2026-09-17 09:42:28.869683+00,
22,2810,8269,MEDIUM,MEDIUM severity PortScan detected,RF-NIDS classified this flow as PortScan with confidence 0.9908.,ACTIVE,,2026-09-17 09:42:28.869683+00,
22,2811,8270,MEDIUM,MEDIUM severity PortScan detected,RF-NIDS classified this flow as PortScan with confidence 0.9859.,ACTIVE,,2026-09-17 09:42:28.869683+00,
22,2812,8271,MEDIUM,MEDIUM severity PortScan detected,RF-NIDS classified this flow as PortScan with confidence 0.9908.,ACTIVE,,2026-09-17 09:42:28.869683+00,
22,2813,8272,MEDIUM,MEDIUM severity PortScan detected,RF-NIDS classified this flow as PortScan with confidence 0.9850.,ACTIVE,,2026-09-17 09:42:28.869683+00,
22,2814,8273,MEDIUM,MEDIUM severity PortScan detected,RF-NIDS classified this flow as PortScan with confidence 0.9908.,ACTIVE,,2026-09-17 09:42:28.869684+00,
22,2815,8274,MEDIUM,MEDIUM severity PortScan detected,RF-NIDS classified this flow as PortScan with confidence 0.9908.,ACTIVE,,2026-09-17 09:42:28.869684+00,
22,2816,8275,MEDIUM,MEDIUM severity PortScan detected,RF-NIDS classified this flow as PortScan with confidence 0.9850.,ACTIVE,,2026-09-17 09:42:28.869684+00,
22,2817,8276,MEDIUM,MEDIUM severity PortScan detected,RF-NIDS classified this flow as PortScan with confidence 0.9859.,ACTIVE,,2026-09-17 09:42:28.869684+00,
22,2818,8277,MEDIUM,MEDIUM severity PortScan detected,RF-NIDS classified this flow as PortScan with confidence 0.9908.,ACTIVE,,2026-09-17 09:42:28.869684+00,
22,2819,8278,MEDIUM,MEDIUM severity PortScan detected,RF-NIDS classified this flow as PortScan with confidence 0.9850.,ACTIVE,,2026-09-17 09:42:28.869685+00,
22,2820,8279,MEDIUM,MEDIUM severity PortScan detected,RF-NIDS classified this flow as PortScan with confidence 0.9850.,ACTIVE,,2026-09-17 09:42:28.869685+00,
22,2821,8280,MEDIUM,MEDIUM severity PortScan detected,RF-NIDS classified this flow as PortScan with confidence 0.9908.,ACTIVE,,2026-09-17 09:42:28.869685+00,
22,2822,8281,MEDIUM,MEDIUM severity PortScan detected,RF-NIDS classified this flow as PortScan with confidence 0.9859.,ACTIVE,,2026-09-17 09:42:28.869685+00,
22,2823,8282,MEDIUM,MEDIUM severity PortScan detected,RF-NIDS classified this flow as PortScan with confidence 0.9908.,ACTIVE,,2026-09-17 09:42:28.869685+00,
22,2824,8283,MEDIUM,MEDIUM severity PortScan detected,RF-NIDS classified this flow as PortScan with confidence 0.9908.,ACTIVE,,2026-09-17 09:42:28.869686+00,
22,2825,8284,MEDIUM,MEDIUM severity PortScan detected,RF-NIDS classified this flow as PortScan with confidence 0.9908.,ACTIVE,,2026-09-17 09:42:28.869686+00,
22,2826,8285,MEDIUM,MEDIUM severity PortScan detected,RF-NIDS classified this flow as PortScan with confidence 0.9908.,ACTIVE,,2026-09-17 09:42:28.869686+00,
22,2827,8286,MEDIUM,MEDIUM severity PortScan detected,RF-NIDS classified this flow as PortScan with confidence 0.9908.,ACTIVE,,2026-09-17 09:42:28.869686+00,
22,2828,8287,MEDIUM,MEDIUM severity PortScan detected,RF-NIDS classified this flow as PortScan with confidence 0.9908.,ACTIVE,,2026-09-17 09:42:28.869686+00,
22,2829,8288,MEDIUM,MEDIUM severity PortScan detected,RF-NIDS classified this flow as PortScan with confidence 0.9908.,ACTIVE,,2026-09-17 09:42:28.869686+00,
22,2830,8289,MEDIUM,MEDIUM severity PortScan detected,RF-NIDS classified this flow as PortScan with confidence 0.9908.,ACTIVE,,2026-09-17 09:42:28.869687+00,
22,2831,8290,MEDIUM,MEDIUM severity PortScan detected,RF-NIDS classified this flow as PortScan with confidence 0.9908.,ACTIVE,,2026-09-17 09:42:28.869687+00,
22,2832,8291,MEDIUM,MEDIUM severity PortScan detected,RF-NIDS classified this flow as PortScan with confidence 0.9908.,ACTIVE,,2026-09-17 09:42:28.869687+00,
22,2833,8292,MEDIUM,MEDIUM severity PortScan detected,RF-NIDS classified this flow as PortScan with confidence 0.9908.,ACTIVE,,2026-09-17 09:42:28.869687+00,
22,2834,8293,MEDIUM,MEDIUM severity PortScan detected,RF-NIDS classified this flow as PortScan with confidence 0.9881.,ACTIVE,,2026-09-17 09:42:28.869687+00,
22,2835,8294,MEDIUM,MEDIUM severity PortScan detected,RF-NIDS classified this flow as PortScan with confidence 0.9908.,ACTIVE,,2026-09-17 09:42:28.869688+00,
22,2836,8295,MEDIUM,MEDIUM severity PortScan detected,RF-NIDS classified this flow as PortScan with confidence 0.9859.,ACTIVE,,2026-09-17 09:42:28.869688+00,
22,2837,8296,MEDIUM,MEDIUM severity PortScan detected,RF-NIDS classified this flow as PortScan with confidence 0.9908.,ACTIVE,,2026-09-17 09:42:28.869688+00,
22,2838,8297,MEDIUM,MEDIUM severity PortScan detected,RF-NIDS classified this flow as PortScan with confidence 0.9807.,ACTIVE,,2026-09-17 09:42:28.869688+00,
22,2839,8298,MEDIUM,MEDIUM severity PortScan detected,RF-NIDS classified this flow as PortScan with confidence 0.9908.,ACTIVE,,2026-09-17 09:42:28.869688+00,
22,2840,8299,MEDIUM,MEDIUM severity PortScan detected,RF-NIDS classified this flow as PortScan with confidence 0.9908.,ACTIVE,,2026-09-17 09:42:28.869689+00,
22,2841,8300,MEDIUM,MEDIUM severity PortScan detected,RF-NIDS classified this flow as PortScan with confidence 0.9908.,ACTIVE,,2026-09-17 09:42:28.869689+00,
22,2842,8301,MEDIUM,MEDIUM severity PortScan detected,RF-NIDS classified this flow as PortScan with confidence 0.9908.,ACTIVE,,2026-09-17 09:42:28.869689+00,
22,2843,8302,MEDIUM,MEDIUM severity PortScan detected,RF-NIDS classified this flow as PortScan with confidence 0.9908.,ACTIVE,,2026-09-17 09:42:28.869689+00,
22,2844,8303,MEDIUM,MEDIUM severity PortScan detected,RF-NIDS classified this flow as PortScan with confidence 0.9908.,ACTIVE,,2026-09-17 09:42:28.869689+00,
22,2845,8304,MEDIUM,MEDIUM severity PortScan detected,RF-NIDS classified this flow as PortScan with confidence 0.9908.,ACTIVE,,2026-09-17 09:42:28.86969+00,
22,2846,8305,MEDIUM,MEDIUM severity PortScan detected,RF-NIDS classified this flow as PortScan with confidence 0.9859.,ACTIVE,,2026-09-17 09:42:28.86969+00,
22,2847,8306,MEDIUM,MEDIUM severity PortScan detected,RF-NIDS classified this flow as PortScan with confidence 0.9859.,ACTIVE,,2026-09-17 09:42:28.86969+00,
22,2848,8307,MEDIUM,MEDIUM severity PortScan detected,RF-NIDS classified this flow as PortScan with confidence 0.9908.,ACTIVE,,2026-09-17 09:42:28.86969+00,
22,2849,8308,MEDIUM,MEDIUM severity PortScan detected,RF-NIDS classified this flow as PortScan with confidence 0.9908.,ACTIVE,,2026-09-17 09:42:28.86969+00,
22,2850,8309,MEDIUM,MEDIUM severity PortScan detected,RF-NIDS classified this flow as PortScan with confidence 0.9859.,ACTIVE,,2026-09-17 09:42:28.86969+00,
22,2851,8310,MEDIUM,MEDIUM severity PortScan detected,RF-NIDS classified this flow as PortScan with confidence 0.9859.,ACTIVE,,2026-09-17 09:42:28.869691+00,
22,2852,8311,MEDIUM,MEDIUM severity PortScan detected,RF-NIDS classified this flow as PortScan with confidence 0.9908.,ACTIVE,,2026-09-17 09:42:28.869691+00,
22,2853,8312,MEDIUM,MEDIUM severity PortScan detected,RF-NIDS classified this flow as PortScan with confidence 0.9899.,ACTIVE,,2026-09-17 09:42:28.869691+00,
22,2854,8313,MEDIUM,MEDIUM severity PortScan detected,RF-NIDS classified this flow as PortScan with confidence 0.9908.,ACTIVE,,2026-09-17 09:42:28.869691+00,
22,2855,8314,MEDIUM,MEDIUM severity PortScan detected,RF-NIDS classified this flow as PortScan with confidence 0.9908.,ACTIVE,,2026-09-17 09:42:28.869691+00,
22,2856,8315,MEDIUM,MEDIUM severity PortScan detected,RF-NIDS classified this flow as PortScan with confidence 0.9859.,ACTIVE,,2026-09-17 09:42:28.869692+00,
22,2857,8316,MEDIUM,MEDIUM severity PortScan detected,RF-NIDS classified this flow as PortScan with confidence 0.9908.,ACTIVE,,2026-09-17 09:42:28.869692+00,
22,2858,8317,MEDIUM,MEDIUM severity PortScan detected,RF-NIDS classified this flow as PortScan with confidence 0.9908.,ACTIVE,,2026-09-17 09:42:28.869692+00,
22,2859,8318,MEDIUM,MEDIUM severity PortScan detected,RF-NIDS classified this flow as PortScan with confidence 0.9850.,ACTIVE,,2026-09-17 09:42:28.869692+00,
22,2860,8319,MEDIUM,MEDIUM severity PortScan detected,RF-NIDS classified this flow as PortScan with confidence 0.9850.,ACTIVE,,2026-09-17 09:42:28.869692+00,
22,2861,8320,MEDIUM,MEDIUM severity PortScan detected,RF-NIDS classified this flow as PortScan with confidence 0.9859.,ACTIVE,,2026-09-17 09:42:28.869693+00,
22,2862,8321,MEDIUM,MEDIUM severity PortScan detected,RF-NIDS classified this flow as PortScan with confidence 0.9859.,ACTIVE,,2026-09-17 09:42:28.869693+00,
22,2863,8322,MEDIUM,MEDIUM severity PortScan detected,RF-NIDS classified this flow as PortScan with confidence 0.9807.,ACTIVE,,2026-09-17 09:42:28.869693+00,
22,2864,8323,MEDIUM,MEDIUM severity PortScan detected,RF-NIDS classified this flow as PortScan with confidence 0.9859.,ACTIVE,,2026-09-17 09:42:28.869693+00,
22,2865,8324,MEDIUM,MEDIUM severity PortScan detected,RF-NIDS classified this flow as PortScan with confidence 0.9807.,ACTIVE,,2026-09-17 09:42:28.869693+00,
22,2866,8325,MEDIUM,MEDIUM severity PortScan detected,RF-NIDS classified this flow as PortScan with confidence 0.9908.,ACTIVE,,2026-09-17 09:42:28.869694+00,
22,2867,8326,MEDIUM,MEDIUM severity PortScan detected,RF-NIDS classified this flow as PortScan with confidence 0.9908.,ACTIVE,,2026-09-17 09:42:28.869694+00,
22,2868,8327,MEDIUM,MEDIUM severity PortScan detected,RF-NIDS classified this flow as PortScan with confidence 0.9859.,ACTIVE,,2026-09-17 09:42:28.869694+00,
22,2869,8328,MEDIUM,MEDIUM severity PortScan detected,RF-NIDS classified this flow as PortScan with confidence 0.9908.,ACTIVE,,2026-09-17 09:42:28.869694+00,
22,2870,8329,MEDIUM,MEDIUM severity PortScan detected,RF-NIDS classified this flow as PortScan with confidence 0.9908.,ACTIVE,,2026-09-17 09:42:28.869694+00,
22,2871,8330,MEDIUM,MEDIUM severity PortScan detected,RF-NIDS classified this flow as PortScan with confidence 0.9859.,ACTIVE,,2026-09-17 09:42:28.869694+00,
22,2872,8331,MEDIUM,MEDIUM severity PortScan detected,RF-NIDS classified this flow as PortScan with confidence 0.9908.,ACTIVE,,2026-09-17 09:42:28.869695+00,
22,2873,8332,MEDIUM,MEDIUM severity PortScan detected,RF-NIDS classified this flow as PortScan with confidence 0.9908.,ACTIVE,,2026-09-17 09:42:28.869695+00,
22,2874,8333,MEDIUM,MEDIUM severity PortScan detected,RF-NIDS classified this flow as PortScan with confidence 0.9908.,ACTIVE,,2026-09-17 09:42:28.869695+00,
22,2875,8334,MEDIUM,MEDIUM severity PortScan detected,RF-NIDS classified this flow as PortScan with confidence 0.9908.,ACTIVE,,2026-09-17 09:42:28.869695+00,
22,2876,8335,MEDIUM,MEDIUM severity PortScan detected,RF-NIDS classified this flow as PortScan with confidence 0.9859.,ACTIVE,,2026-09-17 09:42:28.869695+00,
22,2877,8336,MEDIUM,MEDIUM severity PortScan detected,RF-NIDS classified this flow as PortScan with confidence 0.9881.,ACTIVE,,2026-09-17 09:42:28.869696+00,
22,2878,8337,MEDIUM,MEDIUM severity PortScan detected,RF-NIDS classified this flow as PortScan with confidence 0.9908.,ACTIVE,,2026-09-17 09:42:28.869696+00,
22,2879,8338,MEDIUM,MEDIUM severity PortScan detected,RF-NIDS classified this flow as PortScan with confidence 0.9859.,ACTIVE,,2026-09-17 09:42:28.869696+00,
22,2880,8339,MEDIUM,MEDIUM severity PortScan detected,RF-NIDS classified this flow as PortScan with confidence 0.9908.,ACTIVE,,2026-09-17 09:42:28.869696+00,
22,2881,8340,MEDIUM,MEDIUM severity PortScan detected,RF-NIDS classified this flow as PortScan with confidence 0.9908.,ACTIVE,,2026-09-17 09:42:28.869696+00,
22,2882,8341,MEDIUM,MEDIUM severity PortScan detected,RF-NIDS classified this flow as PortScan with confidence 0.9908.,ACTIVE,,2026-09-17 09:42:28.869696+00,
22,2883,8342,MEDIUM,MEDIUM severity PortScan detected,RF-NIDS classified this flow as PortScan with confidence 0.9908.,ACTIVE,,2026-09-17 09:42:28.869697+00,
22,2884,8343,MEDIUM,MEDIUM severity PortScan detected,RF-NIDS classified this flow as PortScan with confidence 0.9859.,ACTIVE,,2026-09-17 09:42:28.869697+00,
22,2885,8344,MEDIUM,MEDIUM severity PortScan detected,RF-NIDS classified this flow as PortScan with confidence 0.9850.,ACTIVE,,2026-09-17 09:42:28.869697+00,
22,2886,8345,MEDIUM,MEDIUM severity PortScan detected,RF-NIDS classified this flow as PortScan with confidence 0.9908.,ACTIVE,,2026-09-17 09:42:28.869697+00,
22,2887,8346,MEDIUM,MEDIUM severity PortScan detected,RF-NIDS classified this flow as PortScan with confidence 0.9881.,ACTIVE,,2026-09-17 09:42:28.869697+00,
22,2888,8347,MEDIUM,MEDIUM severity PortScan detected,RF-NIDS classified this flow as PortScan with confidence 0.9859.,ACTIVE,,2026-09-17 09:42:28.869698+00,
22,2889,8348,MEDIUM,MEDIUM severity PortScan detected,RF-NIDS classified this flow as PortScan with confidence 0.9859.,ACTIVE,,2026-09-17 09:42:28.869698+00,
22,2890,8349,MEDIUM,MEDIUM severity PortScan detected,RF-NIDS classified this flow as PortScan with confidence 0.9899.,ACTIVE,,2026-09-17 09:42:28.869698+00,
22,2891,8350,MEDIUM,MEDIUM severity PortScan detected,RF-NIDS classified this flow as PortScan with confidence 0.9908.,ACTIVE,,2026-09-17 09:42:28.869698+00,
22,2892,8351,MEDIUM,MEDIUM severity PortScan detected,RF-NIDS classified this flow as PortScan with confidence 0.9908.,ACTIVE,,2026-09-17 09:42:28.869698+00,
22,2893,8352,MEDIUM,MEDIUM severity PortScan detected,RF-NIDS classified this flow as PortScan with confidence 0.9859.,ACTIVE,,2026-09-17 09:42:28.869699+00,
22,2894,8353,MEDIUM,MEDIUM severity PortScan detected,RF-NIDS classified this flow as PortScan with confidence 0.9859.,ACTIVE,,2026-09-17 09:42:28.869699+00,
22,2895,8354,MEDIUM,MEDIUM severity PortScan detected,RF-NIDS classified this flow as PortScan with confidence 0.9859.,ACTIVE,,2026-09-17 09:42:28.869699+00,
22,2896,8355,MEDIUM,MEDIUM severity PortScan detected,RF-NIDS classified this flow as PortScan with confidence 0.9859.,ACTIVE,,2026-09-17 09:42:28.869699+00,
22,2897,8356,MEDIUM,MEDIUM severity PortScan detected,RF-NIDS classified this flow as PortScan with confidence 0.9908.,ACTIVE,,2026-09-17 09:42:28.869699+00,
22,2898,8357,MEDIUM,MEDIUM severity PortScan detected,RF-NIDS classified this flow as PortScan with confidence 0.9908.,ACTIVE,,2026-09-17 09:42:28.869699+00,
22,2899,8358,MEDIUM,MEDIUM severity PortScan detected,RF-NIDS classified this flow as PortScan with confidence 0.9859.,ACTIVE,,2026-09-17 09:42:28.8697+00,
22,2900,8359,MEDIUM,MEDIUM severity PortScan detected,RF-NIDS classified this flow as PortScan with confidence 0.9908.,ACTIVE,,2026-09-17 09:42:28.8697+00,
22,2901,8360,MEDIUM,MEDIUM severity PortScan detected,RF-NIDS classified this flow as PortScan with confidence 0.9859.,ACTIVE,,2026-09-17 09:42:28.8697+00,
22,2902,8361,MEDIUM,MEDIUM severity PortScan detected,RF-NIDS classified this flow as PortScan with confidence 0.9908.,ACTIVE,,2026-09-17 09:42:28.8697+00,
22,2903,8362,MEDIUM,MEDIUM severity PortScan detected,RF-NIDS classified this flow as PortScan with confidence 0.9908.,ACTIVE,,2026-09-17 09:42:28.8697+00,
22,2904,8363,MEDIUM,MEDIUM severity PortScan detected,RF-NIDS classified this flow as PortScan with confidence 0.9908.,ACTIVE,,2026-09-17 09:42:28.869701+00,
22,2905,8364,MEDIUM,MEDIUM severity PortScan detected,RF-NIDS classified this flow as PortScan with confidence 0.9908.,ACTIVE,,2026-09-17 09:42:28.869701+00,
22,2906,8365,MEDIUM,MEDIUM severity PortScan detected,RF-NIDS classified this flow as PortScan with confidence 0.9908.,ACTIVE,,2026-09-17 09:42:28.869701+00,
22,2907,8366,MEDIUM,MEDIUM severity PortScan detected,RF-NIDS classified this flow as PortScan with confidence 0.9881.,ACTIVE,,2026-09-17 09:42:28.869701+00,
22,2908,8367,MEDIUM,MEDIUM severity PortScan detected,RF-NIDS classified this flow as PortScan with confidence 0.9859.,ACTIVE,,2026-09-17 09:42:28.869701+00,
22,2909,8368,MEDIUM,MEDIUM severity PortScan detected,RF-NIDS classified this flow as PortScan with confidence 0.9908.,ACTIVE,,2026-09-17 09:42:28.869701+00,
22,2910,8369,MEDIUM,MEDIUM severity PortScan detected,RF-NIDS classified this flow as PortScan with confidence 0.9908.,ACTIVE,,2026-09-17 09:42:28.869702+00,
22,2911,8370,MEDIUM,MEDIUM severity PortScan detected,RF-NIDS classified this flow as PortScan with confidence 0.9908.,ACTIVE,,2026-09-17 09:42:28.869702+00,
22,2912,8371,MEDIUM,MEDIUM severity PortScan detected,RF-NIDS classified this flow as PortScan with confidence 0.9908.,ACTIVE,,2026-09-17 09:42:28.869702+00,
22,2913,8372,MEDIUM,MEDIUM severity PortScan detected,RF-NIDS classified this flow as PortScan with confidence 0.9908.,ACTIVE,,2026-09-17 09:42:28.869702+00,
22,2914,8373,MEDIUM,MEDIUM severity PortScan detected,RF-NIDS classified this flow as PortScan with confidence 0.9908.,ACTIVE,,2026-09-17 09:42:28.869702+00,
22,2915,8374,MEDIUM,MEDIUM severity PortScan detected,RF-NIDS classified this flow as PortScan with confidence 0.9859.,ACTIVE,,2026-09-17 09:42:28.869703+00,
22,2916,8375,MEDIUM,MEDIUM severity PortScan detected,RF-NIDS classified this flow as PortScan with confidence 0.9911.,ACTIVE,,2026-09-17 09:42:28.869703+00,
22,2917,8376,MEDIUM,MEDIUM severity PortScan detected,RF-NIDS classified this flow as PortScan with confidence 0.9850.,ACTIVE,,2026-09-17 09:42:28.869703+00,
22,2918,8377,MEDIUM,MEDIUM severity PortScan detected,RF-NIDS classified this flow as PortScan with confidence 0.9859.,ACTIVE,,2026-09-17 09:42:28.869703+00,
22,2919,8378,MEDIUM,MEDIUM severity PortScan detected,RF-NIDS classified this flow as PortScan with confidence 0.9859.,ACTIVE,,2026-09-17 09:42:28.869703+00,
22,2920,8379,MEDIUM,MEDIUM severity PortScan detected,RF-NIDS classified this flow as PortScan with confidence 0.9859.,ACTIVE,,2026-09-17 09:42:28.869704+00,
22,2921,8380,MEDIUM,MEDIUM severity PortScan detected,RF-NIDS classified this flow as PortScan with confidence 0.9881.,ACTIVE,,2026-09-17 09:42:28.869704+00,
22,2922,8381,MEDIUM,MEDIUM severity PortScan detected,RF-NIDS classified this flow as PortScan with confidence 0.9859.,ACTIVE,,2026-09-17 09:42:28.869704+00,
22,2923,8382,MEDIUM,MEDIUM severity PortScan detected,RF-NIDS classified this flow as PortScan with confidence 0.9859.,ACTIVE,,2026-09-17 09:42:28.869704+00,
22,2924,8383,MEDIUM,MEDIUM severity PortScan detected,RF-NIDS classified this flow as PortScan with confidence 0.9881.,ACTIVE,,2026-09-17 09:42:28.869704+00,
22,2925,8384,MEDIUM,MEDIUM severity PortScan detected,RF-NIDS classified this flow as PortScan with confidence 0.9911.,ACTIVE,,2026-09-17 09:42:28.869704+00,
22,2926,8385,MEDIUM,MEDIUM severity PortScan detected,RF-NIDS classified this flow as PortScan with confidence 0.9859.,ACTIVE,,2026-09-17 09:42:28.869705+00,
22,2927,8386,MEDIUM,MEDIUM severity PortScan detected,RF-NIDS classified this flow as PortScan with confidence 0.9908.,ACTIVE,,2026-09-17 09:42:28.869705+00,
22,2928,8387,MEDIUM,MEDIUM severity PortScan detected,RF-NIDS classified this flow as PortScan with confidence 0.9908.,ACTIVE,,2026-09-17 09:42:28.869705+00,
22,2929,8388,MEDIUM,MEDIUM severity PortScan detected,RF-NIDS classified this flow as PortScan with confidence 0.9908.,ACTIVE,,2026-09-17 09:42:28.869705+00,
22,2930,8389,MEDIUM,MEDIUM severity PortScan detected,RF-NIDS classified this flow as PortScan with confidence 0.9859.,ACTIVE,,2026-09-17 09:42:28.869705+00,
22,2931,8390,MEDIUM,MEDIUM severity PortScan detected,RF-NIDS classified this flow as PortScan with confidence 0.9859.,ACTIVE,,2026-09-17 09:42:28.869706+00,
22,2932,8391,MEDIUM,MEDIUM severity PortScan detected,RF-NIDS classified this flow as PortScan with confidence 0.9908.,ACTIVE,,2026-09-17 09:42:28.869706+00,
22,2933,8392,MEDIUM,MEDIUM severity PortScan detected,RF-NIDS classified this flow as PortScan with confidence 0.9859.,ACTIVE,,2026-09-17 09:42:28.869706+00,
22,2934,8393,MEDIUM,MEDIUM severity PortScan detected,RF-NIDS classified this flow as PortScan with confidence 0.9859.,ACTIVE,,2026-09-17 09:42:28.869706+00,
22,2935,8394,MEDIUM,MEDIUM severity PortScan detected,RF-NIDS classified this flow as PortScan with confidence 0.9850.,ACTIVE,,2026-09-17 09:42:28.869706+00,
22,2936,8395,MEDIUM,MEDIUM severity PortScan detected,RF-NIDS classified this flow as PortScan with confidence 0.9908.,ACTIVE,,2026-09-17 09:42:28.869706+00,
22,2937,8396,MEDIUM,MEDIUM severity PortScan detected,RF-NIDS classified this flow as PortScan with confidence 0.9908.,ACTIVE,,2026-09-17 09:42:28.869707+00,
22,2938,8397,MEDIUM,MEDIUM severity PortScan detected,RF-NIDS classified this flow as PortScan with confidence 0.9908.,ACTIVE,,2026-09-17 09:42:28.869707+00,
22,2939,8398,MEDIUM,MEDIUM severity PortScan detected,RF-NIDS classified this flow as PortScan with confidence 0.9850.,ACTIVE,,2026-09-17 09:42:28.869707+00,
22,2940,8399,MEDIUM,MEDIUM severity PortScan detected,RF-NIDS classified this flow as PortScan with confidence 0.9881.,ACTIVE,,2026-09-17 09:42:28.869707+00,
22,2941,8400,MEDIUM,MEDIUM severity PortScan detected,RF-NIDS classified this flow as PortScan with confidence 0.9908.,ACTIVE,,2026-09-17 09:42:28.869707+00,
22,2942,8401,MEDIUM,MEDIUM severity PortScan detected,RF-NIDS classified this flow as PortScan with confidence 0.9850.,ACTIVE,,2026-09-17 09:42:28.869708+00,
22,2943,8402,MEDIUM,MEDIUM severity PortScan detected,RF-NIDS classified this flow as PortScan with confidence 0.9908.,ACTIVE,,2026-09-17 09:42:28.869708+00,
22,2944,8403,MEDIUM,MEDIUM severity PortScan detected,RF-NIDS classified this flow as PortScan with confidence 0.9908.,ACTIVE,,2026-09-17 09:42:28.869708+00,
22,2945,8404,MEDIUM,MEDIUM severity PortScan detected,RF-NIDS classified this flow as PortScan with confidence 0.9908.,ACTIVE,,2026-09-17 09:42:28.869708+00,
22,2946,8405,MEDIUM,MEDIUM severity PortScan detected,RF-NIDS classified this flow as PortScan with confidence 0.9908.,ACTIVE,,2026-09-17 09:42:28.869708+00,
22,2947,8406,MEDIUM,MEDIUM severity PortScan detected,RF-NIDS classified this flow as PortScan with confidence 0.9908.,ACTIVE,,2026-09-17 09:42:28.869709+00,
22,2948,8407,MEDIUM,MEDIUM severity PortScan detected,RF-NIDS classified this flow as PortScan with confidence 0.9908.,ACTIVE,,2026-09-17 09:42:28.869709+00,
22,2949,8408,MEDIUM,MEDIUM severity PortScan detected,RF-NIDS classified this flow as PortScan with confidence 0.9908.,ACTIVE,,2026-09-17 09:42:28.869709+00,
22,2950,8409,MEDIUM,MEDIUM severity PortScan detected,RF-NIDS classified this flow as PortScan with confidence 0.9908.,ACTIVE,,2026-09-17 09:42:28.869709+00,
22,2951,8410,MEDIUM,MEDIUM severity PortScan detected,RF-NIDS classified this flow as PortScan with confidence 0.9908.,ACTIVE,,2026-09-17 09:42:28.869709+00,
22,2952,8411,MEDIUM,MEDIUM severity PortScan detected,RF-NIDS classified this flow as PortScan with confidence 0.9850.,ACTIVE,,2026-09-17 09:42:28.86971+00,
22,2953,8412,MEDIUM,MEDIUM severity PortScan detected,RF-NIDS classified this flow as PortScan with confidence 0.9807.,ACTIVE,,2026-09-17 09:42:28.86971+00,
22,2954,8413,MEDIUM,MEDIUM severity PortScan detected,RF-NIDS classified this flow as PortScan with confidence 0.9881.,ACTIVE,,2026-09-17 09:42:28.86971+00,
22,2955,8414,MEDIUM,MEDIUM severity PortScan detected,RF-NIDS classified this flow as PortScan with confidence 0.9908.,ACTIVE,,2026-09-17 09:42:28.86971+00,
22,2956,8415,MEDIUM,MEDIUM severity PortScan detected,RF-NIDS classified this flow as PortScan with confidence 0.9908.,ACTIVE,,2026-09-17 09:42:28.86971+00,
22,2957,8416,MEDIUM,MEDIUM severity PortScan detected,RF-NIDS classified this flow as PortScan with confidence 0.9908.,ACTIVE,,2026-09-17 09:42:28.86971+00,
22,2958,8417,MEDIUM,MEDIUM severity PortScan detected,RF-NIDS classified this flow as PortScan with confidence 0.9850.,ACTIVE,,2026-09-17 09:42:28.869711+00,
22,2959,8418,MEDIUM,MEDIUM severity PortScan detected,RF-NIDS classified this flow as PortScan with confidence 0.9908.,ACTIVE,,2026-09-17 09:42:28.869711+00,
22,2960,8419,MEDIUM,MEDIUM severity PortScan detected,RF-NIDS classified this flow as PortScan with confidence 0.9908.,ACTIVE,,2026-09-17 09:42:28.869711+00,
22,2961,8420,MEDIUM,MEDIUM severity PortScan detected,RF-NIDS classified this flow as PortScan with confidence 0.9908.,ACTIVE,,2026-09-17 09:42:28.869711+00,
22,2962,8421,MEDIUM,MEDIUM severity PortScan detected,RF-NIDS classified this flow as PortScan with confidence 0.9908.,ACTIVE,,2026-09-17 09:42:28.869711+00,
22,2963,8422,MEDIUM,MEDIUM severity PortScan detected,RF-NIDS classified this flow as PortScan with confidence 0.9859.,ACTIVE,,2026-09-17 09:42:28.869712+00,
22,2964,8423,MEDIUM,MEDIUM severity PortScan detected,RF-NIDS classified this flow as PortScan with confidence 0.9859.,ACTIVE,,2026-09-17 09:42:28.869712+00,
22,2965,8424,MEDIUM,MEDIUM severity PortScan detected,RF-NIDS classified this flow as PortScan with confidence 0.9908.,ACTIVE,,2026-09-17 09:42:28.869712+00,
22,2966,8425,MEDIUM,MEDIUM severity PortScan detected,RF-NIDS classified this flow as PortScan with confidence 0.9859.,ACTIVE,,2026-09-17 09:42:28.869712+00,
22,2967,8426,MEDIUM,MEDIUM severity PortScan detected,RF-NIDS classified this flow as PortScan with confidence 0.9908.,ACTIVE,,2026-09-17 09:42:28.869712+00,
22,2968,8427,MEDIUM,MEDIUM severity PortScan detected,RF-NIDS classified this flow as PortScan with confidence 0.9911.,ACTIVE,,2026-09-17 09:42:28.869713+00,
22,2969,8428,MEDIUM,MEDIUM severity PortScan detected,RF-NIDS classified this flow as PortScan with confidence 0.9908.,ACTIVE,,2026-09-17 09:42:28.869713+00,
22,2970,8429,MEDIUM,MEDIUM severity PortScan detected,RF-NIDS classified this flow as PortScan with confidence 0.9908.,ACTIVE,,2026-09-17 09:42:28.869713+00,
22,2971,8430,MEDIUM,MEDIUM severity PortScan detected,RF-NIDS classified this flow as PortScan with confidence 0.9859.,ACTIVE,,2026-09-17 09:42:28.869713+00,
22,2972,8431,MEDIUM,MEDIUM severity PortScan detected,RF-NIDS classified this flow as PortScan with confidence 0.9911.,ACTIVE,,2026-09-17 09:42:28.869713+00,
22,2973,8432,MEDIUM,MEDIUM severity PortScan detected,RF-NIDS classified this flow as PortScan with confidence 0.9908.,ACTIVE,,2026-09-17 09:42:28.869713+00,
22,2974,8433,MEDIUM,MEDIUM severity PortScan detected,RF-NIDS classified this flow as PortScan with confidence 0.9881.,ACTIVE,,2026-09-17 09:42:28.869714+00,
22,2975,8434,MEDIUM,MEDIUM severity PortScan detected,RF-NIDS classified this flow as PortScan with confidence 0.9859.,ACTIVE,,2026-09-17 09:42:28.869714+00,
22,2976,8435,MEDIUM,MEDIUM severity PortScan detected,RF-NIDS classified this flow as PortScan with confidence 0.9908.,ACTIVE,,2026-09-17 09:42:28.869714+00,
22,2977,8436,MEDIUM,MEDIUM severity PortScan detected,RF-NIDS classified this flow as PortScan with confidence 0.9859.,ACTIVE,,2026-09-17 09:42:28.869714+00,
22,2978,8437,MEDIUM,MEDIUM severity PortScan detected,RF-NIDS classified this flow as PortScan with confidence 0.9908.,ACTIVE,,2026-09-17 09:42:28.869714+00,
22,2979,8438,MEDIUM,MEDIUM severity PortScan detected,RF-NIDS classified this flow as PortScan with confidence 0.9908.,ACTIVE,,2026-09-17 09:42:28.869715+00,
22,2980,8439,MEDIUM,MEDIUM severity PortScan detected,RF-NIDS classified this flow as PortScan with confidence 0.9859.,ACTIVE,,2026-09-17 09:42:28.869715+00,
22,2981,8440,MEDIUM,MEDIUM severity PortScan detected,RF-NIDS classified this flow as PortScan with confidence 0.9859.,ACTIVE,,2026-09-17 09:42:28.869715+00,
22,2982,8441,MEDIUM,MEDIUM severity PortScan detected,RF-NIDS classified this flow as PortScan with confidence 0.9908.,ACTIVE,,2026-09-17 09:42:28.869715+00,
22,2983,8442,MEDIUM,MEDIUM severity PortScan detected,RF-NIDS classified this flow as PortScan with confidence 0.9908.,ACTIVE,,2026-09-17 09:42:28.869715+00,
22,2984,8443,MEDIUM,MEDIUM severity PortScan detected,RF-NIDS classified this flow as PortScan with confidence 0.9859.,ACTIVE,,2026-09-17 09:42:28.869716+00,
22,2985,8444,MEDIUM,MEDIUM severity PortScan detected,RF-NIDS classified this flow as PortScan with confidence 0.9850.,ACTIVE,,2026-09-17 09:42:28.869716+00,
22,2986,8445,MEDIUM,MEDIUM severity PortScan detected,RF-NIDS classified this flow as PortScan with confidence 0.9859.,ACTIVE,,2026-09-17 09:42:28.869716+00,
22,2987,8446,MEDIUM,MEDIUM severity PortScan detected,RF-NIDS classified this flow as PortScan with confidence 0.9908.,ACTIVE,,2026-09-17 09:42:28.869716+00,
22,2988,8447,MEDIUM,MEDIUM severity PortScan detected,RF-NIDS classified this flow as PortScan with confidence 0.9908.,ACTIVE,,2026-09-17 09:42:28.869716+00,
22,2989,8448,MEDIUM,MEDIUM severity PortScan detected,RF-NIDS classified this flow as PortScan with confidence 0.9908.,ACTIVE,,2026-09-17 09:42:28.869717+00,
22,2990,8449,MEDIUM,MEDIUM severity PortScan detected,RF-NIDS classified this flow as PortScan with confidence 0.9908.,ACTIVE,,2026-09-17 09:42:28.869717+00,
22,2991,8450,MEDIUM,MEDIUM severity PortScan detected,RF-NIDS classified this flow as PortScan with confidence 0.9908.,ACTIVE,,2026-09-17 09:42:28.869717+00,
22,2992,8451,MEDIUM,MEDIUM severity PortScan detected,RF-NIDS classified this flow as PortScan with confidence 0.9859.,ACTIVE,,2026-09-17 09:42:28.869717+00,
22,2993,8452,MEDIUM,MEDIUM severity PortScan detected,RF-NIDS classified this flow as PortScan with confidence 0.9908.,ACTIVE,,2026-09-17 09:42:28.869717+00,
22,2994,8453,MEDIUM,MEDIUM severity PortScan detected,RF-NIDS classified this flow as PortScan with confidence 0.9908.,ACTIVE,,2026-09-17 09:42:28.869717+00,
22,2995,8454,MEDIUM,MEDIUM severity PortScan detected,RF-NIDS classified this flow as PortScan with confidence 0.9850.,ACTIVE,,2026-09-17 09:42:28.869718+00,
22,2996,8455,MEDIUM,MEDIUM severity PortScan detected,RF-NIDS classified this flow as PortScan with confidence 0.9911.,ACTIVE,,2026-09-17 09:42:28.869718+00,
22,2997,8456,MEDIUM,MEDIUM severity PortScan detected,RF-NIDS classified this flow as PortScan with confidence 0.9879.,ACTIVE,,2026-09-17 09:42:28.869718+00,
22,2998,8457,MEDIUM,MEDIUM severity PortScan detected,RF-NIDS classified this flow as PortScan with confidence 0.9908.,ACTIVE,,2026-09-17 09:42:28.869718+00,
22,2999,8458,MEDIUM,MEDIUM severity PortScan detected,RF-NIDS classified this flow as PortScan with confidence 0.9908.,ACTIVE,,2026-09-17 09:42:28.869718+00,
22,3000,8459,MEDIUM,MEDIUM severity PortScan detected,RF-NIDS classified this flow as PortScan with confidence 0.9908.,ACTIVE,,2026-09-17 09:42:28.869719+00,
22,3001,8460,MEDIUM,MEDIUM severity PortScan detected,RF-NIDS classified this flow as PortScan with confidence 0.9850.,ACTIVE,,2026-09-17 09:42:28.869719+00,
22,3002,8461,MEDIUM,MEDIUM severity PortScan detected,RF-NIDS classified this flow as PortScan with confidence 0.9908.,ACTIVE,,2026-09-17 09:42:28.869719+00,
22,3003,8462,MEDIUM,MEDIUM severity PortScan detected,RF-NIDS classified this flow as PortScan with confidence 0.9908.,ACTIVE,,2026-09-17 09:42:28.869719+00,
22,3004,8463,MEDIUM,MEDIUM severity PortScan detected,RF-NIDS classified this flow as PortScan with confidence 0.9850.,ACTIVE,,2026-09-17 09:42:28.869719+00,
22,3005,8464,MEDIUM,MEDIUM severity PortScan detected,RF-NIDS classified this flow as PortScan with confidence 0.9850.,ACTIVE,,2026-09-17 09:42:28.869719+00,
22,3006,8465,MEDIUM,MEDIUM severity PortScan detected,RF-NIDS classified this flow as PortScan with confidence 0.9908.,ACTIVE,,2026-09-17 09:42:28.86972+00,
22,3007,8466,MEDIUM,MEDIUM severity PortScan detected,RF-NIDS classified this flow as PortScan with confidence 0.9850.,ACTIVE,,2026-09-17 09:42:28.86972+00,
22,3008,8467,MEDIUM,MEDIUM severity PortScan detected,RF-NIDS classified this flow as PortScan with confidence 0.9908.,ACTIVE,,2026-09-17 09:42:28.86972+00,
22,3009,8468,MEDIUM,MEDIUM severity PortScan detected,RF-NIDS classified this flow as PortScan with confidence 0.9859.,ACTIVE,,2026-09-17 09:42:28.86972+00,
22,3010,8469,MEDIUM,MEDIUM severity PortScan detected,RF-NIDS classified this flow as PortScan with confidence 0.9911.,ACTIVE,,2026-09-17 09:42:28.86972+00,
22,3011,8470,MEDIUM,MEDIUM severity PortScan detected,RF-NIDS classified this flow as PortScan with confidence 0.9908.,ACTIVE,,2026-09-17 09:42:28.869721+00,
22,3012,8471,MEDIUM,MEDIUM severity PortScan detected,RF-NIDS classified this flow as PortScan with confidence 0.9908.,ACTIVE,,2026-09-17 09:42:28.869721+00,
22,3013,8472,MEDIUM,MEDIUM severity PortScan detected,RF-NIDS classified this flow as PortScan with confidence 0.9859.,ACTIVE,,2026-09-17 09:42:28.869721+00,
22,3014,8473,MEDIUM,MEDIUM severity PortScan detected,RF-NIDS classified this flow as PortScan with confidence 0.9859.,ACTIVE,,2026-09-17 09:42:28.869721+00,
22,3015,8474,MEDIUM,MEDIUM severity PortScan detected,RF-NIDS classified this flow as PortScan with confidence 0.9908.,ACTIVE,,2026-09-17 09:42:28.869721+00,
22,3016,8475,MEDIUM,MEDIUM severity PortScan detected,RF-NIDS classified this flow as PortScan with confidence 0.9908.,ACTIVE,,2026-09-17 09:42:28.869722+00,
22,3017,8476,MEDIUM,MEDIUM severity PortScan detected,RF-NIDS classified this flow as PortScan with confidence 0.9908.,ACTIVE,,2026-09-17 09:42:28.869722+00,
22,3018,8477,MEDIUM,MEDIUM severity PortScan detected,RF-NIDS classified this flow as PortScan with confidence 0.9908.,ACTIVE,,2026-09-17 09:42:28.869722+00,
22,3019,8478,MEDIUM,MEDIUM severity PortScan detected,RF-NIDS classified this flow as PortScan with confidence 0.9908.,ACTIVE,,2026-09-17 09:42:28.869722+00,
22,3020,8479,MEDIUM,MEDIUM severity PortScan detected,RF-NIDS classified this flow as PortScan with confidence 0.9859.,ACTIVE,,2026-09-17 09:42:28.869722+00,
22,3021,8480,MEDIUM,MEDIUM severity PortScan detected,RF-NIDS classified this flow as PortScan with confidence 0.9850.,ACTIVE,,2026-09-17 09:42:28.869722+00,
22,3022,8481,MEDIUM,MEDIUM severity PortScan detected,RF-NIDS classified this flow as PortScan with confidence 0.9859.,ACTIVE,,2026-09-17 09:42:28.869723+00,
22,3023,8482,MEDIUM,MEDIUM severity PortScan detected,RF-NIDS classified this flow as PortScan with confidence 0.9859.,ACTIVE,,2026-09-17 09:42:28.869723+00,
22,3024,8483,MEDIUM,MEDIUM severity PortScan detected,RF-NIDS classified this flow as PortScan with confidence 0.9908.,ACTIVE,,2026-09-17 09:42:28.869723+00,
22,3025,8484,MEDIUM,MEDIUM severity PortScan detected,RF-NIDS classified this flow as PortScan with confidence 0.9908.,ACTIVE,,2026-09-17 09:42:28.869723+00,
22,3026,8485,MEDIUM,MEDIUM severity PortScan detected,RF-NIDS classified this flow as PortScan with confidence 0.9908.,ACTIVE,,2026-09-17 09:42:28.869723+00,
22,3027,8486,MEDIUM,MEDIUM severity PortScan detected,RF-NIDS classified this flow as PortScan with confidence 0.9908.,ACTIVE,,2026-09-17 09:42:28.869724+00,
22,3028,8487,MEDIUM,MEDIUM severity PortScan detected,RF-NIDS classified this flow as PortScan with confidence 0.9859.,ACTIVE,,2026-09-17 09:42:28.869724+00,
22,3029,8488,MEDIUM,MEDIUM severity PortScan detected,RF-NIDS classified this flow as PortScan with confidence 0.9850.,ACTIVE,,2026-09-17 09:42:28.869724+00,
22,3030,8489,MEDIUM,MEDIUM severity PortScan detected,RF-NIDS classified this flow as PortScan with confidence 0.9908.,ACTIVE,,2026-09-17 09:42:28.869724+00,
22,3031,8490,MEDIUM,MEDIUM severity PortScan detected,RF-NIDS classified this flow as PortScan with confidence 0.9908.,ACTIVE,,2026-09-17 09:42:28.869724+00,
22,3032,8491,MEDIUM,MEDIUM severity PortScan detected,RF-NIDS classified this flow as PortScan with confidence 0.9908.,ACTIVE,,2026-09-17 09:42:28.869725+00,
22,3033,8492,MEDIUM,MEDIUM severity PortScan detected,RF-NIDS classified this flow as PortScan with confidence 0.9908.,ACTIVE,,2026-09-17 09:42:28.869725+00,
22,3034,8493,MEDIUM,MEDIUM severity PortScan detected,RF-NIDS classified this flow as PortScan with confidence 0.9908.,ACTIVE,,2026-09-17 09:42:28.869725+00,
22,3035,8494,MEDIUM,MEDIUM severity PortScan detected,RF-NIDS classified this flow as PortScan with confidence 0.9881.,ACTIVE,,2026-09-17 09:42:28.869725+00,
22,3036,8495,MEDIUM,MEDIUM severity PortScan detected,RF-NIDS classified this flow as PortScan with confidence 0.9859.,ACTIVE,,2026-09-17 09:42:28.869725+00,
22,3037,8496,MEDIUM,MEDIUM severity PortScan detected,RF-NIDS classified this flow as PortScan with confidence 0.9850.,ACTIVE,,2026-09-17 09:42:28.869725+00,
22,3038,8497,MEDIUM,MEDIUM severity PortScan detected,RF-NIDS classified this flow as PortScan with confidence 0.9859.,ACTIVE,,2026-09-17 09:42:28.869726+00,
22,3039,8498,MEDIUM,MEDIUM severity PortScan detected,RF-NIDS classified this flow as PortScan with confidence 0.9908.,ACTIVE,,2026-09-17 09:42:28.869726+00,
22,3040,8499,MEDIUM,MEDIUM severity PortScan detected,RF-NIDS classified this flow as PortScan with confidence 0.9859.,ACTIVE,,2026-09-17 09:42:28.869726+00,
22,3041,8500,MEDIUM,MEDIUM severity PortScan detected,RF-NIDS classified this flow as PortScan with confidence 0.9908.,ACTIVE,,2026-09-17 09:42:28.869726+00,
22,3042,8501,MEDIUM,MEDIUM severity PortScan detected,RF-NIDS classified this flow as PortScan with confidence 0.9850.,ACTIVE,,2026-09-17 09:42:28.869726+00,
22,3043,8502,MEDIUM,MEDIUM severity PortScan detected,RF-NIDS classified this flow as PortScan with confidence 0.9908.,ACTIVE,,2026-09-17 09:42:28.869727+00,
22,3044,8503,MEDIUM,MEDIUM severity PortScan detected,RF-NIDS classified this flow as PortScan with confidence 0.9908.,ACTIVE,,2026-09-17 09:42:28.869727+00,
22,3045,8504,MEDIUM,MEDIUM severity PortScan detected,RF-NIDS classified this flow as PortScan with confidence 0.9911.,ACTIVE,,2026-09-17 09:42:28.869727+00,
22,3046,8505,MEDIUM,MEDIUM severity PortScan detected,RF-NIDS classified this flow as PortScan with confidence 0.9908.,ACTIVE,,2026-09-17 09:42:28.869727+00,
22,3047,8506,MEDIUM,MEDIUM severity PortScan detected,RF-NIDS classified this flow as PortScan with confidence 0.9908.,ACTIVE,,2026-09-17 09:42:28.869727+00,
22,3048,8507,MEDIUM,MEDIUM severity PortScan detected,RF-NIDS classified this flow as PortScan with confidence 0.9908.,ACTIVE,,2026-09-17 09:42:28.869728+00,
22,3049,8508,MEDIUM,MEDIUM severity PortScan detected,RF-NIDS classified this flow as PortScan with confidence 0.9859.,ACTIVE,,2026-09-17 09:42:28.869728+00,
22,3050,8509,MEDIUM,MEDIUM severity PortScan detected,RF-NIDS classified this flow as PortScan with confidence 0.9908.,ACTIVE,,2026-09-17 09:42:28.869728+00,
22,3051,8510,MEDIUM,MEDIUM severity PortScan detected,RF-NIDS classified this flow as PortScan with confidence 0.9807.,ACTIVE,,2026-09-17 09:42:28.869728+00,
22,3052,8511,MEDIUM,MEDIUM severity PortScan detected,RF-NIDS classified this flow as PortScan with confidence 0.9850.,ACTIVE,,2026-09-17 09:42:28.869728+00,
22,3053,8512,MEDIUM,MEDIUM severity PortScan detected,RF-NIDS classified this flow as PortScan with confidence 0.9899.,ACTIVE,,2026-09-17 09:42:28.869728+00,
22,3054,8513,MEDIUM,MEDIUM severity PortScan detected,RF-NIDS classified this flow as PortScan with confidence 0.9908.,ACTIVE,,2026-09-17 09:42:28.869729+00,
22,3055,8514,MEDIUM,MEDIUM severity PortScan detected,RF-NIDS classified this flow as PortScan with confidence 0.9881.,ACTIVE,,2026-09-17 09:42:28.869729+00,
22,3056,8515,MEDIUM,MEDIUM severity PortScan detected,RF-NIDS classified this flow as PortScan with confidence 0.9908.,ACTIVE,,2026-09-17 09:42:28.869729+00,
22,3057,8516,MEDIUM,MEDIUM severity PortScan detected,RF-NIDS classified this flow as PortScan with confidence 0.9859.,ACTIVE,,2026-09-17 09:42:28.869729+00,
22,3058,8517,MEDIUM,MEDIUM severity PortScan detected,RF-NIDS classified this flow as PortScan with confidence 0.9908.,ACTIVE,,2026-09-17 09:42:28.869729+00,
22,3059,8518,MEDIUM,MEDIUM severity PortScan detected,RF-NIDS classified this flow as PortScan with confidence 0.9881.,ACTIVE,,2026-09-17 09:42:28.86973+00,
22,3060,8519,MEDIUM,MEDIUM severity PortScan detected,RF-NIDS classified this flow as PortScan with confidence 0.9908.,ACTIVE,,2026-09-17 09:42:28.86973+00,
22,3061,8520,MEDIUM,MEDIUM severity PortScan detected,RF-NIDS classified this flow as PortScan with confidence 0.9859.,ACTIVE,,2026-09-17 09:42:28.86973+00,
22,3062,8521,MEDIUM,MEDIUM severity PortScan detected,RF-NIDS classified this flow as PortScan with confidence 0.9850.,ACTIVE,,2026-09-17 09:42:28.86973+00,
22,3063,8522,MEDIUM,MEDIUM severity PortScan detected,RF-NIDS classified this flow as PortScan with confidence 0.9859.,ACTIVE,,2026-09-17 09:42:28.86973+00,
22,3064,8523,MEDIUM,MEDIUM severity PortScan detected,RF-NIDS classified this flow as PortScan with confidence 0.9850.,ACTIVE,,2026-09-17 09:42:28.869731+00,
22,3065,8524,MEDIUM,MEDIUM severity PortScan detected,RF-NIDS classified this flow as PortScan with confidence 0.9908.,ACTIVE,,2026-09-17 09:42:28.869731+00,
22,3066,8525,MEDIUM,MEDIUM severity PortScan detected,RF-NIDS classified this flow as PortScan with confidence 0.9859.,ACTIVE,,2026-09-17 09:42:28.869731+00,
22,3067,8526,MEDIUM,MEDIUM severity PortScan detected,RF-NIDS classified this flow as PortScan with confidence 0.9859.,ACTIVE,,2026-09-17 09:42:28.869731+00,
22,3068,8527,MEDIUM,MEDIUM severity PortScan detected,RF-NIDS classified this flow as PortScan with confidence 0.9881.,ACTIVE,,2026-09-17 09:42:28.869731+00,
22,3069,8528,MEDIUM,MEDIUM severity PortScan detected,RF-NIDS classified this flow as PortScan with confidence 0.9908.,ACTIVE,,2026-09-17 09:42:28.869731+00,
22,3070,8529,MEDIUM,MEDIUM severity PortScan detected,RF-NIDS classified this flow as PortScan with confidence 0.9859.,ACTIVE,,2026-09-17 09:42:28.869732+00,
22,3071,8530,MEDIUM,MEDIUM severity PortScan detected,RF-NIDS classified this flow as PortScan with confidence 0.9859.,ACTIVE,,2026-09-17 09:42:28.869732+00,
22,3072,8531,MEDIUM,MEDIUM severity PortScan detected,RF-NIDS classified this flow as PortScan with confidence 0.9908.,ACTIVE,,2026-09-17 09:42:28.869732+00,
22,3073,8532,MEDIUM,MEDIUM severity PortScan detected,RF-NIDS classified this flow as PortScan with confidence 0.9908.,ACTIVE,,2026-09-17 09:42:28.869732+00,
22,3074,8533,MEDIUM,MEDIUM severity PortScan detected,RF-NIDS classified this flow as PortScan with confidence 0.9899.,ACTIVE,,2026-09-17 09:42:28.869732+00,
22,3075,8534,MEDIUM,MEDIUM severity PortScan detected,RF-NIDS classified this flow as PortScan with confidence 0.9850.,ACTIVE,,2026-09-17 09:42:28.869733+00,
22,3076,8535,MEDIUM,MEDIUM severity PortScan detected,RF-NIDS classified this flow as PortScan with confidence 0.9881.,ACTIVE,,2026-09-17 09:42:28.869733+00,
22,3077,8536,MEDIUM,MEDIUM severity PortScan detected,RF-NIDS classified this flow as PortScan with confidence 0.9908.,ACTIVE,,2026-09-17 09:42:28.869733+00,
22,3078,8537,MEDIUM,MEDIUM severity PortScan detected,RF-NIDS classified this flow as PortScan with confidence 0.9859.,ACTIVE,,2026-09-17 09:42:28.869733+00,
22,3079,8538,MEDIUM,MEDIUM severity PortScan detected,RF-NIDS classified this flow as PortScan with confidence 0.9908.,ACTIVE,,2026-09-17 09:42:28.869733+00,
22,3080,8539,MEDIUM,MEDIUM severity PortScan detected,RF-NIDS classified this flow as PortScan with confidence 0.9908.,ACTIVE,,2026-09-17 09:42:28.869733+00,
22,3081,8540,MEDIUM,MEDIUM severity PortScan detected,RF-NIDS classified this flow as PortScan with confidence 0.9908.,ACTIVE,,2026-09-17 09:42:28.869734+00,
22,3082,8541,MEDIUM,MEDIUM severity PortScan detected,RF-NIDS classified this flow as PortScan with confidence 0.9908.,ACTIVE,,2026-09-17 09:42:28.869734+00,
22,3083,8542,MEDIUM,MEDIUM severity PortScan detected,RF-NIDS classified this flow as PortScan with confidence 0.9908.,ACTIVE,,2026-09-17 09:42:28.869734+00,
22,3084,8543,MEDIUM,MEDIUM severity PortScan detected,RF-NIDS classified this flow as PortScan with confidence 0.9908.,ACTIVE,,2026-09-17 09:42:28.869734+00,
22,3085,8544,MEDIUM,MEDIUM severity PortScan detected,RF-NIDS classified this flow as PortScan with confidence 0.9850.,ACTIVE,,2026-09-17 09:42:28.869734+00,
22,3086,8545,MEDIUM,MEDIUM severity PortScan detected,RF-NIDS classified this flow as PortScan with confidence 0.9850.,ACTIVE,,2026-09-17 09:42:28.869735+00,
22,3087,8546,MEDIUM,MEDIUM severity PortScan detected,RF-NIDS classified this flow as PortScan with confidence 0.9791.,ACTIVE,,2026-09-17 09:42:28.869735+00,
22,3088,8547,MEDIUM,MEDIUM severity PortScan detected,RF-NIDS classified this flow as PortScan with confidence 0.9850.,ACTIVE,,2026-09-17 09:42:28.869735+00,
22,3089,8548,MEDIUM,MEDIUM severity PortScan detected,RF-NIDS classified this flow as PortScan with confidence 0.9908.,ACTIVE,,2026-09-17 09:42:28.869735+00,
22,3090,8549,MEDIUM,MEDIUM severity PortScan detected,RF-NIDS classified this flow as PortScan with confidence 0.9908.,ACTIVE,,2026-09-17 09:42:28.869735+00,
22,3091,8550,MEDIUM,MEDIUM severity PortScan detected,RF-NIDS classified this flow as PortScan with confidence 0.9859.,ACTIVE,,2026-09-17 09:42:28.869736+00,
22,3092,8551,MEDIUM,MEDIUM severity PortScan detected,RF-NIDS classified this flow as PortScan with confidence 0.9908.,ACTIVE,,2026-09-17 09:42:28.869736+00,
22,3093,8552,MEDIUM,MEDIUM severity PortScan detected,RF-NIDS classified this flow as PortScan with confidence 0.9908.,ACTIVE,,2026-09-17 09:42:28.869736+00,
22,3094,8553,MEDIUM,MEDIUM severity PortScan detected,RF-NIDS classified this flow as PortScan with confidence 0.9850.,ACTIVE,,2026-09-17 09:42:28.869736+00,
22,3095,8554,MEDIUM,MEDIUM severity PortScan detected,RF-NIDS classified this flow as PortScan with confidence 0.9908.,ACTIVE,,2026-09-17 09:42:28.869736+00,
22,3096,8555,MEDIUM,MEDIUM severity PortScan detected,RF-NIDS classified this flow as PortScan with confidence 0.9859.,ACTIVE,,2026-09-17 09:42:28.869736+00,
22,3097,8556,MEDIUM,MEDIUM severity PortScan detected,RF-NIDS classified this flow as PortScan with confidence 0.9850.,ACTIVE,,2026-09-17 09:42:28.869737+00,
22,3098,8557,MEDIUM,MEDIUM severity PortScan detected,RF-NIDS classified this flow as PortScan with confidence 0.9850.,ACTIVE,,2026-09-17 09:42:28.869737+00,
22,3099,8558,MEDIUM,MEDIUM severity PortScan detected,RF-NIDS classified this flow as PortScan with confidence 0.9859.,ACTIVE,,2026-09-17 09:42:28.869737+00,
22,3100,8559,MEDIUM,MEDIUM severity PortScan detected,RF-NIDS classified this flow as PortScan with confidence 0.9908.,ACTIVE,,2026-09-17 09:42:28.869737+00,
22,3101,8560,MEDIUM,MEDIUM severity PortScan detected,RF-NIDS classified this flow as PortScan with confidence 0.9908.,ACTIVE,,2026-09-17 09:42:28.869737+00,
22,3102,8561,MEDIUM,MEDIUM severity PortScan detected,RF-NIDS classified this flow as PortScan with confidence 0.9859.,ACTIVE,,2026-09-17 09:42:28.869738+00,
22,3103,8562,MEDIUM,MEDIUM severity PortScan detected,RF-NIDS classified this flow as PortScan with confidence 0.9859.,ACTIVE,,2026-09-17 09:42:28.869738+00,
22,3104,8563,MEDIUM,MEDIUM severity PortScan detected,RF-NIDS classified this flow as PortScan with confidence 0.9908.,ACTIVE,,2026-09-17 09:42:28.869738+00,
22,3105,8564,MEDIUM,MEDIUM severity PortScan detected,RF-NIDS classified this flow as PortScan with confidence 0.9859.,ACTIVE,,2026-09-17 09:42:28.869738+00,
22,3106,8565,MEDIUM,MEDIUM severity PortScan detected,RF-NIDS classified this flow as PortScan with confidence 0.9881.,ACTIVE,,2026-09-17 09:42:28.869738+00,
22,3107,8566,MEDIUM,MEDIUM severity PortScan detected,RF-NIDS classified this flow as PortScan with confidence 0.9908.,ACTIVE,,2026-09-17 09:42:28.869738+00,
22,3108,8567,MEDIUM,MEDIUM severity PortScan detected,RF-NIDS classified this flow as PortScan with confidence 0.9630.,ACTIVE,,2026-09-17 09:42:28.869739+00,
22,3109,8568,MEDIUM,MEDIUM severity PortScan detected,RF-NIDS classified this flow as PortScan with confidence 0.9908.,ACTIVE,,2026-09-17 09:42:28.869739+00,
22,3110,8569,MEDIUM,MEDIUM severity PortScan detected,RF-NIDS classified this flow as PortScan with confidence 0.9850.,ACTIVE,,2026-09-17 09:42:28.869739+00,
22,3111,8570,MEDIUM,MEDIUM severity PortScan detected,RF-NIDS classified this flow as PortScan with confidence 0.9908.,ACTIVE,,2026-09-17 09:42:28.869739+00,
22,3112,8571,MEDIUM,MEDIUM severity PortScan detected,RF-NIDS classified this flow as PortScan with confidence 0.9859.,ACTIVE,,2026-09-17 09:42:28.869739+00,
22,3113,8572,MEDIUM,MEDIUM severity PortScan detected,RF-NIDS classified this flow as PortScan with confidence 0.9908.,ACTIVE,,2026-09-17 09:42:28.86974+00,
22,3114,8573,MEDIUM,MEDIUM severity PortScan detected,RF-NIDS classified this flow as PortScan with confidence 0.9859.,ACTIVE,,2026-09-17 09:42:28.86974+00,
22,3115,8574,MEDIUM,MEDIUM severity PortScan detected,RF-NIDS classified this flow as PortScan with confidence 0.9899.,ACTIVE,,2026-09-17 09:42:28.86974+00,
22,3116,8575,MEDIUM,MEDIUM severity PortScan detected,RF-NIDS classified this flow as PortScan with confidence 0.9908.,ACTIVE,,2026-09-17 09:42:28.86974+00,
22,3117,8576,MEDIUM,MEDIUM severity PortScan detected,RF-NIDS classified this flow as PortScan with confidence 0.9908.,ACTIVE,,2026-09-17 09:42:28.86974+00,
22,3118,8577,MEDIUM,MEDIUM severity PortScan detected,RF-NIDS classified this flow as PortScan with confidence 0.9908.,ACTIVE,,2026-09-17 09:42:28.869741+00,
22,3119,8578,MEDIUM,MEDIUM severity PortScan detected,RF-NIDS classified this flow as PortScan with confidence 0.9859.,ACTIVE,,2026-09-17 09:42:28.869741+00,
22,3120,8579,MEDIUM,MEDIUM severity PortScan detected,RF-NIDS classified this flow as PortScan with confidence 0.9859.,ACTIVE,,2026-09-17 09:42:28.869741+00,
22,3121,8580,MEDIUM,MEDIUM severity PortScan detected,RF-NIDS classified this flow as PortScan with confidence 0.9859.,ACTIVE,,2026-09-17 09:42:28.869741+00,
22,3122,8581,MEDIUM,MEDIUM severity PortScan detected,RF-NIDS classified this flow as PortScan with confidence 0.9859.,ACTIVE,,2026-09-17 09:42:28.869741+00,
22,3123,8582,MEDIUM,MEDIUM severity PortScan detected,RF-NIDS classified this flow as PortScan with confidence 0.9908.,ACTIVE,,2026-09-17 09:42:28.869741+00,
22,3124,8583,MEDIUM,MEDIUM severity PortScan detected,RF-NIDS classified this flow as PortScan with confidence 0.9908.,ACTIVE,,2026-09-17 09:42:28.869742+00,
22,3125,8584,MEDIUM,MEDIUM severity PortScan detected,RF-NIDS classified this flow as PortScan with confidence 0.9908.,ACTIVE,,2026-09-17 09:42:28.869742+00,
22,3126,8585,MEDIUM,MEDIUM severity PortScan detected,RF-NIDS classified this flow as PortScan with confidence 0.9859.,ACTIVE,,2026-09-17 09:42:28.869742+00,
22,3127,8586,MEDIUM,MEDIUM severity PortScan detected,RF-NIDS classified this flow as PortScan with confidence 0.9908.,ACTIVE,,2026-09-17 09:42:28.869742+00,
22,3128,8587,MEDIUM,MEDIUM severity PortScan detected,RF-NIDS classified this flow as PortScan with confidence 0.9908.,ACTIVE,,2026-09-17 09:42:28.869742+00,
22,3129,8588,MEDIUM,MEDIUM severity PortScan detected,RF-NIDS classified this flow as PortScan with confidence 0.9908.,ACTIVE,,2026-09-17 09:42:28.869743+00,
22,3130,8589,MEDIUM,MEDIUM severity PortScan detected,RF-NIDS classified this flow as PortScan with confidence 0.9908.,ACTIVE,,2026-09-17 09:42:28.869743+00,
22,3131,8590,MEDIUM,MEDIUM severity PortScan detected,RF-NIDS classified this flow as PortScan with confidence 0.9908.,ACTIVE,,2026-09-17 09:42:28.869743+00,
22,3132,8591,MEDIUM,MEDIUM severity PortScan detected,RF-NIDS classified this flow as PortScan with confidence 0.9859.,ACTIVE,,2026-09-17 09:42:28.869743+00,
22,3133,8592,MEDIUM,MEDIUM severity PortScan detected,RF-NIDS classified this flow as PortScan with confidence 0.9908.,ACTIVE,,2026-09-17 09:42:28.869743+00,
22,3134,8593,MEDIUM,MEDIUM severity PortScan detected,RF-NIDS classified this flow as PortScan with confidence 0.9908.,ACTIVE,,2026-09-17 09:42:28.869744+00,
22,3135,8594,MEDIUM,MEDIUM severity PortScan detected,RF-NIDS classified this flow as PortScan with confidence 0.9908.,ACTIVE,,2026-09-17 09:42:28.869744+00,
22,3136,8595,MEDIUM,MEDIUM severity PortScan detected,RF-NIDS classified this flow as PortScan with confidence 0.9908.,ACTIVE,,2026-09-17 09:42:28.869744+00,
22,3137,8596,MEDIUM,MEDIUM severity PortScan detected,RF-NIDS classified this flow as PortScan with confidence 0.9908.,ACTIVE,,2026-09-17 09:42:28.869744+00,
22,3138,8597,MEDIUM,MEDIUM severity PortScan detected,RF-NIDS classified this flow as PortScan with confidence 0.9807.,ACTIVE,,2026-09-17 09:42:28.869744+00,
22,3139,8598,MEDIUM,MEDIUM severity PortScan detected,RF-NIDS classified this flow as PortScan with confidence 0.9881.,ACTIVE,,2026-09-17 09:42:28.869744+00,
22,3140,8599,MEDIUM,MEDIUM severity PortScan detected,RF-NIDS classified this flow as PortScan with confidence 0.9908.,ACTIVE,,2026-09-17 09:42:28.869745+00,
22,3141,8600,MEDIUM,MEDIUM severity PortScan detected,RF-NIDS classified this flow as PortScan with confidence 0.9908.,ACTIVE,,2026-09-17 09:42:28.869745+00,
22,3142,8601,MEDIUM,MEDIUM severity PortScan detected,RF-NIDS classified this flow as PortScan with confidence 0.9908.,ACTIVE,,2026-09-17 09:42:28.869745+00,
22,3143,8602,MEDIUM,MEDIUM severity PortScan detected,RF-NIDS classified this flow as PortScan with confidence 0.9908.,ACTIVE,,2026-09-17 09:42:28.869745+00,
22,3144,8603,MEDIUM,MEDIUM severity PortScan detected,RF-NIDS classified this flow as PortScan with confidence 0.9908.,ACTIVE,,2026-09-17 09:42:28.869745+00,
22,3145,8604,MEDIUM,MEDIUM severity PortScan detected,RF-NIDS classified this flow as PortScan with confidence 0.9859.,ACTIVE,,2026-09-17 09:42:28.869746+00,
22,3146,8605,MEDIUM,MEDIUM severity PortScan detected,RF-NIDS classified this flow as PortScan with confidence 0.9908.,ACTIVE,,2026-09-17 09:42:28.869746+00,
22,3147,8606,MEDIUM,MEDIUM severity PortScan detected,RF-NIDS classified this flow as PortScan with confidence 0.9850.,ACTIVE,,2026-09-17 09:42:28.869746+00,
22,3148,8607,MEDIUM,MEDIUM severity PortScan detected,RF-NIDS classified this flow as PortScan with confidence 0.9908.,ACTIVE,,2026-09-17 09:42:28.869746+00,
22,3149,8608,MEDIUM,MEDIUM severity PortScan detected,RF-NIDS classified this flow as PortScan with confidence 0.9859.,ACTIVE,,2026-09-17 09:42:28.869746+00,
22,3150,8609,MEDIUM,MEDIUM severity PortScan detected,RF-NIDS classified this flow as PortScan with confidence 0.9908.,ACTIVE,,2026-09-17 09:42:28.869747+00,
22,3151,8610,MEDIUM,MEDIUM severity PortScan detected,RF-NIDS classified this flow as PortScan with confidence 0.9908.,ACTIVE,,2026-09-17 09:42:28.869747+00,
22,3152,8611,MEDIUM,MEDIUM severity PortScan detected,RF-NIDS classified this flow as PortScan with confidence 0.9908.,ACTIVE,,2026-09-17 09:42:28.869747+00,
22,3153,8612,MEDIUM,MEDIUM severity PortScan detected,RF-NIDS classified this flow as PortScan with confidence 0.9908.,ACTIVE,,2026-09-17 09:42:28.869747+00,
22,3154,8613,MEDIUM,MEDIUM severity PortScan detected,RF-NIDS classified this flow as PortScan with confidence 0.9908.,ACTIVE,,2026-09-17 09:42:28.869747+00,
22,3155,8614,MEDIUM,MEDIUM severity PortScan detected,RF-NIDS classified this flow as PortScan with confidence 0.9908.,ACTIVE,,2026-09-17 09:42:28.869747+00,
22,3156,8615,MEDIUM,MEDIUM severity PortScan detected,RF-NIDS classified this flow as PortScan with confidence 0.9850.,ACTIVE,,2026-09-17 09:42:28.869748+00,
22,3157,8616,MEDIUM,MEDIUM severity PortScan detected,RF-NIDS classified this flow as PortScan with confidence 0.9859.,ACTIVE,,2026-09-17 09:42:28.869748+00,
22,3158,8617,MEDIUM,MEDIUM severity PortScan detected,RF-NIDS classified this flow as PortScan with confidence 0.9908.,ACTIVE,,2026-09-17 09:42:28.869748+00,
22,3159,8618,MEDIUM,MEDIUM severity PortScan detected,RF-NIDS classified this flow as PortScan with confidence 0.9908.,ACTIVE,,2026-09-17 09:42:28.869748+00,
22,3160,8619,MEDIUM,MEDIUM severity PortScan detected,RF-NIDS classified this flow as PortScan with confidence 0.9908.,ACTIVE,,2026-09-17 09:42:28.869748+00,
22,3161,8620,MEDIUM,MEDIUM severity PortScan detected,RF-NIDS classified this flow as PortScan with confidence 0.9859.,ACTIVE,,2026-09-17 09:42:28.869749+00,
22,3162,8621,MEDIUM,MEDIUM severity PortScan detected,RF-NIDS classified this flow as PortScan with confidence 0.9908.,ACTIVE,,2026-09-17 09:42:28.869749+00,
22,3163,8622,MEDIUM,MEDIUM severity PortScan detected,RF-NIDS classified this flow as PortScan with confidence 0.9908.,ACTIVE,,2026-09-17 09:42:28.869749+00,
22,3164,8623,MEDIUM,MEDIUM severity PortScan detected,RF-NIDS classified this flow as PortScan with confidence 0.9908.,ACTIVE,,2026-09-17 09:42:28.869749+00,
22,3165,8624,MEDIUM,MEDIUM severity PortScan detected,RF-NIDS classified this flow as PortScan with confidence 0.9899.,ACTIVE,,2026-09-17 09:42:28.869749+00,
22,3166,8625,MEDIUM,MEDIUM severity PortScan detected,RF-NIDS classified this flow as PortScan with confidence 0.9908.,ACTIVE,,2026-09-17 09:42:28.86975+00,
22,3167,8626,MEDIUM,MEDIUM severity PortScan detected,RF-NIDS classified this flow as PortScan with confidence 0.9908.,ACTIVE,,2026-09-17 09:42:28.86975+00,
22,3168,8627,MEDIUM,MEDIUM severity PortScan detected,RF-NIDS classified this flow as PortScan with confidence 0.9908.,ACTIVE,,2026-09-17 09:42:28.86975+00,
22,3169,8628,MEDIUM,MEDIUM severity PortScan detected,RF-NIDS classified this flow as PortScan with confidence 0.9850.,ACTIVE,,2026-09-17 09:42:28.86975+00,
22,3170,8629,MEDIUM,MEDIUM severity PortScan detected,RF-NIDS classified this flow as PortScan with confidence 0.9859.,ACTIVE,,2026-09-17 09:42:28.86975+00,
22,3171,8630,MEDIUM,MEDIUM severity PortScan detected,RF-NIDS classified this flow as PortScan with confidence 0.9908.,ACTIVE,,2026-09-17 09:42:28.86975+00,
22,3172,8631,MEDIUM,MEDIUM severity PortScan detected,RF-NIDS classified this flow as PortScan with confidence 0.9908.,ACTIVE,,2026-09-17 09:42:28.869751+00,
22,3173,8632,MEDIUM,MEDIUM severity PortScan detected,RF-NIDS classified this flow as PortScan with confidence 0.9859.,ACTIVE,,2026-09-17 09:42:28.869751+00,
22,3174,8633,MEDIUM,MEDIUM severity PortScan detected,RF-NIDS classified this flow as PortScan with confidence 0.9908.,ACTIVE,,2026-09-17 09:42:28.869751+00,
22,3175,8634,MEDIUM,MEDIUM severity PortScan detected,RF-NIDS classified this flow as PortScan with confidence 0.9881.,ACTIVE,,2026-09-17 09:42:28.869751+00,
22,3176,8635,MEDIUM,MEDIUM severity PortScan detected,RF-NIDS classified this flow as PortScan with confidence 0.9908.,ACTIVE,,2026-09-17 09:42:28.869751+00,
22,3177,8636,MEDIUM,MEDIUM severity PortScan detected,RF-NIDS classified this flow as PortScan with confidence 0.9908.,ACTIVE,,2026-09-17 09:42:28.869752+00,
22,3178,8637,MEDIUM,MEDIUM severity PortScan detected,RF-NIDS classified this flow as PortScan with confidence 0.9908.,ACTIVE,,2026-09-17 09:42:28.869752+00,
22,3179,8638,MEDIUM,MEDIUM severity PortScan detected,RF-NIDS classified this flow as PortScan with confidence 0.9908.,ACTIVE,,2026-09-17 09:42:28.869752+00,
22,3180,8639,MEDIUM,MEDIUM severity PortScan detected,RF-NIDS classified this flow as PortScan with confidence 0.9908.,ACTIVE,,2026-09-17 09:42:28.869752+00,
22,3181,8640,MEDIUM,MEDIUM severity PortScan detected,RF-NIDS classified this flow as PortScan with confidence 0.9859.,ACTIVE,,2026-09-17 09:42:28.869752+00,
22,3182,8641,MEDIUM,MEDIUM severity PortScan detected,RF-NIDS classified this flow as PortScan with confidence 0.9859.,ACTIVE,,2026-09-17 09:42:28.869752+00,
22,3183,8642,MEDIUM,MEDIUM severity PortScan detected,RF-NIDS classified this flow as PortScan with confidence 0.9859.,ACTIVE,,2026-09-17 09:42:28.869753+00,
22,3184,8643,MEDIUM,MEDIUM severity PortScan detected,RF-NIDS classified this flow as PortScan with confidence 0.9911.,ACTIVE,,2026-09-17 09:42:28.869753+00,
22,3185,8644,MEDIUM,MEDIUM severity PortScan detected,RF-NIDS classified this flow as PortScan with confidence 0.9859.,ACTIVE,,2026-09-17 09:42:28.869753+00,
22,3186,8645,MEDIUM,MEDIUM severity PortScan detected,RF-NIDS classified this flow as PortScan with confidence 0.9850.,ACTIVE,,2026-09-17 09:42:28.869753+00,
22,3187,8646,MEDIUM,MEDIUM severity PortScan detected,RF-NIDS classified this flow as PortScan with confidence 0.9908.,ACTIVE,,2026-09-17 09:42:28.869753+00,
22,3188,8647,MEDIUM,MEDIUM severity PortScan detected,RF-NIDS classified this flow as PortScan with confidence 0.9859.,ACTIVE,,2026-09-17 09:42:28.869754+00,
22,3189,8648,MEDIUM,MEDIUM severity PortScan detected,RF-NIDS classified this flow as PortScan with confidence 0.9908.,ACTIVE,,2026-09-17 09:42:28.869754+00,
22,3190,8649,MEDIUM,MEDIUM severity PortScan detected,RF-NIDS classified this flow as PortScan with confidence 0.9908.,ACTIVE,,2026-09-17 09:42:28.869754+00,
22,3191,8650,MEDIUM,MEDIUM severity PortScan detected,RF-NIDS classified this flow as PortScan with confidence 0.9908.,ACTIVE,,2026-09-17 09:42:28.869754+00,
22,3192,8651,MEDIUM,MEDIUM severity PortScan detected,RF-NIDS classified this flow as PortScan with confidence 0.9908.,ACTIVE,,2026-09-17 09:42:28.869754+00,
22,3193,8652,MEDIUM,MEDIUM severity PortScan detected,RF-NIDS classified this flow as PortScan with confidence 0.9908.,ACTIVE,,2026-09-17 09:42:28.869755+00,
22,3194,8653,MEDIUM,MEDIUM severity PortScan detected,RF-NIDS classified this flow as PortScan with confidence 0.9908.,ACTIVE,,2026-09-17 09:42:28.869755+00,
22,3195,8654,MEDIUM,MEDIUM severity PortScan detected,RF-NIDS classified this flow as PortScan with confidence 0.9908.,ACTIVE,,2026-09-17 09:42:28.869755+00,
22,3196,8655,MEDIUM,MEDIUM severity PortScan detected,RF-NIDS classified this flow as PortScan with confidence 0.9908.,ACTIVE,,2026-09-17 09:42:28.869755+00,
22,3197,8656,MEDIUM,MEDIUM severity PortScan detected,RF-NIDS classified this flow as PortScan with confidence 0.9908.,ACTIVE,,2026-09-17 09:42:28.869755+00,
22,3198,8657,MEDIUM,MEDIUM severity PortScan detected,RF-NIDS classified this flow as PortScan with confidence 0.9791.,ACTIVE,,2026-09-17 09:42:28.869755+00,
22,3199,8658,MEDIUM,MEDIUM severity PortScan detected,RF-NIDS classified this flow as PortScan with confidence 0.9859.,ACTIVE,,2026-09-17 09:42:28.869756+00,
22,3200,8659,MEDIUM,MEDIUM severity PortScan detected,RF-NIDS classified this flow as PortScan with confidence 0.9908.,ACTIVE,,2026-09-17 09:42:28.869756+00,
22,3201,8660,MEDIUM,MEDIUM severity PortScan detected,RF-NIDS classified this flow as PortScan with confidence 0.9908.,ACTIVE,,2026-09-17 09:42:28.869756+00,
22,3202,8661,MEDIUM,MEDIUM severity PortScan detected,RF-NIDS classified this flow as PortScan with confidence 0.9859.,ACTIVE,,2026-09-17 09:42:28.869756+00,
22,3203,8662,MEDIUM,MEDIUM severity PortScan detected,RF-NIDS classified this flow as PortScan with confidence 0.9911.,ACTIVE,,2026-09-17 09:42:28.869756+00,
22,3204,8663,MEDIUM,MEDIUM severity PortScan detected,RF-NIDS classified this flow as PortScan with confidence 0.9850.,ACTIVE,,2026-09-17 09:42:28.869757+00,
22,3205,8664,MEDIUM,MEDIUM severity PortScan detected,RF-NIDS classified this flow as PortScan with confidence 0.9859.,ACTIVE,,2026-09-17 09:42:28.869757+00,
22,3206,8665,MEDIUM,MEDIUM severity PortScan detected,RF-NIDS classified this flow as PortScan with confidence 0.9908.,ACTIVE,,2026-09-17 09:42:28.869757+00,
22,3207,8666,MEDIUM,MEDIUM severity PortScan detected,RF-NIDS classified this flow as PortScan with confidence 0.9908.,ACTIVE,,2026-09-17 09:42:28.869757+00,
22,3208,8667,MEDIUM,MEDIUM severity PortScan detected,RF-NIDS classified this flow as PortScan with confidence 0.9908.,ACTIVE,,2026-09-17 09:42:28.869757+00,
22,3209,8668,MEDIUM,MEDIUM severity PortScan detected,RF-NIDS classified this flow as PortScan with confidence 0.9859.,ACTIVE,,2026-09-17 09:42:28.869758+00,
22,3210,8669,MEDIUM,MEDIUM severity PortScan detected,RF-NIDS classified this flow as PortScan with confidence 0.9908.,ACTIVE,,2026-09-17 09:42:28.869758+00,
22,3211,8670,MEDIUM,MEDIUM severity PortScan detected,RF-NIDS classified this flow as PortScan with confidence 0.9908.,ACTIVE,,2026-09-17 09:42:28.869758+00,
22,3212,8671,MEDIUM,MEDIUM severity PortScan detected,RF-NIDS classified this flow as PortScan with confidence 0.9859.,ACTIVE,,2026-09-17 09:42:28.869758+00,
22,3213,8672,MEDIUM,MEDIUM severity PortScan detected,RF-NIDS classified this flow as PortScan with confidence 0.9881.,ACTIVE,,2026-09-17 09:42:28.869758+00,
22,3214,8673,MEDIUM,MEDIUM severity PortScan detected,RF-NIDS classified this flow as PortScan with confidence 0.9850.,ACTIVE,,2026-09-17 09:42:28.869758+00,
22,3215,8674,MEDIUM,MEDIUM severity PortScan detected,RF-NIDS classified this flow as PortScan with confidence 0.9908.,ACTIVE,,2026-09-17 09:42:28.869759+00,
22,3216,8675,MEDIUM,MEDIUM severity PortScan detected,RF-NIDS classified this flow as PortScan with confidence 0.9859.,ACTIVE,,2026-09-17 09:42:28.869759+00,
22,3217,8676,MEDIUM,MEDIUM severity PortScan detected,RF-NIDS classified this flow as PortScan with confidence 0.9850.,ACTIVE,,2026-09-17 09:42:28.869759+00,
22,3218,8677,MEDIUM,MEDIUM severity PortScan detected,RF-NIDS classified this flow as PortScan with confidence 0.9859.,ACTIVE,,2026-09-17 09:42:28.869759+00,
22,3219,8678,MEDIUM,MEDIUM severity PortScan detected,RF-NIDS classified this flow as PortScan with confidence 0.9908.,ACTIVE,,2026-09-17 09:42:28.869759+00,
22,3220,8679,MEDIUM,MEDIUM severity PortScan detected,RF-NIDS classified this flow as PortScan with confidence 0.9859.,ACTIVE,,2026-09-17 09:42:28.86976+00,
22,3221,8680,MEDIUM,MEDIUM severity PortScan detected,RF-NIDS classified this flow as PortScan with confidence 0.9850.,ACTIVE,,2026-09-17 09:42:28.86976+00,
22,3222,8681,MEDIUM,MEDIUM severity PortScan detected,RF-NIDS classified this flow as PortScan with confidence 0.9908.,ACTIVE,,2026-09-17 09:42:28.86976+00,
22,3223,8682,MEDIUM,MEDIUM severity PortScan detected,RF-NIDS classified this flow as PortScan with confidence 0.9908.,ACTIVE,,2026-09-17 09:42:28.86976+00,
22,3224,8683,MEDIUM,MEDIUM severity PortScan detected,RF-NIDS classified this flow as PortScan with confidence 0.9859.,ACTIVE,,2026-09-17 09:42:28.86976+00,
22,3225,8684,MEDIUM,MEDIUM severity PortScan detected,RF-NIDS classified this flow as PortScan with confidence 0.9908.,ACTIVE,,2026-09-17 09:42:28.869761+00,
22,3226,8685,MEDIUM,MEDIUM severity PortScan detected,RF-NIDS classified this flow as PortScan with confidence 0.9881.,ACTIVE,,2026-09-17 09:42:28.869761+00,
22,3227,8686,MEDIUM,MEDIUM severity PortScan detected,RF-NIDS classified this flow as PortScan with confidence 0.9850.,ACTIVE,,2026-09-17 09:42:28.869761+00,
22,3228,8687,MEDIUM,MEDIUM severity PortScan detected,RF-NIDS classified this flow as PortScan with confidence 0.9911.,ACTIVE,,2026-09-17 09:42:28.869761+00,
22,3229,8688,MEDIUM,MEDIUM severity PortScan detected,RF-NIDS classified this flow as PortScan with confidence 0.9859.,ACTIVE,,2026-09-17 09:42:28.869761+00,
22,3230,8689,MEDIUM,MEDIUM severity PortScan detected,RF-NIDS classified this flow as PortScan with confidence 0.9881.,ACTIVE,,2026-09-17 09:42:28.869761+00,
22,3231,8690,MEDIUM,MEDIUM severity PortScan detected,RF-NIDS classified this flow as PortScan with confidence 0.9859.,ACTIVE,,2026-09-17 09:42:28.869762+00,
22,3232,8691,MEDIUM,MEDIUM severity PortScan detected,RF-NIDS classified this flow as PortScan with confidence 0.9908.,ACTIVE,,2026-09-17 09:42:28.869762+00,
22,3233,8692,MEDIUM,MEDIUM severity PortScan detected,RF-NIDS classified this flow as PortScan with confidence 0.9911.,ACTIVE,,2026-09-17 09:42:28.869762+00,
22,3234,8693,MEDIUM,MEDIUM severity PortScan detected,RF-NIDS classified this flow as PortScan with confidence 0.9859.,ACTIVE,,2026-09-17 09:42:28.869762+00,
22,3235,8694,MEDIUM,MEDIUM severity PortScan detected,RF-NIDS classified this flow as PortScan with confidence 0.9859.,ACTIVE,,2026-09-17 09:42:28.869762+00,
22,3236,8695,MEDIUM,MEDIUM severity PortScan detected,RF-NIDS classified this flow as PortScan with confidence 0.9908.,ACTIVE,,2026-09-17 09:42:28.869763+00,
22,3237,8696,MEDIUM,MEDIUM severity PortScan detected,RF-NIDS classified this flow as PortScan with confidence 0.9908.,ACTIVE,,2026-09-17 09:42:28.869763+00,
22,3238,8697,MEDIUM,MEDIUM severity PortScan detected,RF-NIDS classified this flow as PortScan with confidence 0.9911.,ACTIVE,,2026-09-17 09:42:28.869763+00,
22,3239,8698,MEDIUM,MEDIUM severity PortScan detected,RF-NIDS classified this flow as PortScan with confidence 0.9908.,ACTIVE,,2026-09-17 09:42:28.869763+00,
22,3240,8699,MEDIUM,MEDIUM severity PortScan detected,RF-NIDS classified this flow as PortScan with confidence 0.9859.,ACTIVE,,2026-09-17 09:42:28.869763+00,
22,3241,8700,MEDIUM,MEDIUM severity PortScan detected,RF-NIDS classified this flow as PortScan with confidence 0.9908.,ACTIVE,,2026-09-17 09:42:28.869764+00,
22,3242,8701,MEDIUM,MEDIUM severity PortScan detected,RF-NIDS classified this flow as PortScan with confidence 0.9908.,ACTIVE,,2026-09-17 09:42:28.869764+00,
22,3243,8702,MEDIUM,MEDIUM severity PortScan detected,RF-NIDS classified this flow as PortScan with confidence 0.9908.,ACTIVE,,2026-09-17 09:42:28.869764+00,
22,3244,8703,MEDIUM,MEDIUM severity PortScan detected,RF-NIDS classified this flow as PortScan with confidence 0.9908.,ACTIVE,,2026-09-17 09:42:28.869764+00,
22,3245,8704,MEDIUM,MEDIUM severity PortScan detected,RF-NIDS classified this flow as PortScan with confidence 0.9908.,ACTIVE,,2026-09-17 09:42:28.869764+00,
22,3246,8705,MEDIUM,MEDIUM severity PortScan detected,RF-NIDS classified this flow as PortScan with confidence 0.9850.,ACTIVE,,2026-09-17 09:42:28.869765+00,
22,3247,8706,MEDIUM,MEDIUM severity PortScan detected,RF-NIDS classified this flow as PortScan with confidence 0.9908.,ACTIVE,,2026-09-17 09:42:28.869765+00,
22,3248,8707,MEDIUM,MEDIUM severity PortScan detected,RF-NIDS classified this flow as PortScan with confidence 0.9908.,ACTIVE,,2026-09-17 09:42:28.869765+00,
22,3249,8708,MEDIUM,MEDIUM severity PortScan detected,RF-NIDS classified this flow as PortScan with confidence 0.9908.,ACTIVE,,2026-09-17 09:42:28.869765+00,
22,3250,8709,MEDIUM,MEDIUM severity PortScan detected,RF-NIDS classified this flow as PortScan with confidence 0.9881.,ACTIVE,,2026-09-17 09:42:28.869765+00,
22,3251,8710,MEDIUM,MEDIUM severity PortScan detected,RF-NIDS classified this flow as PortScan with confidence 0.9859.,ACTIVE,,2026-09-17 09:42:28.869765+00,
22,3252,8711,MEDIUM,MEDIUM severity PortScan detected,RF-NIDS classified this flow as PortScan with confidence 0.9850.,ACTIVE,,2026-09-17 09:42:28.869766+00,
22,3253,8712,MEDIUM,MEDIUM severity PortScan detected,RF-NIDS classified this flow as PortScan with confidence 0.9850.,ACTIVE,,2026-09-17 09:42:28.869766+00,
22,3254,8713,MEDIUM,MEDIUM severity PortScan detected,RF-NIDS classified this flow as PortScan with confidence 0.9908.,ACTIVE,,2026-09-17 09:42:28.869766+00,
22,3255,8714,MEDIUM,MEDIUM severity PortScan detected,RF-NIDS classified this flow as PortScan with confidence 0.9908.,ACTIVE,,2026-09-17 09:42:28.869766+00,
22,3256,8715,MEDIUM,MEDIUM severity PortScan detected,RF-NIDS classified this flow as PortScan with confidence 0.9850.,ACTIVE,,2026-09-17 09:42:28.869766+00,
22,3257,8716,MEDIUM,MEDIUM severity PortScan detected,RF-NIDS classified this flow as PortScan with confidence 0.9908.,ACTIVE,,2026-09-17 09:42:28.869767+00,
22,3258,8717,MEDIUM,MEDIUM severity PortScan detected,RF-NIDS classified this flow as PortScan with confidence 0.9859.,ACTIVE,,2026-09-17 09:42:28.869767+00,
22,3259,8718,MEDIUM,MEDIUM severity PortScan detected,RF-NIDS classified this flow as PortScan with confidence 0.9911.,ACTIVE,,2026-09-17 09:42:28.869767+00,
22,3260,8719,MEDIUM,MEDIUM severity PortScan detected,RF-NIDS classified this flow as PortScan with confidence 0.9908.,ACTIVE,,2026-09-17 09:42:28.869767+00,
22,3261,8720,MEDIUM,MEDIUM severity PortScan detected,RF-NIDS classified this flow as PortScan with confidence 0.9881.,ACTIVE,,2026-09-17 09:42:28.869767+00,
22,3262,8721,MEDIUM,MEDIUM severity PortScan detected,RF-NIDS classified this flow as PortScan with confidence 0.9908.,ACTIVE,,2026-09-17 09:42:28.869768+00,
22,3263,8722,MEDIUM,MEDIUM severity PortScan detected,RF-NIDS classified this flow as PortScan with confidence 0.9908.,ACTIVE,,2026-09-17 09:42:28.869768+00,
22,3264,8723,MEDIUM,MEDIUM severity PortScan detected,RF-NIDS classified this flow as PortScan with confidence 0.9859.,ACTIVE,,2026-09-17 09:42:28.869768+00,
22,3265,8724,MEDIUM,MEDIUM severity PortScan detected,RF-NIDS classified this flow as PortScan with confidence 0.9908.,ACTIVE,,2026-09-17 09:42:28.869768+00,
22,3266,8725,MEDIUM,MEDIUM severity PortScan detected,RF-NIDS classified this flow as PortScan with confidence 0.9908.,ACTIVE,,2026-09-17 09:42:28.869768+00,
22,3267,8726,MEDIUM,MEDIUM severity PortScan detected,RF-NIDS classified this flow as PortScan with confidence 0.9908.,ACTIVE,,2026-09-17 09:42:28.869769+00,
22,3268,8727,MEDIUM,MEDIUM severity PortScan detected,RF-NIDS classified this flow as PortScan with confidence 0.9859.,ACTIVE,,2026-09-17 09:42:28.869769+00,
22,3269,8728,MEDIUM,MEDIUM severity PortScan detected,RF-NIDS classified this flow as PortScan with confidence 0.9859.,ACTIVE,,2026-09-17 09:42:28.869769+00,
22,3270,8729,MEDIUM,MEDIUM severity PortScan detected,RF-NIDS classified this flow as PortScan with confidence 0.9881.,ACTIVE,,2026-09-17 09:42:28.869769+00,
22,3271,8730,MEDIUM,MEDIUM severity PortScan detected,RF-NIDS classified this flow as PortScan with confidence 0.9911.,ACTIVE,,2026-09-17 09:42:28.869769+00,
