id,traffic_flow_id,model_id,predicted_label,confidence_score,class_probabilities,prediction_time,created_at,experiment_id,source_type,external_key,monitoring_session_id,runtime_artifact_id
7138,7138,5,PortScan,0.7586739809529455,"{""DDoS"": 0.10097655752687257, ""Normal"": 0.14034946152018324, ""PortScan"": 0.7586739809529455}",2026-09-17 09:14:28.1795+00,2026-09-17 09:14:28.179502+00,,RUNTIME,monitoring:20:7:41a2a7c04abe6c68b3532b5239d68c7f28bb871a8567da248843b866d67f3851:1,20,1213
7139,7139,5,PortScan,0.7580460213232476,"{""DDoS"": 0.10713491268672297, ""Normal"": 0.13481906599003066, ""PortScan"": 0.7580460213232476}",2026-09-17 09:14:41.289739+00,2026-09-17 09:14:41.28974+00,,RUNTIME,monitoring:20:8:ea2b41a1bc6932c1dc4510ba50ee9c90762ad4fb29eb31487a24a5e03de01510:1,20,1214
7140,7140,5,PortScan,0.7580460213232476,"{""DDoS"": 0.10713491268672297, ""Normal"": 0.13481906599003066, ""PortScan"": 0.7580460213232476}",2026-09-17 09:14:41.28974+00,2026-09-17 09:14:41.289741+00,,RUNTIME,monitoring:20:8:ea2b41a1bc6932c1dc4510ba50ee9c90762ad4fb29eb31487a24a5e03de01510:2,20,1214
7141,7141,5,PortScan,0.7564416299117496,"{""DDoS"": 0.10770790341355531, ""Normal"": 0.13585046667469647, ""PortScan"": 0.7564416299117496}",2026-09-17 09:14:41.289741+00,2026-09-17 09:14:41.289741+00,,RUNTIME,monitoring:20:8:ea2b41a1bc6932c1dc4510ba50ee9c90762ad4fb29eb31487a24a5e03de01510:3,20,1214
7142,7142,5,PortScan,0.7545896569926848,"{""DDoS"": 0.13807571438243463, ""Normal"": 0.10733462862488187, ""PortScan"": 0.7545896569926848}",2026-09-17 09:14:41.289741+00,2026-09-17 09:14:41.289742+00,,RUNTIME,monitoring:20:8:ea2b41a1bc6932c1dc4510ba50ee9c90762ad4fb29eb31487a24a5e03de01510:4,20,1214
7143,7143,5,PortScan,0.7586739809529455,"{""DDoS"": 0.10097655752687257, ""Normal"": 0.14034946152018324, ""PortScan"": 0.7586739809529455}",2026-09-17 09:14:41.289742+00,2026-09-17 09:14:41.289742+00,,RUNTIME,monitoring:20:8:ea2b41a1bc6932c1dc4510ba50ee9c90762ad4fb29eb31487a24a5e03de01510:5,20,1214
7144,7144,5,PortScan,0.7559933363961864,"{""DDoS"": 0.10748351051422525, ""Normal"": 0.13652315308958954, ""PortScan"": 0.7559933363961864}",2026-09-17 09:14:41.289742+00,2026-09-17 09:14:41.289742+00,,RUNTIME,monitoring:20:8:ea2b41a1bc6932c1dc4510ba50ee9c90762ad4fb29eb31487a24a5e03de01510:6,20,1214
7145,7145,5,PortScan,0.5216582930595884,"{""DDoS"": 0.06345386689817338, ""Normal"": 0.41488784004223883, ""PortScan"": 0.5216582930595884}",2026-09-17 09:14:41.289743+00,2026-09-17 09:14:41.289743+00,,RUNTIME,monitoring:20:8:ea2b41a1bc6932c1dc4510ba50ee9c90762ad4fb29eb31487a24a5e03de01510:7,20,1214
7146,7146,5,PortScan,0.7572781432223988,"{""DDoS"": 0.1073082514600086, ""Normal"": 0.1354136053175938, ""PortScan"": 0.7572781432223988}",2026-09-17 09:14:41.289743+00,2026-09-17 09:14:41.289743+00,,RUNTIME,monitoring:20:8:ea2b41a1bc6932c1dc4510ba50ee9c90762ad4fb29eb31487a24a5e03de01510:8,20,1214
7147,7147,5,PortScan,0.7581200500461729,"{""DDoS"": 0.10562117704703654, ""Normal"": 0.13625877290679192, ""PortScan"": 0.7581200500461729}",2026-09-17 09:14:41.289743+00,2026-09-17 09:14:41.289744+00,,RUNTIME,monitoring:20:8:ea2b41a1bc6932c1dc4510ba50ee9c90762ad4fb29eb31487a24a5e03de01510:9,20,1214
7148,7148,5,PortScan,0.7559933363961864,"{""DDoS"": 0.10748351051422525, ""Normal"": 0.13652315308958954, ""PortScan"": 0.7559933363961864}",2026-09-17 09:14:41.289744+00,2026-09-17 09:14:41.289744+00,,RUNTIME,monitoring:20:8:ea2b41a1bc6932c1dc4510ba50ee9c90762ad4fb29eb31487a24a5e03de01510:10,20,1214
7149,7149,5,PortScan,0.7581200500461729,"{""DDoS"": 0.10562117704703654, ""Normal"": 0.13625877290679192, ""PortScan"": 0.7581200500461729}",2026-09-17 09:14:41.289744+00,2026-09-17 09:14:41.289744+00,,RUNTIME,monitoring:20:8:ea2b41a1bc6932c1dc4510ba50ee9c90762ad4fb29eb31487a24a5e03de01510:11,20,1214
7150,7150,5,Normal,0.9951405905201639,"{""DDoS"": 0.003806449658991619, ""Normal"": 0.9951405905201639, ""PortScan"": 0.0010529598208445425}",2026-09-17 09:14:54.169867+00,2026-09-17 09:14:54.169868+00,,RUNTIME,monitoring:20:9:1620cdf2e0745b34b91335b1358762cb23d44ede49910deda65b24b232c951da:1,20,1215
7151,7151,5,Normal,0.9776442395077148,"{""DDoS"": 0.018221125460805742, ""Normal"": 0.9776442395077148, ""PortScan"": 0.00413463503148049}",2026-09-17 09:14:54.169869+00,2026-09-17 09:14:54.169869+00,,RUNTIME,monitoring:20:9:1620cdf2e0745b34b91335b1358762cb23d44ede49910deda65b24b232c951da:2,20,1215
7152,7152,5,Normal,0.9973034349656811,"{""DDoS"": 0.002057606634938532, ""Normal"": 0.9973034349656811, ""PortScan"": 0.0006389583993804343}",2026-09-17 09:14:54.169869+00,2026-09-17 09:14:54.16987+00,,RUNTIME,monitoring:20:9:1620cdf2e0745b34b91335b1358762cb23d44ede49910deda65b24b232c951da:3,20,1215
7153,7153,5,Normal,0.9776442395077148,"{""DDoS"": 0.018221125460805742, ""Normal"": 0.9776442395077148, ""PortScan"": 0.00413463503148049}",2026-09-17 09:14:54.16987+00,2026-09-17 09:14:54.16987+00,,RUNTIME,monitoring:20:9:1620cdf2e0745b34b91335b1358762cb23d44ede49910deda65b24b232c951da:4,20,1215
7154,7154,5,Normal,0.9985429271148654,"{""DDoS"": 0.0012321159072184221, ""Normal"": 0.9985429271148654, ""PortScan"": 0.00022495697791632618}",2026-09-17 09:15:06.914652+00,2026-09-17 09:15:06.914654+00,,RUNTIME,monitoring:20:10:43a2079cd53b26e0a326dbbdd3c697cc4be4e9b4c2942d6da6a3ab24faade862:1,20,1216
7155,7155,5,Normal,0.9374260008646786,"{""DDoS"": 0.0584650754536891, ""Normal"": 0.9374260008646786, ""PortScan"": 0.004108923681634157}",2026-09-17 09:15:06.914655+00,2026-09-17 09:15:06.914655+00,,RUNTIME,monitoring:20:10:43a2079cd53b26e0a326dbbdd3c697cc4be4e9b4c2942d6da6a3ab24faade862:2,20,1216
7156,7156,5,Normal,0.9932848605432397,"{""DDoS"": 0.006495748811371331, ""Normal"": 0.9932848605432397, ""PortScan"": 0.00021939064538887678}",2026-09-17 09:15:20.452535+00,2026-09-17 09:15:20.452536+00,,RUNTIME,monitoring:20:11:c10a72209a17335b6b7e6536de391603e55adf52e41303a80b543a8204ea5540:1,20,1217
7157,7157,5,Normal,0.9774096909233135,"{""DDoS"": 0.01844481526367037, ""Normal"": 0.9774096909233135, ""PortScan"": 0.0041454938130172795}",2026-09-17 09:15:20.452537+00,2026-09-17 09:15:20.452537+00,,RUNTIME,monitoring:20:11:c10a72209a17335b6b7e6536de391603e55adf52e41303a80b543a8204ea5540:2,20,1217
7158,7158,5,Normal,0.9979610098675148,"{""DDoS"": 0.0014000317331048448, ""Normal"": 0.9979610098675148, ""PortScan"": 0.0006389583993804343}",2026-09-17 09:15:20.452537+00,2026-09-17 09:15:20.452537+00,,RUNTIME,monitoring:20:11:c10a72209a17335b6b7e6536de391603e55adf52e41303a80b543a8204ea5540:3,20,1217
7159,7159,5,Normal,0.9744509935190316,"{""DDoS"": 0.021408904595055338, ""Normal"": 0.9744509935190316, ""PortScan"": 0.004140101885914223}",2026-09-17 09:15:20.452538+00,2026-09-17 09:15:20.452538+00,,RUNTIME,monitoring:20:11:c10a72209a17335b6b7e6536de391603e55adf52e41303a80b543a8204ea5540:4,20,1217
7160,7160,5,Normal,0.9932648987931603,"{""DDoS"": 0.006510144228923494, ""Normal"": 0.9932648987931603, ""PortScan"": 0.00022495697791632618}",2026-09-17 09:15:20.452538+00,2026-09-17 09:15:20.452538+00,,RUNTIME,monitoring:20:11:c10a72209a17335b6b7e6536de391603e55adf52e41303a80b543a8204ea5540:5,20,1217
7161,7161,5,Normal,0.6488196188153371,"{""DDoS"": 0.3463383955037188, ""Normal"": 0.6488196188153371, ""PortScan"": 0.004841985680946787}",2026-09-17 09:15:20.452538+00,2026-09-17 09:15:20.452539+00,,RUNTIME,monitoring:20:11:c10a72209a17335b6b7e6536de391603e55adf52e41303a80b543a8204ea5540:6,20,1217
7162,7162,5,Normal,0.9923647218774535,"{""DDoS"": 0.006996319723166187, ""Normal"": 0.9923647218774535, ""PortScan"": 0.0006389583993804343}",2026-09-17 09:15:20.452539+00,2026-09-17 09:15:20.452539+00,,RUNTIME,monitoring:20:11:c10a72209a17335b6b7e6536de391603e55adf52e41303a80b543a8204ea5540:7,20,1217
7163,7163,5,Normal,0.9776442395077148,"{""DDoS"": 0.018221125460805742, ""Normal"": 0.9776442395077148, ""PortScan"": 0.00413463503148049}",2026-09-17 09:15:20.452539+00,2026-09-17 09:15:20.452539+00,,RUNTIME,monitoring:20:11:c10a72209a17335b6b7e6536de391603e55adf52e41303a80b543a8204ea5540:8,20,1217
7164,7164,5,Normal,0.9987176608851019,"{""DDoS"": 0.0012788891553294252, ""Normal"": 0.9987176608851019, ""PortScan"": 0.00000344995956867291}",2026-09-17 09:15:20.45254+00,2026-09-17 09:15:20.45254+00,,RUNTIME,monitoring:20:11:c10a72209a17335b6b7e6536de391603e55adf52e41303a80b543a8204ea5540:9,20,1217
7165,7165,5,Normal,0.9620091615766359,"{""DDoS"": 0.0338453446103482, ""Normal"": 0.9620091615766359, ""PortScan"": 0.0041454938130172795}",2026-09-17 09:15:20.45254+00,2026-09-17 09:15:20.45254+00,,RUNTIME,monitoring:20:11:c10a72209a17335b6b7e6536de391603e55adf52e41303a80b543a8204ea5540:10,20,1217
7166,7166,5,Normal,0.9961400586236513,"{""DDoS"": 0.003220982976968294, ""Normal"": 0.9961400586236513, ""PortScan"": 0.0006389583993804343}",2026-09-17 09:15:20.45254+00,2026-09-17 09:15:20.452541+00,,RUNTIME,monitoring:20:11:c10a72209a17335b6b7e6536de391603e55adf52e41303a80b543a8204ea5540:11,20,1217
7167,7167,5,Normal,0.9776442395077148,"{""DDoS"": 0.018221125460805742, ""Normal"": 0.9776442395077148, ""PortScan"": 0.00413463503148049}",2026-09-17 09:15:20.452541+00,2026-09-17 09:15:20.452541+00,,RUNTIME,monitoring:20:11:c10a72209a17335b6b7e6536de391603e55adf52e41303a80b543a8204ea5540:12,20,1217
7168,7168,5,Normal,0.9933092915039592,"{""DDoS"": 0.006687258536472165, ""Normal"": 0.9933092915039592, ""PortScan"": 0.00000344995956867291}",2026-09-17 09:15:20.452541+00,2026-09-17 09:15:20.452541+00,,RUNTIME,monitoring:20:11:c10a72209a17335b6b7e6536de391603e55adf52e41303a80b543a8204ea5540:13,20,1217
7169,7169,5,Normal,0.9772699444520708,"{""DDoS"": 0.01858456173491308, ""Normal"": 0.9772699444520708, ""PortScan"": 0.0041454938130172795}",2026-09-17 09:15:20.452542+00,2026-09-17 09:15:20.452542+00,,RUNTIME,monitoring:20:11:c10a72209a17335b6b7e6536de391603e55adf52e41303a80b543a8204ea5540:14,20,1217
7170,7170,5,Normal,0.991775567063463,"{""DDoS"": 0.008220982976968294, ""Normal"": 0.991775567063463, ""PortScan"": 0.00000344995956867291}",2026-09-17 09:15:20.452542+00,2026-09-17 09:15:20.452542+00,,RUNTIME,monitoring:20:11:c10a72209a17335b6b7e6536de391603e55adf52e41303a80b543a8204ea5540:15,20,1217
7171,7171,5,Normal,0.9776442395077148,"{""DDoS"": 0.018221125460805742, ""Normal"": 0.9776442395077148, ""PortScan"": 0.00413463503148049}",2026-09-17 09:15:20.452542+00,2026-09-17 09:15:20.452542+00,,RUNTIME,monitoring:20:11:c10a72209a17335b6b7e6536de391603e55adf52e41303a80b543a8204ea5540:16,20,1217
7172,7172,5,Normal,0.9985429271148654,"{""DDoS"": 0.0012321159072184221, ""Normal"": 0.9985429271148654, ""PortScan"": 0.00022495697791632618}",2026-09-17 09:15:20.452543+00,2026-09-17 09:15:20.452543+00,,RUNTIME,monitoring:20:11:c10a72209a17335b6b7e6536de391603e55adf52e41303a80b543a8204ea5540:17,20,1217
7173,7173,5,Normal,0.9776442395077148,"{""DDoS"": 0.018221125460805742, ""Normal"": 0.9776442395077148, ""PortScan"": 0.00413463503148049}",2026-09-17 09:15:20.452543+00,2026-09-17 09:15:20.452543+00,,RUNTIME,monitoring:20:11:c10a72209a17335b6b7e6536de391603e55adf52e41303a80b543a8204ea5540:18,20,1217
7174,7174,5,Normal,0.705628215521442,"{""DDoS"": 0.1801601706873672, ""Normal"": 0.705628215521442, ""PortScan"": 0.11421161379119177}",2026-09-17 09:15:20.452543+00,2026-09-17 09:15:20.452544+00,,RUNTIME,monitoring:20:11:c10a72209a17335b6b7e6536de391603e55adf52e41303a80b543a8204ea5540:19,20,1217
7175,7175,5,Normal,0.9977485655762797,"{""DDoS"": 0.0016124760243400183, ""Normal"": 0.9977485655762797, ""PortScan"": 0.0006389583993804343}",2026-09-17 09:15:34.352026+00,2026-09-17 09:15:34.35203+00,,RUNTIME,monitoring:20:12:1ce1d4d25a00a8083457c05317d4e64fd0f386c2a3792002beb873e246710178:1,20,1218
7176,7176,5,Normal,0.9774096909233135,"{""DDoS"": 0.01844481526367037, ""Normal"": 0.9774096909233135, ""PortScan"": 0.0041454938130172795}",2026-09-17 09:15:34.352031+00,2026-09-17 09:15:34.352032+00,,RUNTIME,monitoring:20:12:1ce1d4d25a00a8083457c05317d4e64fd0f386c2a3792002beb873e246710178:2,20,1218
7177,7177,5,Normal,0.9602513344395642,"{""DDoS"": 0.03752046770073469, ""Normal"": 0.9602513344395642, ""PortScan"": 0.0022281978597009228}",2026-09-17 09:15:34.352032+00,2026-09-17 09:15:34.352033+00,,RUNTIME,monitoring:20:12:1ce1d4d25a00a8083457c05317d4e64fd0f386c2a3792002beb873e246710178:3,20,1218
7178,7178,5,Normal,0.9769149039698436,"{""DDoS"": 0.01820915304070183, ""Normal"": 0.9769149039698436, ""PortScan"": 0.0048759429894556575}",2026-09-17 09:15:34.352033+00,2026-09-17 09:15:34.352033+00,,RUNTIME,monitoring:20:12:1ce1d4d25a00a8083457c05317d4e64fd0f386c2a3792002beb873e246710178:4,20,1218
7179,7179,5,Normal,0.9955953068494856,"{""DDoS"": 0.003640006573553521, ""Normal"": 0.9955953068494856, ""PortScan"": 0.0007646865769609453}",2026-09-17 09:15:34.352034+00,2026-09-17 09:15:34.352034+00,,RUNTIME,monitoring:20:12:1ce1d4d25a00a8083457c05317d4e64fd0f386c2a3792002beb873e246710178:5,20,1218
7180,7180,5,Normal,0.9774361100111577,"{""DDoS"": 0.01841839617582625, ""Normal"": 0.9774361100111577, ""PortScan"": 0.0041454938130172795}",2026-09-17 09:15:34.352034+00,2026-09-17 09:15:34.352035+00,,RUNTIME,monitoring:20:12:1ce1d4d25a00a8083457c05317d4e64fd0f386c2a3792002beb873e246710178:6,20,1218
7181,7181,5,Normal,0.9973647218774535,"{""DDoS"": 0.0019963197231661865, ""Normal"": 0.9973647218774535, ""PortScan"": 0.0006389583993804343}",2026-09-17 09:15:34.352035+00,2026-09-17 09:15:34.352035+00,,RUNTIME,monitoring:20:12:1ce1d4d25a00a8083457c05317d4e64fd0f386c2a3792002beb873e246710178:7,20,1218
7182,7182,5,Normal,0.9620091615766359,"{""DDoS"": 0.03384534461034821, ""Normal"": 0.9620091615766359, ""PortScan"": 0.0041454938130172795}",2026-09-17 09:15:34.352035+00,2026-09-17 09:15:34.352035+00,,RUNTIME,monitoring:20:12:1ce1d4d25a00a8083457c05317d4e64fd0f386c2a3792002beb873e246710178:8,20,1218
7183,7183,5,Normal,0.9945094723961208,"{""DDoS"": 0.005271136958490512, ""Normal"": 0.9945094723961208, ""PortScan"": 0.00021939064538887678}",2026-09-17 09:15:34.352036+00,2026-09-17 09:15:34.352036+00,,RUNTIME,monitoring:20:12:1ce1d4d25a00a8083457c05317d4e64fd0f386c2a3792002beb873e246710178:9,20,1218
7184,7184,5,Normal,0.9774096909233135,"{""DDoS"": 0.01844481526367037, ""Normal"": 0.9774096909233135, ""PortScan"": 0.0041454938130172795}",2026-09-17 09:15:34.352036+00,2026-09-17 09:15:34.352037+00,,RUNTIME,monitoring:20:12:1ce1d4d25a00a8083457c05317d4e64fd0f386c2a3792002beb873e246710178:10,20,1218
7185,7185,5,Normal,0.9988166583178729,"{""DDoS"": 0.0009583847042109034, ""Normal"": 0.9988166583178729, ""PortScan"": 0.00022495697791632618}",2026-09-17 09:15:34.352038+00,2026-09-17 09:15:34.352038+00,,RUNTIME,monitoring:20:12:1ce1d4d25a00a8083457c05317d4e64fd0f386c2a3792002beb873e246710178:11,20,1218
7186,7186,5,Normal,0.6552259857378416,"{""DDoS"": 0.3399624260660261, ""Normal"": 0.6552259857378416, ""PortScan"": 0.004811588196134985}",2026-09-17 09:15:34.352038+00,2026-09-17 09:15:34.352038+00,,RUNTIME,monitoring:20:12:1ce1d4d25a00a8083457c05317d4e64fd0f386c2a3792002beb873e246710178:12,20,1218
7187,7187,5,Normal,0.9977485655762797,"{""DDoS"": 0.0016124760243400183, ""Normal"": 0.9977485655762797, ""PortScan"": 0.0006389583993804343}",2026-09-17 09:15:34.352038+00,2026-09-17 09:15:34.352039+00,,RUNTIME,monitoring:20:12:1ce1d4d25a00a8083457c05317d4e64fd0f386c2a3792002beb873e246710178:13,20,1218
7188,7188,5,Normal,0.9776442395077148,"{""DDoS"": 0.018221125460805742, ""Normal"": 0.9776442395077148, ""PortScan"": 0.00413463503148049}",2026-09-17 09:15:34.352039+00,2026-09-17 09:15:34.352039+00,,RUNTIME,monitoring:20:12:1ce1d4d25a00a8083457c05317d4e64fd0f386c2a3792002beb873e246710178:14,20,1218
7189,7189,5,Normal,0.9961400586236513,"{""DDoS"": 0.003220982976968294, ""Normal"": 0.9961400586236513, ""PortScan"": 0.0006389583993804343}",2026-09-17 09:15:34.352039+00,2026-09-17 09:15:34.352039+00,,RUNTIME,monitoring:20:12:1ce1d4d25a00a8083457c05317d4e64fd0f386c2a3792002beb873e246710178:15,20,1218
7190,7190,5,Normal,0.9774096909233135,"{""DDoS"": 0.01844481526367037, ""Normal"": 0.9774096909233135, ""PortScan"": 0.0041454938130172795}",2026-09-17 09:15:34.35204+00,2026-09-17 09:15:34.35204+00,,RUNTIME,monitoring:20:12:1ce1d4d25a00a8083457c05317d4e64fd0f386c2a3792002beb873e246710178:16,20,1218
7191,7191,5,Normal,0.9771662828936433,"{""DDoS"": 0.0215410625192143, ""Normal"": 0.9771662828936433, ""PortScan"": 0.0012926545871422496}",2026-09-17 09:15:34.35204+00,2026-09-17 09:15:34.35204+00,,RUNTIME,monitoring:20:12:1ce1d4d25a00a8083457c05317d4e64fd0f386c2a3792002beb873e246710178:17,20,1218
7192,7192,5,Normal,0.9774096909233135,"{""DDoS"": 0.01844481526367037, ""Normal"": 0.9774096909233135, ""PortScan"": 0.0041454938130172795}",2026-09-17 09:15:34.352041+00,2026-09-17 09:15:34.352042+00,,RUNTIME,monitoring:20:12:1ce1d4d25a00a8083457c05317d4e64fd0f386c2a3792002beb873e246710178:18,20,1218
7193,7193,5,Normal,0.9961400586236513,"{""DDoS"": 0.003220982976968294, ""Normal"": 0.9961400586236513, ""PortScan"": 0.0006389583993804343}",2026-09-17 09:15:34.352042+00,2026-09-17 09:15:34.352042+00,,RUNTIME,monitoring:20:12:1ce1d4d25a00a8083457c05317d4e64fd0f386c2a3792002beb873e246710178:19,20,1218
7194,7194,5,Normal,0.9776442395077148,"{""DDoS"": 0.018221125460805742, ""Normal"": 0.9776442395077148, ""PortScan"": 0.00413463503148049}",2026-09-17 09:15:34.352042+00,2026-09-17 09:15:34.352042+00,,RUNTIME,monitoring:20:12:1ce1d4d25a00a8083457c05317d4e64fd0f386c2a3792002beb873e246710178:20,20,1218
7195,7195,5,Normal,0.7132341698483751,"{""DDoS"": 0.1770809154737897, ""Normal"": 0.7132341698483751, ""PortScan"": 0.10968491467783593}",2026-09-17 09:15:34.352043+00,2026-09-17 09:15:34.352043+00,,RUNTIME,monitoring:20:12:1ce1d4d25a00a8083457c05317d4e64fd0f386c2a3792002beb873e246710178:21,20,1218
7196,7196,5,DDoS,0.7930754461791824,"{""DDoS"": 0.7930754461791824, ""Normal"": 0.20692455382081767, ""PortScan"": 0.0}",2026-09-17 09:35:40.521317+00,2026-09-17 09:35:40.521319+00,,RUNTIME,monitoring:21:72:2787bd12a8b134da1a8c026aae3d6cce8d7d2293f3ccaac8102dae467d0cb49f:1,21,1334
7197,7197,5,DDoS,0.8230599890292052,"{""DDoS"": 0.8230599890292052, ""Normal"": 0.17694001097079493, ""PortScan"": 0.0}",2026-09-17 09:35:40.521319+00,2026-09-17 09:35:40.52132+00,,RUNTIME,monitoring:21:72:2787bd12a8b134da1a8c026aae3d6cce8d7d2293f3ccaac8102dae467d0cb49f:2,21,1334
7198,7198,5,Normal,0.4666862715171565,"{""DDoS"": 0.31726894123802635, ""Normal"": 0.4666862715171565, ""PortScan"": 0.21604478724481838}",2026-09-17 09:35:40.52132+00,2026-09-17 09:35:40.52132+00,,RUNTIME,monitoring:21:72:2787bd12a8b134da1a8c026aae3d6cce8d7d2293f3ccaac8102dae467d0cb49f:3,21,1334
7199,7199,5,Normal,0.9776442395077148,"{""DDoS"": 0.018221125460805742, ""Normal"": 0.9776442395077148, ""PortScan"": 0.00413463503148049}",2026-09-17 09:35:40.52132+00,2026-09-17 09:35:40.521321+00,,RUNTIME,monitoring:21:72:2787bd12a8b134da1a8c026aae3d6cce8d7d2293f3ccaac8102dae467d0cb49f:4,21,1334
7200,7200,5,DDoS,0.9959583847042108,"{""DDoS"": 0.9959583847042108, ""Normal"": 0.004038165336220465, ""PortScan"": 0.00000344995956867291}",2026-09-17 09:35:40.521321+00,2026-09-17 09:35:40.521321+00,,RUNTIME,monitoring:21:72:2787bd12a8b134da1a8c026aae3d6cce8d7d2293f3ccaac8102dae467d0cb49f:5,21,1334
7201,7201,5,DDoS,0.9874178954400628,"{""DDoS"": 0.9874178954400628, ""Normal"": 0.01257865460036857, ""PortScan"": 0.00000344995956867291}",2026-09-17 09:35:40.521321+00,2026-09-17 09:35:40.521321+00,,RUNTIME,monitoring:21:72:2787bd12a8b134da1a8c026aae3d6cce8d7d2293f3ccaac8102dae467d0cb49f:6,21,1334
7202,7202,5,DDoS,0.7452253505276947,"{""DDoS"": 0.7452253505276947, ""Normal"": 0.2509130707239219, ""PortScan"": 0.0038615787483842574}",2026-09-17 09:35:40.521322+00,2026-09-17 09:35:40.521322+00,,RUNTIME,monitoring:21:72:2787bd12a8b134da1a8c026aae3d6cce8d7d2293f3ccaac8102dae467d0cb49f:7,21,1334
7203,7203,5,DDoS,0.9930085386857331,"{""DDoS"": 0.9930085386857331, ""Normal"": 0.006988011354698248, ""PortScan"": 0.00000344995956867291}",2026-09-17 09:35:40.521322+00,2026-09-17 09:35:40.521322+00,,RUNTIME,monitoring:21:72:2787bd12a8b134da1a8c026aae3d6cce8d7d2293f3ccaac8102dae467d0cb49f:8,21,1334
7204,7204,5,DDoS,0.8644996801958501,"{""DDoS"": 0.8644996801958501, ""Normal"": 0.13107745404361335, ""PortScan"": 0.004422865760537095}",2026-09-17 09:35:40.521322+00,2026-09-17 09:35:40.521323+00,,RUNTIME,monitoring:21:72:2787bd12a8b134da1a8c026aae3d6cce8d7d2293f3ccaac8102dae467d0cb49f:9,21,1334
7205,7205,5,DDoS,0.9959583847042108,"{""DDoS"": 0.9959583847042108, ""Normal"": 0.004038165336220465, ""PortScan"": 0.00000344995956867291}",2026-09-17 09:35:40.521323+00,2026-09-17 09:35:40.521323+00,,RUNTIME,monitoring:21:72:2787bd12a8b134da1a8c026aae3d6cce8d7d2293f3ccaac8102dae467d0cb49f:10,21,1334
7206,7206,5,Normal,0.9747247247220392,"{""DDoS"": 0.02113517339204783, ""Normal"": 0.9747247247220392, ""PortScan"": 0.004140101885914223}",2026-09-17 09:35:40.521323+00,2026-09-17 09:35:40.521323+00,,RUNTIME,monitoring:21:72:2787bd12a8b134da1a8c026aae3d6cce8d7d2293f3ccaac8102dae467d0cb49f:11,21,1334
7207,7207,5,DDoS,0.9807892844806781,"{""DDoS"": 0.9807892844806781, ""Normal"": 0.019207265559753144, ""PortScan"": 0.00000344995956867291}",2026-09-17 09:35:40.521324+00,2026-09-17 09:35:40.521324+00,,RUNTIME,monitoring:21:72:2787bd12a8b134da1a8c026aae3d6cce8d7d2293f3ccaac8102dae467d0cb49f:12,21,1334
7208,7208,5,DDoS,0.9634734692763116,"{""DDoS"": 0.9634734692763116, ""Normal"": 0.03652308076411963, ""PortScan"": 0.00000344995956867291}",2026-09-17 09:35:40.521324+00,2026-09-17 09:35:40.521324+00,,RUNTIME,monitoring:21:72:2787bd12a8b134da1a8c026aae3d6cce8d7d2293f3ccaac8102dae467d0cb49f:13,21,1334
7209,7209,5,DDoS,0.7517988799394593,"{""DDoS"": 0.7517988799394593, ""Normal"": 0.24433954131215713, ""PortScan"": 0.0038615787483842574}",2026-09-17 09:35:40.521324+00,2026-09-17 09:35:40.521325+00,,RUNTIME,monitoring:21:72:2787bd12a8b134da1a8c026aae3d6cce8d7d2293f3ccaac8102dae467d0cb49f:14,21,1334
7210,7210,5,DDoS,0.9689592348821072,"{""DDoS"": 0.9689592348821072, ""Normal"": 0.03103731515832412, ""PortScan"": 0.00000344995956867291}",2026-09-17 09:35:40.521325+00,2026-09-17 09:35:40.521325+00,,RUNTIME,monitoring:21:72:2787bd12a8b134da1a8c026aae3d6cce8d7d2293f3ccaac8102dae467d0cb49f:15,21,1334
7211,7211,5,Normal,0.6552259857378416,"{""DDoS"": 0.3399624260660261, ""Normal"": 0.6552259857378416, ""PortScan"": 0.004811588196134985}",2026-09-17 09:35:40.521325+00,2026-09-17 09:35:40.521326+00,,RUNTIME,monitoring:21:72:2787bd12a8b134da1a8c026aae3d6cce8d7d2293f3ccaac8102dae467d0cb49f:16,21,1334
7212,7212,5,DDoS,0.9959583847042108,"{""DDoS"": 0.9959583847042108, ""Normal"": 0.004038165336220465, ""PortScan"": 0.00000344995956867291}",2026-09-17 09:35:40.521326+00,2026-09-17 09:35:40.521326+00,,RUNTIME,monitoring:21:72:2787bd12a8b134da1a8c026aae3d6cce8d7d2293f3ccaac8102dae467d0cb49f:17,21,1334
7213,7213,5,DDoS,0.7791038601749668,"{""DDoS"": 0.7791038601749668, ""Normal"": 0.21703456107664973, ""PortScan"": 0.0038615787483842574}",2026-09-17 09:35:40.521326+00,2026-09-17 09:35:40.521326+00,,RUNTIME,monitoring:21:72:2787bd12a8b134da1a8c026aae3d6cce8d7d2293f3ccaac8102dae467d0cb49f:18,21,1334
7214,7214,5,DDoS,0.995588290317723,"{""DDoS"": 0.995588290317723, ""Normal"": 0.0044082597227082946, ""PortScan"": 0.00000344995956867291}",2026-09-17 09:35:40.521327+00,2026-09-17 09:35:40.521327+00,,RUNTIME,monitoring:21:72:2787bd12a8b134da1a8c026aae3d6cce8d7d2293f3ccaac8102dae467d0cb49f:19,21,1334
7215,7215,5,Normal,0.9747247247220392,"{""DDoS"": 0.02113517339204783, ""Normal"": 0.9747247247220392, ""PortScan"": 0.004140101885914223}",2026-09-17 09:35:40.521327+00,2026-09-17 09:35:40.521327+00,,RUNTIME,monitoring:21:72:2787bd12a8b134da1a8c026aae3d6cce8d7d2293f3ccaac8102dae467d0cb49f:20,21,1334
7216,7216,5,DDoS,0.9909583847042108,"{""DDoS"": 0.9909583847042108, ""Normal"": 0.009038165336220465, ""PortScan"": 0.00000344995956867291}",2026-09-17 09:35:40.521327+00,2026-09-17 09:35:40.521328+00,,RUNTIME,monitoring:21:72:2787bd12a8b134da1a8c026aae3d6cce8d7d2293f3ccaac8102dae467d0cb49f:21,21,1334
7217,7217,5,Normal,0.5727308764483614,"{""DDoS"": 0.42245753535550457, ""Normal"": 0.5727308764483614, ""PortScan"": 0.004811588196134985}",2026-09-17 09:35:40.521328+00,2026-09-17 09:35:40.521328+00,,RUNTIME,monitoring:21:72:2787bd12a8b134da1a8c026aae3d6cce8d7d2293f3ccaac8102dae467d0cb49f:22,21,1334
7218,7218,5,DDoS,0.9913422284030371,"{""DDoS"": 0.9913422284030371, ""Normal"": 0.008654321637394291, ""PortScan"": 0.00000344995956867291}",2026-09-17 09:35:40.521328+00,2026-09-17 09:35:40.521328+00,,RUNTIME,monitoring:21:72:2787bd12a8b134da1a8c026aae3d6cce8d7d2293f3ccaac8102dae467d0cb49f:23,21,1334
7219,7219,5,DDoS,0.7439907513695837,"{""DDoS"": 0.7439907513695837, ""Normal"": 0.25119766043428193, ""PortScan"": 0.004811588196134985}",2026-09-17 09:35:40.521329+00,2026-09-17 09:35:40.521329+00,,RUNTIME,monitoring:21:72:2787bd12a8b134da1a8c026aae3d6cce8d7d2293f3ccaac8102dae467d0cb49f:24,21,1334
7220,7220,5,DDoS,0.9823898407041305,"{""DDoS"": 0.9823898407041305, ""Normal"": 0.017610159295869527, ""PortScan"": 0.0}",2026-09-17 09:35:40.521329+00,2026-09-17 09:35:40.521329+00,,RUNTIME,monitoring:21:72:2787bd12a8b134da1a8c026aae3d6cce8d7d2293f3ccaac8102dae467d0cb49f:25,21,1334
7221,7221,5,DDoS,0.7668005443366884,"{""DDoS"": 0.7668005443366884, ""Normal"": 0.2283574699823657, ""PortScan"": 0.004841985680946787}",2026-09-17 09:35:40.52133+00,2026-09-17 09:35:40.52133+00,,RUNTIME,monitoring:21:72:2787bd12a8b134da1a8c026aae3d6cce8d7d2293f3ccaac8102dae467d0cb49f:26,21,1334
7222,7222,5,DDoS,0.9385567753746505,"{""DDoS"": 0.9385567753746505, ""Normal"": 0.06143977466578074, ""PortScan"": 0.00000344995956867291}",2026-09-17 09:35:40.52133+00,2026-09-17 09:35:40.52133+00,,RUNTIME,monitoring:21:72:2787bd12a8b134da1a8c026aae3d6cce8d7d2293f3ccaac8102dae467d0cb49f:27,21,1334
7223,7223,5,Normal,0.9774361100111577,"{""DDoS"": 0.01841839617582625, ""Normal"": 0.9774361100111577, ""PortScan"": 0.0041454938130172795}",2026-09-17 09:35:40.52133+00,2026-09-17 09:35:40.521331+00,,RUNTIME,monitoring:21:72:2787bd12a8b134da1a8c026aae3d6cce8d7d2293f3ccaac8102dae467d0cb49f:28,21,1334
7224,7224,5,DDoS,0.9912833045201361,"{""DDoS"": 0.9912833045201361, ""Normal"": 0.008713245520295211, ""PortScan"": 0.00000344995956867291}",2026-09-17 09:35:40.521331+00,2026-09-17 09:35:40.521331+00,,RUNTIME,monitoring:21:72:2787bd12a8b134da1a8c026aae3d6cce8d7d2293f3ccaac8102dae467d0cb49f:29,21,1334
7225,7225,5,DDoS,0.7752005973578914,"{""DDoS"": 0.7752005973578914, ""Normal"": 0.21710760360106454, ""PortScan"": 0.007691799041044801}",2026-09-17 09:35:40.521331+00,2026-09-17 09:35:40.521331+00,,RUNTIME,monitoring:21:72:2787bd12a8b134da1a8c026aae3d6cce8d7d2293f3ccaac8102dae467d0cb49f:30,21,1334
7226,7226,5,DDoS,0.9959583847042108,"{""DDoS"": 0.9959583847042108, ""Normal"": 0.004038165336220465, ""PortScan"": 0.00000344995956867291}",2026-09-17 09:35:40.521332+00,2026-09-17 09:35:40.521332+00,,RUNTIME,monitoring:21:72:2787bd12a8b134da1a8c026aae3d6cce8d7d2293f3ccaac8102dae467d0cb49f:31,21,1334
7227,7227,5,DDoS,0.7169234350812803,"{""DDoS"": 0.7169234350812803, ""Normal"": 0.2781559397171113, ""PortScan"": 0.004920625201609391}",2026-09-17 09:35:40.521332+00,2026-09-17 09:35:40.521332+00,,RUNTIME,monitoring:21:72:2787bd12a8b134da1a8c026aae3d6cce8d7d2293f3ccaac8102dae467d0cb49f:32,21,1334
7228,7228,5,DDoS,0.9959583847042108,"{""DDoS"": 0.9959583847042108, ""Normal"": 0.004038165336220465, ""PortScan"": 0.00000344995956867291}",2026-09-17 09:35:40.521333+00,2026-09-17 09:35:40.521333+00,,RUNTIME,monitoring:21:72:2787bd12a8b134da1a8c026aae3d6cce8d7d2293f3ccaac8102dae467d0cb49f:33,21,1334
7229,7229,5,DDoS,0.5448131321116919,"{""DDoS"": 0.5448131321116919, ""Normal"": 0.45132528913992387, ""PortScan"": 0.0038615787483842574}",2026-09-17 09:35:40.521333+00,2026-09-17 09:35:40.521333+00,,RUNTIME,monitoring:21:72:2787bd12a8b134da1a8c026aae3d6cce8d7d2293f3ccaac8102dae467d0cb49f:34,21,1334
7230,7230,5,DDoS,0.9959583847042108,"{""DDoS"": 0.9959583847042108, ""Normal"": 0.004038165336220465, ""PortScan"": 0.00000344995956867291}",2026-09-17 09:35:40.521333+00,2026-09-17 09:35:40.521334+00,,RUNTIME,monitoring:21:72:2787bd12a8b134da1a8c026aae3d6cce8d7d2293f3ccaac8102dae467d0cb49f:35,21,1334
7231,7231,5,DDoS,0.7473831896198943,"{""DDoS"": 0.7473831896198943, ""Normal"": 0.24780522218397144, ""PortScan"": 0.004811588196134985}",2026-09-17 09:35:40.521334+00,2026-09-17 09:35:40.521334+00,,RUNTIME,monitoring:21:72:2787bd12a8b134da1a8c026aae3d6cce8d7d2293f3ccaac8102dae467d0cb49f:36,21,1334
7232,7232,5,DDoS,0.9959583847042108,"{""DDoS"": 0.9959583847042108, ""Normal"": 0.004038165336220465, ""PortScan"": 0.00000344995956867291}",2026-09-17 09:35:40.521334+00,2026-09-17 09:35:40.521334+00,,RUNTIME,monitoring:21:72:2787bd12a8b134da1a8c026aae3d6cce8d7d2293f3ccaac8102dae467d0cb49f:37,21,1334
7233,7233,5,DDoS,0.8477041005139755,"{""DDoS"": 0.8477041005139755, ""Normal"": 0.14157447087507316, ""PortScan"": 0.01072142861095188}",2026-09-17 09:35:40.521335+00,2026-09-17 09:35:40.521335+00,,RUNTIME,monitoring:21:72:2787bd12a8b134da1a8c026aae3d6cce8d7d2293f3ccaac8102dae467d0cb49f:38,21,1334
7234,7234,5,DDoS,0.9814935449725042,"{""DDoS"": 0.9814935449725042, ""Normal"": 0.018503005067927326, ""PortScan"": 0.00000344995956867291}",2026-09-17 09:35:40.521335+00,2026-09-17 09:35:40.521335+00,,RUNTIME,monitoring:21:72:2787bd12a8b134da1a8c026aae3d6cce8d7d2293f3ccaac8102dae467d0cb49f:39,21,1334
7235,7235,5,DDoS,0.9943601486038592,"{""DDoS"": 0.9943601486038592, ""Normal"": 0.005636401436572053, ""PortScan"": 0.00000344995956867291}",2026-09-17 09:35:40.521335+00,2026-09-17 09:35:40.521336+00,,RUNTIME,monitoring:21:72:2787bd12a8b134da1a8c026aae3d6cce8d7d2293f3ccaac8102dae467d0cb49f:40,21,1334
7236,7236,5,DDoS,0.7791038601749668,"{""DDoS"": 0.7791038601749668, ""Normal"": 0.21703456107664973, ""PortScan"": 0.0038615787483842574}",2026-09-17 09:35:40.521336+00,2026-09-17 09:35:40.521336+00,,RUNTIME,monitoring:21:72:2787bd12a8b134da1a8c026aae3d6cce8d7d2293f3ccaac8102dae467d0cb49f:41,21,1334
7237,7237,5,DDoS,0.9959583847042108,"{""DDoS"": 0.9959583847042108, ""Normal"": 0.004038165336220465, ""PortScan"": 0.00000344995956867291}",2026-09-17 09:35:40.521336+00,2026-09-17 09:35:40.521336+00,,RUNTIME,monitoring:21:72:2787bd12a8b134da1a8c026aae3d6cce8d7d2293f3ccaac8102dae467d0cb49f:42,21,1334
7238,7238,5,DDoS,0.7473831896198943,"{""DDoS"": 0.7473831896198943, ""Normal"": 0.24780522218397144, ""PortScan"": 0.004811588196134985}",2026-09-17 09:35:40.521337+00,2026-09-17 09:35:40.521337+00,,RUNTIME,monitoring:21:72:2787bd12a8b134da1a8c026aae3d6cce8d7d2293f3ccaac8102dae467d0cb49f:43,21,1334
7239,7239,5,DDoS,0.6887675918488411,"{""DDoS"": 0.6887675918488411, ""Normal"": 0.25181439111559845, ""PortScan"": 0.05941801703556157}",2026-09-17 09:35:40.521337+00,2026-09-17 09:35:40.521337+00,,RUNTIME,monitoring:21:72:2787bd12a8b134da1a8c026aae3d6cce8d7d2293f3ccaac8102dae467d0cb49f:44,21,1334
7240,7240,5,Normal,0.5549279068212576,"{""DDoS"": 0.3832910399956811, ""Normal"": 0.5549279068212576, ""PortScan"": 0.06178105318306239}",2026-09-17 09:35:40.521338+00,2026-09-17 09:35:40.521338+00,,RUNTIME,monitoring:21:72:2787bd12a8b134da1a8c026aae3d6cce8d7d2293f3ccaac8102dae467d0cb49f:45,21,1334
7241,7241,5,DDoS,0.681220659363888,"{""DDoS"": 0.681220659363888, ""Normal"": 0.25936132360055175, ""PortScan"": 0.05941801703556157}",2026-09-17 09:35:40.521338+00,2026-09-17 09:35:40.521338+00,,RUNTIME,monitoring:21:72:2787bd12a8b134da1a8c026aae3d6cce8d7d2293f3ccaac8102dae467d0cb49f:46,21,1334
7242,7242,5,DDoS,0.9959583847042108,"{""DDoS"": 0.9959583847042108, ""Normal"": 0.004038165336220465, ""PortScan"": 0.00000344995956867291}",2026-09-17 09:35:58.981506+00,2026-09-17 09:35:58.981508+00,,RUNTIME,monitoring:21:73:6a13710d5f1d9e9bb7b0ba98066b10f36ff40f96a6fc7b24e47e860b2a7c1387:1,21,1335
7243,7243,5,Normal,0.7610593386954045,"{""DDoS"": 0.2346474014956339, ""Normal"": 0.7610593386954045, ""PortScan"": 0.004293259808963643}",2026-09-17 09:35:58.981509+00,2026-09-17 09:35:58.981509+00,,RUNTIME,monitoring:21:73:6a13710d5f1d9e9bb7b0ba98066b10f36ff40f96a6fc7b24e47e860b2a7c1387:2,21,1335
7244,7244,5,DDoS,0.9432985013216202,"{""DDoS"": 0.9432985013216202, ""Normal"": 0.05669804871881094, ""PortScan"": 0.00000344995956867291}",2026-09-17 09:35:58.981509+00,2026-09-17 09:35:58.98151+00,,RUNTIME,monitoring:21:73:6a13710d5f1d9e9bb7b0ba98066b10f36ff40f96a6fc7b24e47e860b2a7c1387:3,21,1335
7245,7245,5,Normal,0.6518635657893291,"{""DDoS"": 0.34327552865935185, ""Normal"": 0.6518635657893291, ""PortScan"": 0.004860905551321779}",2026-09-17 09:35:58.98151+00,2026-09-17 09:35:58.98151+00,,RUNTIME,monitoring:21:73:6a13710d5f1d9e9bb7b0ba98066b10f36ff40f96a6fc7b24e47e860b2a7c1387:4,21,1335
7246,7246,5,DDoS,0.9863422284030371,"{""DDoS"": 0.9863422284030371, ""Normal"": 0.01365432163739429, ""PortScan"": 0.00000344995956867291}",2026-09-17 09:35:58.98151+00,2026-09-17 09:35:58.98151+00,,RUNTIME,monitoring:21:73:6a13710d5f1d9e9bb7b0ba98066b10f36ff40f96a6fc7b24e47e860b2a7c1387:5,21,1335
7247,7247,5,Normal,0.8718572388148614,"{""DDoS"": 0.12361858725808363, ""Normal"": 0.8718572388148614, ""PortScan"": 0.004524173927054306}",2026-09-17 09:35:58.981511+00,2026-09-17 09:35:58.981511+00,,RUNTIME,monitoring:21:73:6a13710d5f1d9e9bb7b0ba98066b10f36ff40f96a6fc7b24e47e860b2a7c1387:6,21,1335
7248,7248,5,DDoS,0.9959583847042108,"{""DDoS"": 0.9959583847042108, ""Normal"": 0.004038165336220465, ""PortScan"": 0.00000344995956867291}",2026-09-17 09:35:58.981511+00,2026-09-17 09:35:58.981511+00,,RUNTIME,monitoring:21:73:6a13710d5f1d9e9bb7b0ba98066b10f36ff40f96a6fc7b24e47e860b2a7c1387:7,21,1335
7249,7249,5,DDoS,0.8644996801958503,"{""DDoS"": 0.8644996801958503, ""Normal"": 0.13107745404361335, ""PortScan"": 0.004422865760537095}",2026-09-17 09:35:58.981511+00,2026-09-17 09:35:58.981511+00,,RUNTIME,monitoring:21:73:6a13710d5f1d9e9bb7b0ba98066b10f36ff40f96a6fc7b24e47e860b2a7c1387:8,21,1335
7250,7250,5,DDoS,0.99370232817662,"{""DDoS"": 0.99370232817662, ""Normal"": 0.006294221863811313, ""PortScan"": 0.00000344995956867291}",2026-09-17 09:35:58.981512+00,2026-09-17 09:35:58.981512+00,,RUNTIME,monitoring:21:73:6a13710d5f1d9e9bb7b0ba98066b10f36ff40f96a6fc7b24e47e860b2a7c1387:9,21,1335
7251,7251,5,DDoS,0.8644996801958503,"{""DDoS"": 0.8644996801958503, ""Normal"": 0.13107745404361335, ""PortScan"": 0.004422865760537095}",2026-09-17 09:35:58.981512+00,2026-09-17 09:35:58.981512+00,,RUNTIME,monitoring:21:73:6a13710d5f1d9e9bb7b0ba98066b10f36ff40f96a6fc7b24e47e860b2a7c1387:10,21,1335
7252,7252,5,DDoS,0.991073383897977,"{""DDoS"": 0.991073383897977, ""Normal"": 0.008923166142454406, ""PortScan"": 0.00000344995956867291}",2026-09-17 09:35:58.981512+00,2026-09-17 09:35:58.981513+00,,RUNTIME,monitoring:21:73:6a13710d5f1d9e9bb7b0ba98066b10f36ff40f96a6fc7b24e47e860b2a7c1387:11,21,1335
7253,7253,5,DDoS,0.7791038601749668,"{""DDoS"": 0.7791038601749668, ""Normal"": 0.21703456107664973, ""PortScan"": 0.0038615787483842574}",2026-09-17 09:35:58.981513+00,2026-09-17 09:35:58.981513+00,,RUNTIME,monitoring:21:73:6a13710d5f1d9e9bb7b0ba98066b10f36ff40f96a6fc7b24e47e860b2a7c1387:12,21,1335
7254,7254,5,DDoS,0.9930085386857331,"{""DDoS"": 0.9930085386857331, ""Normal"": 0.006988011354698247, ""PortScan"": 0.00000344995956867291}",2026-09-17 09:35:58.981513+00,2026-09-17 09:35:58.981513+00,,RUNTIME,monitoring:21:73:6a13710d5f1d9e9bb7b0ba98066b10f36ff40f96a6fc7b24e47e860b2a7c1387:13,21,1335
7255,7255,5,DDoS,0.7359903534230289,"{""DDoS"": 0.7359903534230289, ""Normal"": 0.2591487410256502, ""PortScan"": 0.004860905551321779}",2026-09-17 09:35:58.981514+00,2026-09-17 09:35:58.981514+00,,RUNTIME,monitoring:21:73:6a13710d5f1d9e9bb7b0ba98066b10f36ff40f96a6fc7b24e47e860b2a7c1387:14,21,1335
7256,7256,5,DDoS,0.9807797469480232,"{""DDoS"": 0.9807797469480232, ""Normal"": 0.01922025305197683, ""PortScan"": 0.0}",2026-09-17 09:35:58.981514+00,2026-09-17 09:35:58.981514+00,,RUNTIME,monitoring:21:73:6a13710d5f1d9e9bb7b0ba98066b10f36ff40f96a6fc7b24e47e860b2a7c1387:15,21,1335
7257,7257,5,Normal,0.9774096909233135,"{""DDoS"": 0.01844481526367037, ""Normal"": 0.9774096909233135, ""PortScan"": 0.0041454938130172795}",2026-09-17 09:35:58.981514+00,2026-09-17 09:35:58.981515+00,,RUNTIME,monitoring:21:73:6a13710d5f1d9e9bb7b0ba98066b10f36ff40f96a6fc7b24e47e860b2a7c1387:16,21,1335
7258,7258,5,DDoS,0.9959583847042108,"{""DDoS"": 0.9959583847042108, ""Normal"": 0.004038165336220465, ""PortScan"": 0.00000344995956867291}",2026-09-17 09:35:58.981515+00,2026-09-17 09:35:58.981515+00,,RUNTIME,monitoring:21:73:6a13710d5f1d9e9bb7b0ba98066b10f36ff40f96a6fc7b24e47e860b2a7c1387:17,21,1335
7259,7259,5,DDoS,1,"{""DDoS"": 1.0, ""Normal"": 0.0, ""PortScan"": 0.0}",2026-09-17 09:35:58.981515+00,2026-09-17 09:35:58.981515+00,,RUNTIME,monitoring:21:73:6a13710d5f1d9e9bb7b0ba98066b10f36ff40f96a6fc7b24e47e860b2a7c1387:18,21,1335
7260,7260,5,DDoS,0.7359903534230287,"{""DDoS"": 0.7359903534230287, ""Normal"": 0.2591487410256502, ""PortScan"": 0.004860905551321779}",2026-09-17 09:35:58.981515+00,2026-09-17 09:35:58.981516+00,,RUNTIME,monitoring:21:73:6a13710d5f1d9e9bb7b0ba98066b10f36ff40f96a6fc7b24e47e860b2a7c1387:19,21,1335
7261,7261,5,DDoS,0.8644996801958503,"{""DDoS"": 0.8644996801958503, ""Normal"": 0.13107745404361335, ""PortScan"": 0.004422865760537095}",2026-09-17 09:35:58.981516+00,2026-09-17 09:35:58.981516+00,,RUNTIME,monitoring:21:73:6a13710d5f1d9e9bb7b0ba98066b10f36ff40f96a6fc7b24e47e860b2a7c1387:20,21,1335
7262,7262,5,DDoS,0.995588290317723,"{""DDoS"": 0.995588290317723, ""Normal"": 0.0044082597227082946, ""PortScan"": 0.00000344995956867291}",2026-09-17 09:35:58.981516+00,2026-09-17 09:35:58.981516+00,,RUNTIME,monitoring:21:73:6a13710d5f1d9e9bb7b0ba98066b10f36ff40f96a6fc7b24e47e860b2a7c1387:21,21,1335
7263,7263,5,DDoS,0.5539097367298336,"{""DDoS"": 0.5539097367298336, ""Normal"": 0.44222868452178227, ""PortScan"": 0.0038615787483842574}",2026-09-17 09:35:58.981517+00,2026-09-17 09:35:58.981517+00,,RUNTIME,monitoring:21:73:6a13710d5f1d9e9bb7b0ba98066b10f36ff40f96a6fc7b24e47e860b2a7c1387:22,21,1335
7264,7264,5,DDoS,0.9959583847042108,"{""DDoS"": 0.9959583847042108, ""Normal"": 0.004038165336220465, ""PortScan"": 0.00000344995956867291}",2026-09-17 09:35:58.981517+00,2026-09-17 09:35:58.981517+00,,RUNTIME,monitoring:21:73:6a13710d5f1d9e9bb7b0ba98066b10f36ff40f96a6fc7b24e47e860b2a7c1387:23,21,1335
7265,7265,5,DDoS,0.7439907513695837,"{""DDoS"": 0.7439907513695837, ""Normal"": 0.25119766043428193, ""PortScan"": 0.004811588196134985}",2026-09-17 09:35:58.981517+00,2026-09-17 09:35:58.981518+00,,RUNTIME,monitoring:21:73:6a13710d5f1d9e9bb7b0ba98066b10f36ff40f96a6fc7b24e47e860b2a7c1387:24,21,1335
7266,7266,5,DDoS,0.9339712240556142,"{""DDoS"": 0.9339712240556142, ""Normal"": 0.06602532598481695, ""PortScan"": 0.00000344995956867291}",2026-09-17 09:35:58.981518+00,2026-09-17 09:35:58.981518+00,,RUNTIME,monitoring:21:73:6a13710d5f1d9e9bb7b0ba98066b10f36ff40f96a6fc7b24e47e860b2a7c1387:25,21,1335
7267,7267,5,Normal,0.9454598542897185,"{""DDoS"": 0.050413693197398315, ""Normal"": 0.9454598542897185, ""PortScan"": 0.004126452512884439}",2026-09-17 09:35:58.981518+00,2026-09-17 09:35:58.981518+00,,RUNTIME,monitoring:21:73:6a13710d5f1d9e9bb7b0ba98066b10f36ff40f96a6fc7b24e47e860b2a7c1387:26,21,1335
7268,7268,5,DDoS,0.9766551022852142,"{""DDoS"": 0.9766551022852142, ""Normal"": 0.02334489771478583, ""PortScan"": 0.0}",2026-09-17 09:35:58.981519+00,2026-09-17 09:35:58.981519+00,,RUNTIME,monitoring:21:73:6a13710d5f1d9e9bb7b0ba98066b10f36ff40f96a6fc7b24e47e860b2a7c1387:27,21,1335
7269,7269,5,Normal,0.9659880128162319,"{""DDoS"": 0.02986649337075211, ""Normal"": 0.9659880128162319, ""PortScan"": 0.0041454938130172795}",2026-09-17 09:35:58.981519+00,2026-09-17 09:35:58.981519+00,,RUNTIME,monitoring:21:73:6a13710d5f1d9e9bb7b0ba98066b10f36ff40f96a6fc7b24e47e860b2a7c1387:28,21,1335
7270,7270,5,DDoS,0.9959583847042108,"{""DDoS"": 0.9959583847042108, ""Normal"": 0.004038165336220465, ""PortScan"": 0.00000344995956867291}",2026-09-17 09:35:58.981519+00,2026-09-17 09:35:58.98152+00,,RUNTIME,monitoring:21:73:6a13710d5f1d9e9bb7b0ba98066b10f36ff40f96a6fc7b24e47e860b2a7c1387:29,21,1335
7271,7271,5,DDoS,0.6150896214016908,"{""DDoS"": 0.6150896214016908, ""Normal"": 0.3810487998499248, ""PortScan"": 0.0038615787483842574}",2026-09-17 09:35:58.98152+00,2026-09-17 09:35:58.98152+00,,RUNTIME,monitoring:21:73:6a13710d5f1d9e9bb7b0ba98066b10f36ff40f96a6fc7b24e47e860b2a7c1387:30,21,1335
7272,7272,5,DDoS,0.9959583847042108,"{""DDoS"": 0.9959583847042108, ""Normal"": 0.004038165336220465, ""PortScan"": 0.00000344995956867291}",2026-09-17 09:35:58.98152+00,2026-09-17 09:35:58.98152+00,,RUNTIME,monitoring:21:73:6a13710d5f1d9e9bb7b0ba98066b10f36ff40f96a6fc7b24e47e860b2a7c1387:31,21,1335
7273,7273,5,DDoS,0.8644996801958503,"{""DDoS"": 0.8644996801958503, ""Normal"": 0.13107745404361335, ""PortScan"": 0.004422865760537095}",2026-09-17 09:35:58.981521+00,2026-09-17 09:35:58.981521+00,,RUNTIME,monitoring:21:73:6a13710d5f1d9e9bb7b0ba98066b10f36ff40f96a6fc7b24e47e860b2a7c1387:32,21,1335
7274,7274,5,DDoS,0.9706314517038271,"{""DDoS"": 0.9706314517038271, ""Normal"": 0.02778631186241394, ""PortScan"": 0.0015822364337589158}",2026-09-17 09:35:58.981521+00,2026-09-17 09:35:58.981521+00,,RUNTIME,monitoring:21:73:6a13710d5f1d9e9bb7b0ba98066b10f36ff40f96a6fc7b24e47e860b2a7c1387:33,21,1335
7275,7275,5,DDoS,0.7867661736864341,"{""DDoS"": 0.7867661736864341, ""Normal"": 0.20858790855659184, ""PortScan"": 0.004645917756974542}",2026-09-17 09:35:58.981521+00,2026-09-17 09:35:58.981522+00,,RUNTIME,monitoring:21:73:6a13710d5f1d9e9bb7b0ba98066b10f36ff40f96a6fc7b24e47e860b2a7c1387:34,21,1335
7276,7276,5,DDoS,0.8477169444948922,"{""DDoS"": 0.8477169444948922, ""Normal"": 0.15228305550510798, ""PortScan"": 0.0}",2026-09-17 09:35:58.981522+00,2026-09-17 09:35:58.981522+00,,RUNTIME,monitoring:21:73:6a13710d5f1d9e9bb7b0ba98066b10f36ff40f96a6fc7b24e47e860b2a7c1387:35,21,1335
7277,7277,5,Normal,0.9774096909233135,"{""DDoS"": 0.01844481526367037, ""Normal"": 0.9774096909233135, ""PortScan"": 0.0041454938130172795}",2026-09-17 09:35:58.981522+00,2026-09-17 09:35:58.981522+00,,RUNTIME,monitoring:21:73:6a13710d5f1d9e9bb7b0ba98066b10f36ff40f96a6fc7b24e47e860b2a7c1387:36,21,1335
7278,7278,5,DDoS,0.9959583847042108,"{""DDoS"": 0.9959583847042108, ""Normal"": 0.004038165336220465, ""PortScan"": 0.00000344995956867291}",2026-09-17 09:35:58.981522+00,2026-09-17 09:35:58.981523+00,,RUNTIME,monitoring:21:73:6a13710d5f1d9e9bb7b0ba98066b10f36ff40f96a6fc7b24e47e860b2a7c1387:37,21,1335
7279,7279,5,DDoS,0.7827749767074558,"{""DDoS"": 0.7827749767074558, ""Normal"": 0.21086951859013423, ""PortScan"": 0.0063555047024105435}",2026-09-17 09:35:58.981523+00,2026-09-17 09:35:58.981523+00,,RUNTIME,monitoring:21:73:6a13710d5f1d9e9bb7b0ba98066b10f36ff40f96a6fc7b24e47e860b2a7c1387:38,21,1335
7280,7280,5,DDoS,0.9959583847042108,"{""DDoS"": 0.9959583847042108, ""Normal"": 0.004038165336220465, ""PortScan"": 0.00000344995956867291}",2026-09-17 09:35:58.981523+00,2026-09-17 09:35:58.981523+00,,RUNTIME,monitoring:21:73:6a13710d5f1d9e9bb7b0ba98066b10f36ff40f96a6fc7b24e47e860b2a7c1387:39,21,1335
7281,7281,5,DDoS,0.8477041005139755,"{""DDoS"": 0.8477041005139755, ""Normal"": 0.14157447087507316, ""PortScan"": 0.01072142861095188}",2026-09-17 09:35:58.981524+00,2026-09-17 09:35:58.981524+00,,RUNTIME,monitoring:21:73:6a13710d5f1d9e9bb7b0ba98066b10f36ff40f96a6fc7b24e47e860b2a7c1387:40,21,1335
7282,7282,5,DDoS,0.9886783268170634,"{""DDoS"": 0.9886783268170634, ""Normal"": 0.011318223223367996, ""PortScan"": 0.00000344995956867291}",2026-09-17 09:35:58.981524+00,2026-09-17 09:35:58.981524+00,,RUNTIME,monitoring:21:73:6a13710d5f1d9e9bb7b0ba98066b10f36ff40f96a6fc7b24e47e860b2a7c1387:41,21,1335
7283,7283,5,DDoS,0.7473831896198943,"{""DDoS"": 0.7473831896198943, ""Normal"": 0.24780522218397144, ""PortScan"": 0.004811588196134985}",2026-09-17 09:35:58.981524+00,2026-09-17 09:35:58.981524+00,,RUNTIME,monitoring:21:73:6a13710d5f1d9e9bb7b0ba98066b10f36ff40f96a6fc7b24e47e860b2a7c1387:42,21,1335
7284,7284,5,DDoS,0.9959583847042108,"{""DDoS"": 0.9959583847042108, ""Normal"": 0.004038165336220465, ""PortScan"": 0.00000344995956867291}",2026-09-17 09:35:58.981525+00,2026-09-17 09:35:58.981525+00,,RUNTIME,monitoring:21:73:6a13710d5f1d9e9bb7b0ba98066b10f36ff40f96a6fc7b24e47e860b2a7c1387:43,21,1335
7285,7285,5,Normal,0.6311534701561438,"{""DDoS"": 0.3640349416477225, ""Normal"": 0.6311534701561438, ""PortScan"": 0.004811588196134985}",2026-09-17 09:35:58.981525+00,2026-09-17 09:35:58.981525+00,,RUNTIME,monitoring:21:73:6a13710d5f1d9e9bb7b0ba98066b10f36ff40f96a6fc7b24e47e860b2a7c1387:44,21,1335
7286,7286,5,DDoS,0.9889100679380037,"{""DDoS"": 0.9889100679380037, ""Normal"": 0.011086482102427662, ""PortScan"": 0.00000344995956867291}",2026-09-17 09:35:58.981525+00,2026-09-17 09:35:58.981526+00,,RUNTIME,monitoring:21:73:6a13710d5f1d9e9bb7b0ba98066b10f36ff40f96a6fc7b24e47e860b2a7c1387:45,21,1335
7287,7287,5,DDoS,0.744835213180601,"{""DDoS"": 0.744835213180601, ""Normal"": 0.24780522218397144, ""PortScan"": 0.007359564635428165}",2026-09-17 09:35:58.981526+00,2026-09-17 09:35:58.981526+00,,RUNTIME,monitoring:21:73:6a13710d5f1d9e9bb7b0ba98066b10f36ff40f96a6fc7b24e47e860b2a7c1387:46,21,1335
7288,7288,5,DDoS,0.9913422284030371,"{""DDoS"": 0.9913422284030371, ""Normal"": 0.008654321637394291, ""PortScan"": 0.00000344995956867291}",2026-09-17 09:35:58.981526+00,2026-09-17 09:35:58.981526+00,,RUNTIME,monitoring:21:73:6a13710d5f1d9e9bb7b0ba98066b10f36ff40f96a6fc7b24e47e860b2a7c1387:47,21,1335
7289,7289,5,DDoS,0.768800801122797,"{""DDoS"": 0.768800801122797, ""Normal"": 0.22585630426381675, ""PortScan"": 0.005342894613386959}",2026-09-17 09:35:58.981527+00,2026-09-17 09:35:58.981527+00,,RUNTIME,monitoring:21:73:6a13710d5f1d9e9bb7b0ba98066b10f36ff40f96a6fc7b24e47e860b2a7c1387:48,21,1335
7290,7290,5,DDoS,0.9926716199983285,"{""DDoS"": 0.9926716199983285, ""Normal"": 0.007324930042102818, ""PortScan"": 0.00000344995956867291}",2026-09-17 09:35:58.981527+00,2026-09-17 09:35:58.981527+00,,RUNTIME,monitoring:21:73:6a13710d5f1d9e9bb7b0ba98066b10f36ff40f96a6fc7b24e47e860b2a7c1387:49,21,1335
7291,7291,5,DDoS,0.8644663189775875,"{""DDoS"": 0.8644663189775875, ""Normal"": 0.13107745404361335, ""PortScan"": 0.004456226978799849}",2026-09-17 09:35:58.981527+00,2026-09-17 09:35:58.981527+00,,RUNTIME,monitoring:21:73:6a13710d5f1d9e9bb7b0ba98066b10f36ff40f96a6fc7b24e47e860b2a7c1387:50,21,1335
7292,7292,5,DDoS,0.9913422284030371,"{""DDoS"": 0.9913422284030371, ""Normal"": 0.008654321637394291, ""PortScan"": 0.00000344995956867291}",2026-09-17 09:35:58.981528+00,2026-09-17 09:35:58.981528+00,,RUNTIME,monitoring:21:73:6a13710d5f1d9e9bb7b0ba98066b10f36ff40f96a6fc7b24e47e860b2a7c1387:51,21,1335
7293,7293,5,Normal,0.699726057132477,"{""DDoS"": 0.2953642083011824, ""Normal"": 0.699726057132477, ""PortScan"": 0.004909734566341149}",2026-09-17 09:35:58.981528+00,2026-09-17 09:35:58.981528+00,,RUNTIME,monitoring:21:73:6a13710d5f1d9e9bb7b0ba98066b10f36ff40f96a6fc7b24e47e860b2a7c1387:52,21,1335
7294,7294,5,DDoS,0.9930085386857331,"{""DDoS"": 0.9930085386857331, ""Normal"": 0.006988011354698248, ""PortScan"": 0.00000344995956867291}",2026-09-17 09:35:58.981528+00,2026-09-17 09:35:58.981529+00,,RUNTIME,monitoring:21:73:6a13710d5f1d9e9bb7b0ba98066b10f36ff40f96a6fc7b24e47e860b2a7c1387:53,21,1335
7295,7295,5,DDoS,0.7827749767074558,"{""DDoS"": 0.7827749767074558, ""Normal"": 0.21086951859013423, ""PortScan"": 0.0063555047024105435}",2026-09-17 09:35:58.981529+00,2026-09-17 09:35:58.981529+00,,RUNTIME,monitoring:21:73:6a13710d5f1d9e9bb7b0ba98066b10f36ff40f96a6fc7b24e47e860b2a7c1387:54,21,1335
7296,7296,5,DDoS,0.9959583847042108,"{""DDoS"": 0.9959583847042108, ""Normal"": 0.004038165336220465, ""PortScan"": 0.00000344995956867291}",2026-09-17 09:35:58.981529+00,2026-09-17 09:35:58.981529+00,,RUNTIME,monitoring:21:73:6a13710d5f1d9e9bb7b0ba98066b10f36ff40f96a6fc7b24e47e860b2a7c1387:55,21,1335
7297,7297,5,DDoS,0.7815543462096679,"{""DDoS"": 0.7815543462096679, ""Normal"": 0.2145840750419485, ""PortScan"": 0.0038615787483842574}",2026-09-17 09:35:58.981529+00,2026-09-17 09:35:58.98153+00,,RUNTIME,monitoring:21:73:6a13710d5f1d9e9bb7b0ba98066b10f36ff40f96a6fc7b24e47e860b2a7c1387:56,21,1335
7298,7298,5,DDoS,0.9959583847042108,"{""DDoS"": 0.9959583847042108, ""Normal"": 0.004038165336220465, ""PortScan"": 0.00000344995956867291}",2026-09-17 09:35:58.98153+00,2026-09-17 09:35:58.98153+00,,RUNTIME,monitoring:21:73:6a13710d5f1d9e9bb7b0ba98066b10f36ff40f96a6fc7b24e47e860b2a7c1387:57,21,1335
7299,7299,5,DDoS,0.768800801122797,"{""DDoS"": 0.768800801122797, ""Normal"": 0.22585630426381675, ""PortScan"": 0.005342894613386959}",2026-09-17 09:35:58.98153+00,2026-09-17 09:35:58.98153+00,,RUNTIME,monitoring:21:73:6a13710d5f1d9e9bb7b0ba98066b10f36ff40f96a6fc7b24e47e860b2a7c1387:58,21,1335
7300,7300,5,DDoS,0.9909583847042108,"{""DDoS"": 0.9909583847042108, ""Normal"": 0.009038165336220465, ""PortScan"": 0.00000344995956867291}",2026-09-17 09:35:58.981531+00,2026-09-17 09:35:58.981531+00,,RUNTIME,monitoring:21:73:6a13710d5f1d9e9bb7b0ba98066b10f36ff40f96a6fc7b24e47e860b2a7c1387:59,21,1335
7301,7301,5,DDoS,0.8644996801958503,"{""DDoS"": 0.8644996801958503, ""Normal"": 0.13107745404361335, ""PortScan"": 0.004422865760537095}",2026-09-17 09:35:58.981531+00,2026-09-17 09:35:58.981531+00,,RUNTIME,monitoring:21:73:6a13710d5f1d9e9bb7b0ba98066b10f36ff40f96a6fc7b24e47e860b2a7c1387:60,21,1335
7302,7302,5,DDoS,0.9913422284030371,"{""DDoS"": 0.9913422284030371, ""Normal"": 0.008654321637394291, ""PortScan"": 0.00000344995956867291}",2026-09-17 09:35:58.981531+00,2026-09-17 09:35:58.981531+00,,RUNTIME,monitoring:21:73:6a13710d5f1d9e9bb7b0ba98066b10f36ff40f96a6fc7b24e47e860b2a7c1387:61,21,1335
7303,7303,5,Normal,0.5904735633264011,"{""DDoS"": 0.40448628745017495, ""Normal"": 0.5904735633264011, ""PortScan"": 0.005040149223424999}",2026-09-17 09:35:58.981532+00,2026-09-17 09:35:58.981532+00,,RUNTIME,monitoring:21:73:6a13710d5f1d9e9bb7b0ba98066b10f36ff40f96a6fc7b24e47e860b2a7c1387:62,21,1335
7304,7304,5,DDoS,0.9959583847042108,"{""DDoS"": 0.9959583847042108, ""Normal"": 0.004038165336220465, ""PortScan"": 0.00000344995956867291}",2026-09-17 09:35:58.981532+00,2026-09-17 09:35:58.981532+00,,RUNTIME,monitoring:21:73:6a13710d5f1d9e9bb7b0ba98066b10f36ff40f96a6fc7b24e47e860b2a7c1387:63,21,1335
7305,7305,5,DDoS,0.8644663189775875,"{""DDoS"": 0.8644663189775875, ""Normal"": 0.13107745404361335, ""PortScan"": 0.004456226978799849}",2026-09-17 09:35:58.981533+00,2026-09-17 09:35:58.981533+00,,RUNTIME,monitoring:21:73:6a13710d5f1d9e9bb7b0ba98066b10f36ff40f96a6fc7b24e47e860b2a7c1387:64,21,1335
7306,7306,5,DDoS,0.9959583847042108,"{""DDoS"": 0.9959583847042108, ""Normal"": 0.004038165336220465, ""PortScan"": 0.00000344995956867291}",2026-09-17 09:35:58.981533+00,2026-09-17 09:35:58.981533+00,,RUNTIME,monitoring:21:73:6a13710d5f1d9e9bb7b0ba98066b10f36ff40f96a6fc7b24e47e860b2a7c1387:65,21,1335
7307,7307,5,DDoS,0.7791038601749668,"{""DDoS"": 0.7791038601749668, ""Normal"": 0.21703456107664973, ""PortScan"": 0.0038615787483842574}",2026-09-17 09:35:58.981533+00,2026-09-17 09:35:58.981533+00,,RUNTIME,monitoring:21:73:6a13710d5f1d9e9bb7b0ba98066b10f36ff40f96a6fc7b24e47e860b2a7c1387:66,21,1335
7308,7308,5,DDoS,0.9890195866424841,"{""DDoS"": 0.9890195866424841, ""Normal"": 0.010980413357516077, ""PortScan"": 0.0}",2026-09-17 09:35:58.981534+00,2026-09-17 09:35:58.981534+00,,RUNTIME,monitoring:21:73:6a13710d5f1d9e9bb7b0ba98066b10f36ff40f96a6fc7b24e47e860b2a7c1387:67,21,1335
7309,7309,5,Normal,0.8718572388148614,"{""DDoS"": 0.12361858725808363, ""Normal"": 0.8718572388148614, ""PortScan"": 0.004524173927054306}",2026-09-17 09:35:58.981534+00,2026-09-17 09:35:58.981534+00,,RUNTIME,monitoring:21:73:6a13710d5f1d9e9bb7b0ba98066b10f36ff40f96a6fc7b24e47e860b2a7c1387:68,21,1335
7310,7310,5,DDoS,0.9848303136045875,"{""DDoS"": 0.9848303136045875, ""Normal"": 0.013460099449976521, ""PortScan"": 0.0017095869454360022}",2026-09-17 09:35:58.981534+00,2026-09-17 09:35:58.981535+00,,RUNTIME,monitoring:21:73:6a13710d5f1d9e9bb7b0ba98066b10f36ff40f96a6fc7b24e47e860b2a7c1387:69,21,1335
7311,7311,5,Normal,0.9776442395077148,"{""DDoS"": 0.018221125460805742, ""Normal"": 0.9776442395077148, ""PortScan"": 0.00413463503148049}",2026-09-17 09:35:58.981535+00,2026-09-17 09:35:58.981535+00,,RUNTIME,monitoring:21:73:6a13710d5f1d9e9bb7b0ba98066b10f36ff40f96a6fc7b24e47e860b2a7c1387:70,21,1335
7312,7312,5,DDoS,0.9912833045201361,"{""DDoS"": 0.9912833045201361, ""Normal"": 0.008713245520295211, ""PortScan"": 0.00000344995956867291}",2026-09-17 09:35:58.981535+00,2026-09-17 09:35:58.981535+00,,RUNTIME,monitoring:21:73:6a13710d5f1d9e9bb7b0ba98066b10f36ff40f96a6fc7b24e47e860b2a7c1387:71,21,1335
7313,7313,5,DDoS,0.7791038601749668,"{""DDoS"": 0.7791038601749668, ""Normal"": 0.21703456107664973, ""PortScan"": 0.0038615787483842574}",2026-09-17 09:35:58.981535+00,2026-09-17 09:35:58.981536+00,,RUNTIME,monitoring:21:73:6a13710d5f1d9e9bb7b0ba98066b10f36ff40f96a6fc7b24e47e860b2a7c1387:72,21,1335
7314,7314,5,DDoS,0.9943601486038592,"{""DDoS"": 0.9943601486038592, ""Normal"": 0.005636401436572053, ""PortScan"": 0.00000344995956867291}",2026-09-17 09:35:58.981536+00,2026-09-17 09:35:58.981536+00,,RUNTIME,monitoring:21:73:6a13710d5f1d9e9bb7b0ba98066b10f36ff40f96a6fc7b24e47e860b2a7c1387:73,21,1335
7315,7315,5,DDoS,0.5549661265470921,"{""DDoS"": 0.5549661265470921, ""Normal"": 0.43997490763442393, ""PortScan"": 0.005058965818484994}",2026-09-17 09:35:58.981536+00,2026-09-17 09:35:58.981536+00,,RUNTIME,monitoring:21:73:6a13710d5f1d9e9bb7b0ba98066b10f36ff40f96a6fc7b24e47e860b2a7c1387:74,21,1335
7316,7316,5,DDoS,0.9863422284030371,"{""DDoS"": 0.9863422284030371, ""Normal"": 0.01365432163739429, ""PortScan"": 0.00000344995956867291}",2026-09-17 09:35:58.981537+00,2026-09-17 09:35:58.981537+00,,RUNTIME,monitoring:21:73:6a13710d5f1d9e9bb7b0ba98066b10f36ff40f96a6fc7b24e47e860b2a7c1387:75,21,1335
7317,7317,5,DDoS,0.5483925971353274,"{""DDoS"": 0.5483925971353274, ""Normal"": 0.44654843704618863, ""PortScan"": 0.005058965818484994}",2026-09-17 09:35:58.981537+00,2026-09-17 09:35:58.981537+00,,RUNTIME,monitoring:21:73:6a13710d5f1d9e9bb7b0ba98066b10f36ff40f96a6fc7b24e47e860b2a7c1387:76,21,1335
7318,7318,5,DDoS,0.9959583847042108,"{""DDoS"": 0.9959583847042108, ""Normal"": 0.004038165336220465, ""PortScan"": 0.00000344995956867291}",2026-09-17 09:35:58.981537+00,2026-09-17 09:35:58.981537+00,,RUNTIME,monitoring:21:73:6a13710d5f1d9e9bb7b0ba98066b10f36ff40f96a6fc7b24e47e860b2a7c1387:77,21,1335
7319,7319,5,Normal,0.9774361100111577,"{""DDoS"": 0.01841839617582625, ""Normal"": 0.9774361100111577, ""PortScan"": 0.0041454938130172795}",2026-09-17 09:35:58.981538+00,2026-09-17 09:35:58.981538+00,,RUNTIME,monitoring:21:73:6a13710d5f1d9e9bb7b0ba98066b10f36ff40f96a6fc7b24e47e860b2a7c1387:78,21,1335
7320,7320,5,DDoS,0.9913422284030371,"{""DDoS"": 0.9913422284030371, ""Normal"": 0.008654321637394291, ""PortScan"": 0.00000344995956867291}",2026-09-17 09:35:58.981538+00,2026-09-17 09:35:58.981538+00,,RUNTIME,monitoring:21:73:6a13710d5f1d9e9bb7b0ba98066b10f36ff40f96a6fc7b24e47e860b2a7c1387:79,21,1335
7321,7321,5,DDoS,0.8644663189775875,"{""DDoS"": 0.8644663189775875, ""Normal"": 0.13107745404361335, ""PortScan"": 0.004456226978799849}",2026-09-17 09:35:58.981538+00,2026-09-17 09:35:58.981539+00,,RUNTIME,monitoring:21:73:6a13710d5f1d9e9bb7b0ba98066b10f36ff40f96a6fc7b24e47e860b2a7c1387:80,21,1335
7322,7322,5,DDoS,0.99370232817662,"{""DDoS"": 0.99370232817662, ""Normal"": 0.006294221863811313, ""PortScan"": 0.00000344995956867291}",2026-09-17 09:35:58.981539+00,2026-09-17 09:35:58.981539+00,,RUNTIME,monitoring:21:73:6a13710d5f1d9e9bb7b0ba98066b10f36ff40f96a6fc7b24e47e860b2a7c1387:81,21,1335
7323,7323,5,DDoS,0.7169234350812803,"{""DDoS"": 0.7169234350812803, ""Normal"": 0.2781559397171113, ""PortScan"": 0.004920625201609391}",2026-09-17 09:35:58.981539+00,2026-09-17 09:35:58.981539+00,,RUNTIME,monitoring:21:73:6a13710d5f1d9e9bb7b0ba98066b10f36ff40f96a6fc7b24e47e860b2a7c1387:82,21,1335
7324,7324,5,DDoS,0.9913422284030371,"{""DDoS"": 0.9913422284030371, ""Normal"": 0.008654321637394291, ""PortScan"": 0.00000344995956867291}",2026-09-17 09:35:58.98154+00,2026-09-17 09:35:58.98154+00,,RUNTIME,monitoring:21:73:6a13710d5f1d9e9bb7b0ba98066b10f36ff40f96a6fc7b24e47e860b2a7c1387:83,21,1335
7325,7325,5,Normal,0.6229250468406204,"{""DDoS"": 0.372154327957771, ""Normal"": 0.6229250468406204, ""PortScan"": 0.004920625201609391}",2026-09-17 09:35:58.98154+00,2026-09-17 09:35:58.98154+00,,RUNTIME,monitoring:21:73:6a13710d5f1d9e9bb7b0ba98066b10f36ff40f96a6fc7b24e47e860b2a7c1387:84,21,1335
7326,7326,5,DDoS,0.9849462589672683,"{""DDoS"": 0.9849462589672683, ""Normal"": 0.015050291073163033, ""PortScan"": 0.00000344995956867291}",2026-09-17 09:35:58.98154+00,2026-09-17 09:35:58.98154+00,,RUNTIME,monitoring:21:73:6a13710d5f1d9e9bb7b0ba98066b10f36ff40f96a6fc7b24e47e860b2a7c1387:85,21,1335
7327,7327,5,Normal,0.8718572388148614,"{""DDoS"": 0.12361858725808363, ""Normal"": 0.8718572388148614, ""PortScan"": 0.004524173927054306}",2026-09-17 09:35:58.981541+00,2026-09-17 09:35:58.981541+00,,RUNTIME,monitoring:21:73:6a13710d5f1d9e9bb7b0ba98066b10f36ff40f96a6fc7b24e47e860b2a7c1387:86,21,1335
7328,7328,5,DDoS,0.9897360460115802,"{""DDoS"": 0.9897360460115802, ""Normal"": 0.010260504028851243, ""PortScan"": 0.00000344995956867291}",2026-09-17 09:35:58.981541+00,2026-09-17 09:35:58.981541+00,,RUNTIME,monitoring:21:73:6a13710d5f1d9e9bb7b0ba98066b10f36ff40f96a6fc7b24e47e860b2a7c1387:87,21,1335
7329,7329,5,DDoS,0.8644663189775875,"{""DDoS"": 0.8644663189775875, ""Normal"": 0.13107745404361335, ""PortScan"": 0.004456226978799849}",2026-09-17 09:35:58.981541+00,2026-09-17 09:35:58.981541+00,,RUNTIME,monitoring:21:73:6a13710d5f1d9e9bb7b0ba98066b10f36ff40f96a6fc7b24e47e860b2a7c1387:88,21,1335
7330,7330,5,DDoS,0.9959583847042108,"{""DDoS"": 0.9959583847042108, ""Normal"": 0.004038165336220465, ""PortScan"": 0.00000344995956867291}",2026-09-17 09:35:58.981542+00,2026-09-17 09:35:58.981542+00,,RUNTIME,monitoring:21:73:6a13710d5f1d9e9bb7b0ba98066b10f36ff40f96a6fc7b24e47e860b2a7c1387:89,21,1335
7331,7331,5,DDoS,0.789659737324666,"{""DDoS"": 0.789659737324666, ""Normal"": 0.20647868392695032, ""PortScan"": 0.0038615787483842574}",2026-09-17 09:35:58.981542+00,2026-09-17 09:35:58.981542+00,,RUNTIME,monitoring:21:73:6a13710d5f1d9e9bb7b0ba98066b10f36ff40f96a6fc7b24e47e860b2a7c1387:90,21,1335
7332,7332,5,DDoS,0.930136996943717,"{""DDoS"": 0.930136996943717, ""Normal"": 0.06985955309671434, ""PortScan"": 0.00000344995956867291}",2026-09-17 09:35:58.981542+00,2026-09-17 09:35:58.981543+00,,RUNTIME,monitoring:21:73:6a13710d5f1d9e9bb7b0ba98066b10f36ff40f96a6fc7b24e47e860b2a7c1387:91,21,1335
7333,7333,5,DDoS,0.7470799561013943,"{""DDoS"": 0.7470799561013943, ""Normal"": 0.2480780582176597, ""PortScan"": 0.004841985680946787}",2026-09-17 09:35:58.981543+00,2026-09-17 09:35:58.981543+00,,RUNTIME,monitoring:21:73:6a13710d5f1d9e9bb7b0ba98066b10f36ff40f96a6fc7b24e47e860b2a7c1387:92,21,1335
7334,7334,5,DDoS,0.9535724466383837,"{""DDoS"": 0.9535724466383837, ""Normal"": 0.04413553896011404, ""PortScan"": 0.0022920144015022782}",2026-09-17 09:35:58.981543+00,2026-09-17 09:35:58.981543+00,,RUNTIME,monitoring:21:73:6a13710d5f1d9e9bb7b0ba98066b10f36ff40f96a6fc7b24e47e860b2a7c1387:93,21,1335
7335,7335,5,Normal,0.9623808938457442,"{""DDoS"": 0.03347361234123978, ""Normal"": 0.9623808938457442, ""PortScan"": 0.0041454938130172795}",2026-09-17 09:35:58.981543+00,2026-09-17 09:35:58.981544+00,,RUNTIME,monitoring:21:73:6a13710d5f1d9e9bb7b0ba98066b10f36ff40f96a6fc7b24e47e860b2a7c1387:94,21,1335
7336,7336,5,DDoS,0.9909583847042108,"{""DDoS"": 0.9909583847042108, ""Normal"": 0.009038165336220465, ""PortScan"": 0.00000344995956867291}",2026-09-17 09:35:58.981544+00,2026-09-17 09:35:58.981544+00,,RUNTIME,monitoring:21:73:6a13710d5f1d9e9bb7b0ba98066b10f36ff40f96a6fc7b24e47e860b2a7c1387:95,21,1335
7337,7337,5,DDoS,0.5505683568546311,"{""DDoS"": 0.5505683568546311, ""Normal"": 0.44557006439698477, ""PortScan"": 0.0038615787483842574}",2026-09-17 09:35:58.981544+00,2026-09-17 09:35:58.981544+00,,RUNTIME,monitoring:21:73:6a13710d5f1d9e9bb7b0ba98066b10f36ff40f96a6fc7b24e47e860b2a7c1387:96,21,1335
7338,7338,5,DDoS,0.9843448936916207,"{""DDoS"": 0.9843448936916207, ""Normal"": 0.015651656348810678, ""PortScan"": 0.00000344995956867291}",2026-09-17 09:35:58.981545+00,2026-09-17 09:35:58.981545+00,,RUNTIME,monitoring:21:73:6a13710d5f1d9e9bb7b0ba98066b10f36ff40f96a6fc7b24e47e860b2a7c1387:97,21,1335
7339,7339,5,DDoS,0.8644663189775875,"{""DDoS"": 0.8644663189775875, ""Normal"": 0.13107745404361335, ""PortScan"": 0.004456226978799849}",2026-09-17 09:35:58.981545+00,2026-09-17 09:35:58.981545+00,,RUNTIME,monitoring:21:73:6a13710d5f1d9e9bb7b0ba98066b10f36ff40f96a6fc7b24e47e860b2a7c1387:98,21,1335
7340,7340,5,DDoS,0.9959583847042108,"{""DDoS"": 0.9959583847042108, ""Normal"": 0.004038165336220465, ""PortScan"": 0.00000344995956867291}",2026-09-17 09:35:58.981545+00,2026-09-17 09:35:58.981545+00,,RUNTIME,monitoring:21:73:6a13710d5f1d9e9bb7b0ba98066b10f36ff40f96a6fc7b24e47e860b2a7c1387:99,21,1335
7341,7341,5,DDoS,0.8644663189775875,"{""DDoS"": 0.8644663189775875, ""Normal"": 0.13107745404361335, ""PortScan"": 0.004456226978799849}",2026-09-17 09:35:58.981546+00,2026-09-17 09:35:58.981546+00,,RUNTIME,monitoring:21:73:6a13710d5f1d9e9bb7b0ba98066b10f36ff40f96a6fc7b24e47e860b2a7c1387:100,21,1335
7342,7342,5,DDoS,0.9943601486038592,"{""DDoS"": 0.9943601486038592, ""Normal"": 0.005636401436572053, ""PortScan"": 0.00000344995956867291}",2026-09-17 09:35:58.981546+00,2026-09-17 09:35:58.981546+00,,RUNTIME,monitoring:21:73:6a13710d5f1d9e9bb7b0ba98066b10f36ff40f96a6fc7b24e47e860b2a7c1387:101,21,1335
7343,7343,5,DDoS,0.7473831896198943,"{""DDoS"": 0.7473831896198943, ""Normal"": 0.24780522218397144, ""PortScan"": 0.004811588196134985}",2026-09-17 09:35:58.981546+00,2026-09-17 09:35:58.981547+00,,RUNTIME,monitoring:21:73:6a13710d5f1d9e9bb7b0ba98066b10f36ff40f96a6fc7b24e47e860b2a7c1387:102,21,1335
7344,7344,5,DDoS,0.9939900542173714,"{""DDoS"": 0.9939900542173714, ""Normal"": 0.006006495823059881, ""PortScan"": 0.00000344995956867291}",2026-09-17 09:35:58.981547+00,2026-09-17 09:35:58.981547+00,,RUNTIME,monitoring:21:73:6a13710d5f1d9e9bb7b0ba98066b10f36ff40f96a6fc7b24e47e860b2a7c1387:103,21,1335
7345,7345,5,DDoS,0.991073383897977,"{""DDoS"": 0.991073383897977, ""Normal"": 0.008923166142454406, ""PortScan"": 0.00000344995956867291}",2026-09-17 09:35:58.981547+00,2026-09-17 09:35:58.981547+00,,RUNTIME,monitoring:21:73:6a13710d5f1d9e9bb7b0ba98066b10f36ff40f96a6fc7b24e47e860b2a7c1387:104,21,1335
7346,7346,5,DDoS,0.7867661736864341,"{""DDoS"": 0.7867661736864341, ""Normal"": 0.20858790855659184, ""PortScan"": 0.004645917756974542}",2026-09-17 09:35:58.981547+00,2026-09-17 09:35:58.981548+00,,RUNTIME,monitoring:21:73:6a13710d5f1d9e9bb7b0ba98066b10f36ff40f96a6fc7b24e47e860b2a7c1387:105,21,1335
7347,7347,5,DDoS,0.7729159796339278,"{""DDoS"": 0.7729159796339278, ""Normal"": 0.21565954996646405, ""PortScan"": 0.011424470399608979}",2026-09-17 09:35:58.981548+00,2026-09-17 09:35:58.981548+00,,RUNTIME,monitoring:21:73:6a13710d5f1d9e9bb7b0ba98066b10f36ff40f96a6fc7b24e47e860b2a7c1387:106,21,1335
7348,7348,5,DDoS,0.9863422284030371,"{""DDoS"": 0.9863422284030371, ""Normal"": 0.01365432163739429, ""PortScan"": 0.00000344995956867291}",2026-09-17 09:35:58.981548+00,2026-09-17 09:35:58.981548+00,,RUNTIME,monitoring:21:73:6a13710d5f1d9e9bb7b0ba98066b10f36ff40f96a6fc7b24e47e860b2a7c1387:107,21,1335
7349,7349,5,DDoS,0.7452253505276946,"{""DDoS"": 0.7452253505276946, ""Normal"": 0.2509130707239219, ""PortScan"": 0.0038615787483842574}",2026-09-17 09:35:58.981548+00,2026-09-17 09:35:58.981549+00,,RUNTIME,monitoring:21:73:6a13710d5f1d9e9bb7b0ba98066b10f36ff40f96a6fc7b24e47e860b2a7c1387:108,21,1335
7350,7350,5,DDoS,0.9959583847042108,"{""DDoS"": 0.9959583847042108, ""Normal"": 0.004038165336220465, ""PortScan"": 0.00000344995956867291}",2026-09-17 09:36:18.111246+00,2026-09-17 09:36:18.111248+00,,RUNTIME,monitoring:21:74:91ce9f06ea90a868b00fbf8e4ee742f8268aa49dafd66c981380419e0e2eb0ea:1,21,1336
7351,7351,5,DDoS,0.7791038601749668,"{""DDoS"": 0.7791038601749668, ""Normal"": 0.21703456107664973, ""PortScan"": 0.0038615787483842574}",2026-09-17 09:36:18.111249+00,2026-09-17 09:36:18.111249+00,,RUNTIME,monitoring:21:74:91ce9f06ea90a868b00fbf8e4ee742f8268aa49dafd66c981380419e0e2eb0ea:2,21,1336
7352,7352,5,DDoS,0.9959583847042108,"{""DDoS"": 0.9959583847042108, ""Normal"": 0.004038165336220465, ""PortScan"": 0.00000344995956867291}",2026-09-17 09:36:18.111249+00,2026-09-17 09:36:18.111249+00,,RUNTIME,monitoring:21:74:91ce9f06ea90a868b00fbf8e4ee742f8268aa49dafd66c981380419e0e2eb0ea:3,21,1336
7353,7353,5,DDoS,0.7439907513695837,"{""DDoS"": 0.7439907513695837, ""Normal"": 0.25119766043428193, ""PortScan"": 0.004811588196134985}",2026-09-17 09:36:18.11125+00,2026-09-17 09:36:18.11125+00,,RUNTIME,monitoring:21:74:91ce9f06ea90a868b00fbf8e4ee742f8268aa49dafd66c981380419e0e2eb0ea:4,21,1336
7354,7354,5,DDoS,0.9959583847042108,"{""DDoS"": 0.9959583847042108, ""Normal"": 0.004038165336220465, ""PortScan"": 0.00000344995956867291}",2026-09-17 09:36:18.11125+00,2026-09-17 09:36:18.11125+00,,RUNTIME,monitoring:21:74:91ce9f06ea90a868b00fbf8e4ee742f8268aa49dafd66c981380419e0e2eb0ea:5,21,1336
7355,7355,5,Normal,0.7738388812621134,"{""DDoS"": 0.22186785892892488, ""Normal"": 0.7738388812621134, ""PortScan"": 0.004293259808963643}",2026-09-17 09:36:18.11125+00,2026-09-17 09:36:18.111251+00,,RUNTIME,monitoring:21:74:91ce9f06ea90a868b00fbf8e4ee742f8268aa49dafd66c981380419e0e2eb0ea:6,21,1336
7356,7356,5,DDoS,0.9930085386857331,"{""DDoS"": 0.9930085386857331, ""Normal"": 0.006988011354698248, ""PortScan"": 0.00000344995956867291}",2026-09-17 09:36:18.111251+00,2026-09-17 09:36:18.111251+00,,RUNTIME,monitoring:21:74:91ce9f06ea90a868b00fbf8e4ee742f8268aa49dafd66c981380419e0e2eb0ea:7,21,1336
7357,7357,5,Normal,0.5712707937195295,"{""DDoS"": 0.4228672935472326, ""Normal"": 0.5712707937195295, ""PortScan"": 0.005861912733238509}",2026-09-17 09:36:18.111251+00,2026-09-17 09:36:18.111252+00,,RUNTIME,monitoring:21:74:91ce9f06ea90a868b00fbf8e4ee742f8268aa49dafd66c981380419e0e2eb0ea:8,21,1336
7358,7358,5,DDoS,0.9940381899641031,"{""DDoS"": 0.9940381899641031, ""Normal"": 0.004038165336220465, ""PortScan"": 0.0019236446996765439}",2026-09-17 09:36:18.111252+00,2026-09-17 09:36:18.111252+00,,RUNTIME,monitoring:21:74:91ce9f06ea90a868b00fbf8e4ee742f8268aa49dafd66c981380419e0e2eb0ea:9,21,1336
7359,7359,5,DDoS,0.8644996801958503,"{""DDoS"": 0.8644996801958503, ""Normal"": 0.13107745404361335, ""PortScan"": 0.004422865760537095}",2026-09-17 09:36:18.111252+00,2026-09-17 09:36:18.111252+00,,RUNTIME,monitoring:21:74:91ce9f06ea90a868b00fbf8e4ee742f8268aa49dafd66c981380419e0e2eb0ea:10,21,1336
7360,7360,5,DDoS,0.9959583847042108,"{""DDoS"": 0.9959583847042108, ""Normal"": 0.004038165336220465, ""PortScan"": 0.00000344995956867291}",2026-09-17 09:36:18.111253+00,2026-09-17 09:36:18.111253+00,,RUNTIME,monitoring:21:74:91ce9f06ea90a868b00fbf8e4ee742f8268aa49dafd66c981380419e0e2eb0ea:11,21,1336
7361,7361,5,DDoS,0.7517988799394593,"{""DDoS"": 0.7517988799394593, ""Normal"": 0.24433954131215718, ""PortScan"": 0.0038615787483842574}",2026-09-17 09:36:18.111253+00,2026-09-17 09:36:18.111253+00,,RUNTIME,monitoring:21:74:91ce9f06ea90a868b00fbf8e4ee742f8268aa49dafd66c981380419e0e2eb0ea:12,21,1336
7362,7362,5,DDoS,0.995588290317723,"{""DDoS"": 0.995588290317723, ""Normal"": 0.0044082597227082946, ""PortScan"": 0.00000344995956867291}",2026-09-17 09:36:18.111253+00,2026-09-17 09:36:18.111254+00,,RUNTIME,monitoring:21:74:91ce9f06ea90a868b00fbf8e4ee742f8268aa49dafd66c981380419e0e2eb0ea:13,21,1336
7363,7363,5,DDoS,0.7815543462096679,"{""DDoS"": 0.7815543462096679, ""Normal"": 0.2145840750419485, ""PortScan"": 0.0038615787483842574}",2026-09-17 09:36:18.111254+00,2026-09-17 09:36:18.111254+00,,RUNTIME,monitoring:21:74:91ce9f06ea90a868b00fbf8e4ee742f8268aa49dafd66c981380419e0e2eb0ea:14,21,1336
7364,7364,5,DDoS,0.9913422284030371,"{""DDoS"": 0.9913422284030371, ""Normal"": 0.008654321637394291, ""PortScan"": 0.00000344995956867291}",2026-09-17 09:36:18.111254+00,2026-09-17 09:36:18.111255+00,,RUNTIME,monitoring:21:74:91ce9f06ea90a868b00fbf8e4ee742f8268aa49dafd66c981380419e0e2eb0ea:15,21,1336
7365,7365,5,DDoS,0.7473831896198943,"{""DDoS"": 0.7473831896198943, ""Normal"": 0.24780522218397144, ""PortScan"": 0.004811588196134985}",2026-09-17 09:36:18.111255+00,2026-09-17 09:36:18.111255+00,,RUNTIME,monitoring:21:74:91ce9f06ea90a868b00fbf8e4ee742f8268aa49dafd66c981380419e0e2eb0ea:16,21,1336
7366,7366,5,DDoS,0.9907524821581423,"{""DDoS"": 0.9907524821581423, ""Normal"": 0.009244067882289096, ""PortScan"": 0.00000344995956867291}",2026-09-17 09:36:18.111255+00,2026-09-17 09:36:18.111255+00,,RUNTIME,monitoring:21:74:91ce9f06ea90a868b00fbf8e4ee742f8268aa49dafd66c981380419e0e2eb0ea:17,21,1336
7367,7367,5,DDoS,0.7815543462096679,"{""DDoS"": 0.7815543462096679, ""Normal"": 0.2145840750419485, ""PortScan"": 0.0038615787483842574}",2026-09-17 09:36:18.111256+00,2026-09-17 09:36:18.111256+00,,RUNTIME,monitoring:21:74:91ce9f06ea90a868b00fbf8e4ee742f8268aa49dafd66c981380419e0e2eb0ea:18,21,1336
7368,7368,5,DDoS,0.9959583847042108,"{""DDoS"": 0.9959583847042108, ""Normal"": 0.004038165336220465, ""PortScan"": 0.00000344995956867291}",2026-09-17 09:36:18.111256+00,2026-09-17 09:36:18.111256+00,,RUNTIME,monitoring:21:74:91ce9f06ea90a868b00fbf8e4ee742f8268aa49dafd66c981380419e0e2eb0ea:19,21,1336
7369,7369,5,Normal,0.5712707937195295,"{""DDoS"": 0.4228672935472326, ""Normal"": 0.5712707937195295, ""PortScan"": 0.005861912733238509}",2026-09-17 09:36:18.111256+00,2026-09-17 09:36:18.111256+00,,RUNTIME,monitoring:21:74:91ce9f06ea90a868b00fbf8e4ee742f8268aa49dafd66c981380419e0e2eb0ea:20,21,1336
7370,7370,5,DDoS,0.9959583847042108,"{""DDoS"": 0.9959583847042108, ""Normal"": 0.004038165336220465, ""PortScan"": 0.00000344995956867291}",2026-09-17 09:36:18.111257+00,2026-09-17 09:36:18.111257+00,,RUNTIME,monitoring:21:74:91ce9f06ea90a868b00fbf8e4ee742f8268aa49dafd66c981380419e0e2eb0ea:21,21,1336
7371,7371,5,DDoS,0.8644996801958503,"{""DDoS"": 0.8644996801958503, ""Normal"": 0.13107745404361335, ""PortScan"": 0.004422865760537095}",2026-09-17 09:36:18.111257+00,2026-09-17 09:36:18.111257+00,,RUNTIME,monitoring:21:74:91ce9f06ea90a868b00fbf8e4ee742f8268aa49dafd66c981380419e0e2eb0ea:22,21,1336
7372,7372,5,DDoS,0.995588290317723,"{""DDoS"": 0.995588290317723, ""Normal"": 0.0044082597227082946, ""PortScan"": 0.00000344995956867291}",2026-09-17 09:36:18.111258+00,2026-09-17 09:36:18.111258+00,,RUNTIME,monitoring:21:74:91ce9f06ea90a868b00fbf8e4ee742f8268aa49dafd66c981380419e0e2eb0ea:23,21,1336
7373,7373,5,DDoS,0.8644663189775875,"{""DDoS"": 0.8644663189775875, ""Normal"": 0.13107745404361335, ""PortScan"": 0.004456226978799849}",2026-09-17 09:36:18.111258+00,2026-09-17 09:36:18.111258+00,,RUNTIME,monitoring:21:74:91ce9f06ea90a868b00fbf8e4ee742f8268aa49dafd66c981380419e0e2eb0ea:24,21,1336
7374,7374,5,DDoS,0.9930085386857331,"{""DDoS"": 0.9930085386857331, ""Normal"": 0.006988011354698248, ""PortScan"": 0.00000344995956867291}",2026-09-17 09:36:18.111259+00,2026-09-17 09:36:18.111259+00,,RUNTIME,monitoring:21:74:91ce9f06ea90a868b00fbf8e4ee742f8268aa49dafd66c981380419e0e2eb0ea:25,21,1336
7375,7375,5,DDoS,0.7847360924924897,"{""DDoS"": 0.7847360924924897, ""Normal"": 0.21140232875912665, ""PortScan"": 0.0038615787483842574}",2026-09-17 09:36:18.111259+00,2026-09-17 09:36:18.111259+00,,RUNTIME,monitoring:21:74:91ce9f06ea90a868b00fbf8e4ee742f8268aa49dafd66c981380419e0e2eb0ea:26,21,1336
7376,7376,5,DDoS,0.9862321159072184,"{""DDoS"": 0.9862321159072184, ""Normal"": 0.013764434133212947, ""PortScan"": 0.00000344995956867291}",2026-09-17 09:36:18.111259+00,2026-09-17 09:36:18.11126+00,,RUNTIME,monitoring:21:74:91ce9f06ea90a868b00fbf8e4ee742f8268aa49dafd66c981380419e0e2eb0ea:27,21,1336
7377,7377,5,Normal,0.9180963218465259,"{""DDoS"": 0.07716162898521729, ""Normal"": 0.9180963218465259, ""PortScan"": 0.004742049168258141}",2026-09-17 09:36:18.11126+00,2026-09-17 09:36:18.11126+00,,RUNTIME,monitoring:21:74:91ce9f06ea90a868b00fbf8e4ee742f8268aa49dafd66c981380419e0e2eb0ea:28,21,1336
7378,7378,5,DDoS,0.9769784950684907,"{""DDoS"": 0.9769784950684907, ""Normal"": 0.021311917986073296, ""PortScan"": 0.0017095869454360022}",2026-09-17 09:36:18.11126+00,2026-09-17 09:36:18.11126+00,,RUNTIME,monitoring:21:74:91ce9f06ea90a868b00fbf8e4ee742f8268aa49dafd66c981380419e0e2eb0ea:29,21,1336
7379,7379,5,Normal,0.7610593386954045,"{""DDoS"": 0.2346474014956339, ""Normal"": 0.7610593386954045, ""PortScan"": 0.004293259808963643}",2026-09-17 09:36:18.111261+00,2026-09-17 09:36:18.111261+00,,RUNTIME,monitoring:21:74:91ce9f06ea90a868b00fbf8e4ee742f8268aa49dafd66c981380419e0e2eb0ea:30,21,1336
7380,7380,5,DDoS,0.9599839035542922,"{""DDoS"": 0.9599839035542922, ""Normal"": 0.03827801295097832, ""PortScan"": 0.001738083494729606}",2026-09-17 09:36:18.111261+00,2026-09-17 09:36:18.111261+00,,RUNTIME,monitoring:21:74:91ce9f06ea90a868b00fbf8e4ee742f8268aa49dafd66c981380419e0e2eb0ea:31,21,1336
7381,7381,5,Normal,0.6148998018451975,"{""DDoS"": 0.37794872400801066, ""Normal"": 0.6148998018451975, ""PortScan"": 0.007151474146792783}",2026-09-17 09:36:18.111261+00,2026-09-17 09:36:18.111261+00,,RUNTIME,monitoring:21:74:91ce9f06ea90a868b00fbf8e4ee742f8268aa49dafd66c981380419e0e2eb0ea:32,21,1336
7382,7382,5,DDoS,0.9723781520153174,"{""DDoS"": 0.9723781520153174, ""Normal"": 0.025912261039246536, ""PortScan"": 0.0017095869454360022}",2026-09-17 09:36:18.111262+00,2026-09-17 09:36:18.111262+00,,RUNTIME,monitoring:21:74:91ce9f06ea90a868b00fbf8e4ee742f8268aa49dafd66c981380419e0e2eb0ea:33,21,1336
7383,7383,5,Normal,0.9774361100111577,"{""DDoS"": 0.01841839617582625, ""Normal"": 0.9774361100111577, ""PortScan"": 0.0041454938130172795}",2026-09-17 09:36:18.111262+00,2026-09-17 09:36:18.111262+00,,RUNTIME,monitoring:21:74:91ce9f06ea90a868b00fbf8e4ee742f8268aa49dafd66c981380419e0e2eb0ea:34,21,1336
7384,7384,5,DDoS,0.9959583847042108,"{""DDoS"": 0.9959583847042108, ""Normal"": 0.004038165336220465, ""PortScan"": 0.00000344995956867291}",2026-09-17 09:36:18.111262+00,2026-09-17 09:36:18.111263+00,,RUNTIME,monitoring:21:74:91ce9f06ea90a868b00fbf8e4ee742f8268aa49dafd66c981380419e0e2eb0ea:35,21,1336
7385,7385,5,DDoS,0.8644996801958503,"{""DDoS"": 0.8644996801958503, ""Normal"": 0.13107745404361335, ""PortScan"": 0.004422865760537095}",2026-09-17 09:36:18.111263+00,2026-09-17 09:36:18.111263+00,,RUNTIME,monitoring:21:74:91ce9f06ea90a868b00fbf8e4ee742f8268aa49dafd66c981380419e0e2eb0ea:36,21,1336
7386,7386,5,DDoS,0.9959583847042108,"{""DDoS"": 0.9959583847042108, ""Normal"": 0.004038165336220465, ""PortScan"": 0.00000344995956867291}",2026-09-17 09:36:18.111263+00,2026-09-17 09:36:18.111263+00,,RUNTIME,monitoring:21:74:91ce9f06ea90a868b00fbf8e4ee742f8268aa49dafd66c981380419e0e2eb0ea:37,21,1336
7387,7387,5,DDoS,0.767091214177361,"{""DDoS"": 0.767091214177361, ""Normal"": 0.22585630426381675, ""PortScan"": 0.007052481558822962}",2026-09-17 09:36:18.111264+00,2026-09-17 09:36:18.111264+00,,RUNTIME,monitoring:21:74:91ce9f06ea90a868b00fbf8e4ee742f8268aa49dafd66c981380419e0e2eb0ea:38,21,1336
7388,7388,5,DDoS,0.9807797469480232,"{""DDoS"": 0.9807797469480232, ""Normal"": 0.01922025305197683, ""PortScan"": 0.0}",2026-09-17 09:36:18.111264+00,2026-09-17 09:36:18.111264+00,,RUNTIME,monitoring:21:74:91ce9f06ea90a868b00fbf8e4ee742f8268aa49dafd66c981380419e0e2eb0ea:39,21,1336
7389,7389,5,Normal,0.9774361100111577,"{""DDoS"": 0.01841839617582625, ""Normal"": 0.9774361100111577, ""PortScan"": 0.0041454938130172795}",2026-09-17 09:36:18.111264+00,2026-09-17 09:36:18.111264+00,,RUNTIME,monitoring:21:74:91ce9f06ea90a868b00fbf8e4ee742f8268aa49dafd66c981380419e0e2eb0ea:40,21,1336
7390,7390,5,DDoS,0.9959583847042108,"{""DDoS"": 0.9959583847042108, ""Normal"": 0.004038165336220465, ""PortScan"": 0.00000344995956867291}",2026-09-17 09:36:18.111265+00,2026-09-17 09:36:18.111265+00,,RUNTIME,monitoring:21:74:91ce9f06ea90a868b00fbf8e4ee742f8268aa49dafd66c981380419e0e2eb0ea:41,21,1336
7391,7391,5,DDoS,0.7439907513695837,"{""DDoS"": 0.7439907513695837, ""Normal"": 0.25119766043428193, ""PortScan"": 0.004811588196134985}",2026-09-17 09:36:18.111265+00,2026-09-17 09:36:18.111265+00,,RUNTIME,monitoring:21:74:91ce9f06ea90a868b00fbf8e4ee742f8268aa49dafd66c981380419e0e2eb0ea:42,21,1336
7392,7392,5,DDoS,0.9913422284030371,"{""DDoS"": 0.9913422284030371, ""Normal"": 0.008654321637394291, ""PortScan"": 0.00000344995956867291}",2026-09-17 09:36:18.111265+00,2026-09-17 09:36:18.111266+00,,RUNTIME,monitoring:21:74:91ce9f06ea90a868b00fbf8e4ee742f8268aa49dafd66c981380419e0e2eb0ea:43,21,1336
7393,7393,5,DDoS,0.744835213180601,"{""DDoS"": 0.744835213180601, ""Normal"": 0.24780522218397144, ""PortScan"": 0.007359564635428165}",2026-09-17 09:36:18.111266+00,2026-09-17 09:36:18.111266+00,,RUNTIME,monitoring:21:74:91ce9f06ea90a868b00fbf8e4ee742f8268aa49dafd66c981380419e0e2eb0ea:44,21,1336
7394,7394,5,DDoS,0.9913580416510377,"{""DDoS"": 0.9913580416510377, ""Normal"": 0.008638508389393708, ""PortScan"": 0.00000344995956867291}",2026-09-17 09:36:18.111266+00,2026-09-17 09:36:18.111266+00,,RUNTIME,monitoring:21:74:91ce9f06ea90a868b00fbf8e4ee742f8268aa49dafd66c981380419e0e2eb0ea:45,21,1336
7395,7395,5,Normal,0.6556497910374933,"{""DDoS"": 0.3395386207663744, ""Normal"": 0.6556497910374933, ""PortScan"": 0.004811588196134985}",2026-09-17 09:36:18.111267+00,2026-09-17 09:36:18.111267+00,,RUNTIME,monitoring:21:74:91ce9f06ea90a868b00fbf8e4ee742f8268aa49dafd66c981380419e0e2eb0ea:46,21,1336
7396,7396,5,DDoS,0.9959583847042108,"{""DDoS"": 0.9959583847042108, ""Normal"": 0.004038165336220465, ""PortScan"": 0.00000344995956867291}",2026-09-17 09:36:18.111267+00,2026-09-17 09:36:18.111267+00,,RUNTIME,monitoring:21:74:91ce9f06ea90a868b00fbf8e4ee742f8268aa49dafd66c981380419e0e2eb0ea:47,21,1336
7397,7397,5,DDoS,0.5623783376699922,"{""DDoS"": 0.5623783376699922, ""Normal"": 0.43256269651152374, ""PortScan"": 0.005058965818484994}",2026-09-17 09:36:18.111267+00,2026-09-17 09:36:18.111268+00,,RUNTIME,monitoring:21:74:91ce9f06ea90a868b00fbf8e4ee742f8268aa49dafd66c981380419e0e2eb0ea:48,21,1336
7398,7398,5,DDoS,0.9863422284030371,"{""DDoS"": 0.9863422284030371, ""Normal"": 0.01365432163739429, ""PortScan"": 0.00000344995956867291}",2026-09-17 09:36:18.111268+00,2026-09-17 09:36:18.111268+00,,RUNTIME,monitoring:21:74:91ce9f06ea90a868b00fbf8e4ee742f8268aa49dafd66c981380419e0e2eb0ea:49,21,1336
7399,7399,5,DDoS,0.5643998497944196,"{""DDoS"": 0.5643998497944196, ""Normal"": 0.4305411843870963, ""PortScan"": 0.005058965818484994}",2026-09-17 09:36:18.111268+00,2026-09-17 09:36:18.111268+00,,RUNTIME,monitoring:21:74:91ce9f06ea90a868b00fbf8e4ee742f8268aa49dafd66c981380419e0e2eb0ea:50,21,1336
7400,7400,5,DDoS,0.9791226931829395,"{""DDoS"": 0.9791226931829395, ""Normal"": 0.02087385685749195, ""PortScan"": 0.00000344995956867291}",2026-09-17 09:36:18.111269+00,2026-09-17 09:36:18.111269+00,,RUNTIME,monitoring:21:74:91ce9f06ea90a868b00fbf8e4ee742f8268aa49dafd66c981380419e0e2eb0ea:51,21,1336
7401,7401,5,DDoS,0.7729159796339278,"{""DDoS"": 0.7729159796339278, ""Normal"": 0.215659549966464, ""PortScan"": 0.011424470399608979}",2026-09-17 09:36:18.111269+00,2026-09-17 09:36:18.111269+00,,RUNTIME,monitoring:21:74:91ce9f06ea90a868b00fbf8e4ee742f8268aa49dafd66c981380419e0e2eb0ea:52,21,1336
7402,7402,5,DDoS,0.9890195866424841,"{""DDoS"": 0.9890195866424841, ""Normal"": 0.010980413357516077, ""PortScan"": 0.0}",2026-09-17 09:36:18.11127+00,2026-09-17 09:36:18.11127+00,,RUNTIME,monitoring:21:74:91ce9f06ea90a868b00fbf8e4ee742f8268aa49dafd66c981380419e0e2eb0ea:53,21,1336
7403,7403,5,Normal,0.7610593386954045,"{""DDoS"": 0.2346474014956339, ""Normal"": 0.7610593386954045, ""PortScan"": 0.004293259808963643}",2026-09-17 09:36:18.11127+00,2026-09-17 09:36:18.11127+00,,RUNTIME,monitoring:21:74:91ce9f06ea90a868b00fbf8e4ee742f8268aa49dafd66c981380419e0e2eb0ea:54,21,1336
7404,7404,5,DDoS,0.9959583847042108,"{""DDoS"": 0.9959583847042108, ""Normal"": 0.004038165336220465, ""PortScan"": 0.00000344995956867291}",2026-09-17 09:36:18.11127+00,2026-09-17 09:36:18.111271+00,,RUNTIME,monitoring:21:74:91ce9f06ea90a868b00fbf8e4ee742f8268aa49dafd66c981380419e0e2eb0ea:55,21,1336
7405,7405,5,DDoS,0.8644663189775875,"{""DDoS"": 0.8644663189775875, ""Normal"": 0.13107745404361335, ""PortScan"": 0.004456226978799849}",2026-09-17 09:36:18.111271+00,2026-09-17 09:36:18.111271+00,,RUNTIME,monitoring:21:74:91ce9f06ea90a868b00fbf8e4ee742f8268aa49dafd66c981380419e0e2eb0ea:56,21,1336
7406,7406,5,DDoS,0.9913422284030371,"{""DDoS"": 0.9913422284030371, ""Normal"": 0.008654321637394291, ""PortScan"": 0.00000344995956867291}",2026-09-17 09:36:18.111271+00,2026-09-17 09:36:18.111271+00,,RUNTIME,monitoring:21:74:91ce9f06ea90a868b00fbf8e4ee742f8268aa49dafd66c981380419e0e2eb0ea:57,21,1336
7407,7407,5,DDoS,0.7473831896198943,"{""DDoS"": 0.7473831896198943, ""Normal"": 0.24780522218397144, ""PortScan"": 0.004811588196134985}",2026-09-17 09:36:18.111271+00,2026-09-17 09:36:18.111272+00,,RUNTIME,monitoring:21:74:91ce9f06ea90a868b00fbf8e4ee742f8268aa49dafd66c981380419e0e2eb0ea:58,21,1336
7408,7408,5,DDoS,0.9916985371819745,"{""DDoS"": 0.9916985371819745, ""Normal"": 0.008298012858456806, ""PortScan"": 0.00000344995956867291}",2026-09-17 09:36:18.111272+00,2026-09-17 09:36:18.111272+00,,RUNTIME,monitoring:21:74:91ce9f06ea90a868b00fbf8e4ee742f8268aa49dafd66c981380419e0e2eb0ea:59,21,1336
7409,7409,5,DDoS,0.7668005443366883,"{""DDoS"": 0.7668005443366883, ""Normal"": 0.2283574699823657, ""PortScan"": 0.004841985680946787}",2026-09-17 09:36:18.111272+00,2026-09-17 09:36:18.111273+00,,RUNTIME,monitoring:21:74:91ce9f06ea90a868b00fbf8e4ee742f8268aa49dafd66c981380419e0e2eb0ea:60,21,1336
7410,7410,5,DDoS,0.9848912992260636,"{""DDoS"": 0.9848912992260636, ""Normal"": 0.0135264643401776, ""PortScan"": 0.0015822364337589158}",2026-09-17 09:36:18.111273+00,2026-09-17 09:36:18.111273+00,,RUNTIME,monitoring:21:74:91ce9f06ea90a868b00fbf8e4ee742f8268aa49dafd66c981380419e0e2eb0ea:61,21,1336
7411,7411,5,Normal,0.7379495400555035,"{""DDoS"": 0.21398500395333173, ""Normal"": 0.7379495400555035, ""PortScan"": 0.048065455991164595}",2026-09-17 09:36:18.111273+00,2026-09-17 09:36:18.111273+00,,RUNTIME,monitoring:21:74:91ce9f06ea90a868b00fbf8e4ee742f8268aa49dafd66c981380419e0e2eb0ea:62,21,1336
7412,7412,5,DDoS,1,"{""DDoS"": 1.0, ""Normal"": 0.0, ""PortScan"": 0.0}",2026-09-17 09:36:18.111274+00,2026-09-17 09:36:18.111274+00,,RUNTIME,monitoring:21:74:91ce9f06ea90a868b00fbf8e4ee742f8268aa49dafd66c981380419e0e2eb0ea:63,21,1336
7413,7413,5,DDoS,0.789659737324666,"{""DDoS"": 0.789659737324666, ""Normal"": 0.20647868392695032, ""PortScan"": 0.0038615787483842574}",2026-09-17 09:36:18.111274+00,2026-09-17 09:36:18.111274+00,,RUNTIME,monitoring:21:74:91ce9f06ea90a868b00fbf8e4ee742f8268aa49dafd66c981380419e0e2eb0ea:64,21,1336
7414,7414,5,DDoS,0.995588290317723,"{""DDoS"": 0.995588290317723, ""Normal"": 0.0044082597227082946, ""PortScan"": 0.00000344995956867291}",2026-09-17 09:36:18.111274+00,2026-09-17 09:36:18.111274+00,,RUNTIME,monitoring:21:74:91ce9f06ea90a868b00fbf8e4ee742f8268aa49dafd66c981380419e0e2eb0ea:65,21,1336
7415,7415,5,DDoS,0.5849665132830988,"{""DDoS"": 0.5849665132830988, ""Normal"": 0.4111719079685169, ""PortScan"": 0.0038615787483842574}",2026-09-17 09:36:18.111275+00,2026-09-17 09:36:18.111275+00,,RUNTIME,monitoring:21:74:91ce9f06ea90a868b00fbf8e4ee742f8268aa49dafd66c981380419e0e2eb0ea:66,21,1336
7416,7416,5,DDoS,0.9959583847042108,"{""DDoS"": 0.9959583847042108, ""Normal"": 0.004038165336220465, ""PortScan"": 0.00000344995956867291}",2026-09-17 09:36:18.111275+00,2026-09-17 09:36:18.111275+00,,RUNTIME,monitoring:21:74:91ce9f06ea90a868b00fbf8e4ee742f8268aa49dafd66c981380419e0e2eb0ea:67,21,1336
7417,7417,5,Normal,0.5727308764483614,"{""DDoS"": 0.42245753535550457, ""Normal"": 0.5727308764483614, ""PortScan"": 0.004811588196134985}",2026-09-17 09:36:18.111275+00,2026-09-17 09:36:18.111276+00,,RUNTIME,monitoring:21:74:91ce9f06ea90a868b00fbf8e4ee742f8268aa49dafd66c981380419e0e2eb0ea:68,21,1336
7418,7418,5,DDoS,0.9788982003955903,"{""DDoS"": 0.9788982003955903, ""Normal"": 0.021098349644841252, ""PortScan"": 0.00000344995956867291}",2026-09-17 09:36:18.111276+00,2026-09-17 09:36:18.111276+00,,RUNTIME,monitoring:21:74:91ce9f06ea90a868b00fbf8e4ee742f8268aa49dafd66c981380419e0e2eb0ea:69,21,1336
7419,7419,5,DDoS,0.9930085386857331,"{""DDoS"": 0.9930085386857331, ""Normal"": 0.006988011354698248, ""PortScan"": 0.00000344995956867291}",2026-09-17 09:36:18.111276+00,2026-09-17 09:36:18.111276+00,,RUNTIME,monitoring:21:74:91ce9f06ea90a868b00fbf8e4ee742f8268aa49dafd66c981380419e0e2eb0ea:70,21,1336
7420,7420,5,DDoS,0.7517988799394593,"{""DDoS"": 0.7517988799394593, ""Normal"": 0.24433954131215718, ""PortScan"": 0.0038615787483842574}",2026-09-17 09:36:18.111277+00,2026-09-17 09:36:18.111277+00,,RUNTIME,monitoring:21:74:91ce9f06ea90a868b00fbf8e4ee742f8268aa49dafd66c981380419e0e2eb0ea:71,21,1336
7421,7421,5,DDoS,0.9957274078777543,"{""DDoS"": 0.9957274078777543, ""Normal"": 0.004272592122245783, ""PortScan"": 0.0}",2026-09-17 09:36:18.111277+00,2026-09-17 09:36:18.111277+00,,RUNTIME,monitoring:21:74:91ce9f06ea90a868b00fbf8e4ee742f8268aa49dafd66c981380419e0e2eb0ea:72,21,1336
7422,7422,5,DDoS,0.7503667208072767,"{""DDoS"": 0.7503667208072767, ""Normal"": 0.24479129351177742, ""PortScan"": 0.004841985680946787}",2026-09-17 09:36:18.111277+00,2026-09-17 09:36:18.111278+00,,RUNTIME,monitoring:21:74:91ce9f06ea90a868b00fbf8e4ee742f8268aa49dafd66c981380419e0e2eb0ea:73,21,1336
7423,7423,5,DDoS,0.9959583847042108,"{""DDoS"": 0.9959583847042108, ""Normal"": 0.004038165336220465, ""PortScan"": 0.00000344995956867291}",2026-09-17 09:36:18.111278+00,2026-09-17 09:36:18.111278+00,,RUNTIME,monitoring:21:74:91ce9f06ea90a868b00fbf8e4ee742f8268aa49dafd66c981380419e0e2eb0ea:74,21,1336
7424,7424,5,DDoS,0.8644663189775875,"{""DDoS"": 0.8644663189775875, ""Normal"": 0.13107745404361335, ""PortScan"": 0.004456226978799849}",2026-09-17 09:36:18.111278+00,2026-09-17 09:36:18.111278+00,,RUNTIME,monitoring:21:74:91ce9f06ea90a868b00fbf8e4ee742f8268aa49dafd66c981380419e0e2eb0ea:75,21,1336
7425,7425,5,DDoS,0.9913422284030371,"{""DDoS"": 0.9913422284030371, ""Normal"": 0.008654321637394291, ""PortScan"": 0.00000344995956867291}",2026-09-17 09:36:18.111278+00,2026-09-17 09:36:18.111279+00,,RUNTIME,monitoring:21:74:91ce9f06ea90a868b00fbf8e4ee742f8268aa49dafd66c981380419e0e2eb0ea:76,21,1336
7426,7426,5,DDoS,0.8644996801958503,"{""DDoS"": 0.8644996801958503, ""Normal"": 0.13107745404361335, ""PortScan"": 0.004422865760537095}",2026-09-17 09:36:18.111279+00,2026-09-17 09:36:18.111279+00,,RUNTIME,monitoring:21:74:91ce9f06ea90a868b00fbf8e4ee742f8268aa49dafd66c981380419e0e2eb0ea:77,21,1336
7427,7427,5,DDoS,0.9913422284030371,"{""DDoS"": 0.9913422284030371, ""Normal"": 0.008654321637394291, ""PortScan"": 0.00000344995956867291}",2026-09-17 09:36:18.111279+00,2026-09-17 09:36:18.111279+00,,RUNTIME,monitoring:21:74:91ce9f06ea90a868b00fbf8e4ee742f8268aa49dafd66c981380419e0e2eb0ea:78,21,1336
7428,7428,5,DDoS,0.8644663189775875,"{""DDoS"": 0.8644663189775875, ""Normal"": 0.13107745404361335, ""PortScan"": 0.004456226978799849}",2026-09-17 09:36:18.11128+00,2026-09-17 09:36:18.11128+00,,RUNTIME,monitoring:21:74:91ce9f06ea90a868b00fbf8e4ee742f8268aa49dafd66c981380419e0e2eb0ea:79,21,1336
7429,7429,5,DDoS,0.9874038013464053,"{""DDoS"": 0.9874038013464053, ""Normal"": 0.012136172703920488, ""PortScan"": 0.0004600259496741693}",2026-09-17 09:36:18.11128+00,2026-09-17 09:36:18.11128+00,,RUNTIME,monitoring:21:74:91ce9f06ea90a868b00fbf8e4ee742f8268aa49dafd66c981380419e0e2eb0ea:80,21,1336
7430,7430,5,Normal,0.5515856800295903,"{""DDoS"": 0.44335535415192545, ""Normal"": 0.5515856800295903, ""PortScan"": 0.005058965818484994}",2026-09-17 09:36:18.11128+00,2026-09-17 09:36:18.111281+00,,RUNTIME,monitoring:21:74:91ce9f06ea90a868b00fbf8e4ee742f8268aa49dafd66c981380419e0e2eb0ea:81,21,1336
7431,7431,5,DDoS,0.9913422284030371,"{""DDoS"": 0.9913422284030371, ""Normal"": 0.008654321637394291, ""PortScan"": 0.00000344995956867291}",2026-09-17 09:36:18.111281+00,2026-09-17 09:36:18.111281+00,,RUNTIME,monitoring:21:74:91ce9f06ea90a868b00fbf8e4ee742f8268aa49dafd66c981380419e0e2eb0ea:82,21,1336
7432,7432,5,DDoS,0.7847360924924897,"{""DDoS"": 0.7847360924924897, ""Normal"": 0.21140232875912665, ""PortScan"": 0.0038615787483842574}",2026-09-17 09:36:18.111281+00,2026-09-17 09:36:18.111281+00,,RUNTIME,monitoring:21:74:91ce9f06ea90a868b00fbf8e4ee742f8268aa49dafd66c981380419e0e2eb0ea:83,21,1336
7433,7433,5,DDoS,0.9931523583388625,"{""DDoS"": 0.9931523583388625, ""Normal"": 0.006844191701568865, ""PortScan"": 0.00000344995956867291}",2026-09-17 09:36:18.111282+00,2026-09-17 09:36:18.111282+00,,RUNTIME,monitoring:21:74:91ce9f06ea90a868b00fbf8e4ee742f8268aa49dafd66c981380419e0e2eb0ea:84,21,1336
7434,7434,5,DDoS,0.7791038601749668,"{""DDoS"": 0.7791038601749668, ""Normal"": 0.21703456107664973, ""PortScan"": 0.0038615787483842574}",2026-09-17 09:36:18.111282+00,2026-09-17 09:36:18.111282+00,,RUNTIME,monitoring:21:74:91ce9f06ea90a868b00fbf8e4ee742f8268aa49dafd66c981380419e0e2eb0ea:85,21,1336
7435,7435,5,DDoS,0.9909583847042108,"{""DDoS"": 0.9909583847042108, ""Normal"": 0.009038165336220465, ""PortScan"": 0.00000344995956867291}",2026-09-17 09:36:18.111282+00,2026-09-17 09:36:18.111283+00,,RUNTIME,monitoring:21:74:91ce9f06ea90a868b00fbf8e4ee742f8268aa49dafd66c981380419e0e2eb0ea:86,21,1336
7436,7436,5,DDoS,0.744835213180601,"{""DDoS"": 0.744835213180601, ""Normal"": 0.24780522218397144, ""PortScan"": 0.007359564635428165}",2026-09-17 09:36:18.111283+00,2026-09-17 09:36:18.111283+00,,RUNTIME,monitoring:21:74:91ce9f06ea90a868b00fbf8e4ee742f8268aa49dafd66c981380419e0e2eb0ea:87,21,1336
7437,7437,5,DDoS,0.9959583847042108,"{""DDoS"": 0.9959583847042108, ""Normal"": 0.004038165336220465, ""PortScan"": 0.00000344995956867291}",2026-09-17 09:36:18.111283+00,2026-09-17 09:36:18.111283+00,,RUNTIME,monitoring:21:74:91ce9f06ea90a868b00fbf8e4ee742f8268aa49dafd66c981380419e0e2eb0ea:88,21,1336
7438,7438,5,DDoS,0.768800801122797,"{""DDoS"": 0.768800801122797, ""Normal"": 0.22585630426381675, ""PortScan"": 0.005342894613386959}",2026-09-17 09:36:18.111284+00,2026-09-17 09:36:18.111284+00,,RUNTIME,monitoring:21:74:91ce9f06ea90a868b00fbf8e4ee742f8268aa49dafd66c981380419e0e2eb0ea:89,21,1336
7439,7439,5,DDoS,0.9959583847042108,"{""DDoS"": 0.9959583847042108, ""Normal"": 0.004038165336220465, ""PortScan"": 0.00000344995956867291}",2026-09-17 09:36:18.111284+00,2026-09-17 09:36:18.111284+00,,RUNTIME,monitoring:21:74:91ce9f06ea90a868b00fbf8e4ee742f8268aa49dafd66c981380419e0e2eb0ea:90,21,1336
7440,7440,5,DDoS,0.5498888393954736,"{""DDoS"": 0.5498888393954736, ""Normal"": 0.4462495818561423, ""PortScan"": 0.0038615787483842574}",2026-09-17 09:36:18.111284+00,2026-09-17 09:36:18.111284+00,,RUNTIME,monitoring:21:74:91ce9f06ea90a868b00fbf8e4ee742f8268aa49dafd66c981380419e0e2eb0ea:91,21,1336
7441,7441,5,DDoS,0.9430247701186127,"{""DDoS"": 0.9430247701186127, ""Normal"": 0.05697177992181847, ""PortScan"": 0.00000344995956867291}",2026-09-17 09:36:18.111285+00,2026-09-17 09:36:18.111285+00,,RUNTIME,monitoring:21:74:91ce9f06ea90a868b00fbf8e4ee742f8268aa49dafd66c981380419e0e2eb0ea:92,21,1336
7442,7442,5,Normal,0.9747247247220392,"{""DDoS"": 0.02113517339204783, ""Normal"": 0.9747247247220392, ""PortScan"": 0.004140101885914223}",2026-09-17 09:36:18.111285+00,2026-09-17 09:36:18.111285+00,,RUNTIME,monitoring:21:74:91ce9f06ea90a868b00fbf8e4ee742f8268aa49dafd66c981380419e0e2eb0ea:93,21,1336
7443,7443,5,DDoS,0.9959583847042108,"{""DDoS"": 0.9959583847042108, ""Normal"": 0.004038165336220465, ""PortScan"": 0.00000344995956867291}",2026-09-17 09:36:18.111285+00,2026-09-17 09:36:18.111286+00,,RUNTIME,monitoring:21:74:91ce9f06ea90a868b00fbf8e4ee742f8268aa49dafd66c981380419e0e2eb0ea:94,21,1336
7444,7444,5,DDoS,0.7439907513695837,"{""DDoS"": 0.7439907513695837, ""Normal"": 0.25119766043428193, ""PortScan"": 0.004811588196134985}",2026-09-17 09:36:18.111286+00,2026-09-17 09:36:18.111286+00,,RUNTIME,monitoring:21:74:91ce9f06ea90a868b00fbf8e4ee742f8268aa49dafd66c981380419e0e2eb0ea:95,21,1336
7445,7445,5,DDoS,0.9913422284030371,"{""DDoS"": 0.9913422284030371, ""Normal"": 0.008654321637394291, ""PortScan"": 0.00000344995956867291}",2026-09-17 09:36:18.111286+00,2026-09-17 09:36:18.111286+00,,RUNTIME,monitoring:21:74:91ce9f06ea90a868b00fbf8e4ee742f8268aa49dafd66c981380419e0e2eb0ea:96,21,1336
7446,7446,5,DDoS,0.7847360924924897,"{""DDoS"": 0.7847360924924897, ""Normal"": 0.21140232875912665, ""PortScan"": 0.0038615787483842574}",2026-09-17 09:36:18.111287+00,2026-09-17 09:36:18.111287+00,,RUNTIME,monitoring:21:74:91ce9f06ea90a868b00fbf8e4ee742f8268aa49dafd66c981380419e0e2eb0ea:97,21,1336
7447,7447,5,DDoS,0.9959583847042108,"{""DDoS"": 0.9959583847042108, ""Normal"": 0.004038165336220465, ""PortScan"": 0.00000344995956867291}",2026-09-17 09:36:18.111287+00,2026-09-17 09:36:18.111287+00,,RUNTIME,monitoring:21:74:91ce9f06ea90a868b00fbf8e4ee742f8268aa49dafd66c981380419e0e2eb0ea:98,21,1336
7448,7448,5,DDoS,0.6163629691749114,"{""DDoS"": 0.6163629691749114, ""Normal"": 0.37977545207670454, ""PortScan"": 0.0038615787483842574}",2026-09-17 09:36:18.111287+00,2026-09-17 09:36:18.111287+00,,RUNTIME,monitoring:21:74:91ce9f06ea90a868b00fbf8e4ee742f8268aa49dafd66c981380419e0e2eb0ea:99,21,1336
7449,7449,5,DDoS,0.9821472828314114,"{""DDoS"": 0.9821472828314114, ""Normal"": 0.01784926720901999, ""PortScan"": 0.00000344995956867291}",2026-09-17 09:36:18.111288+00,2026-09-17 09:36:18.111288+00,,RUNTIME,monitoring:21:74:91ce9f06ea90a868b00fbf8e4ee742f8268aa49dafd66c981380419e0e2eb0ea:100,21,1336
7450,7450,5,DDoS,0.9959583847042108,"{""DDoS"": 0.9959583847042108, ""Normal"": 0.004038165336220465, ""PortScan"": 0.00000344995956867291}",2026-09-17 09:36:18.111288+00,2026-09-17 09:36:18.111288+00,,RUNTIME,monitoring:21:74:91ce9f06ea90a868b00fbf8e4ee742f8268aa49dafd66c981380419e0e2eb0ea:101,21,1336
7451,7451,5,DDoS,0.7169234350812803,"{""DDoS"": 0.7169234350812803, ""Normal"": 0.2781559397171113, ""PortScan"": 0.004920625201609391}",2026-09-17 09:36:18.111288+00,2026-09-17 09:36:18.111289+00,,RUNTIME,monitoring:21:74:91ce9f06ea90a868b00fbf8e4ee742f8268aa49dafd66c981380419e0e2eb0ea:102,21,1336
7452,7452,5,DDoS,0.789659737324666,"{""DDoS"": 0.789659737324666, ""Normal"": 0.20647868392695032, ""PortScan"": 0.0038615787483842574}",2026-09-17 09:36:18.111289+00,2026-09-17 09:36:18.111289+00,,RUNTIME,monitoring:21:74:91ce9f06ea90a868b00fbf8e4ee742f8268aa49dafd66c981380419e0e2eb0ea:103,21,1336
7453,7453,5,DDoS,0.6757695677017859,"{""DDoS"": 0.6757695677017859, ""Normal"": 0.21329435190885002, ""PortScan"": 0.11093608038936668}",2026-09-17 09:36:18.111289+00,2026-09-17 09:36:18.111289+00,,RUNTIME,monitoring:21:74:91ce9f06ea90a868b00fbf8e4ee742f8268aa49dafd66c981380419e0e2eb0ea:104,21,1336
7454,7454,5,DDoS,0.6843914889698738,"{""DDoS"": 0.6843914889698738, ""Normal"": 0.2518143911155984, ""PortScan"": 0.06379411991452892}",2026-09-17 09:36:18.11129+00,2026-09-17 09:36:18.11129+00,,RUNTIME,monitoring:21:74:91ce9f06ea90a868b00fbf8e4ee742f8268aa49dafd66c981380419e0e2eb0ea:105,21,1336
7455,7455,5,DDoS,0.9959583847042108,"{""DDoS"": 0.9959583847042108, ""Normal"": 0.004038165336220465, ""PortScan"": 0.00000344995956867291}",2026-09-17 09:36:36.516864+00,2026-09-17 09:36:36.516866+00,,RUNTIME,monitoring:21:75:a20740cc5ee48ef68ca4544201bc07d610b9c593fe9ca78b7fa9895ac12356be:1,21,1337
7456,7456,5,DDoS,0.8644663189775875,"{""DDoS"": 0.8644663189775875, ""Normal"": 0.13107745404361335, ""PortScan"": 0.004456226978799849}",2026-09-17 09:36:36.516867+00,2026-09-17 09:36:36.516867+00,,RUNTIME,monitoring:21:75:a20740cc5ee48ef68ca4544201bc07d610b9c593fe9ca78b7fa9895ac12356be:2,21,1337
7457,7457,5,DDoS,0.9897217739798506,"{""DDoS"": 0.9897217739798506, ""Normal"": 0.010274776060580599, ""PortScan"": 0.00000344995956867291}",2026-09-17 09:36:36.516867+00,2026-09-17 09:36:36.516868+00,,RUNTIME,monitoring:21:75:a20740cc5ee48ef68ca4544201bc07d610b9c593fe9ca78b7fa9895ac12356be:3,21,1337
7458,7458,5,DDoS,0.7473831896198943,"{""DDoS"": 0.7473831896198943, ""Normal"": 0.24780522218397144, ""PortScan"": 0.004811588196134985}",2026-09-17 09:36:36.516868+00,2026-09-17 09:36:36.516868+00,,RUNTIME,monitoring:21:75:a20740cc5ee48ef68ca4544201bc07d610b9c593fe9ca78b7fa9895ac12356be:4,21,1337
7459,7459,5,DDoS,0.9874875681832935,"{""DDoS"": 0.9874875681832935, ""Normal"": 0.012512431816706533, ""PortScan"": 0.0}",2026-09-17 09:36:36.516868+00,2026-09-17 09:36:36.516868+00,,RUNTIME,monitoring:21:75:a20740cc5ee48ef68ca4544201bc07d610b9c593fe9ca78b7fa9895ac12356be:5,21,1337
7460,7460,5,Normal,0.5727308764483614,"{""DDoS"": 0.42245753535550457, ""Normal"": 0.5727308764483614, ""PortScan"": 0.004811588196134985}",2026-09-17 09:36:36.516869+00,2026-09-17 09:36:36.516869+00,,RUNTIME,monitoring:21:75:a20740cc5ee48ef68ca4544201bc07d610b9c593fe9ca78b7fa9895ac12356be:6,21,1337
7461,7461,5,DDoS,0.9953996569468267,"{""DDoS"": 0.9953996569468267, ""Normal"": 0.004600343053173242, ""PortScan"": 0.0}",2026-09-17 09:36:36.516869+00,2026-09-17 09:36:36.516869+00,,RUNTIME,monitoring:21:75:a20740cc5ee48ef68ca4544201bc07d610b9c593fe9ca78b7fa9895ac12356be:7,21,1337
7462,7462,5,Normal,0.9774361100111577,"{""DDoS"": 0.01841839617582625, ""Normal"": 0.9774361100111577, ""PortScan"": 0.0041454938130172795}",2026-09-17 09:36:36.516869+00,2026-09-17 09:36:36.51687+00,,RUNTIME,monitoring:21:75:a20740cc5ee48ef68ca4544201bc07d610b9c593fe9ca78b7fa9895ac12356be:8,21,1337
7463,7463,5,DDoS,0.9959583847042108,"{""DDoS"": 0.9959583847042108, ""Normal"": 0.004038165336220465, ""PortScan"": 0.00000344995956867291}",2026-09-17 09:36:36.51687+00,2026-09-17 09:36:36.51687+00,,RUNTIME,monitoring:21:75:a20740cc5ee48ef68ca4544201bc07d610b9c593fe9ca78b7fa9895ac12356be:9,21,1337
7464,7464,5,Normal,0.7738388812621133,"{""DDoS"": 0.22186785892892488, ""Normal"": 0.7738388812621133, ""PortScan"": 0.004293259808963643}",2026-09-17 09:36:36.51687+00,2026-09-17 09:36:36.51687+00,,RUNTIME,monitoring:21:75:a20740cc5ee48ef68ca4544201bc07d610b9c593fe9ca78b7fa9895ac12356be:10,21,1337
7465,7465,5,DDoS,0.9959583847042108,"{""DDoS"": 0.9959583847042108, ""Normal"": 0.004038165336220465, ""PortScan"": 0.00000344995956867291}",2026-09-17 09:36:36.516871+00,2026-09-17 09:36:36.516871+00,,RUNTIME,monitoring:21:75:a20740cc5ee48ef68ca4544201bc07d610b9c593fe9ca78b7fa9895ac12356be:11,21,1337
7466,7466,5,DDoS,0.8644996801958503,"{""DDoS"": 0.8644996801958503, ""Normal"": 0.13107745404361335, ""PortScan"": 0.004422865760537095}",2026-09-17 09:36:36.516871+00,2026-09-17 09:36:36.516871+00,,RUNTIME,monitoring:21:75:a20740cc5ee48ef68ca4544201bc07d610b9c593fe9ca78b7fa9895ac12356be:12,21,1337
7467,7467,5,DDoS,0.9926716199983285,"{""DDoS"": 0.9926716199983285, ""Normal"": 0.007324930042102817, ""PortScan"": 0.00000344995956867291}",2026-09-17 09:36:36.516872+00,2026-09-17 09:36:36.516872+00,,RUNTIME,monitoring:21:75:a20740cc5ee48ef68ca4544201bc07d610b9c593fe9ca78b7fa9895ac12356be:13,21,1337
7468,7468,5,Normal,0.9774096909233135,"{""DDoS"": 0.01844481526367037, ""Normal"": 0.9774096909233135, ""PortScan"": 0.0041454938130172795}",2026-09-17 09:36:36.516872+00,2026-09-17 09:36:36.516872+00,,RUNTIME,monitoring:21:75:a20740cc5ee48ef68ca4544201bc07d610b9c593fe9ca78b7fa9895ac12356be:14,21,1337
7469,7469,5,DDoS,0.9959583847042108,"{""DDoS"": 0.9959583847042108, ""Normal"": 0.004038165336220465, ""PortScan"": 0.00000344995956867291}",2026-09-17 09:36:36.516872+00,2026-09-17 09:36:36.516873+00,,RUNTIME,monitoring:21:75:a20740cc5ee48ef68ca4544201bc07d610b9c593fe9ca78b7fa9895ac12356be:15,21,1337
7470,7470,5,DDoS,0.8644996801958503,"{""DDoS"": 0.8644996801958503, ""Normal"": 0.13107745404361335, ""PortScan"": 0.004422865760537095}",2026-09-17 09:36:36.516873+00,2026-09-17 09:36:36.516873+00,,RUNTIME,monitoring:21:75:a20740cc5ee48ef68ca4544201bc07d610b9c593fe9ca78b7fa9895ac12356be:16,21,1337
7471,7471,5,DDoS,0.9786220129284601,"{""DDoS"": 0.9786220129284601, ""Normal"": 0.021374537111971268, ""PortScan"": 0.00000344995956867291}",2026-09-17 09:36:36.516873+00,2026-09-17 09:36:36.516873+00,,RUNTIME,monitoring:21:75:a20740cc5ee48ef68ca4544201bc07d610b9c593fe9ca78b7fa9895ac12356be:17,21,1337
7472,7472,5,DDoS,0.9959583847042108,"{""DDoS"": 0.9959583847042108, ""Normal"": 0.004038165336220465, ""PortScan"": 0.00000344995956867291}",2026-09-17 09:36:36.516873+00,2026-09-17 09:36:36.516874+00,,RUNTIME,monitoring:21:75:a20740cc5ee48ef68ca4544201bc07d610b9c593fe9ca78b7fa9895ac12356be:18,21,1337
7473,7473,5,Normal,0.8718572388148614,"{""DDoS"": 0.12361858725808363, ""Normal"": 0.8718572388148614, ""PortScan"": 0.004524173927054306}",2026-09-17 09:36:36.516874+00,2026-09-17 09:36:36.516874+00,,RUNTIME,monitoring:21:75:a20740cc5ee48ef68ca4544201bc07d610b9c593fe9ca78b7fa9895ac12356be:19,21,1337
7474,7474,5,DDoS,0.9940769108430588,"{""DDoS"": 0.9940769108430588, ""Normal"": 0.005923089156941243, ""PortScan"": 0.0}",2026-09-17 09:36:36.516874+00,2026-09-17 09:36:36.516874+00,,RUNTIME,monitoring:21:75:a20740cc5ee48ef68ca4544201bc07d610b9c593fe9ca78b7fa9895ac12356be:20,21,1337
7475,7475,5,Normal,0.6552259857378416,"{""DDoS"": 0.3399624260660261, ""Normal"": 0.6552259857378416, ""PortScan"": 0.004811588196134985}",2026-09-17 09:36:36.516875+00,2026-09-17 09:36:36.516875+00,,RUNTIME,monitoring:21:75:a20740cc5ee48ef68ca4544201bc07d610b9c593fe9ca78b7fa9895ac12356be:21,21,1337
7476,7476,5,DDoS,0.9796186248946281,"{""DDoS"": 0.9796186248946281, ""Normal"": 0.020377925145803156, ""PortScan"": 0.00000344995956867291}",2026-09-17 09:36:36.516875+00,2026-09-17 09:36:36.516875+00,,RUNTIME,monitoring:21:75:a20740cc5ee48ef68ca4544201bc07d610b9c593fe9ca78b7fa9895ac12356be:22,21,1337
7477,7477,5,DDoS,0.7668005443366884,"{""DDoS"": 0.7668005443366884, ""Normal"": 0.2283574699823657, ""PortScan"": 0.004841985680946787}",2026-09-17 09:36:36.516876+00,2026-09-17 09:36:36.516876+00,,RUNTIME,monitoring:21:75:a20740cc5ee48ef68ca4544201bc07d610b9c593fe9ca78b7fa9895ac12356be:23,21,1337
7478,7478,5,DDoS,0.9885362020376887,"{""DDoS"": 0.9885362020376887, ""Normal"": 0.01146034800274269, ""PortScan"": 0.00000344995956867291}",2026-09-17 09:36:36.516876+00,2026-09-17 09:36:36.516876+00,,RUNTIME,monitoring:21:75:a20740cc5ee48ef68ca4544201bc07d610b9c593fe9ca78b7fa9895ac12356be:24,21,1337
7479,7479,5,Normal,0.6030486464529534,"{""DDoS"": 0.3921093678661006, ""Normal"": 0.6030486464529534, ""PortScan"": 0.004841985680946787}",2026-09-17 09:36:36.516876+00,2026-09-17 09:36:36.516877+00,,RUNTIME,monitoring:21:75:a20740cc5ee48ef68ca4544201bc07d610b9c593fe9ca78b7fa9895ac12356be:25,21,1337
7480,7480,5,DDoS,0.9943601486038592,"{""DDoS"": 0.9943601486038592, ""Normal"": 0.005636401436572053, ""PortScan"": 0.00000344995956867291}",2026-09-17 09:36:36.516877+00,2026-09-17 09:36:36.516877+00,,RUNTIME,monitoring:21:75:a20740cc5ee48ef68ca4544201bc07d610b9c593fe9ca78b7fa9895ac12356be:26,21,1337
7481,7481,5,DDoS,0.5539097367298336,"{""DDoS"": 0.5539097367298336, ""Normal"": 0.4422286845217822, ""PortScan"": 0.0038615787483842574}",2026-09-17 09:36:36.516877+00,2026-09-17 09:36:36.516877+00,,RUNTIME,monitoring:21:75:a20740cc5ee48ef68ca4544201bc07d610b9c593fe9ca78b7fa9895ac12356be:27,21,1337
7482,7482,5,DDoS,0.9959583847042108,"{""DDoS"": 0.9959583847042108, ""Normal"": 0.004038165336220465, ""PortScan"": 0.00000344995956867291}",2026-09-17 09:36:36.516878+00,2026-09-17 09:36:36.516878+00,,RUNTIME,monitoring:21:75:a20740cc5ee48ef68ca4544201bc07d610b9c593fe9ca78b7fa9895ac12356be:28,21,1337
7483,7483,5,DDoS,0.8644663189775875,"{""DDoS"": 0.8644663189775875, ""Normal"": 0.13107745404361335, ""PortScan"": 0.004456226978799849}",2026-09-17 09:36:36.516878+00,2026-09-17 09:36:36.516878+00,,RUNTIME,monitoring:21:75:a20740cc5ee48ef68ca4544201bc07d610b9c593fe9ca78b7fa9895ac12356be:29,21,1337
7484,7484,5,DDoS,0.991073383897977,"{""DDoS"": 0.991073383897977, ""Normal"": 0.008923166142454406, ""PortScan"": 0.00000344995956867291}",2026-09-17 09:36:36.516879+00,2026-09-17 09:36:36.516879+00,,RUNTIME,monitoring:21:75:a20740cc5ee48ef68ca4544201bc07d610b9c593fe9ca78b7fa9895ac12356be:30,21,1337
7485,7485,5,DDoS,0.7452253505276947,"{""DDoS"": 0.7452253505276947, ""Normal"": 0.2509130707239219, ""PortScan"": 0.0038615787483842574}",2026-09-17 09:36:36.516879+00,2026-09-17 09:36:36.516879+00,,RUNTIME,monitoring:21:75:a20740cc5ee48ef68ca4544201bc07d610b9c593fe9ca78b7fa9895ac12356be:31,21,1337
7486,7486,5,DDoS,0.9959583847042108,"{""DDoS"": 0.9959583847042108, ""Normal"": 0.004038165336220465, ""PortScan"": 0.00000344995956867291}",2026-09-17 09:36:36.516879+00,2026-09-17 09:36:36.51688+00,,RUNTIME,monitoring:21:75:a20740cc5ee48ef68ca4544201bc07d610b9c593fe9ca78b7fa9895ac12356be:32,21,1337
7487,7487,5,DDoS,0.8644663189775875,"{""DDoS"": 0.8644663189775875, ""Normal"": 0.13107745404361335, ""PortScan"": 0.004456226978799849}",2026-09-17 09:36:36.51688+00,2026-09-17 09:36:36.51688+00,,RUNTIME,monitoring:21:75:a20740cc5ee48ef68ca4544201bc07d610b9c593fe9ca78b7fa9895ac12356be:33,21,1337
7488,7488,5,DDoS,0.9959583847042108,"{""DDoS"": 0.9959583847042108, ""Normal"": 0.004038165336220465, ""PortScan"": 0.00000344995956867291}",2026-09-17 09:36:36.51688+00,2026-09-17 09:36:36.51688+00,,RUNTIME,monitoring:21:75:a20740cc5ee48ef68ca4544201bc07d610b9c593fe9ca78b7fa9895ac12356be:34,21,1337
7489,7489,5,DDoS,0.7847360924924897,"{""DDoS"": 0.7847360924924897, ""Normal"": 0.21140232875912665, ""PortScan"": 0.0038615787483842574}",2026-09-17 09:36:36.516881+00,2026-09-17 09:36:36.516881+00,,RUNTIME,monitoring:21:75:a20740cc5ee48ef68ca4544201bc07d610b9c593fe9ca78b7fa9895ac12356be:35,21,1337
7490,7490,5,DDoS,0.9959583847042108,"{""DDoS"": 0.9959583847042108, ""Normal"": 0.004038165336220465, ""PortScan"": 0.00000344995956867291}",2026-09-17 09:36:36.516881+00,2026-09-17 09:36:36.516881+00,,RUNTIME,monitoring:21:75:a20740cc5ee48ef68ca4544201bc07d610b9c593fe9ca78b7fa9895ac12356be:36,21,1337
7491,7491,5,DDoS,0.8644996801958503,"{""DDoS"": 0.8644996801958503, ""Normal"": 0.13107745404361335, ""PortScan"": 0.004422865760537095}",2026-09-17 09:36:36.516881+00,2026-09-17 09:36:36.516881+00,,RUNTIME,monitoring:21:75:a20740cc5ee48ef68ca4544201bc07d610b9c593fe9ca78b7fa9895ac12356be:37,21,1337
7492,7492,5,DDoS,0.99370232817662,"{""DDoS"": 0.99370232817662, ""Normal"": 0.006294221863811313, ""PortScan"": 0.00000344995956867291}",2026-09-17 09:36:36.516882+00,2026-09-17 09:36:36.516882+00,,RUNTIME,monitoring:21:75:a20740cc5ee48ef68ca4544201bc07d610b9c593fe9ca78b7fa9895ac12356be:38,21,1337
7493,7493,5,DDoS,0.8644996801958503,"{""DDoS"": 0.8644996801958503, ""Normal"": 0.13107745404361335, ""PortScan"": 0.004422865760537095}",2026-09-17 09:36:36.516882+00,2026-09-17 09:36:36.516882+00,,RUNTIME,monitoring:21:75:a20740cc5ee48ef68ca4544201bc07d610b9c593fe9ca78b7fa9895ac12356be:39,21,1337
7494,7494,5,DDoS,0.9959583847042108,"{""DDoS"": 0.9959583847042108, ""Normal"": 0.004038165336220465, ""PortScan"": 0.00000344995956867291}",2026-09-17 09:36:36.516882+00,2026-09-17 09:36:36.516883+00,,RUNTIME,monitoring:21:75:a20740cc5ee48ef68ca4544201bc07d610b9c593fe9ca78b7fa9895ac12356be:40,21,1337
7495,7495,5,DDoS,0.7439907513695837,"{""DDoS"": 0.7439907513695837, ""Normal"": 0.25119766043428193, ""PortScan"": 0.004811588196134985}",2026-09-17 09:36:36.516883+00,2026-09-17 09:36:36.516883+00,,RUNTIME,monitoring:21:75:a20740cc5ee48ef68ca4544201bc07d610b9c593fe9ca78b7fa9895ac12356be:41,21,1337
7496,7496,5,DDoS,0.9872478146986768,"{""DDoS"": 0.9872478146986768, ""Normal"": 0.0127487353417545, ""PortScan"": 0.00000344995956867291}",2026-09-17 09:36:36.516883+00,2026-09-17 09:36:36.516883+00,,RUNTIME,monitoring:21:75:a20740cc5ee48ef68ca4544201bc07d610b9c593fe9ca78b7fa9895ac12356be:42,21,1337
7497,7497,5,Normal,0.9776442395077148,"{""DDoS"": 0.018221125460805742, ""Normal"": 0.9776442395077148, ""PortScan"": 0.00413463503148049}",2026-09-17 09:36:36.516884+00,2026-09-17 09:36:36.516884+00,,RUNTIME,monitoring:21:75:a20740cc5ee48ef68ca4544201bc07d610b9c593fe9ca78b7fa9895ac12356be:43,21,1337
7498,7498,5,DDoS,0.984234781195802,"{""DDoS"": 0.984234781195802, ""Normal"": 0.015761768844629334, ""PortScan"": 0.00000344995956867291}",2026-09-17 09:36:36.516884+00,2026-09-17 09:36:36.516884+00,,RUNTIME,monitoring:21:75:a20740cc5ee48ef68ca4544201bc07d610b9c593fe9ca78b7fa9895ac12356be:44,21,1337
7499,7499,5,DDoS,0.8644996801958503,"{""DDoS"": 0.8644996801958503, ""Normal"": 0.13107745404361335, ""PortScan"": 0.004422865760537095}",2026-09-17 09:36:36.516884+00,2026-09-17 09:36:36.516885+00,,RUNTIME,monitoring:21:75:a20740cc5ee48ef68ca4544201bc07d610b9c593fe9ca78b7fa9895ac12356be:45,21,1337
7500,7500,5,DDoS,0.9706314517038271,"{""DDoS"": 0.9706314517038271, ""Normal"": 0.02778631186241394, ""PortScan"": 0.0015822364337589158}",2026-09-17 09:36:36.516885+00,2026-09-17 09:36:36.516885+00,,RUNTIME,monitoring:21:75:a20740cc5ee48ef68ca4544201bc07d610b9c593fe9ca78b7fa9895ac12356be:46,21,1337
7501,7501,5,DDoS,0.8644663189775875,"{""DDoS"": 0.8644663189775875, ""Normal"": 0.13107745404361335, ""PortScan"": 0.004456226978799849}",2026-09-17 09:36:36.516885+00,2026-09-17 09:36:36.516885+00,,RUNTIME,monitoring:21:75:a20740cc5ee48ef68ca4544201bc07d610b9c593fe9ca78b7fa9895ac12356be:47,21,1337
7502,7502,5,DDoS,0.9296399706868231,"{""DDoS"": 0.9296399706868231, ""Normal"": 0.0703565793536081, ""PortScan"": 0.00000344995956867291}",2026-09-17 09:36:36.516885+00,2026-09-17 09:36:36.516886+00,,RUNTIME,monitoring:21:75:a20740cc5ee48ef68ca4544201bc07d610b9c593fe9ca78b7fa9895ac12356be:48,21,1337
7503,7503,5,Normal,0.9180963218465259,"{""DDoS"": 0.07716162898521729, ""Normal"": 0.9180963218465259, ""PortScan"": 0.004742049168258141}",2026-09-17 09:36:36.516886+00,2026-09-17 09:36:36.516886+00,,RUNTIME,monitoring:21:75:a20740cc5ee48ef68ca4544201bc07d610b9c593fe9ca78b7fa9895ac12356be:49,21,1337
7504,7504,5,DDoS,0.9913422284030371,"{""DDoS"": 0.9913422284030371, ""Normal"": 0.008654321637394291, ""PortScan"": 0.00000344995956867291}",2026-09-17 09:36:36.516886+00,2026-09-17 09:36:36.516887+00,,RUNTIME,monitoring:21:75:a20740cc5ee48ef68ca4544201bc07d610b9c593fe9ca78b7fa9895ac12356be:50,21,1337
7505,7505,5,DDoS,0.8644996801958503,"{""DDoS"": 0.8644996801958503, ""Normal"": 0.13107745404361335, ""PortScan"": 0.004422865760537095}",2026-09-17 09:36:36.516887+00,2026-09-17 09:36:36.516887+00,,RUNTIME,monitoring:21:75:a20740cc5ee48ef68ca4544201bc07d610b9c593fe9ca78b7fa9895ac12356be:51,21,1337
7506,7506,5,DDoS,0.9959583847042108,"{""DDoS"": 0.9959583847042108, ""Normal"": 0.004038165336220465, ""PortScan"": 0.00000344995956867291}",2026-09-17 09:36:36.516887+00,2026-09-17 09:36:36.516888+00,,RUNTIME,monitoring:21:75:a20740cc5ee48ef68ca4544201bc07d610b9c593fe9ca78b7fa9895ac12356be:52,21,1337
7507,7507,5,DDoS,0.8644663189775875,"{""DDoS"": 0.8644663189775875, ""Normal"": 0.13107745404361335, ""PortScan"": 0.004456226978799849}",2026-09-17 09:36:36.516888+00,2026-09-17 09:36:36.516888+00,,RUNTIME,monitoring:21:75:a20740cc5ee48ef68ca4544201bc07d610b9c593fe9ca78b7fa9895ac12356be:53,21,1337
7508,7508,5,DDoS,0.9913422284030371,"{""DDoS"": 0.9913422284030371, ""Normal"": 0.008654321637394291, ""PortScan"": 0.00000344995956867291}",2026-09-17 09:36:36.516888+00,2026-09-17 09:36:36.516889+00,,RUNTIME,monitoring:21:75:a20740cc5ee48ef68ca4544201bc07d610b9c593fe9ca78b7fa9895ac12356be:54,21,1337
7509,7509,5,DDoS,0.7473831896198943,"{""DDoS"": 0.7473831896198943, ""Normal"": 0.24780522218397144, ""PortScan"": 0.004811588196134985}",2026-09-17 09:36:36.516889+00,2026-09-17 09:36:36.516889+00,,RUNTIME,monitoring:21:75:a20740cc5ee48ef68ca4544201bc07d610b9c593fe9ca78b7fa9895ac12356be:55,21,1337
7510,7510,5,DDoS,0.9943601486038592,"{""DDoS"": 0.9943601486038592, ""Normal"": 0.005636401436572053, ""PortScan"": 0.00000344995956867291}",2026-09-17 09:36:36.516889+00,2026-09-17 09:36:36.516889+00,,RUNTIME,monitoring:21:75:a20740cc5ee48ef68ca4544201bc07d610b9c593fe9ca78b7fa9895ac12356be:56,21,1337
7511,7511,5,DDoS,0.7517988799394593,"{""DDoS"": 0.7517988799394593, ""Normal"": 0.24433954131215718, ""PortScan"": 0.0038615787483842574}",2026-09-17 09:36:36.51689+00,2026-09-17 09:36:36.51689+00,,RUNTIME,monitoring:21:75:a20740cc5ee48ef68ca4544201bc07d610b9c593fe9ca78b7fa9895ac12356be:57,21,1337
7512,7512,5,DDoS,0.9913422284030371,"{""DDoS"": 0.9913422284030371, ""Normal"": 0.008654321637394291, ""PortScan"": 0.00000344995956867291}",2026-09-17 09:36:36.51689+00,2026-09-17 09:36:36.51689+00,,RUNTIME,monitoring:21:75:a20740cc5ee48ef68ca4544201bc07d610b9c593fe9ca78b7fa9895ac12356be:58,21,1337
7513,7513,5,DDoS,0.768800801122797,"{""DDoS"": 0.768800801122797, ""Normal"": 0.22585630426381675, ""PortScan"": 0.005342894613386959}",2026-09-17 09:36:36.51689+00,2026-09-17 09:36:36.516891+00,,RUNTIME,monitoring:21:75:a20740cc5ee48ef68ca4544201bc07d610b9c593fe9ca78b7fa9895ac12356be:59,21,1337
7514,7514,5,DDoS,0.9913422284030371,"{""DDoS"": 0.9913422284030371, ""Normal"": 0.008654321637394291, ""PortScan"": 0.00000344995956867291}",2026-09-17 09:36:36.516891+00,2026-09-17 09:36:36.516891+00,,RUNTIME,monitoring:21:75:a20740cc5ee48ef68ca4544201bc07d610b9c593fe9ca78b7fa9895ac12356be:60,21,1337
7515,7515,5,DDoS,1,"{""DDoS"": 1.0, ""Normal"": 0.0, ""PortScan"": 0.0}",2026-09-17 09:36:36.516891+00,2026-09-17 09:36:36.516891+00,,RUNTIME,monitoring:21:75:a20740cc5ee48ef68ca4544201bc07d610b9c593fe9ca78b7fa9895ac12356be:61,21,1337
7516,7516,5,DDoS,0.6921317457784976,"{""DDoS"": 0.6921317457784976, ""Normal"": 0.3028092884030185, ""PortScan"": 0.005058965818484994}",2026-09-17 09:36:36.516892+00,2026-09-17 09:36:36.516892+00,,RUNTIME,monitoring:21:75:a20740cc5ee48ef68ca4544201bc07d610b9c593fe9ca78b7fa9895ac12356be:62,21,1337
7517,7517,5,DDoS,0.7791038601749668,"{""DDoS"": 0.7791038601749668, ""Normal"": 0.21703456107664973, ""PortScan"": 0.0038615787483842574}",2026-09-17 09:36:36.516892+00,2026-09-17 09:36:36.516892+00,,RUNTIME,monitoring:21:75:a20740cc5ee48ef68ca4544201bc07d610b9c593fe9ca78b7fa9895ac12356be:63,21,1337
7518,7518,5,DDoS,0.9959583847042108,"{""DDoS"": 0.9959583847042108, ""Normal"": 0.004038165336220465, ""PortScan"": 0.00000344995956867291}",2026-09-17 09:36:36.516892+00,2026-09-17 09:36:36.516893+00,,RUNTIME,monitoring:21:75:a20740cc5ee48ef68ca4544201bc07d610b9c593fe9ca78b7fa9895ac12356be:64,21,1337
7519,7519,5,Normal,0.9374260008646786,"{""DDoS"": 0.0584650754536891, ""Normal"": 0.9374260008646786, ""PortScan"": 0.004108923681634157}",2026-09-17 09:36:36.516893+00,2026-09-17 09:36:36.516893+00,,RUNTIME,monitoring:21:75:a20740cc5ee48ef68ca4544201bc07d610b9c593fe9ca78b7fa9895ac12356be:65,21,1337
7520,7520,5,DDoS,0.9820493451731938,"{""DDoS"": 0.9820493451731938, ""Normal"": 0.017950654826806425, ""PortScan"": 0.0}",2026-09-17 09:36:36.516893+00,2026-09-17 09:36:36.516893+00,,RUNTIME,monitoring:21:75:a20740cc5ee48ef68ca4544201bc07d610b9c593fe9ca78b7fa9895ac12356be:66,21,1337
7521,7521,5,Normal,0.9747247247220392,"{""DDoS"": 0.021135173392047825, ""Normal"": 0.9747247247220392, ""PortScan"": 0.004140101885914223}",2026-09-17 09:36:36.516894+00,2026-09-17 09:36:36.516894+00,,RUNTIME,monitoring:21:75:a20740cc5ee48ef68ca4544201bc07d610b9c593fe9ca78b7fa9895ac12356be:67,21,1337
7522,7522,5,DDoS,0.9823898407041305,"{""DDoS"": 0.9823898407041305, ""Normal"": 0.017610159295869527, ""PortScan"": 0.0}",2026-09-17 09:36:36.516894+00,2026-09-17 09:36:36.516894+00,,RUNTIME,monitoring:21:75:a20740cc5ee48ef68ca4544201bc07d610b9c593fe9ca78b7fa9895ac12356be:68,21,1337
7523,7523,5,Normal,0.5727308764483614,"{""DDoS"": 0.42245753535550457, ""Normal"": 0.5727308764483614, ""PortScan"": 0.004811588196134985}",2026-09-17 09:36:36.516894+00,2026-09-17 09:36:36.516895+00,,RUNTIME,monitoring:21:75:a20740cc5ee48ef68ca4544201bc07d610b9c593fe9ca78b7fa9895ac12356be:69,21,1337
7524,7524,5,DDoS,0.9959583847042108,"{""DDoS"": 0.9959583847042108, ""Normal"": 0.004038165336220465, ""PortScan"": 0.00000344995956867291}",2026-09-17 09:36:36.516895+00,2026-09-17 09:36:36.516895+00,,RUNTIME,monitoring:21:75:a20740cc5ee48ef68ca4544201bc07d610b9c593fe9ca78b7fa9895ac12356be:70,21,1337
7525,7525,5,Normal,0.9391843276719243,"{""DDoS"": 0.056706748646443386, ""Normal"": 0.9391843276719243, ""PortScan"": 0.004108923681634157}",2026-09-17 09:36:36.516895+00,2026-09-17 09:36:36.516895+00,,RUNTIME,monitoring:21:75:a20740cc5ee48ef68ca4544201bc07d610b9c593fe9ca78b7fa9895ac12356be:71,21,1337
7526,7526,5,DDoS,0.9874875681832935,"{""DDoS"": 0.9874875681832935, ""Normal"": 0.012512431816706533, ""PortScan"": 0.0}",2026-09-17 09:36:36.516896+00,2026-09-17 09:36:36.516896+00,,RUNTIME,monitoring:21:75:a20740cc5ee48ef68ca4544201bc07d610b9c593fe9ca78b7fa9895ac12356be:72,21,1337
7527,7527,5,Normal,0.6311534701561438,"{""DDoS"": 0.3640349416477225, ""Normal"": 0.6311534701561438, ""PortScan"": 0.004811588196134985}",2026-09-17 09:36:36.516896+00,2026-09-17 09:36:36.516896+00,,RUNTIME,monitoring:21:75:a20740cc5ee48ef68ca4544201bc07d610b9c593fe9ca78b7fa9895ac12356be:73,21,1337
7528,7528,5,DDoS,0.9862321159072184,"{""DDoS"": 0.9862321159072184, ""Normal"": 0.013764434133212947, ""PortScan"": 0.00000344995956867291}",2026-09-17 09:36:36.516896+00,2026-09-17 09:36:36.516897+00,,RUNTIME,monitoring:21:75:a20740cc5ee48ef68ca4544201bc07d610b9c593fe9ca78b7fa9895ac12356be:74,21,1337
7529,7529,5,Normal,0.9774361100111577,"{""DDoS"": 0.01841839617582625, ""Normal"": 0.9774361100111577, ""PortScan"": 0.0041454938130172795}",2026-09-17 09:36:36.516897+00,2026-09-17 09:36:36.516897+00,,RUNTIME,monitoring:21:75:a20740cc5ee48ef68ca4544201bc07d610b9c593fe9ca78b7fa9895ac12356be:75,21,1337
7530,7530,5,DDoS,0.9913422284030371,"{""DDoS"": 0.9913422284030371, ""Normal"": 0.008654321637394291, ""PortScan"": 0.00000344995956867291}",2026-09-17 09:36:36.516897+00,2026-09-17 09:36:36.516897+00,,RUNTIME,monitoring:21:75:a20740cc5ee48ef68ca4544201bc07d610b9c593fe9ca78b7fa9895ac12356be:76,21,1337
7531,7531,5,DDoS,0.7729159796339278,"{""DDoS"": 0.7729159796339278, ""Normal"": 0.215659549966464, ""PortScan"": 0.011424470399608979}",2026-09-17 09:36:36.516898+00,2026-09-17 09:36:36.516898+00,,RUNTIME,monitoring:21:75:a20740cc5ee48ef68ca4544201bc07d610b9c593fe9ca78b7fa9895ac12356be:77,21,1337
7532,7532,5,DDoS,0.9959583847042108,"{""DDoS"": 0.9959583847042108, ""Normal"": 0.004038165336220465, ""PortScan"": 0.00000344995956867291}",2026-09-17 09:36:36.516898+00,2026-09-17 09:36:36.516898+00,,RUNTIME,monitoring:21:75:a20740cc5ee48ef68ca4544201bc07d610b9c593fe9ca78b7fa9895ac12356be:78,21,1337
7533,7533,5,DDoS,0.8644996801958503,"{""DDoS"": 0.8644996801958503, ""Normal"": 0.13107745404361335, ""PortScan"": 0.004422865760537095}",2026-09-17 09:36:36.516898+00,2026-09-17 09:36:36.516899+00,,RUNTIME,monitoring:21:75:a20740cc5ee48ef68ca4544201bc07d610b9c593fe9ca78b7fa9895ac12356be:79,21,1337
7534,7534,5,DDoS,0.9959583847042108,"{""DDoS"": 0.9959583847042108, ""Normal"": 0.004038165336220465, ""PortScan"": 0.00000344995956867291}",2026-09-17 09:36:36.516899+00,2026-09-17 09:36:36.516899+00,,RUNTIME,monitoring:21:75:a20740cc5ee48ef68ca4544201bc07d610b9c593fe9ca78b7fa9895ac12356be:80,21,1337
7535,7535,5,DDoS,0.5549661265470921,"{""DDoS"": 0.5549661265470921, ""Normal"": 0.43997490763442393, ""PortScan"": 0.005058965818484994}",2026-09-17 09:36:36.516899+00,2026-09-17 09:36:36.516899+00,,RUNTIME,monitoring:21:75:a20740cc5ee48ef68ca4544201bc07d610b9c593fe9ca78b7fa9895ac12356be:81,21,1337
7536,7536,5,DDoS,0.9831580479178266,"{""DDoS"": 0.9831580479178266, ""Normal"": 0.016838502122604914, ""PortScan"": 0.00000344995956867291}",2026-09-17 09:36:36.5169+00,2026-09-17 09:36:36.5169+00,,RUNTIME,monitoring:21:75:a20740cc5ee48ef68ca4544201bc07d610b9c593fe9ca78b7fa9895ac12356be:82,21,1337
7537,7537,5,DDoS,0.9909583847042108,"{""DDoS"": 0.9909583847042108, ""Normal"": 0.009038165336220465, ""PortScan"": 0.00000344995956867291}",2026-09-17 09:36:36.5169+00,2026-09-17 09:36:36.5169+00,,RUNTIME,monitoring:21:75:a20740cc5ee48ef68ca4544201bc07d610b9c593fe9ca78b7fa9895ac12356be:83,21,1337
7538,7538,5,DDoS,0.8644663189775875,"{""DDoS"": 0.8644663189775875, ""Normal"": 0.13107745404361335, ""PortScan"": 0.004456226978799849}",2026-09-17 09:36:36.5169+00,2026-09-17 09:36:36.5169+00,,RUNTIME,monitoring:21:75:a20740cc5ee48ef68ca4544201bc07d610b9c593fe9ca78b7fa9895ac12356be:84,21,1337
7539,7539,5,DDoS,0.9959583847042108,"{""DDoS"": 0.9959583847042108, ""Normal"": 0.004038165336220465, ""PortScan"": 0.00000344995956867291}",2026-09-17 09:36:36.516901+00,2026-09-17 09:36:36.516901+00,,RUNTIME,monitoring:21:75:a20740cc5ee48ef68ca4544201bc07d610b9c593fe9ca78b7fa9895ac12356be:85,21,1337
7540,7540,5,DDoS,0.7473831896198943,"{""DDoS"": 0.7473831896198943, ""Normal"": 0.24780522218397144, ""PortScan"": 0.004811588196134985}",2026-09-17 09:36:36.516901+00,2026-09-17 09:36:36.516901+00,,RUNTIME,monitoring:21:75:a20740cc5ee48ef68ca4544201bc07d610b9c593fe9ca78b7fa9895ac12356be:86,21,1337
7541,7541,5,DDoS,0.9888942546900031,"{""DDoS"": 0.9888942546900031, ""Normal"": 0.011102295350428244, ""PortScan"": 0.00000344995956867291}",2026-09-17 09:36:36.516901+00,2026-09-17 09:36:36.516902+00,,RUNTIME,monitoring:21:75:a20740cc5ee48ef68ca4544201bc07d610b9c593fe9ca78b7fa9895ac12356be:87,21,1337
7542,7542,5,DDoS,0.7791038601749668,"{""DDoS"": 0.7791038601749668, ""Normal"": 0.21703456107664973, ""PortScan"": 0.0038615787483842574}",2026-09-17 09:36:36.516902+00,2026-09-17 09:36:36.516902+00,,RUNTIME,monitoring:21:75:a20740cc5ee48ef68ca4544201bc07d610b9c593fe9ca78b7fa9895ac12356be:88,21,1337
7543,7543,5,DDoS,0.9959583847042108,"{""DDoS"": 0.9959583847042108, ""Normal"": 0.004038165336220465, ""PortScan"": 0.00000344995956867291}",2026-09-17 09:36:36.516902+00,2026-09-17 09:36:36.516902+00,,RUNTIME,monitoring:21:75:a20740cc5ee48ef68ca4544201bc07d610b9c593fe9ca78b7fa9895ac12356be:89,21,1337
7544,7544,5,DDoS,0.7439907513695837,"{""DDoS"": 0.7439907513695837, ""Normal"": 0.25119766043428193, ""PortScan"": 0.004811588196134985}",2026-09-17 09:36:36.516903+00,2026-09-17 09:36:36.516903+00,,RUNTIME,monitoring:21:75:a20740cc5ee48ef68ca4544201bc07d610b9c593fe9ca78b7fa9895ac12356be:90,21,1337
7545,7545,5,DDoS,0.9959583847042108,"{""DDoS"": 0.9959583847042108, ""Normal"": 0.004038165336220465, ""PortScan"": 0.00000344995956867291}",2026-09-17 09:36:36.516903+00,2026-09-17 09:36:36.516903+00,,RUNTIME,monitoring:21:75:a20740cc5ee48ef68ca4544201bc07d610b9c593fe9ca78b7fa9895ac12356be:91,21,1337
7546,7546,5,DDoS,0.8644996801958503,"{""DDoS"": 0.8644996801958503, ""Normal"": 0.13107745404361335, ""PortScan"": 0.004422865760537095}",2026-09-17 09:36:36.516903+00,2026-09-17 09:36:36.516904+00,,RUNTIME,monitoring:21:75:a20740cc5ee48ef68ca4544201bc07d610b9c593fe9ca78b7fa9895ac12356be:92,21,1337
7547,7547,5,DDoS,0.9959583847042108,"{""DDoS"": 0.9959583847042108, ""Normal"": 0.004038165336220465, ""PortScan"": 0.00000344995956867291}",2026-09-17 09:36:36.516904+00,2026-09-17 09:36:36.516904+00,,RUNTIME,monitoring:21:75:a20740cc5ee48ef68ca4544201bc07d610b9c593fe9ca78b7fa9895ac12356be:93,21,1337
7548,7548,5,Normal,0.6552259857378416,"{""DDoS"": 0.3399624260660261, ""Normal"": 0.6552259857378416, ""PortScan"": 0.004811588196134985}",2026-09-17 09:36:36.516904+00,2026-09-17 09:36:36.516904+00,,RUNTIME,monitoring:21:75:a20740cc5ee48ef68ca4544201bc07d610b9c593fe9ca78b7fa9895ac12356be:94,21,1337
7549,7549,5,DDoS,0.9953996569468267,"{""DDoS"": 0.9953996569468267, ""Normal"": 0.004600343053173242, ""PortScan"": 0.0}",2026-09-17 09:36:36.516905+00,2026-09-17 09:36:36.516905+00,,RUNTIME,monitoring:21:75:a20740cc5ee48ef68ca4544201bc07d610b9c593fe9ca78b7fa9895ac12356be:95,21,1337
7550,7550,5,DDoS,0.7576542839976255,"{""DDoS"": 0.7576542839976255, ""Normal"": 0.23749950334568773, ""PortScan"": 0.004846212656687351}",2026-09-17 09:36:36.516905+00,2026-09-17 09:36:36.516905+00,,RUNTIME,monitoring:21:75:a20740cc5ee48ef68ca4544201bc07d610b9c593fe9ca78b7fa9895ac12356be:96,21,1337
7551,7551,5,DDoS,0.9959583847042108,"{""DDoS"": 0.9959583847042108, ""Normal"": 0.004038165336220465, ""PortScan"": 0.00000344995956867291}",2026-09-17 09:36:36.516905+00,2026-09-17 09:36:36.516905+00,,RUNTIME,monitoring:21:75:a20740cc5ee48ef68ca4544201bc07d610b9c593fe9ca78b7fa9895ac12356be:97,21,1337
7552,7552,5,DDoS,0.8357250037753664,"{""DDoS"": 0.8357250037753664, ""Normal"": 0.14649672845728928, ""PortScan"": 0.01777826776734468}",2026-09-17 09:36:36.516906+00,2026-09-17 09:36:36.516906+00,,RUNTIME,monitoring:21:75:a20740cc5ee48ef68ca4544201bc07d610b9c593fe9ca78b7fa9895ac12356be:98,21,1337
7553,7553,5,DDoS,0.995588290317723,"{""DDoS"": 0.995588290317723, ""Normal"": 0.0044082597227082946, ""PortScan"": 0.00000344995956867291}",2026-09-17 09:36:36.516906+00,2026-09-17 09:36:36.516906+00,,RUNTIME,monitoring:21:75:a20740cc5ee48ef68ca4544201bc07d610b9c593fe9ca78b7fa9895ac12356be:99,21,1337
7554,7554,5,DDoS,0.8477041005139755,"{""DDoS"": 0.8477041005139755, ""Normal"": 0.14157447087507316, ""PortScan"": 0.01072142861095188}",2026-09-17 09:36:36.516906+00,2026-09-17 09:36:36.516907+00,,RUNTIME,monitoring:21:75:a20740cc5ee48ef68ca4544201bc07d610b9c593fe9ca78b7fa9895ac12356be:100,21,1337
7555,7555,5,DDoS,0.983686316303761,"{""DDoS"": 0.983686316303761, ""Normal"": 0.014604096750803002, ""PortScan"": 0.0017095869454360022}",2026-09-17 09:36:36.516907+00,2026-09-17 09:36:36.516907+00,,RUNTIME,monitoring:21:75:a20740cc5ee48ef68ca4544201bc07d610b9c593fe9ca78b7fa9895ac12356be:101,21,1337
7556,7556,5,Normal,0.9659880128162319,"{""DDoS"": 0.02986649337075211, ""Normal"": 0.9659880128162319, ""PortScan"": 0.0041454938130172795}",2026-09-17 09:36:36.516907+00,2026-09-17 09:36:36.516907+00,,RUNTIME,monitoring:21:75:a20740cc5ee48ef68ca4544201bc07d610b9c593fe9ca78b7fa9895ac12356be:102,21,1337
7557,7557,5,DDoS,0.9352356354588016,"{""DDoS"": 0.9352356354588016, ""Normal"": 0.0647609145816296, ""PortScan"": 0.00000344995956867291}",2026-09-17 09:36:36.516908+00,2026-09-17 09:36:36.516908+00,,RUNTIME,monitoring:21:75:a20740cc5ee48ef68ca4544201bc07d610b9c593fe9ca78b7fa9895ac12356be:103,21,1337
7558,7558,5,Normal,0.9336478114693739,"{""DDoS"": 0.06160409580421764, ""Normal"": 0.9336478114693739, ""PortScan"": 0.00474809272640958}",2026-09-17 09:36:36.516908+00,2026-09-17 09:36:36.516908+00,,RUNTIME,monitoring:21:75:a20740cc5ee48ef68ca4544201bc07d610b9c593fe9ca78b7fa9895ac12356be:104,21,1337
7559,7559,5,Normal,0.6035599734544893,"{""DDoS"": 0.3398614520767195, ""Normal"": 0.6035599734544893, ""PortScan"": 0.05657857446879177}",2026-09-17 09:36:36.516909+00,2026-09-17 09:36:36.516909+00,,RUNTIME,monitoring:21:75:a20740cc5ee48ef68ca4544201bc07d610b9c593fe9ca78b7fa9895ac12356be:105,21,1337
7560,7560,5,Normal,0.5548132425408141,"{""DDoS"": 0.3961738406266595, ""Normal"": 0.5548132425408141, ""PortScan"": 0.049012916832526274}",2026-09-17 09:36:36.516909+00,2026-09-17 09:36:36.516909+00,,RUNTIME,monitoring:21:75:a20740cc5ee48ef68ca4544201bc07d610b9c593fe9ca78b7fa9895ac12356be:106,21,1337
7561,7561,5,DDoS,0.6887675918488411,"{""DDoS"": 0.6887675918488411, ""Normal"": 0.2518143911155984, ""PortScan"": 0.05941801703556157}",2026-09-17 09:36:36.51691+00,2026-09-17 09:36:36.51691+00,,RUNTIME,monitoring:21:75:a20740cc5ee48ef68ca4544201bc07d610b9c593fe9ca78b7fa9895ac12356be:107,21,1337
7562,7562,5,Normal,0.6380755997234729,"{""DDoS"": 0.2051197150608082, ""Normal"": 0.6380755997234729, ""PortScan"": 0.15680468521572}",2026-09-17 09:36:36.51691+00,2026-09-17 09:36:36.51691+00,,RUNTIME,monitoring:21:75:a20740cc5ee48ef68ca4544201bc07d610b9c593fe9ca78b7fa9895ac12356be:108,21,1337
7563,7563,5,DDoS,0.9959583847042108,"{""DDoS"": 0.9959583847042108, ""Normal"": 0.004038165336220465, ""PortScan"": 0.00000344995956867291}",2026-09-17 09:36:54.442722+00,2026-09-17 09:36:54.442724+00,,RUNTIME,monitoring:21:76:cba9ca186eb67f2ab8b012e510cc3d46cb24a11b21cdc270ff33b6875e0e5986:1,21,1338
7564,7564,5,DDoS,0.789659737324666,"{""DDoS"": 0.789659737324666, ""Normal"": 0.20647868392695032, ""PortScan"": 0.0038615787483842574}",2026-09-17 09:36:54.442724+00,2026-09-17 09:36:54.442725+00,,RUNTIME,monitoring:21:76:cba9ca186eb67f2ab8b012e510cc3d46cb24a11b21cdc270ff33b6875e0e5986:2,21,1338
7565,7565,5,DDoS,0.995588290317723,"{""DDoS"": 0.995588290317723, ""Normal"": 0.0044082597227082946, ""PortScan"": 0.00000344995956867291}",2026-09-17 09:36:54.442725+00,2026-09-17 09:36:54.442725+00,,RUNTIME,monitoring:21:76:cba9ca186eb67f2ab8b012e510cc3d46cb24a11b21cdc270ff33b6875e0e5986:3,21,1338
7566,7566,5,DDoS,0.5176143618115587,"{""DDoS"": 0.5176143618115587, ""Normal"": 0.476306139618493, ""PortScan"": 0.006079498569948602}",2026-09-17 09:36:54.442725+00,2026-09-17 09:36:54.442726+00,,RUNTIME,monitoring:21:76:cba9ca186eb67f2ab8b012e510cc3d46cb24a11b21cdc270ff33b6875e0e5986:4,21,1338
7567,7567,5,DDoS,0.995588290317723,"{""DDoS"": 0.995588290317723, ""Normal"": 0.0044082597227082946, ""PortScan"": 0.00000344995956867291}",2026-09-17 09:36:54.442726+00,2026-09-17 09:36:54.442726+00,,RUNTIME,monitoring:21:76:cba9ca186eb67f2ab8b012e510cc3d46cb24a11b21cdc270ff33b6875e0e5986:5,21,1338
7568,7568,5,DDoS,0.7473831896198943,"{""DDoS"": 0.7473831896198943, ""Normal"": 0.24780522218397144, ""PortScan"": 0.004811588196134985}",2026-09-17 09:36:54.442726+00,2026-09-17 09:36:54.442727+00,,RUNTIME,monitoring:21:76:cba9ca186eb67f2ab8b012e510cc3d46cb24a11b21cdc270ff33b6875e0e5986:6,21,1338
7569,7569,5,DDoS,0.995588290317723,"{""DDoS"": 0.995588290317723, ""Normal"": 0.0044082597227082946, ""PortScan"": 0.00000344995956867291}",2026-09-17 09:36:54.442727+00,2026-09-17 09:36:54.442727+00,,RUNTIME,monitoring:21:76:cba9ca186eb67f2ab8b012e510cc3d46cb24a11b21cdc270ff33b6875e0e5986:7,21,1338
7570,7570,5,DDoS,0.789659737324666,"{""DDoS"": 0.789659737324666, ""Normal"": 0.20647868392695032, ""PortScan"": 0.0038615787483842574}",2026-09-17 09:36:54.442727+00,2026-09-17 09:36:54.442727+00,,RUNTIME,monitoring:21:76:cba9ca186eb67f2ab8b012e510cc3d46cb24a11b21cdc270ff33b6875e0e5986:8,21,1338
7571,7571,5,DDoS,0.9813422284030371,"{""DDoS"": 0.9813422284030371, ""Normal"": 0.01865432163739429, ""PortScan"": 0.00000344995956867291}",2026-09-17 09:36:54.442728+00,2026-09-17 09:36:54.442728+00,,RUNTIME,monitoring:21:76:cba9ca186eb67f2ab8b012e510cc3d46cb24a11b21cdc270ff33b6875e0e5986:9,21,1338
7572,7572,5,DDoS,0.5643998497944196,"{""DDoS"": 0.5643998497944196, ""Normal"": 0.4305411843870963, ""PortScan"": 0.005058965818484994}",2026-09-17 09:36:54.442728+00,2026-09-17 09:36:54.442728+00,,RUNTIME,monitoring:21:76:cba9ca186eb67f2ab8b012e510cc3d46cb24a11b21cdc270ff33b6875e0e5986:10,21,1338
7573,7573,5,DDoS,0.9739182164097095,"{""DDoS"": 0.9739182164097095, ""Normal"": 0.02449954715653159, ""PortScan"": 0.0015822364337589158}",2026-09-17 09:36:54.442728+00,2026-09-17 09:36:54.442729+00,,RUNTIME,monitoring:21:76:cba9ca186eb67f2ab8b012e510cc3d46cb24a11b21cdc270ff33b6875e0e5986:11,21,1338
7574,7574,5,DDoS,0.8644996801958503,"{""DDoS"": 0.8644996801958503, ""Normal"": 0.13107745404361335, ""PortScan"": 0.004422865760537095}",2026-09-17 09:36:54.442729+00,2026-09-17 09:36:54.442729+00,,RUNTIME,monitoring:21:76:cba9ca186eb67f2ab8b012e510cc3d46cb24a11b21cdc270ff33b6875e0e5986:12,21,1338
7575,7575,5,DDoS,0.9959583847042108,"{""DDoS"": 0.9959583847042108, ""Normal"": 0.004038165336220465, ""PortScan"": 0.00000344995956867291}",2026-09-17 09:36:54.442729+00,2026-09-17 09:36:54.442729+00,,RUNTIME,monitoring:21:76:cba9ca186eb67f2ab8b012e510cc3d46cb24a11b21cdc270ff33b6875e0e5986:13,21,1338
7576,7576,5,Normal,0.6290990305800428,"{""DDoS"": 0.3660589837390127, ""Normal"": 0.6290990305800428, ""PortScan"": 0.004841985680946787}",2026-09-17 09:36:54.442729+00,2026-09-17 09:36:54.44273+00,,RUNTIME,monitoring:21:76:cba9ca186eb67f2ab8b012e510cc3d46cb24a11b21cdc270ff33b6875e0e5986:14,21,1338
7577,7577,5,DDoS,0.9833291949001622,"{""DDoS"": 0.9833291949001622, ""Normal"": 0.016667355140269124, ""PortScan"": 0.00000344995956867291}",2026-09-17 09:36:54.44273+00,2026-09-17 09:36:54.44273+00,,RUNTIME,monitoring:21:76:cba9ca186eb67f2ab8b012e510cc3d46cb24a11b21cdc270ff33b6875e0e5986:15,21,1338
7578,7578,5,DDoS,0.7439907513695837,"{""DDoS"": 0.7439907513695837, ""Normal"": 0.25119766043428193, ""PortScan"": 0.004811588196134985}",2026-09-17 09:36:54.44273+00,2026-09-17 09:36:54.44273+00,,RUNTIME,monitoring:21:76:cba9ca186eb67f2ab8b012e510cc3d46cb24a11b21cdc270ff33b6875e0e5986:16,21,1338
7579,7579,5,DDoS,0.9939900542173714,"{""DDoS"": 0.9939900542173714, ""Normal"": 0.006006495823059881, ""PortScan"": 0.00000344995956867291}",2026-09-17 09:36:54.442731+00,2026-09-17 09:36:54.442731+00,,RUNTIME,monitoring:21:76:cba9ca186eb67f2ab8b012e510cc3d46cb24a11b21cdc270ff33b6875e0e5986:17,21,1338
7580,7580,5,DDoS,0.5247533377862291,"{""DDoS"": 0.5247533377862291, ""Normal"": 0.4713850834653869, ""PortScan"": 0.0038615787483842574}",2026-09-17 09:36:54.442731+00,2026-09-17 09:36:54.442731+00,,RUNTIME,monitoring:21:76:cba9ca186eb67f2ab8b012e510cc3d46cb24a11b21cdc270ff33b6875e0e5986:18,21,1338
7581,7581,5,DDoS,0.995588290317723,"{""DDoS"": 0.995588290317723, ""Normal"": 0.0044082597227082946, ""PortScan"": 0.00000344995956867291}",2026-09-17 09:36:54.442731+00,2026-09-17 09:36:54.442732+00,,RUNTIME,monitoring:21:76:cba9ca186eb67f2ab8b012e510cc3d46cb24a11b21cdc270ff33b6875e0e5986:19,21,1338
7582,7582,5,DDoS,0.8644663189775875,"{""DDoS"": 0.8644663189775875, ""Normal"": 0.13107745404361335, ""PortScan"": 0.004456226978799849}",2026-09-17 09:36:54.442732+00,2026-09-17 09:36:54.442732+00,,RUNTIME,monitoring:21:76:cba9ca186eb67f2ab8b012e510cc3d46cb24a11b21cdc270ff33b6875e0e5986:20,21,1338
7583,7583,5,DDoS,0.9959583847042108,"{""DDoS"": 0.9959583847042108, ""Normal"": 0.004038165336220465, ""PortScan"": 0.00000344995956867291}",2026-09-17 09:36:54.442732+00,2026-09-17 09:36:54.442732+00,,RUNTIME,monitoring:21:76:cba9ca186eb67f2ab8b012e510cc3d46cb24a11b21cdc270ff33b6875e0e5986:21,21,1338
7584,7584,5,DDoS,0.7847360924924897,"{""DDoS"": 0.7847360924924897, ""Normal"": 0.21140232875912665, ""PortScan"": 0.0038615787483842574}",2026-09-17 09:36:54.442733+00,2026-09-17 09:36:54.442733+00,,RUNTIME,monitoring:21:76:cba9ca186eb67f2ab8b012e510cc3d46cb24a11b21cdc270ff33b6875e0e5986:22,21,1338
7585,7585,5,DDoS,0.9959583847042108,"{""DDoS"": 0.9959583847042108, ""Normal"": 0.004038165336220465, ""PortScan"": 0.00000344995956867291}",2026-09-17 09:36:54.442733+00,2026-09-17 09:36:54.442733+00,,RUNTIME,monitoring:21:76:cba9ca186eb67f2ab8b012e510cc3d46cb24a11b21cdc270ff33b6875e0e5986:23,21,1338
7586,7586,5,DDoS,0.6163629691749114,"{""DDoS"": 0.6163629691749114, ""Normal"": 0.3797754520767046, ""PortScan"": 0.0038615787483842574}",2026-09-17 09:36:54.442733+00,2026-09-17 09:36:54.442734+00,,RUNTIME,monitoring:21:76:cba9ca186eb67f2ab8b012e510cc3d46cb24a11b21cdc270ff33b6875e0e5986:24,21,1338
7587,7587,5,DDoS,0.9916985371819745,"{""DDoS"": 0.9916985371819745, ""Normal"": 0.008298012858456806, ""PortScan"": 0.00000344995956867291}",2026-09-17 09:36:54.442734+00,2026-09-17 09:36:54.442734+00,,RUNTIME,monitoring:21:76:cba9ca186eb67f2ab8b012e510cc3d46cb24a11b21cdc270ff33b6875e0e5986:25,21,1338
7588,7588,5,DDoS,0.8644663189775875,"{""DDoS"": 0.8644663189775875, ""Normal"": 0.13107745404361335, ""PortScan"": 0.004456226978799849}",2026-09-17 09:36:54.442734+00,2026-09-17 09:36:54.442734+00,,RUNTIME,monitoring:21:76:cba9ca186eb67f2ab8b012e510cc3d46cb24a11b21cdc270ff33b6875e0e5986:26,21,1338
7589,7589,5,DDoS,0.9786455420782743,"{""DDoS"": 0.9786455420782743, ""Normal"": 0.021351007962157147, ""PortScan"": 0.00000344995956867291}",2026-09-17 09:36:54.442735+00,2026-09-17 09:36:54.442735+00,,RUNTIME,monitoring:21:76:cba9ca186eb67f2ab8b012e510cc3d46cb24a11b21cdc270ff33b6875e0e5986:27,21,1338
7590,7590,5,DDoS,0.7576542839976256,"{""DDoS"": 0.7576542839976256, ""Normal"": 0.23749950334568773, ""PortScan"": 0.004846212656687351}",2026-09-17 09:36:54.442735+00,2026-09-17 09:36:54.442735+00,,RUNTIME,monitoring:21:76:cba9ca186eb67f2ab8b012e510cc3d46cb24a11b21cdc270ff33b6875e0e5986:28,21,1338
7591,7591,5,DDoS,0.9843448936916207,"{""DDoS"": 0.9843448936916207, ""Normal"": 0.015651656348810678, ""PortScan"": 0.00000344995956867291}",2026-09-17 09:36:54.442735+00,2026-09-17 09:36:54.442736+00,,RUNTIME,monitoring:21:76:cba9ca186eb67f2ab8b012e510cc3d46cb24a11b21cdc270ff33b6875e0e5986:29,21,1338
7592,7592,5,Normal,0.6552259857378416,"{""DDoS"": 0.3399624260660261, ""Normal"": 0.6552259857378416, ""PortScan"": 0.004811588196134985}",2026-09-17 09:36:54.442736+00,2026-09-17 09:36:54.442736+00,,RUNTIME,monitoring:21:76:cba9ca186eb67f2ab8b012e510cc3d46cb24a11b21cdc270ff33b6875e0e5986:30,21,1338
7593,7593,5,DDoS,0.9882330236731507,"{""DDoS"": 0.9882330236731507, ""Normal"": 0.011763526367280681, ""PortScan"": 0.00000344995956867291}",2026-09-17 09:36:54.442736+00,2026-09-17 09:36:54.442736+00,,RUNTIME,monitoring:21:76:cba9ca186eb67f2ab8b012e510cc3d46cb24a11b21cdc270ff33b6875e0e5986:31,21,1338
7594,7594,5,DDoS,0.7359903534230287,"{""DDoS"": 0.7359903534230287, ""Normal"": 0.2591487410256502, ""PortScan"": 0.004860905551321779}",2026-09-17 09:36:54.442737+00,2026-09-17 09:36:54.442737+00,,RUNTIME,monitoring:21:76:cba9ca186eb67f2ab8b012e510cc3d46cb24a11b21cdc270ff33b6875e0e5986:32,21,1338
7595,7595,5,DDoS,0.9156614575608176,"{""DDoS"": 0.9156614575608176, ""Normal"": 0.08433509247961349, ""PortScan"": 0.00000344995956867291}",2026-09-17 09:36:54.442737+00,2026-09-17 09:36:54.442737+00,,RUNTIME,monitoring:21:76:cba9ca186eb67f2ab8b012e510cc3d46cb24a11b21cdc270ff33b6875e0e5986:33,21,1338
7596,7596,5,Normal,0.9774096909233135,"{""DDoS"": 0.01844481526367037, ""Normal"": 0.9774096909233135, ""PortScan"": 0.0041454938130172795}",2026-09-17 09:36:54.442737+00,2026-09-17 09:36:54.442738+00,,RUNTIME,monitoring:21:76:cba9ca186eb67f2ab8b012e510cc3d46cb24a11b21cdc270ff33b6875e0e5986:34,21,1338
7597,7597,5,DDoS,0.9959583847042108,"{""DDoS"": 0.9959583847042108, ""Normal"": 0.004038165336220465, ""PortScan"": 0.00000344995956867291}",2026-09-17 09:36:54.442738+00,2026-09-17 09:36:54.442738+00,,RUNTIME,monitoring:21:76:cba9ca186eb67f2ab8b012e510cc3d46cb24a11b21cdc270ff33b6875e0e5986:35,21,1338
7598,7598,5,DDoS,0.7452253505276946,"{""DDoS"": 0.7452253505276946, ""Normal"": 0.2509130707239219, ""PortScan"": 0.0038615787483842574}",2026-09-17 09:36:54.442738+00,2026-09-17 09:36:54.442738+00,,RUNTIME,monitoring:21:76:cba9ca186eb67f2ab8b012e510cc3d46cb24a11b21cdc270ff33b6875e0e5986:36,21,1338
7599,7599,5,DDoS,0.9904155634707377,"{""DDoS"": 0.9904155634707377, ""Normal"": 0.009580986569693665, ""PortScan"": 0.00000344995956867291}",2026-09-17 09:36:54.442739+00,2026-09-17 09:36:54.442739+00,,RUNTIME,monitoring:21:76:cba9ca186eb67f2ab8b012e510cc3d46cb24a11b21cdc270ff33b6875e0e5986:37,21,1338
7600,7600,5,DDoS,0.8644996801958503,"{""DDoS"": 0.8644996801958503, ""Normal"": 0.13107745404361335, ""PortScan"": 0.004422865760537095}",2026-09-17 09:36:54.442739+00,2026-09-17 09:36:54.442739+00,,RUNTIME,monitoring:21:76:cba9ca186eb67f2ab8b012e510cc3d46cb24a11b21cdc270ff33b6875e0e5986:38,21,1338
7601,7601,5,DDoS,0.9959583847042108,"{""DDoS"": 0.9959583847042108, ""Normal"": 0.004038165336220465, ""PortScan"": 0.00000344995956867291}",2026-09-17 09:36:54.442739+00,2026-09-17 09:36:54.44274+00,,RUNTIME,monitoring:21:76:cba9ca186eb67f2ab8b012e510cc3d46cb24a11b21cdc270ff33b6875e0e5986:39,21,1338
7602,7602,5,DDoS,0.8644996801958503,"{""DDoS"": 0.8644996801958503, ""Normal"": 0.13107745404361335, ""PortScan"": 0.004422865760537095}",2026-09-17 09:36:54.44274+00,2026-09-17 09:36:54.44274+00,,RUNTIME,monitoring:21:76:cba9ca186eb67f2ab8b012e510cc3d46cb24a11b21cdc270ff33b6875e0e5986:40,21,1338
7603,7603,5,DDoS,0.9959583847042108,"{""DDoS"": 0.9959583847042108, ""Normal"": 0.004038165336220465, ""PortScan"": 0.00000344995956867291}",2026-09-17 09:36:54.44274+00,2026-09-17 09:36:54.44274+00,,RUNTIME,monitoring:21:76:cba9ca186eb67f2ab8b012e510cc3d46cb24a11b21cdc270ff33b6875e0e5986:41,21,1338
7604,7604,5,Normal,0.8627073184221692,"{""DDoS"": 0.13248377322323543, ""Normal"": 0.8627073184221692, ""PortScan"": 0.0048089083545967085}",2026-09-17 09:36:54.442741+00,2026-09-17 09:36:54.442741+00,,RUNTIME,monitoring:21:76:cba9ca186eb67f2ab8b012e510cc3d46cb24a11b21cdc270ff33b6875e0e5986:42,21,1338
7605,7605,5,DDoS,0.9866985371819745,"{""DDoS"": 0.9866985371819745, ""Normal"": 0.013298012858456805, ""PortScan"": 0.00000344995956867291}",2026-09-17 09:36:54.442741+00,2026-09-17 09:36:54.442741+00,,RUNTIME,monitoring:21:76:cba9ca186eb67f2ab8b012e510cc3d46cb24a11b21cdc270ff33b6875e0e5986:43,21,1338
7606,7606,5,DDoS,0.8357250037753664,"{""DDoS"": 0.8357250037753664, ""Normal"": 0.14649672845728928, ""PortScan"": 0.01777826776734468}",2026-09-17 09:36:54.442741+00,2026-09-17 09:36:54.442742+00,,RUNTIME,monitoring:21:76:cba9ca186eb67f2ab8b012e510cc3d46cb24a11b21cdc270ff33b6875e0e5986:44,21,1338
7607,7607,5,DDoS,0.9913422284030371,"{""DDoS"": 0.9913422284030371, ""Normal"": 0.008654321637394291, ""PortScan"": 0.00000344995956867291}",2026-09-17 09:36:54.442742+00,2026-09-17 09:36:54.442742+00,,RUNTIME,monitoring:21:76:cba9ca186eb67f2ab8b012e510cc3d46cb24a11b21cdc270ff33b6875e0e5986:45,21,1338
7608,7608,5,Normal,0.5005967995465448,"{""DDoS"": 0.4944254986576132, ""Normal"": 0.5005967995465448, ""PortScan"": 0.00497770179584242}",2026-09-17 09:36:54.442742+00,2026-09-17 09:36:54.442742+00,,RUNTIME,monitoring:21:76:cba9ca186eb67f2ab8b012e510cc3d46cb24a11b21cdc270ff33b6875e0e5986:46,21,1338
7609,7609,5,DDoS,0.9959583847042108,"{""DDoS"": 0.9959583847042108, ""Normal"": 0.004038165336220465, ""PortScan"": 0.00000344995956867291}",2026-09-17 09:36:54.442742+00,2026-09-17 09:36:54.442743+00,,RUNTIME,monitoring:21:76:cba9ca186eb67f2ab8b012e510cc3d46cb24a11b21cdc270ff33b6875e0e5986:47,21,1338
7610,7610,5,DDoS,0.8644663189775875,"{""DDoS"": 0.8644663189775875, ""Normal"": 0.13107745404361335, ""PortScan"": 0.004456226978799849}",2026-09-17 09:36:54.442743+00,2026-09-17 09:36:54.442743+00,,RUNTIME,monitoring:21:76:cba9ca186eb67f2ab8b012e510cc3d46cb24a11b21cdc270ff33b6875e0e5986:48,21,1338
7611,7611,5,DDoS,0.9913422284030371,"{""DDoS"": 0.9913422284030371, ""Normal"": 0.008654321637394291, ""PortScan"": 0.00000344995956867291}",2026-09-17 09:36:54.442743+00,2026-09-17 09:36:54.442743+00,,RUNTIME,monitoring:21:76:cba9ca186eb67f2ab8b012e510cc3d46cb24a11b21cdc270ff33b6875e0e5986:49,21,1338
7612,7612,5,DDoS,0.789659737324666,"{""DDoS"": 0.789659737324666, ""Normal"": 0.20647868392695032, ""PortScan"": 0.0038615787483842574}",2026-09-17 09:36:54.442744+00,2026-09-17 09:36:54.442744+00,,RUNTIME,monitoring:21:76:cba9ca186eb67f2ab8b012e510cc3d46cb24a11b21cdc270ff33b6875e0e5986:50,21,1338
7613,7613,5,DDoS,0.9930085386857331,"{""DDoS"": 0.9930085386857331, ""Normal"": 0.006988011354698248, ""PortScan"": 0.00000344995956867291}",2026-09-17 09:36:54.442744+00,2026-09-17 09:36:54.442744+00,,RUNTIME,monitoring:21:76:cba9ca186eb67f2ab8b012e510cc3d46cb24a11b21cdc270ff33b6875e0e5986:51,21,1338
7614,7614,5,DDoS,0.8644996801958503,"{""DDoS"": 0.8644996801958503, ""Normal"": 0.13107745404361335, ""PortScan"": 0.004422865760537095}",2026-09-17 09:36:54.442744+00,2026-09-17 09:36:54.442744+00,,RUNTIME,monitoring:21:76:cba9ca186eb67f2ab8b012e510cc3d46cb24a11b21cdc270ff33b6875e0e5986:52,21,1338
7615,7615,5,DDoS,0.9959583847042108,"{""DDoS"": 0.9959583847042108, ""Normal"": 0.004038165336220465, ""PortScan"": 0.00000344995956867291}",2026-09-17 09:36:54.442745+00,2026-09-17 09:36:54.442745+00,,RUNTIME,monitoring:21:76:cba9ca186eb67f2ab8b012e510cc3d46cb24a11b21cdc270ff33b6875e0e5986:53,21,1338
7616,7616,5,DDoS,0.5606611575432034,"{""DDoS"": 0.5606611575432034, ""Normal"": 0.43427987663831247, ""PortScan"": 0.005058965818484994}",2026-09-17 09:36:54.442745+00,2026-09-17 09:36:54.442745+00,,RUNTIME,monitoring:21:76:cba9ca186eb67f2ab8b012e510cc3d46cb24a11b21cdc270ff33b6875e0e5986:54,21,1338
7617,7617,5,DDoS,0.9959583847042108,"{""DDoS"": 0.9959583847042108, ""Normal"": 0.004038165336220465, ""PortScan"": 0.00000344995956867291}",2026-09-17 09:36:54.442745+00,2026-09-17 09:36:54.442746+00,,RUNTIME,monitoring:21:76:cba9ca186eb67f2ab8b012e510cc3d46cb24a11b21cdc270ff33b6875e0e5986:55,21,1338
7618,7618,5,DDoS,0.8644996801958503,"{""DDoS"": 0.8644996801958503, ""Normal"": 0.13107745404361335, ""PortScan"": 0.004422865760537095}",2026-09-17 09:36:54.442746+00,2026-09-17 09:36:54.442746+00,,RUNTIME,monitoring:21:76:cba9ca186eb67f2ab8b012e510cc3d46cb24a11b21cdc270ff33b6875e0e5986:56,21,1338
7619,7619,5,DDoS,0.9959583847042108,"{""DDoS"": 0.9959583847042108, ""Normal"": 0.004038165336220465, ""PortScan"": 0.00000344995956867291}",2026-09-17 09:36:54.442746+00,2026-09-17 09:36:54.442746+00,,RUNTIME,monitoring:21:76:cba9ca186eb67f2ab8b012e510cc3d46cb24a11b21cdc270ff33b6875e0e5986:57,21,1338
7620,7620,5,DDoS,0.7439907513695837,"{""DDoS"": 0.7439907513695837, ""Normal"": 0.25119766043428193, ""PortScan"": 0.004811588196134985}",2026-09-17 09:36:54.442747+00,2026-09-17 09:36:54.442747+00,,RUNTIME,monitoring:21:76:cba9ca186eb67f2ab8b012e510cc3d46cb24a11b21cdc270ff33b6875e0e5986:58,21,1338
7621,7621,5,DDoS,0.9909583847042108,"{""DDoS"": 0.9909583847042108, ""Normal"": 0.009038165336220465, ""PortScan"": 0.00000344995956867291}",2026-09-17 09:36:54.442747+00,2026-09-17 09:36:54.442747+00,,RUNTIME,monitoring:21:76:cba9ca186eb67f2ab8b012e510cc3d46cb24a11b21cdc270ff33b6875e0e5986:59,21,1338
7622,7622,5,DDoS,0.8644996801958503,"{""DDoS"": 0.8644996801958503, ""Normal"": 0.13107745404361335, ""PortScan"": 0.004422865760537095}",2026-09-17 09:36:54.442747+00,2026-09-17 09:36:54.442748+00,,RUNTIME,monitoring:21:76:cba9ca186eb67f2ab8b012e510cc3d46cb24a11b21cdc270ff33b6875e0e5986:60,21,1338
7623,7623,5,DDoS,0.9926716199983285,"{""DDoS"": 0.9926716199983285, ""Normal"": 0.007324930042102817, ""PortScan"": 0.00000344995956867291}",2026-09-17 09:36:54.442748+00,2026-09-17 09:36:54.442748+00,,RUNTIME,monitoring:21:76:cba9ca186eb67f2ab8b012e510cc3d46cb24a11b21cdc270ff33b6875e0e5986:61,21,1338
7624,7624,5,DDoS,0.768800801122797,"{""DDoS"": 0.768800801122797, ""Normal"": 0.22585630426381675, ""PortScan"": 0.005342894613386959}",2026-09-17 09:36:54.442748+00,2026-09-17 09:36:54.442748+00,,RUNTIME,monitoring:21:76:cba9ca186eb67f2ab8b012e510cc3d46cb24a11b21cdc270ff33b6875e0e5986:62,21,1338
7625,7625,5,DDoS,0.9827876450452315,"{""DDoS"": 0.9827876450452315, ""Normal"": 0.016752329005094314, ""PortScan"": 0.0004600259496741693}",2026-09-17 09:36:54.442748+00,2026-09-17 09:36:54.442749+00,,RUNTIME,monitoring:21:76:cba9ca186eb67f2ab8b012e510cc3d46cb24a11b21cdc270ff33b6875e0e5986:63,21,1338
7626,7626,5,DDoS,0.6855582163667329,"{""DDoS"": 0.6855582163667329, ""Normal"": 0.3093828178147832, ""PortScan"": 0.005058965818484994}",2026-09-17 09:36:54.442749+00,2026-09-17 09:36:54.442749+00,,RUNTIME,monitoring:21:76:cba9ca186eb67f2ab8b012e510cc3d46cb24a11b21cdc270ff33b6875e0e5986:64,21,1338
7627,7627,5,DDoS,0.9909583847042108,"{""DDoS"": 0.9909583847042108, ""Normal"": 0.009038165336220465, ""PortScan"": 0.00000344995956867291}",2026-09-17 09:36:54.442749+00,2026-09-17 09:36:54.442749+00,,RUNTIME,monitoring:21:76:cba9ca186eb67f2ab8b012e510cc3d46cb24a11b21cdc270ff33b6875e0e5986:65,21,1338
7628,7628,5,DDoS,0.7827749767074558,"{""DDoS"": 0.7827749767074558, ""Normal"": 0.21086951859013423, ""PortScan"": 0.0063555047024105435}",2026-09-17 09:36:54.44275+00,2026-09-17 09:36:54.44275+00,,RUNTIME,monitoring:21:76:cba9ca186eb67f2ab8b012e510cc3d46cb24a11b21cdc270ff33b6875e0e5986:66,21,1338
7629,7629,5,DDoS,0.9331500304465916,"{""DDoS"": 0.9331500304465916, ""Normal"": 0.06684651959383951, ""PortScan"": 0.00000344995956867291}",2026-09-17 09:36:54.44275+00,2026-09-17 09:36:54.44275+00,,RUNTIME,monitoring:21:76:cba9ca186eb67f2ab8b012e510cc3d46cb24a11b21cdc270ff33b6875e0e5986:67,21,1338
7630,7630,5,Normal,0.9506695596460536,"{""DDoS"": 0.04523369182414519, ""Normal"": 0.9506695596460536, ""PortScan"": 0.004096748529802644}",2026-09-17 09:36:54.44275+00,2026-09-17 09:36:54.442751+00,,RUNTIME,monitoring:21:76:cba9ca186eb67f2ab8b012e510cc3d46cb24a11b21cdc270ff33b6875e0e5986:68,21,1338
7631,7631,5,DDoS,0.9769784950684907,"{""DDoS"": 0.9769784950684907, ""Normal"": 0.021311917986073296, ""PortScan"": 0.0017095869454360022}",2026-09-17 09:36:54.442751+00,2026-09-17 09:36:54.442751+00,,RUNTIME,monitoring:21:76:cba9ca186eb67f2ab8b012e510cc3d46cb24a11b21cdc270ff33b6875e0e5986:69,21,1338
7632,7632,5,Normal,0.9747247247220392,"{""DDoS"": 0.02113517339204783, ""Normal"": 0.9747247247220392, ""PortScan"": 0.004140101885914223}",2026-09-17 09:36:54.442751+00,2026-09-17 09:36:54.442751+00,,RUNTIME,monitoring:21:76:cba9ca186eb67f2ab8b012e510cc3d46cb24a11b21cdc270ff33b6875e0e5986:70,21,1338
7633,7633,5,DDoS,0.9959583847042108,"{""DDoS"": 0.9959583847042108, ""Normal"": 0.004038165336220465, ""PortScan"": 0.00000344995956867291}",2026-09-17 09:36:54.442752+00,2026-09-17 09:36:54.442752+00,,RUNTIME,monitoring:21:76:cba9ca186eb67f2ab8b012e510cc3d46cb24a11b21cdc270ff33b6875e0e5986:71,21,1338
7634,7634,5,DDoS,0.8357250037753664,"{""DDoS"": 0.8357250037753664, ""Normal"": 0.14649672845728928, ""PortScan"": 0.01777826776734468}",2026-09-17 09:36:54.442752+00,2026-09-17 09:36:54.442752+00,,RUNTIME,monitoring:21:76:cba9ca186eb67f2ab8b012e510cc3d46cb24a11b21cdc270ff33b6875e0e5986:72,21,1338
7635,7635,5,DDoS,0.9916732736932922,"{""DDoS"": 0.9916732736932922, ""Normal"": 0.008326726306707862, ""PortScan"": 0.0}",2026-09-17 09:36:54.442752+00,2026-09-17 09:36:54.442752+00,,RUNTIME,monitoring:21:76:cba9ca186eb67f2ab8b012e510cc3d46cb24a11b21cdc270ff33b6875e0e5986:73,21,1338
7636,7636,5,Normal,0.9180963218465259,"{""DDoS"": 0.07716162898521729, ""Normal"": 0.9180963218465259, ""PortScan"": 0.004742049168258141}",2026-09-17 09:36:54.442753+00,2026-09-17 09:36:54.442753+00,,RUNTIME,monitoring:21:76:cba9ca186eb67f2ab8b012e510cc3d46cb24a11b21cdc270ff33b6875e0e5986:74,21,1338
7637,7637,5,DDoS,0.9939900542173714,"{""DDoS"": 0.9939900542173714, ""Normal"": 0.006006495823059881, ""PortScan"": 0.00000344995956867291}",2026-09-17 09:36:54.442753+00,2026-09-17 09:36:54.442753+00,,RUNTIME,monitoring:21:76:cba9ca186eb67f2ab8b012e510cc3d46cb24a11b21cdc270ff33b6875e0e5986:75,21,1338
7638,7638,5,DDoS,0.8644663189775875,"{""DDoS"": 0.8644663189775875, ""Normal"": 0.13107745404361335, ""PortScan"": 0.004456226978799849}",2026-09-17 09:36:54.442753+00,2026-09-17 09:36:54.442754+00,,RUNTIME,monitoring:21:76:cba9ca186eb67f2ab8b012e510cc3d46cb24a11b21cdc270ff33b6875e0e5986:76,21,1338
7639,7639,5,DDoS,0.9959583847042108,"{""DDoS"": 0.9959583847042108, ""Normal"": 0.004038165336220465, ""PortScan"": 0.00000344995956867291}",2026-09-17 09:36:54.442754+00,2026-09-17 09:36:54.442754+00,,RUNTIME,monitoring:21:76:cba9ca186eb67f2ab8b012e510cc3d46cb24a11b21cdc270ff33b6875e0e5986:77,21,1338
7640,7640,5,Normal,0.7344568446929555,"{""DDoS"": 0.26007948983393164, ""Normal"": 0.7344568446929555, ""PortScan"": 0.005463665473113822}",2026-09-17 09:36:54.442754+00,2026-09-17 09:36:54.442754+00,,RUNTIME,monitoring:21:76:cba9ca186eb67f2ab8b012e510cc3d46cb24a11b21cdc270ff33b6875e0e5986:78,21,1338
7641,7641,5,DDoS,0.9959583847042108,"{""DDoS"": 0.9959583847042108, ""Normal"": 0.004038165336220465, ""PortScan"": 0.00000344995956867291}",2026-09-17 09:36:54.442754+00,2026-09-17 09:36:54.442755+00,,RUNTIME,monitoring:21:76:cba9ca186eb67f2ab8b012e510cc3d46cb24a11b21cdc270ff33b6875e0e5986:79,21,1338
7642,7642,5,DDoS,0.7847360924924897,"{""DDoS"": 0.7847360924924897, ""Normal"": 0.21140232875912665, ""PortScan"": 0.0038615787483842574}",2026-09-17 09:36:54.442755+00,2026-09-17 09:36:54.442755+00,,RUNTIME,monitoring:21:76:cba9ca186eb67f2ab8b012e510cc3d46cb24a11b21cdc270ff33b6875e0e5986:80,21,1338
7643,7643,5,DDoS,0.995588290317723,"{""DDoS"": 0.995588290317723, ""Normal"": 0.0044082597227082946, ""PortScan"": 0.00000344995956867291}",2026-09-17 09:36:54.442755+00,2026-09-17 09:36:54.442755+00,,RUNTIME,monitoring:21:76:cba9ca186eb67f2ab8b012e510cc3d46cb24a11b21cdc270ff33b6875e0e5986:81,21,1338
7644,7644,5,DDoS,0.5588584909451056,"{""DDoS"": 0.5588584909451056, ""Normal"": 0.4360825432364105, ""PortScan"": 0.005058965818484994}",2026-09-17 09:36:54.442756+00,2026-09-17 09:36:54.442756+00,,RUNTIME,monitoring:21:76:cba9ca186eb67f2ab8b012e510cc3d46cb24a11b21cdc270ff33b6875e0e5986:82,21,1338
7645,7645,5,DDoS,0.9930085386857331,"{""DDoS"": 0.9930085386857331, ""Normal"": 0.006988011354698248, ""PortScan"": 0.00000344995956867291}",2026-09-17 09:36:54.442756+00,2026-09-17 09:36:54.442756+00,,RUNTIME,monitoring:21:76:cba9ca186eb67f2ab8b012e510cc3d46cb24a11b21cdc270ff33b6875e0e5986:83,21,1338
7646,7646,5,DDoS,0.8644996801958503,"{""DDoS"": 0.8644996801958503, ""Normal"": 0.13107745404361335, ""PortScan"": 0.004422865760537095}",2026-09-17 09:36:54.442757+00,2026-09-17 09:36:54.442757+00,,RUNTIME,monitoring:21:76:cba9ca186eb67f2ab8b012e510cc3d46cb24a11b21cdc270ff33b6875e0e5986:84,21,1338
7647,7647,5,DDoS,0.9959583847042108,"{""DDoS"": 0.9959583847042108, ""Normal"": 0.004038165336220465, ""PortScan"": 0.00000344995956867291}",2026-09-17 09:36:54.442757+00,2026-09-17 09:36:54.442757+00,,RUNTIME,monitoring:21:76:cba9ca186eb67f2ab8b012e510cc3d46cb24a11b21cdc270ff33b6875e0e5986:85,21,1338
7648,7648,5,DDoS,0.7668005443366884,"{""DDoS"": 0.7668005443366884, ""Normal"": 0.2283574699823657, ""PortScan"": 0.004841985680946787}",2026-09-17 09:36:54.442757+00,2026-09-17 09:36:54.442757+00,,RUNTIME,monitoring:21:76:cba9ca186eb67f2ab8b012e510cc3d46cb24a11b21cdc270ff33b6875e0e5986:86,21,1338
7649,7649,5,DDoS,0.9913422284030371,"{""DDoS"": 0.9913422284030371, ""Normal"": 0.008654321637394291, ""PortScan"": 0.00000344995956867291}",2026-09-17 09:36:54.442758+00,2026-09-17 09:36:54.442758+00,,RUNTIME,monitoring:21:76:cba9ca186eb67f2ab8b012e510cc3d46cb24a11b21cdc270ff33b6875e0e5986:87,21,1338
7650,7650,5,Normal,0.9353783333725125,"{""DDoS"": 0.05985866882258004, ""Normal"": 0.9353783333725125, ""PortScan"": 0.004762997804908551}",2026-09-17 09:36:54.442758+00,2026-09-17 09:36:54.442758+00,,RUNTIME,monitoring:21:76:cba9ca186eb67f2ab8b012e510cc3d46cb24a11b21cdc270ff33b6875e0e5986:88,21,1338
7651,7651,5,DDoS,0.9959583847042108,"{""DDoS"": 0.9959583847042108, ""Normal"": 0.004038165336220465, ""PortScan"": 0.00000344995956867291}",2026-09-17 09:36:54.442758+00,2026-09-17 09:36:54.442759+00,,RUNTIME,monitoring:21:76:cba9ca186eb67f2ab8b012e510cc3d46cb24a11b21cdc270ff33b6875e0e5986:89,21,1338
7652,7652,5,Normal,0.7738388812621133,"{""DDoS"": 0.22186785892892488, ""Normal"": 0.7738388812621133, ""PortScan"": 0.004293259808963643}",2026-09-17 09:36:54.442759+00,2026-09-17 09:36:54.442759+00,,RUNTIME,monitoring:21:76:cba9ca186eb67f2ab8b012e510cc3d46cb24a11b21cdc270ff33b6875e0e5986:90,21,1338
7653,7653,5,DDoS,0.938712950002584,"{""DDoS"": 0.938712950002584, ""Normal"": 0.06128360003784716, ""PortScan"": 0.00000344995956867291}",2026-09-17 09:36:54.442759+00,2026-09-17 09:36:54.442759+00,,RUNTIME,monitoring:21:76:cba9ca186eb67f2ab8b012e510cc3d46cb24a11b21cdc270ff33b6875e0e5986:91,21,1338
7654,7654,5,Normal,0.9326235410171622,"{""DDoS"": 0.0626134611779304, ""Normal"": 0.9326235410171622, ""PortScan"": 0.004762997804908551}",2026-09-17 09:36:54.44276+00,2026-09-17 09:36:54.44276+00,,RUNTIME,monitoring:21:76:cba9ca186eb67f2ab8b012e510cc3d46cb24a11b21cdc270ff33b6875e0e5986:92,21,1338
7655,7655,5,DDoS,0.9880554636971547,"{""DDoS"": 0.9880554636971547, ""Normal"": 0.011941086343276643, ""PortScan"": 0.00000344995956867291}",2026-09-17 09:36:54.44276+00,2026-09-17 09:36:54.44276+00,,RUNTIME,monitoring:21:76:cba9ca186eb67f2ab8b012e510cc3d46cb24a11b21cdc270ff33b6875e0e5986:93,21,1338
7656,7656,5,Normal,0.6997260571324772,"{""DDoS"": 0.2953642083011824, ""Normal"": 0.6997260571324772, ""PortScan"": 0.004909734566341149}",2026-09-17 09:36:54.44276+00,2026-09-17 09:36:54.44276+00,,RUNTIME,monitoring:21:76:cba9ca186eb67f2ab8b012e510cc3d46cb24a11b21cdc270ff33b6875e0e5986:94,21,1338
7657,7657,5,DDoS,0.9909583847042108,"{""DDoS"": 0.9909583847042108, ""Normal"": 0.009038165336220465, ""PortScan"": 0.00000344995956867291}",2026-09-17 09:36:54.442761+00,2026-09-17 09:36:54.442761+00,,RUNTIME,monitoring:21:76:cba9ca186eb67f2ab8b012e510cc3d46cb24a11b21cdc270ff33b6875e0e5986:95,21,1338
7658,7658,5,DDoS,0.8644996801958503,"{""DDoS"": 0.8644996801958503, ""Normal"": 0.13107745404361335, ""PortScan"": 0.004422865760537095}",2026-09-17 09:36:54.442761+00,2026-09-17 09:36:54.442761+00,,RUNTIME,monitoring:21:76:cba9ca186eb67f2ab8b012e510cc3d46cb24a11b21cdc270ff33b6875e0e5986:96,21,1338
7659,7659,5,DDoS,0.9959583847042108,"{""DDoS"": 0.9959583847042108, ""Normal"": 0.004038165336220465, ""PortScan"": 0.00000344995956867291}",2026-09-17 09:36:54.442761+00,2026-09-17 09:36:54.442762+00,,RUNTIME,monitoring:21:76:cba9ca186eb67f2ab8b012e510cc3d46cb24a11b21cdc270ff33b6875e0e5986:97,21,1338
7660,7660,5,DDoS,0.5606611575432034,"{""DDoS"": 0.5606611575432034, ""Normal"": 0.43427987663831247, ""PortScan"": 0.005058965818484994}",2026-09-17 09:36:54.442762+00,2026-09-17 09:36:54.442762+00,,RUNTIME,monitoring:21:76:cba9ca186eb67f2ab8b012e510cc3d46cb24a11b21cdc270ff33b6875e0e5986:98,21,1338
7661,7661,5,DDoS,0.9930085386857331,"{""DDoS"": 0.9930085386857331, ""Normal"": 0.006988011354698248, ""PortScan"": 0.00000344995956867291}",2026-09-17 09:36:54.442762+00,2026-09-17 09:36:54.442762+00,,RUNTIME,monitoring:21:76:cba9ca186eb67f2ab8b012e510cc3d46cb24a11b21cdc270ff33b6875e0e5986:99,21,1338
7662,7662,5,DDoS,0.5606611575432034,"{""DDoS"": 0.5606611575432034, ""Normal"": 0.43427987663831247, ""PortScan"": 0.005058965818484994}",2026-09-17 09:36:54.442763+00,2026-09-17 09:36:54.442763+00,,RUNTIME,monitoring:21:76:cba9ca186eb67f2ab8b012e510cc3d46cb24a11b21cdc270ff33b6875e0e5986:100,21,1338
7663,7663,5,DDoS,0.9940769108430588,"{""DDoS"": 0.9940769108430588, ""Normal"": 0.005923089156941243, ""PortScan"": 0.0}",2026-09-17 09:36:54.442763+00,2026-09-17 09:36:54.442763+00,,RUNTIME,monitoring:21:76:cba9ca186eb67f2ab8b012e510cc3d46cb24a11b21cdc270ff33b6875e0e5986:101,21,1338
7664,7664,5,DDoS,0.7668005443366884,"{""DDoS"": 0.7668005443366884, ""Normal"": 0.2283574699823657, ""PortScan"": 0.004841985680946787}",2026-09-17 09:36:54.442763+00,2026-09-17 09:36:54.442763+00,,RUNTIME,monitoring:21:76:cba9ca186eb67f2ab8b012e510cc3d46cb24a11b21cdc270ff33b6875e0e5986:102,21,1338
7665,7665,5,DDoS,0.9863422284030371,"{""DDoS"": 0.9863422284030371, ""Normal"": 0.01365432163739429, ""PortScan"": 0.00000344995956867291}",2026-09-17 09:36:54.442764+00,2026-09-17 09:36:54.442764+00,,RUNTIME,monitoring:21:76:cba9ca186eb67f2ab8b012e510cc3d46cb24a11b21cdc270ff33b6875e0e5986:103,21,1338
7666,7666,5,DDoS,0.7473831896198943,"{""DDoS"": 0.7473831896198943, ""Normal"": 0.24780522218397144, ""PortScan"": 0.004811588196134985}",2026-09-17 09:36:54.442764+00,2026-09-17 09:36:54.442764+00,,RUNTIME,monitoring:21:76:cba9ca186eb67f2ab8b012e510cc3d46cb24a11b21cdc270ff33b6875e0e5986:104,21,1338
7667,7667,5,DDoS,0.9773583012181842,"{""DDoS"": 0.9773583012181842, ""Normal"": 0.022638248822247024, ""PortScan"": 0.00000344995956867291}",2026-09-17 09:36:54.442764+00,2026-09-17 09:36:54.442765+00,,RUNTIME,monitoring:21:76:cba9ca186eb67f2ab8b012e510cc3d46cb24a11b21cdc270ff33b6875e0e5986:105,21,1338
7668,7668,5,Normal,0.6552259857378416,"{""DDoS"": 0.3399624260660261, ""Normal"": 0.6552259857378416, ""PortScan"": 0.004811588196134985}",2026-09-17 09:36:54.442765+00,2026-09-17 09:36:54.442765+00,,RUNTIME,monitoring:21:76:cba9ca186eb67f2ab8b012e510cc3d46cb24a11b21cdc270ff33b6875e0e5986:106,21,1338
7669,7669,5,DDoS,0.9959583847042108,"{""DDoS"": 0.9959583847042108, ""Normal"": 0.004038165336220465, ""PortScan"": 0.00000344995956867291}",2026-09-17 09:37:10.343832+00,2026-09-17 09:37:10.343833+00,,RUNTIME,monitoring:21:77:9953fa0c0814a796704a38237e298d7a63d1fe77defc692f749cf3b443c5bf3e:1,21,1339
7670,7670,5,DDoS,0.768800801122797,"{""DDoS"": 0.768800801122797, ""Normal"": 0.22585630426381675, ""PortScan"": 0.005342894613386959}",2026-09-17 09:37:10.343834+00,2026-09-17 09:37:10.343834+00,,RUNTIME,monitoring:21:77:9953fa0c0814a796704a38237e298d7a63d1fe77defc692f749cf3b443c5bf3e:2,21,1339
7671,7671,5,DDoS,0.9959583847042108,"{""DDoS"": 0.9959583847042108, ""Normal"": 0.004038165336220465, ""PortScan"": 0.00000344995956867291}",2026-09-17 09:37:10.343834+00,2026-09-17 09:37:10.343834+00,,RUNTIME,monitoring:21:77:9953fa0c0814a796704a38237e298d7a63d1fe77defc692f749cf3b443c5bf3e:3,21,1339
7672,7672,5,DDoS,0.8644663189775875,"{""DDoS"": 0.8644663189775875, ""Normal"": 0.13107745404361335, ""PortScan"": 0.004456226978799849}",2026-09-17 09:37:10.343835+00,2026-09-17 09:37:10.343835+00,,RUNTIME,monitoring:21:77:9953fa0c0814a796704a38237e298d7a63d1fe77defc692f749cf3b443c5bf3e:4,21,1339
7673,7673,5,DDoS,0.991073383897977,"{""DDoS"": 0.991073383897977, ""Normal"": 0.008923166142454406, ""PortScan"": 0.00000344995956867291}",2026-09-17 09:37:10.343835+00,2026-09-17 09:37:10.343835+00,,RUNTIME,monitoring:21:77:9953fa0c0814a796704a38237e298d7a63d1fe77defc692f749cf3b443c5bf3e:5,21,1339
7674,7674,5,DDoS,0.8644663189775875,"{""DDoS"": 0.8644663189775875, ""Normal"": 0.13107745404361335, ""PortScan"": 0.004456226978799849}",2026-09-17 09:37:10.343835+00,2026-09-17 09:37:10.343836+00,,RUNTIME,monitoring:21:77:9953fa0c0814a796704a38237e298d7a63d1fe77defc692f749cf3b443c5bf3e:6,21,1339
7675,7675,5,DDoS,0.9959583847042108,"{""DDoS"": 0.9959583847042108, ""Normal"": 0.004038165336220465, ""PortScan"": 0.00000344995956867291}",2026-09-17 09:37:10.343836+00,2026-09-17 09:37:10.343836+00,,RUNTIME,monitoring:21:77:9953fa0c0814a796704a38237e298d7a63d1fe77defc692f749cf3b443c5bf3e:7,21,1339
7676,7676,5,DDoS,0.7439907513695837,"{""DDoS"": 0.7439907513695837, ""Normal"": 0.25119766043428193, ""PortScan"": 0.004811588196134985}",2026-09-17 09:37:10.343836+00,2026-09-17 09:37:10.343837+00,,RUNTIME,monitoring:21:77:9953fa0c0814a796704a38237e298d7a63d1fe77defc692f749cf3b443c5bf3e:8,21,1339
7677,7677,5,DDoS,0.9959583847042108,"{""DDoS"": 0.9959583847042108, ""Normal"": 0.004038165336220465, ""PortScan"": 0.00000344995956867291}",2026-09-17 09:37:10.343837+00,2026-09-17 09:37:10.343837+00,,RUNTIME,monitoring:21:77:9953fa0c0814a796704a38237e298d7a63d1fe77defc692f749cf3b443c5bf3e:9,21,1339
7678,7678,5,DDoS,0.8644996801958503,"{""DDoS"": 0.8644996801958503, ""Normal"": 0.13107745404361335, ""PortScan"": 0.004422865760537095}",2026-09-17 09:37:10.343837+00,2026-09-17 09:37:10.343837+00,,RUNTIME,monitoring:21:77:9953fa0c0814a796704a38237e298d7a63d1fe77defc692f749cf3b443c5bf3e:10,21,1339
7679,7679,5,DDoS,0.9959583847042108,"{""DDoS"": 0.9959583847042108, ""Normal"": 0.004038165336220465, ""PortScan"": 0.00000344995956867291}",2026-09-17 09:37:10.343838+00,2026-09-17 09:37:10.343838+00,,RUNTIME,monitoring:21:77:9953fa0c0814a796704a38237e298d7a63d1fe77defc692f749cf3b443c5bf3e:11,21,1339
7680,7680,5,DDoS,0.8644996801958503,"{""DDoS"": 0.8644996801958503, ""Normal"": 0.13107745404361335, ""PortScan"": 0.004422865760537095}",2026-09-17 09:37:10.343838+00,2026-09-17 09:37:10.343838+00,,RUNTIME,monitoring:21:77:9953fa0c0814a796704a38237e298d7a63d1fe77defc692f749cf3b443c5bf3e:12,21,1339
7681,7681,5,DDoS,0.995588290317723,"{""DDoS"": 0.995588290317723, ""Normal"": 0.0044082597227082946, ""PortScan"": 0.00000344995956867291}",2026-09-17 09:37:10.343838+00,2026-09-17 09:37:10.343839+00,,RUNTIME,monitoring:21:77:9953fa0c0814a796704a38237e298d7a63d1fe77defc692f749cf3b443c5bf3e:13,21,1339
7682,7682,5,DDoS,0.8644663189775875,"{""DDoS"": 0.8644663189775875, ""Normal"": 0.13107745404361335, ""PortScan"": 0.004456226978799849}",2026-09-17 09:37:10.343839+00,2026-09-17 09:37:10.343839+00,,RUNTIME,monitoring:21:77:9953fa0c0814a796704a38237e298d7a63d1fe77defc692f749cf3b443c5bf3e:14,21,1339
7683,7683,5,DDoS,0.9913422284030371,"{""DDoS"": 0.9913422284030371, ""Normal"": 0.008654321637394291, ""PortScan"": 0.00000344995956867291}",2026-09-17 09:37:10.343839+00,2026-09-17 09:37:10.343839+00,,RUNTIME,monitoring:21:77:9953fa0c0814a796704a38237e298d7a63d1fe77defc692f749cf3b443c5bf3e:15,21,1339
7684,7684,5,DDoS,0.5483925971353274,"{""DDoS"": 0.5483925971353274, ""Normal"": 0.44654843704618863, ""PortScan"": 0.005058965818484994}",2026-09-17 09:37:10.34384+00,2026-09-17 09:37:10.34384+00,,RUNTIME,monitoring:21:77:9953fa0c0814a796704a38237e298d7a63d1fe77defc692f749cf3b443c5bf3e:16,21,1339
7685,7685,5,DDoS,0.9959583847042108,"{""DDoS"": 0.9959583847042108, ""Normal"": 0.004038165336220465, ""PortScan"": 0.00000344995956867291}",2026-09-17 09:37:10.34384+00,2026-09-17 09:37:10.34384+00,,RUNTIME,monitoring:21:77:9953fa0c0814a796704a38237e298d7a63d1fe77defc692f749cf3b443c5bf3e:17,21,1339
7686,7686,5,DDoS,0.8644996801958503,"{""DDoS"": 0.8644996801958503, ""Normal"": 0.13107745404361335, ""PortScan"": 0.004422865760537095}",2026-09-17 09:37:10.34384+00,2026-09-17 09:37:10.343841+00,,RUNTIME,monitoring:21:77:9953fa0c0814a796704a38237e298d7a63d1fe77defc692f749cf3b443c5bf3e:18,21,1339
7687,7687,5,DDoS,0.9959583847042108,"{""DDoS"": 0.9959583847042108, ""Normal"": 0.004038165336220465, ""PortScan"": 0.00000344995956867291}",2026-09-17 09:37:10.343841+00,2026-09-17 09:37:10.343841+00,,RUNTIME,monitoring:21:77:9953fa0c0814a796704a38237e298d7a63d1fe77defc692f749cf3b443c5bf3e:19,21,1339
7688,7688,5,DDoS,0.7470799561013943,"{""DDoS"": 0.7470799561013943, ""Normal"": 0.2480780582176597, ""PortScan"": 0.004841985680946787}",2026-09-17 09:37:10.343841+00,2026-09-17 09:37:10.343841+00,,RUNTIME,monitoring:21:77:9953fa0c0814a796704a38237e298d7a63d1fe77defc692f749cf3b443c5bf3e:20,21,1339
7689,7689,5,DDoS,0.9939900542173714,"{""DDoS"": 0.9939900542173714, ""Normal"": 0.006006495823059881, ""PortScan"": 0.00000344995956867291}",2026-09-17 09:37:10.343841+00,2026-09-17 09:37:10.343842+00,,RUNTIME,monitoring:21:77:9953fa0c0814a796704a38237e298d7a63d1fe77defc692f749cf3b443c5bf3e:21,21,1339
7690,7690,5,DDoS,0.8644663189775875,"{""DDoS"": 0.8644663189775875, ""Normal"": 0.13107745404361335, ""PortScan"": 0.004456226978799849}",2026-09-17 09:37:10.343842+00,2026-09-17 09:37:10.343842+00,,RUNTIME,monitoring:21:77:9953fa0c0814a796704a38237e298d7a63d1fe77defc692f749cf3b443c5bf3e:22,21,1339
7691,7691,5,DDoS,0.9913422284030371,"{""DDoS"": 0.9913422284030371, ""Normal"": 0.008654321637394291, ""PortScan"": 0.00000344995956867291}",2026-09-17 09:37:10.343842+00,2026-09-17 09:37:10.343842+00,,RUNTIME,monitoring:21:77:9953fa0c0814a796704a38237e298d7a63d1fe77defc692f749cf3b443c5bf3e:23,21,1339
7692,7692,5,Normal,0.6229250468406204,"{""DDoS"": 0.372154327957771, ""Normal"": 0.6229250468406204, ""PortScan"": 0.004920625201609391}",2026-09-17 09:37:10.343843+00,2026-09-17 09:37:10.343843+00,,RUNTIME,monitoring:21:77:9953fa0c0814a796704a38237e298d7a63d1fe77defc692f749cf3b443c5bf3e:24,21,1339
7693,7693,5,DDoS,0.9773583012181842,"{""DDoS"": 0.9773583012181842, ""Normal"": 0.022638248822247024, ""PortScan"": 0.00000344995956867291}",2026-09-17 09:37:10.343843+00,2026-09-17 09:37:10.343843+00,,RUNTIME,monitoring:21:77:9953fa0c0814a796704a38237e298d7a63d1fe77defc692f749cf3b443c5bf3e:25,21,1339
7694,7694,5,DDoS,0.7576542839976257,"{""DDoS"": 0.7576542839976257, ""Normal"": 0.23749950334568773, ""PortScan"": 0.004846212656687351}",2026-09-17 09:37:10.343843+00,2026-09-17 09:37:10.343844+00,,RUNTIME,monitoring:21:77:9953fa0c0814a796704a38237e298d7a63d1fe77defc692f749cf3b443c5bf3e:26,21,1339
7695,7695,5,DDoS,0.9959583847042108,"{""DDoS"": 0.9959583847042108, ""Normal"": 0.004038165336220465, ""PortScan"": 0.00000344995956867291}",2026-09-17 09:37:10.343844+00,2026-09-17 09:37:10.343844+00,,RUNTIME,monitoring:21:77:9953fa0c0814a796704a38237e298d7a63d1fe77defc692f749cf3b443c5bf3e:27,21,1339
7696,7696,5,DDoS,0.7576542839976256,"{""DDoS"": 0.7576542839976256, ""Normal"": 0.23749950334568773, ""PortScan"": 0.004846212656687351}",2026-09-17 09:37:10.343844+00,2026-09-17 09:37:10.343844+00,,RUNTIME,monitoring:21:77:9953fa0c0814a796704a38237e298d7a63d1fe77defc692f749cf3b443c5bf3e:28,21,1339
7697,7697,5,DDoS,0.9930085386857331,"{""DDoS"": 0.9930085386857331, ""Normal"": 0.006988011354698248, ""PortScan"": 0.00000344995956867291}",2026-09-17 09:37:10.343845+00,2026-09-17 09:37:10.343845+00,,RUNTIME,monitoring:21:77:9953fa0c0814a796704a38237e298d7a63d1fe77defc692f749cf3b443c5bf3e:29,21,1339
7698,7698,5,DDoS,0.5588584909451056,"{""DDoS"": 0.5588584909451056, ""Normal"": 0.4360825432364105, ""PortScan"": 0.005058965818484994}",2026-09-17 09:37:10.343845+00,2026-09-17 09:37:10.343845+00,,RUNTIME,monitoring:21:77:9953fa0c0814a796704a38237e298d7a63d1fe77defc692f749cf3b443c5bf3e:30,21,1339
7699,7699,5,DDoS,0.9830008501778964,"{""DDoS"": 0.9830008501778964, ""Normal"": 0.016999149822103654, ""PortScan"": 0.0}",2026-09-17 09:37:10.343845+00,2026-09-17 09:37:10.343846+00,,RUNTIME,monitoring:21:77:9953fa0c0814a796704a38237e298d7a63d1fe77defc692f749cf3b443c5bf3e:31,21,1339
7700,7700,5,Normal,0.6678036280416584,"{""DDoS"": 0.27662367050428704, ""Normal"": 0.6678036280416584, ""PortScan"": 0.055572701454054345}",2026-09-17 09:37:10.343846+00,2026-09-17 09:37:10.343846+00,,RUNTIME,monitoring:21:77:9953fa0c0814a796704a38237e298d7a63d1fe77defc692f749cf3b443c5bf3e:32,21,1339
7701,7701,5,DDoS,0.9959583847042108,"{""DDoS"": 0.9959583847042108, ""Normal"": 0.004038165336220465, ""PortScan"": 0.00000344995956867291}",2026-09-17 09:37:10.343846+00,2026-09-17 09:37:10.343846+00,,RUNTIME,monitoring:21:77:9953fa0c0814a796704a38237e298d7a63d1fe77defc692f749cf3b443c5bf3e:33,21,1339
7702,7702,5,DDoS,0.7517988799394593,"{""DDoS"": 0.7517988799394593, ""Normal"": 0.24433954131215718, ""PortScan"": 0.0038615787483842574}",2026-09-17 09:37:10.343847+00,2026-09-17 09:37:10.343847+00,,RUNTIME,monitoring:21:77:9953fa0c0814a796704a38237e298d7a63d1fe77defc692f749cf3b443c5bf3e:34,21,1339
7703,7703,5,DDoS,0.9149257504386125,"{""DDoS"": 0.9149257504386125, ""Normal"": 0.08336466261595138, ""PortScan"": 0.0017095869454360022}",2026-09-17 09:37:10.343847+00,2026-09-17 09:37:10.343847+00,,RUNTIME,monitoring:21:77:9953fa0c0814a796704a38237e298d7a63d1fe77defc692f749cf3b443c5bf3e:35,21,1339
7704,7704,5,Normal,0.9774096909233135,"{""DDoS"": 0.01844481526367037, ""Normal"": 0.9774096909233135, ""PortScan"": 0.0041454938130172795}",2026-09-17 09:37:10.343847+00,2026-09-17 09:37:10.343847+00,,RUNTIME,monitoring:21:77:9953fa0c0814a796704a38237e298d7a63d1fe77defc692f749cf3b443c5bf3e:36,21,1339
7705,7705,5,DDoS,0.995588290317723,"{""DDoS"": 0.995588290317723, ""Normal"": 0.0044082597227082946, ""PortScan"": 0.00000344995956867291}",2026-09-17 09:37:10.343848+00,2026-09-17 09:37:10.343848+00,,RUNTIME,monitoring:21:77:9953fa0c0814a796704a38237e298d7a63d1fe77defc692f749cf3b443c5bf3e:37,21,1339
7706,7706,5,DDoS,0.5623783376699922,"{""DDoS"": 0.5623783376699922, ""Normal"": 0.43256269651152374, ""PortScan"": 0.005058965818484994}",2026-09-17 09:37:10.343848+00,2026-09-17 09:37:10.343848+00,,RUNTIME,monitoring:21:77:9953fa0c0814a796704a38237e298d7a63d1fe77defc692f749cf3b443c5bf3e:38,21,1339
7707,7707,5,DDoS,0.9913580416510377,"{""DDoS"": 0.9913580416510377, ""Normal"": 0.008638508389393708, ""PortScan"": 0.00000344995956867291}",2026-09-17 09:37:10.343848+00,2026-09-17 09:37:10.343849+00,,RUNTIME,monitoring:21:77:9953fa0c0814a796704a38237e298d7a63d1fe77defc692f749cf3b443c5bf3e:39,21,1339
7708,7708,5,Normal,0.6311534701561438,"{""DDoS"": 0.3640349416477225, ""Normal"": 0.6311534701561438, ""PortScan"": 0.004811588196134985}",2026-09-17 09:37:10.343849+00,2026-09-17 09:37:10.343849+00,,RUNTIME,monitoring:21:77:9953fa0c0814a796704a38237e298d7a63d1fe77defc692f749cf3b443c5bf3e:40,21,1339
7709,7709,5,DDoS,0.9808164355583738,"{""DDoS"": 0.9808164355583738, ""Normal"": 0.01725991974194979, ""PortScan"": 0.0019236446996765439}",2026-09-17 09:37:10.343849+00,2026-09-17 09:37:10.343849+00,,RUNTIME,monitoring:21:77:9953fa0c0814a796704a38237e298d7a63d1fe77defc692f749cf3b443c5bf3e:41,21,1339
7710,7710,5,DDoS,0.9760437112752902,"{""DDoS"": 0.9760437112752902, ""Normal"": 0.02395283876514124, ""PortScan"": 0.00000344995956867291}",2026-09-17 09:37:10.343849+00,2026-09-17 09:37:10.34385+00,,RUNTIME,monitoring:21:77:9953fa0c0814a796704a38237e298d7a63d1fe77defc692f749cf3b443c5bf3e:42,21,1339
7711,7711,5,DDoS,0.9959583847042108,"{""DDoS"": 0.9959583847042108, ""Normal"": 0.004038165336220465, ""PortScan"": 0.00000344995956867291}",2026-09-17 09:37:10.34385+00,2026-09-17 09:37:10.34385+00,,RUNTIME,monitoring:21:77:9953fa0c0814a796704a38237e298d7a63d1fe77defc692f749cf3b443c5bf3e:43,21,1339
7712,7712,5,DDoS,0.8644996801958503,"{""DDoS"": 0.8644996801958503, ""Normal"": 0.13107745404361335, ""PortScan"": 0.004422865760537095}",2026-09-17 09:37:10.34385+00,2026-09-17 09:37:10.34385+00,,RUNTIME,monitoring:21:77:9953fa0c0814a796704a38237e298d7a63d1fe77defc692f749cf3b443c5bf3e:44,21,1339
7713,7713,5,DDoS,0.9879965398142538,"{""DDoS"": 0.9879965398142538, ""Normal"": 0.012000010226177565, ""PortScan"": 0.00000344995956867291}",2026-09-17 09:37:10.343851+00,2026-09-17 09:37:10.343851+00,,RUNTIME,monitoring:21:77:9953fa0c0814a796704a38237e298d7a63d1fe77defc692f749cf3b443c5bf3e:45,21,1339
7714,7714,5,Normal,0.6311534701561438,"{""DDoS"": 0.3640349416477225, ""Normal"": 0.6311534701561438, ""PortScan"": 0.004811588196134985}",2026-09-17 09:37:10.343851+00,2026-09-17 09:37:10.343851+00,,RUNTIME,monitoring:21:77:9953fa0c0814a796704a38237e298d7a63d1fe77defc692f749cf3b443c5bf3e:46,21,1339
7715,7715,5,DDoS,0.9941662948495348,"{""DDoS"": 0.9941662948495348, ""Normal"": 0.005830255190896559, ""PortScan"": 0.00000344995956867291}",2026-09-17 09:37:10.343851+00,2026-09-17 09:37:10.343852+00,,RUNTIME,monitoring:21:77:9953fa0c0814a796704a38237e298d7a63d1fe77defc692f749cf3b443c5bf3e:47,21,1339
7716,7716,5,DDoS,0.8644663189775875,"{""DDoS"": 0.8644663189775875, ""Normal"": 0.13107745404361335, ""PortScan"": 0.004456226978799849}",2026-09-17 09:37:10.343852+00,2026-09-17 09:37:10.343852+00,,RUNTIME,monitoring:21:77:9953fa0c0814a796704a38237e298d7a63d1fe77defc692f749cf3b443c5bf3e:48,21,1339
7717,7717,5,DDoS,0.9912833045201361,"{""DDoS"": 0.9912833045201361, ""Normal"": 0.008713245520295211, ""PortScan"": 0.00000344995956867291}",2026-09-17 09:37:10.343852+00,2026-09-17 09:37:10.343852+00,,RUNTIME,monitoring:21:77:9953fa0c0814a796704a38237e298d7a63d1fe77defc692f749cf3b443c5bf3e:49,21,1339
7718,7718,5,DDoS,0.8644996801958503,"{""DDoS"": 0.8644996801958503, ""Normal"": 0.13107745404361335, ""PortScan"": 0.004422865760537095}",2026-09-17 09:37:10.343853+00,2026-09-17 09:37:10.343853+00,,RUNTIME,monitoring:21:77:9953fa0c0814a796704a38237e298d7a63d1fe77defc692f749cf3b443c5bf3e:50,21,1339
7719,7719,5,DDoS,0.98842608954187,"{""DDoS"": 0.98842608954187, ""Normal"": 0.011570460498561346, ""PortScan"": 0.00000344995956867291}",2026-09-17 09:37:10.343853+00,2026-09-17 09:37:10.343853+00,,RUNTIME,monitoring:21:77:9953fa0c0814a796704a38237e298d7a63d1fe77defc692f749cf3b443c5bf3e:51,21,1339
7720,7720,5,DDoS,0.7439907513695837,"{""DDoS"": 0.7439907513695837, ""Normal"": 0.25119766043428193, ""PortScan"": 0.004811588196134985}",2026-09-17 09:37:10.343853+00,2026-09-17 09:37:10.343853+00,,RUNTIME,monitoring:21:77:9953fa0c0814a796704a38237e298d7a63d1fe77defc692f749cf3b443c5bf3e:52,21,1339
7721,7721,5,DDoS,0.9959583847042108,"{""DDoS"": 0.9959583847042108, ""Normal"": 0.004038165336220465, ""PortScan"": 0.00000344995956867291}",2026-09-17 09:37:10.343854+00,2026-09-17 09:37:10.343854+00,,RUNTIME,monitoring:21:77:9953fa0c0814a796704a38237e298d7a63d1fe77defc692f749cf3b443c5bf3e:53,21,1339
7722,7722,5,Normal,0.9741249164872233,"{""DDoS"": 0.021729589699760587, ""Normal"": 0.9741249164872233, ""PortScan"": 0.0041454938130172795}",2026-09-17 09:37:10.343854+00,2026-09-17 09:37:10.343854+00,,RUNTIME,monitoring:21:77:9953fa0c0814a796704a38237e298d7a63d1fe77defc692f749cf3b443c5bf3e:54,21,1339
7723,7723,5,DDoS,0.9916985371819745,"{""DDoS"": 0.9916985371819745, ""Normal"": 0.008298012858456806, ""PortScan"": 0.00000344995956867291}",2026-09-17 09:37:10.343854+00,2026-09-17 09:37:10.343855+00,,RUNTIME,monitoring:21:77:9953fa0c0814a796704a38237e298d7a63d1fe77defc692f749cf3b443c5bf3e:55,21,1339
7724,7724,5,Normal,0.9374260008646786,"{""DDoS"": 0.0584650754536891, ""Normal"": 0.9374260008646786, ""PortScan"": 0.004108923681634157}",2026-09-17 09:37:10.343855+00,2026-09-17 09:37:10.343855+00,,RUNTIME,monitoring:21:77:9953fa0c0814a796704a38237e298d7a63d1fe77defc692f749cf3b443c5bf3e:56,21,1339
7725,7725,5,DDoS,0.9959583847042108,"{""DDoS"": 0.9959583847042108, ""Normal"": 0.004038165336220465, ""PortScan"": 0.00000344995956867291}",2026-09-17 09:37:10.343855+00,2026-09-17 09:37:10.343855+00,,RUNTIME,monitoring:21:77:9953fa0c0814a796704a38237e298d7a63d1fe77defc692f749cf3b443c5bf3e:57,21,1339
7726,7726,5,DDoS,0.6166286704530354,"{""DDoS"": 0.6166286704530354, ""Normal"": 0.3784507043453559, ""PortScan"": 0.004920625201609391}",2026-09-17 09:37:10.343856+00,2026-09-17 09:37:10.343856+00,,RUNTIME,monitoring:21:77:9953fa0c0814a796704a38237e298d7a63d1fe77defc692f749cf3b443c5bf3e:58,21,1339
7727,7727,5,DDoS,0.9909583847042108,"{""DDoS"": 0.9909583847042108, ""Normal"": 0.009038165336220465, ""PortScan"": 0.00000344995956867291}",2026-09-17 09:37:10.343856+00,2026-09-17 09:37:10.343856+00,,RUNTIME,monitoring:21:77:9953fa0c0814a796704a38237e298d7a63d1fe77defc692f749cf3b443c5bf3e:59,21,1339
7728,7728,5,Normal,0.6552259857378416,"{""DDoS"": 0.3399624260660261, ""Normal"": 0.6552259857378416, ""PortScan"": 0.004811588196134985}",2026-09-17 09:37:10.343856+00,2026-09-17 09:37:10.343857+00,,RUNTIME,monitoring:21:77:9953fa0c0814a796704a38237e298d7a63d1fe77defc692f749cf3b443c5bf3e:60,21,1339
7729,7729,5,Normal,0.5549279068212576,"{""DDoS"": 0.3832910399956811, ""Normal"": 0.5549279068212576, ""PortScan"": 0.06178105318306239}",2026-09-17 09:37:10.343857+00,2026-09-17 09:37:10.343857+00,,RUNTIME,monitoring:21:77:9953fa0c0814a796704a38237e298d7a63d1fe77defc692f749cf3b443c5bf3e:61,21,1339
7730,7730,5,DDoS,0.6887675918488411,"{""DDoS"": 0.6887675918488411, ""Normal"": 0.2518143911155984, ""PortScan"": 0.05941801703556157}",2026-09-17 09:37:10.343857+00,2026-09-17 09:37:10.343857+00,,RUNTIME,monitoring:21:77:9953fa0c0814a796704a38237e298d7a63d1fe77defc692f749cf3b443c5bf3e:62,21,1339
7731,7731,5,PortScan,0.9907723294453185,"{""DDoS"": 0.006077337496813229, ""Normal"": 0.003150333057869539, ""PortScan"": 0.9907723294453185}",2026-09-17 09:42:28.813451+00,2026-09-17 09:42:28.813453+00,,RUNTIME,monitoring:22:11:579c4709b39b5d3a2a71c153b5df412242d1fc0eaf71fbc095cbc9be9558dfae:1,22,1364
7732,7732,5,PortScan,0.9908097856182583,"{""DDoS"": 0.00603988132387339, ""Normal"": 0.003150333057869539, ""PortScan"": 0.9908097856182583}",2026-09-17 09:42:28.813454+00,2026-09-17 09:42:28.813454+00,,RUNTIME,monitoring:22:11:579c4709b39b5d3a2a71c153b5df412242d1fc0eaf71fbc095cbc9be9558dfae:2,22,1364
7733,7733,5,PortScan,0.9849763504032812,"{""DDoS"": 0.01190626640962612, ""Normal"": 0.0031173831870937837, ""PortScan"": 0.9849763504032812}",2026-09-17 09:42:28.813454+00,2026-09-17 09:42:28.813454+00,,RUNTIME,monitoring:22:11:579c4709b39b5d3a2a71c153b5df412242d1fc0eaf71fbc095cbc9be9558dfae:3,22,1364
7734,7734,5,PortScan,0.9907723294453185,"{""DDoS"": 0.006077337496813229, ""Normal"": 0.003150333057869539, ""PortScan"": 0.9907723294453185}",2026-09-17 09:42:28.813455+00,2026-09-17 09:42:28.813455+00,,RUNTIME,monitoring:22:11:579c4709b39b5d3a2a71c153b5df412242d1fc0eaf71fbc095cbc9be9558dfae:4,22,1364
7735,7735,5,PortScan,0.9907723294453185,"{""DDoS"": 0.006077337496813229, ""Normal"": 0.003150333057869539, ""PortScan"": 0.9907723294453185}",2026-09-17 09:42:28.813455+00,2026-09-17 09:42:28.813455+00,,RUNTIME,monitoring:22:11:579c4709b39b5d3a2a71c153b5df412242d1fc0eaf71fbc095cbc9be9558dfae:5,22,1364
7736,7736,5,PortScan,0.9858572377752948,"{""DDoS"": 0.011025379037612469, ""Normal"": 0.0031173831870937837, ""PortScan"": 0.9858572377752948}",2026-09-17 09:42:28.813456+00,2026-09-17 09:42:28.813456+00,,RUNTIME,monitoring:22:11:579c4709b39b5d3a2a71c153b5df412242d1fc0eaf71fbc095cbc9be9558dfae:6,22,1364
7737,7737,5,PortScan,0.9858572377752948,"{""DDoS"": 0.011025379037612469, ""Normal"": 0.0031173831870937837, ""PortScan"": 0.9858572377752948}",2026-09-17 09:42:28.813456+00,2026-09-17 09:42:28.813456+00,,RUNTIME,monitoring:22:11:579c4709b39b5d3a2a71c153b5df412242d1fc0eaf71fbc095cbc9be9558dfae:7,22,1364
7738,7738,5,PortScan,0.9907723294453185,"{""DDoS"": 0.006077337496813229, ""Normal"": 0.003150333057869539, ""PortScan"": 0.9907723294453185}",2026-09-17 09:42:28.813456+00,2026-09-17 09:42:28.813457+00,,RUNTIME,monitoring:22:11:579c4709b39b5d3a2a71c153b5df412242d1fc0eaf71fbc095cbc9be9558dfae:8,22,1364
7739,7739,5,PortScan,0.9907723294453185,"{""DDoS"": 0.006077337496813229, ""Normal"": 0.003150333057869539, ""PortScan"": 0.9907723294453185}",2026-09-17 09:42:28.813457+00,2026-09-17 09:42:28.813457+00,,RUNTIME,monitoring:22:11:579c4709b39b5d3a2a71c153b5df412242d1fc0eaf71fbc095cbc9be9558dfae:9,22,1364
7740,7740,5,PortScan,0.9907723294453185,"{""DDoS"": 0.006077337496813229, ""Normal"": 0.003150333057869539, ""PortScan"": 0.9907723294453185}",2026-09-17 09:42:28.813457+00,2026-09-17 09:42:28.813458+00,,RUNTIME,monitoring:22:11:579c4709b39b5d3a2a71c153b5df412242d1fc0eaf71fbc095cbc9be9558dfae:10,22,1364
7741,7741,5,PortScan,0.9880724137187,"{""DDoS"": 0.006482568294333889, ""Normal"": 0.005445017986967172, ""PortScan"": 0.9880724137187}",2026-09-17 09:42:28.813458+00,2026-09-17 09:42:28.813458+00,,RUNTIME,monitoring:22:11:579c4709b39b5d3a2a71c153b5df412242d1fc0eaf71fbc095cbc9be9558dfae:11,22,1364
7742,7742,5,PortScan,0.9907723294453185,"{""DDoS"": 0.006077337496813229, ""Normal"": 0.003150333057869539, ""PortScan"": 0.9907723294453185}",2026-09-17 09:42:28.813458+00,2026-09-17 09:42:28.813459+00,,RUNTIME,monitoring:22:11:579c4709b39b5d3a2a71c153b5df412242d1fc0eaf71fbc095cbc9be9558dfae:12,22,1364
7743,7743,5,PortScan,0.9674219020551016,"{""DDoS"": 0.024963450316307322, ""Normal"": 0.00761464762859214, ""PortScan"": 0.9674219020551016}",2026-09-17 09:42:28.813459+00,2026-09-17 09:42:28.813459+00,,RUNTIME,monitoring:22:11:579c4709b39b5d3a2a71c153b5df412242d1fc0eaf71fbc095cbc9be9558dfae:13,22,1364
7744,7744,5,PortScan,0.9907723294453185,"{""DDoS"": 0.006077337496813229, ""Normal"": 0.003150333057869539, ""PortScan"": 0.9907723294453185}",2026-09-17 09:42:28.813459+00,2026-09-17 09:42:28.813459+00,,RUNTIME,monitoring:22:11:579c4709b39b5d3a2a71c153b5df412242d1fc0eaf71fbc095cbc9be9558dfae:14,22,1364
7745,7745,5,PortScan,0.9629678505140081,"{""DDoS"": 0.029069938103161254, ""Normal"": 0.007962211382831671, ""PortScan"": 0.9629678505140081}",2026-09-17 09:42:28.813459+00,2026-09-17 09:42:28.81346+00,,RUNTIME,monitoring:22:11:579c4709b39b5d3a2a71c153b5df412242d1fc0eaf71fbc095cbc9be9558dfae:15,22,1364
7746,7746,5,PortScan,0.9907723294453185,"{""DDoS"": 0.006077337496813229, ""Normal"": 0.003150333057869539, ""PortScan"": 0.9907723294453185}",2026-09-17 09:42:28.81346+00,2026-09-17 09:42:28.81346+00,,RUNTIME,monitoring:22:11:579c4709b39b5d3a2a71c153b5df412242d1fc0eaf71fbc095cbc9be9558dfae:16,22,1364
7747,7747,5,PortScan,0.9907723294453185,"{""DDoS"": 0.006077337496813229, ""Normal"": 0.003150333057869539, ""PortScan"": 0.9907723294453185}",2026-09-17 09:42:28.81346+00,2026-09-17 09:42:28.813461+00,,RUNTIME,monitoring:22:11:579c4709b39b5d3a2a71c153b5df412242d1fc0eaf71fbc095cbc9be9558dfae:17,22,1364
7748,7748,5,PortScan,0.9907723294453185,"{""DDoS"": 0.006077337496813229, ""Normal"": 0.003150333057869539, ""PortScan"": 0.9907723294453185}",2026-09-17 09:42:28.813461+00,2026-09-17 09:42:28.813461+00,,RUNTIME,monitoring:22:11:579c4709b39b5d3a2a71c153b5df412242d1fc0eaf71fbc095cbc9be9558dfae:18,22,1364
7749,7749,5,PortScan,0.9858572377752948,"{""DDoS"": 0.011025379037612469, ""Normal"": 0.0031173831870937837, ""PortScan"": 0.9858572377752948}",2026-09-17 09:42:28.813461+00,2026-09-17 09:42:28.813462+00,,RUNTIME,monitoring:22:11:579c4709b39b5d3a2a71c153b5df412242d1fc0eaf71fbc095cbc9be9558dfae:19,22,1364
7750,7750,5,PortScan,0.9858572377752948,"{""DDoS"": 0.011025379037612469, ""Normal"": 0.0031173831870937837, ""PortScan"": 0.9858572377752948}",2026-09-17 09:42:28.813462+00,2026-09-17 09:42:28.813462+00,,RUNTIME,monitoring:22:11:579c4709b39b5d3a2a71c153b5df412242d1fc0eaf71fbc095cbc9be9558dfae:20,22,1364
7751,7751,5,PortScan,0.9849763504032812,"{""DDoS"": 0.01190626640962612, ""Normal"": 0.0031173831870937837, ""PortScan"": 0.9849763504032812}",2026-09-17 09:42:28.813462+00,2026-09-17 09:42:28.813462+00,,RUNTIME,monitoring:22:11:579c4709b39b5d3a2a71c153b5df412242d1fc0eaf71fbc095cbc9be9558dfae:21,22,1364
7752,7752,5,PortScan,0.9858572377752948,"{""DDoS"": 0.011025379037612469, ""Normal"": 0.0031173831870937837, ""PortScan"": 0.9858572377752948}",2026-09-17 09:42:28.813463+00,2026-09-17 09:42:28.813463+00,,RUNTIME,monitoring:22:11:579c4709b39b5d3a2a71c153b5df412242d1fc0eaf71fbc095cbc9be9558dfae:22,22,1364
7753,7753,5,PortScan,0.9907723294453185,"{""DDoS"": 0.006077337496813229, ""Normal"": 0.003150333057869539, ""PortScan"": 0.9907723294453185}",2026-09-17 09:42:28.813463+00,2026-09-17 09:42:28.813463+00,,RUNTIME,monitoring:22:11:579c4709b39b5d3a2a71c153b5df412242d1fc0eaf71fbc095cbc9be9558dfae:23,22,1364
7754,7754,5,PortScan,0.9858572377752948,"{""DDoS"": 0.011025379037612469, ""Normal"": 0.0031173831870937837, ""PortScan"": 0.9858572377752948}",2026-09-17 09:42:28.813463+00,2026-09-17 09:42:28.813464+00,,RUNTIME,monitoring:22:11:579c4709b39b5d3a2a71c153b5df412242d1fc0eaf71fbc095cbc9be9558dfae:24,22,1364
7755,7755,5,PortScan,0.9907723294453185,"{""DDoS"": 0.006077337496813229, ""Normal"": 0.003150333057869539, ""PortScan"": 0.9907723294453185}",2026-09-17 09:42:28.813464+00,2026-09-17 09:42:28.813464+00,,RUNTIME,monitoring:22:11:579c4709b39b5d3a2a71c153b5df412242d1fc0eaf71fbc095cbc9be9558dfae:25,22,1364
7756,7756,5,PortScan,0.9907723294453185,"{""DDoS"": 0.006077337496813229, ""Normal"": 0.003150333057869539, ""PortScan"": 0.9907723294453185}",2026-09-17 09:42:28.813464+00,2026-09-17 09:42:28.813464+00,,RUNTIME,monitoring:22:11:579c4709b39b5d3a2a71c153b5df412242d1fc0eaf71fbc095cbc9be9558dfae:26,22,1364
7757,7757,5,PortScan,0.9907723294453185,"{""DDoS"": 0.006077337496813229, ""Normal"": 0.003150333057869539, ""PortScan"": 0.9907723294453185}",2026-09-17 09:42:28.813465+00,2026-09-17 09:42:28.813465+00,,RUNTIME,monitoring:22:11:579c4709b39b5d3a2a71c153b5df412242d1fc0eaf71fbc095cbc9be9558dfae:27,22,1364
7758,7758,5,PortScan,0.9907723294453185,"{""DDoS"": 0.006077337496813229, ""Normal"": 0.003150333057869539, ""PortScan"": 0.9907723294453185}",2026-09-17 09:42:28.813465+00,2026-09-17 09:42:28.813465+00,,RUNTIME,monitoring:22:11:579c4709b39b5d3a2a71c153b5df412242d1fc0eaf71fbc095cbc9be9558dfae:28,22,1364
7759,7759,5,PortScan,0.9907723294453185,"{""DDoS"": 0.006077337496813229, ""Normal"": 0.003150333057869539, ""PortScan"": 0.9907723294453185}",2026-09-17 09:42:28.813466+00,2026-09-17 09:42:28.813466+00,,RUNTIME,monitoring:22:11:579c4709b39b5d3a2a71c153b5df412242d1fc0eaf71fbc095cbc9be9558dfae:29,22,1364
7760,7760,5,PortScan,0.9907723294453185,"{""DDoS"": 0.006077337496813229, ""Normal"": 0.003150333057869539, ""PortScan"": 0.9907723294453185}",2026-09-17 09:42:28.813466+00,2026-09-17 09:42:28.813466+00,,RUNTIME,monitoring:22:11:579c4709b39b5d3a2a71c153b5df412242d1fc0eaf71fbc095cbc9be9558dfae:30,22,1364
7761,7761,5,PortScan,0.9858572377752948,"{""DDoS"": 0.011025379037612469, ""Normal"": 0.0031173831870937837, ""PortScan"": 0.9858572377752948}",2026-09-17 09:42:28.813466+00,2026-09-17 09:42:28.813467+00,,RUNTIME,monitoring:22:11:579c4709b39b5d3a2a71c153b5df412242d1fc0eaf71fbc095cbc9be9558dfae:31,22,1364
7762,7762,5,PortScan,0.9907723294453185,"{""DDoS"": 0.006077337496813229, ""Normal"": 0.003150333057869539, ""PortScan"": 0.9907723294453185}",2026-09-17 09:42:28.813467+00,2026-09-17 09:42:28.813467+00,,RUNTIME,monitoring:22:11:579c4709b39b5d3a2a71c153b5df412242d1fc0eaf71fbc095cbc9be9558dfae:32,22,1364
7763,7763,5,PortScan,0.9907723294453185,"{""DDoS"": 0.006077337496813229, ""Normal"": 0.003150333057869539, ""PortScan"": 0.9907723294453185}",2026-09-17 09:42:28.813467+00,2026-09-17 09:42:28.813467+00,,RUNTIME,monitoring:22:11:579c4709b39b5d3a2a71c153b5df412242d1fc0eaf71fbc095cbc9be9558dfae:33,22,1364
7764,7764,5,PortScan,0.9908097856182583,"{""DDoS"": 0.00603988132387339, ""Normal"": 0.003150333057869539, ""PortScan"": 0.9908097856182583}",2026-09-17 09:42:28.813468+00,2026-09-17 09:42:28.813468+00,,RUNTIME,monitoring:22:11:579c4709b39b5d3a2a71c153b5df412242d1fc0eaf71fbc095cbc9be9558dfae:34,22,1364
7765,7765,5,PortScan,0.9849763504032812,"{""DDoS"": 0.01190626640962612, ""Normal"": 0.0031173831870937837, ""PortScan"": 0.9849763504032812}",2026-09-17 09:42:28.813468+00,2026-09-17 09:42:28.813468+00,,RUNTIME,monitoring:22:11:579c4709b39b5d3a2a71c153b5df412242d1fc0eaf71fbc095cbc9be9558dfae:35,22,1364
7766,7766,5,PortScan,0.9907723294453185,"{""DDoS"": 0.006077337496813229, ""Normal"": 0.003150333057869539, ""PortScan"": 0.9907723294453185}",2026-09-17 09:42:28.813469+00,2026-09-17 09:42:28.813469+00,,RUNTIME,monitoring:22:11:579c4709b39b5d3a2a71c153b5df412242d1fc0eaf71fbc095cbc9be9558dfae:36,22,1364
7767,7767,5,PortScan,0.9849763504032812,"{""DDoS"": 0.01190626640962612, ""Normal"": 0.0031173831870937837, ""PortScan"": 0.9849763504032812}",2026-09-17 09:42:28.813469+00,2026-09-17 09:42:28.813469+00,,RUNTIME,monitoring:22:11:579c4709b39b5d3a2a71c153b5df412242d1fc0eaf71fbc095cbc9be9558dfae:37,22,1364
7768,7768,5,PortScan,0.9858572377752948,"{""DDoS"": 0.011025379037612469, ""Normal"": 0.0031173831870937837, ""PortScan"": 0.9858572377752948}",2026-09-17 09:42:28.813469+00,2026-09-17 09:42:28.81347+00,,RUNTIME,monitoring:22:11:579c4709b39b5d3a2a71c153b5df412242d1fc0eaf71fbc095cbc9be9558dfae:38,22,1364
7769,7769,5,PortScan,0.9907723294453185,"{""DDoS"": 0.006077337496813229, ""Normal"": 0.003150333057869539, ""PortScan"": 0.9907723294453185}",2026-09-17 09:42:28.81347+00,2026-09-17 09:42:28.81347+00,,RUNTIME,monitoring:22:11:579c4709b39b5d3a2a71c153b5df412242d1fc0eaf71fbc095cbc9be9558dfae:39,22,1364
7770,7770,5,PortScan,0.9858572377752948,"{""DDoS"": 0.011025379037612469, ""Normal"": 0.0031173831870937837, ""PortScan"": 0.9858572377752948}",2026-09-17 09:42:28.81347+00,2026-09-17 09:42:28.81347+00,,RUNTIME,monitoring:22:11:579c4709b39b5d3a2a71c153b5df412242d1fc0eaf71fbc095cbc9be9558dfae:40,22,1364
7771,7771,5,PortScan,0.9907723294453185,"{""DDoS"": 0.006077337496813229, ""Normal"": 0.003150333057869539, ""PortScan"": 0.9907723294453185}",2026-09-17 09:42:28.813471+00,2026-09-17 09:42:28.813471+00,,RUNTIME,monitoring:22:11:579c4709b39b5d3a2a71c153b5df412242d1fc0eaf71fbc095cbc9be9558dfae:41,22,1364
7772,7772,5,PortScan,0.9858572377752948,"{""DDoS"": 0.011025379037612469, ""Normal"": 0.0031173831870937837, ""PortScan"": 0.9858572377752948}",2026-09-17 09:42:28.813471+00,2026-09-17 09:42:28.813471+00,,RUNTIME,monitoring:22:11:579c4709b39b5d3a2a71c153b5df412242d1fc0eaf71fbc095cbc9be9558dfae:42,22,1364
7773,7773,5,PortScan,0.9858572377752948,"{""DDoS"": 0.011025379037612469, ""Normal"": 0.0031173831870937837, ""PortScan"": 0.9858572377752948}",2026-09-17 09:42:28.813471+00,2026-09-17 09:42:28.813472+00,,RUNTIME,monitoring:22:11:579c4709b39b5d3a2a71c153b5df412242d1fc0eaf71fbc095cbc9be9558dfae:43,22,1364
7774,7774,5,PortScan,0.9899288982462445,"{""DDoS"": 0.006920768695887043, ""Normal"": 0.003150333057869539, ""PortScan"": 0.9899288982462445}",2026-09-17 09:42:28.813472+00,2026-09-17 09:42:28.813472+00,,RUNTIME,monitoring:22:11:579c4709b39b5d3a2a71c153b5df412242d1fc0eaf71fbc095cbc9be9558dfae:44,22,1364
7775,7775,5,PortScan,0.9907723294453185,"{""DDoS"": 0.006077337496813229, ""Normal"": 0.003150333057869539, ""PortScan"": 0.9907723294453185}",2026-09-17 09:42:28.813472+00,2026-09-17 09:42:28.813472+00,,RUNTIME,monitoring:22:11:579c4709b39b5d3a2a71c153b5df412242d1fc0eaf71fbc095cbc9be9558dfae:45,22,1364
7776,7776,5,PortScan,0.9858572377752948,"{""DDoS"": 0.011025379037612469, ""Normal"": 0.0031173831870937837, ""PortScan"": 0.9858572377752948}",2026-09-17 09:42:28.813472+00,2026-09-17 09:42:28.813473+00,,RUNTIME,monitoring:22:11:579c4709b39b5d3a2a71c153b5df412242d1fc0eaf71fbc095cbc9be9558dfae:46,22,1364
7777,7777,5,PortScan,0.9907723294453185,"{""DDoS"": 0.006077337496813229, ""Normal"": 0.003150333057869539, ""PortScan"": 0.9907723294453185}",2026-09-17 09:42:28.813473+00,2026-09-17 09:42:28.813473+00,,RUNTIME,monitoring:22:11:579c4709b39b5d3a2a71c153b5df412242d1fc0eaf71fbc095cbc9be9558dfae:47,22,1364
7778,7778,5,PortScan,0.9907723294453185,"{""DDoS"": 0.006077337496813229, ""Normal"": 0.003150333057869539, ""PortScan"": 0.9907723294453185}",2026-09-17 09:42:28.813473+00,2026-09-17 09:42:28.813473+00,,RUNTIME,monitoring:22:11:579c4709b39b5d3a2a71c153b5df412242d1fc0eaf71fbc095cbc9be9558dfae:48,22,1364
7779,7779,5,PortScan,0.9908097856182583,"{""DDoS"": 0.00603988132387339, ""Normal"": 0.003150333057869539, ""PortScan"": 0.9908097856182583}",2026-09-17 09:42:28.813474+00,2026-09-17 09:42:28.813474+00,,RUNTIME,monitoring:22:11:579c4709b39b5d3a2a71c153b5df412242d1fc0eaf71fbc095cbc9be9558dfae:49,22,1364
7780,7780,5,PortScan,0.9899288982462445,"{""DDoS"": 0.006920768695887043, ""Normal"": 0.003150333057869539, ""PortScan"": 0.9899288982462445}",2026-09-17 09:42:28.813474+00,2026-09-17 09:42:28.813474+00,,RUNTIME,monitoring:22:11:579c4709b39b5d3a2a71c153b5df412242d1fc0eaf71fbc095cbc9be9558dfae:50,22,1364
7781,7781,5,PortScan,0.9907723294453185,"{""DDoS"": 0.006077337496813229, ""Normal"": 0.003150333057869539, ""PortScan"": 0.9907723294453185}",2026-09-17 09:42:28.813474+00,2026-09-17 09:42:28.813475+00,,RUNTIME,monitoring:22:11:579c4709b39b5d3a2a71c153b5df412242d1fc0eaf71fbc095cbc9be9558dfae:51,22,1364
7782,7782,5,PortScan,0.9907723294453185,"{""DDoS"": 0.006077337496813229, ""Normal"": 0.003150333057869539, ""PortScan"": 0.9907723294453185}",2026-09-17 09:42:28.813475+00,2026-09-17 09:42:28.813475+00,,RUNTIME,monitoring:22:11:579c4709b39b5d3a2a71c153b5df412242d1fc0eaf71fbc095cbc9be9558dfae:52,22,1364
7783,7783,5,PortScan,0.9907723294453185,"{""DDoS"": 0.006077337496813229, ""Normal"": 0.003150333057869539, ""PortScan"": 0.9907723294453185}",2026-09-17 09:42:28.813475+00,2026-09-17 09:42:28.813475+00,,RUNTIME,monitoring:22:11:579c4709b39b5d3a2a71c153b5df412242d1fc0eaf71fbc095cbc9be9558dfae:53,22,1364
7784,7784,5,PortScan,0.9858572377752948,"{""DDoS"": 0.011025379037612469, ""Normal"": 0.0031173831870937837, ""PortScan"": 0.9858572377752948}",2026-09-17 09:42:28.813476+00,2026-09-17 09:42:28.813476+00,,RUNTIME,monitoring:22:11:579c4709b39b5d3a2a71c153b5df412242d1fc0eaf71fbc095cbc9be9558dfae:54,22,1364
7785,7785,5,PortScan,0.9907723294453185,"{""DDoS"": 0.006077337496813229, ""Normal"": 0.003150333057869539, ""PortScan"": 0.9907723294453185}",2026-09-17 09:42:28.813476+00,2026-09-17 09:42:28.813476+00,,RUNTIME,monitoring:22:11:579c4709b39b5d3a2a71c153b5df412242d1fc0eaf71fbc095cbc9be9558dfae:55,22,1364
7786,7786,5,PortScan,0.9907723294453185,"{""DDoS"": 0.006077337496813229, ""Normal"": 0.003150333057869539, ""PortScan"": 0.9907723294453185}",2026-09-17 09:42:28.813476+00,2026-09-17 09:42:28.813476+00,,RUNTIME,monitoring:22:11:579c4709b39b5d3a2a71c153b5df412242d1fc0eaf71fbc095cbc9be9558dfae:56,22,1364
7787,7787,5,PortScan,0.9858572377752948,"{""DDoS"": 0.011025379037612469, ""Normal"": 0.0031173831870937837, ""PortScan"": 0.9858572377752948}",2026-09-17 09:42:28.813477+00,2026-09-17 09:42:28.813477+00,,RUNTIME,monitoring:22:11:579c4709b39b5d3a2a71c153b5df412242d1fc0eaf71fbc095cbc9be9558dfae:57,22,1364
7788,7788,5,PortScan,0.9907723294453185,"{""DDoS"": 0.006077337496813229, ""Normal"": 0.003150333057869539, ""PortScan"": 0.9907723294453185}",2026-09-17 09:42:28.813477+00,2026-09-17 09:42:28.813477+00,,RUNTIME,monitoring:22:11:579c4709b39b5d3a2a71c153b5df412242d1fc0eaf71fbc095cbc9be9558dfae:58,22,1364
7789,7789,5,PortScan,0.9858572377752948,"{""DDoS"": 0.011025379037612469, ""Normal"": 0.0031173831870937837, ""PortScan"": 0.9858572377752948}",2026-09-17 09:42:28.813477+00,2026-09-17 09:42:28.813478+00,,RUNTIME,monitoring:22:11:579c4709b39b5d3a2a71c153b5df412242d1fc0eaf71fbc095cbc9be9558dfae:59,22,1364
7790,7790,5,PortScan,0.9907723294453185,"{""DDoS"": 0.006077337496813229, ""Normal"": 0.003150333057869539, ""PortScan"": 0.9907723294453185}",2026-09-17 09:42:28.813478+00,2026-09-17 09:42:28.813478+00,,RUNTIME,monitoring:22:11:579c4709b39b5d3a2a71c153b5df412242d1fc0eaf71fbc095cbc9be9558dfae:60,22,1364
7791,7791,5,PortScan,0.9858572377752948,"{""DDoS"": 0.011025379037612469, ""Normal"": 0.0031173831870937837, ""PortScan"": 0.9858572377752948}",2026-09-17 09:42:28.813478+00,2026-09-17 09:42:28.813478+00,,RUNTIME,monitoring:22:11:579c4709b39b5d3a2a71c153b5df412242d1fc0eaf71fbc095cbc9be9558dfae:61,22,1364
7792,7792,5,PortScan,0.9858572377752948,"{""DDoS"": 0.011025379037612469, ""Normal"": 0.0031173831870937837, ""PortScan"": 0.9858572377752948}",2026-09-17 09:42:28.813479+00,2026-09-17 09:42:28.813479+00,,RUNTIME,monitoring:22:11:579c4709b39b5d3a2a71c153b5df412242d1fc0eaf71fbc095cbc9be9558dfae:62,22,1364
7793,7793,5,PortScan,0.9858572377752948,"{""DDoS"": 0.011025379037612469, ""Normal"": 0.0031173831870937837, ""PortScan"": 0.9858572377752948}",2026-09-17 09:42:28.813479+00,2026-09-17 09:42:28.813479+00,,RUNTIME,monitoring:22:11:579c4709b39b5d3a2a71c153b5df412242d1fc0eaf71fbc095cbc9be9558dfae:63,22,1364
7794,7794,5,PortScan,0.9880724137187,"{""DDoS"": 0.006482568294333889, ""Normal"": 0.005445017986967172, ""PortScan"": 0.9880724137187}",2026-09-17 09:42:28.813479+00,2026-09-17 09:42:28.813479+00,,RUNTIME,monitoring:22:11:579c4709b39b5d3a2a71c153b5df412242d1fc0eaf71fbc095cbc9be9558dfae:64,22,1364
7795,7795,5,PortScan,0.9907723294453185,"{""DDoS"": 0.006077337496813229, ""Normal"": 0.003150333057869539, ""PortScan"": 0.9907723294453185}",2026-09-17 09:42:28.81348+00,2026-09-17 09:42:28.81348+00,,RUNTIME,monitoring:22:11:579c4709b39b5d3a2a71c153b5df412242d1fc0eaf71fbc095cbc9be9558dfae:65,22,1364
7796,7796,5,PortScan,0.9858572377752948,"{""DDoS"": 0.011025379037612469, ""Normal"": 0.0031173831870937837, ""PortScan"": 0.9858572377752948}",2026-09-17 09:42:28.81348+00,2026-09-17 09:42:28.81348+00,,RUNTIME,monitoring:22:11:579c4709b39b5d3a2a71c153b5df412242d1fc0eaf71fbc095cbc9be9558dfae:66,22,1364
7797,7797,5,PortScan,0.9849763504032812,"{""DDoS"": 0.01190626640962612, ""Normal"": 0.0031173831870937837, ""PortScan"": 0.9849763504032812}",2026-09-17 09:42:28.81348+00,2026-09-17 09:42:28.813481+00,,RUNTIME,monitoring:22:11:579c4709b39b5d3a2a71c153b5df412242d1fc0eaf71fbc095cbc9be9558dfae:67,22,1364
7798,7798,5,PortScan,0.991078245591263,"{""DDoS"": 0.005947894303711483, ""Normal"": 0.0029738601050267365, ""PortScan"": 0.991078245591263}",2026-09-17 09:42:28.813481+00,2026-09-17 09:42:28.813481+00,,RUNTIME,monitoring:22:11:579c4709b39b5d3a2a71c153b5df412242d1fc0eaf71fbc095cbc9be9558dfae:68,22,1364
7799,7799,5,PortScan,0.9858572377752948,"{""DDoS"": 0.011025379037612469, ""Normal"": 0.0031173831870937837, ""PortScan"": 0.9858572377752948}",2026-09-17 09:42:28.813481+00,2026-09-17 09:42:28.813481+00,,RUNTIME,monitoring:22:11:579c4709b39b5d3a2a71c153b5df412242d1fc0eaf71fbc095cbc9be9558dfae:69,22,1364
7800,7800,5,PortScan,0.9907723294453185,"{""DDoS"": 0.006077337496813229, ""Normal"": 0.003150333057869539, ""PortScan"": 0.9907723294453185}",2026-09-17 09:42:28.813481+00,2026-09-17 09:42:28.813482+00,,RUNTIME,monitoring:22:11:579c4709b39b5d3a2a71c153b5df412242d1fc0eaf71fbc095cbc9be9558dfae:70,22,1364
7801,7801,5,PortScan,0.9858572377752948,"{""DDoS"": 0.011025379037612469, ""Normal"": 0.0031173831870937837, ""PortScan"": 0.9858572377752948}",2026-09-17 09:42:28.813482+00,2026-09-17 09:42:28.813482+00,,RUNTIME,monitoring:22:11:579c4709b39b5d3a2a71c153b5df412242d1fc0eaf71fbc095cbc9be9558dfae:71,22,1364
7802,7802,5,PortScan,0.9907723294453185,"{""DDoS"": 0.006077337496813229, ""Normal"": 0.003150333057869539, ""PortScan"": 0.9907723294453185}",2026-09-17 09:42:28.813482+00,2026-09-17 09:42:28.813482+00,,RUNTIME,monitoring:22:11:579c4709b39b5d3a2a71c153b5df412242d1fc0eaf71fbc095cbc9be9558dfae:72,22,1364
7803,7803,5,PortScan,0.9907723294453185,"{""DDoS"": 0.006077337496813229, ""Normal"": 0.003150333057869539, ""PortScan"": 0.9907723294453185}",2026-09-17 09:42:28.813483+00,2026-09-17 09:42:28.813483+00,,RUNTIME,monitoring:22:11:579c4709b39b5d3a2a71c153b5df412242d1fc0eaf71fbc095cbc9be9558dfae:73,22,1364
7804,7804,5,PortScan,0.9858572377752948,"{""DDoS"": 0.011025379037612469, ""Normal"": 0.0031173831870937837, ""PortScan"": 0.9858572377752948}",2026-09-17 09:42:28.813483+00,2026-09-17 09:42:28.813483+00,,RUNTIME,monitoring:22:11:579c4709b39b5d3a2a71c153b5df412242d1fc0eaf71fbc095cbc9be9558dfae:74,22,1364
7805,7805,5,PortScan,0.9907723294453185,"{""DDoS"": 0.006077337496813229, ""Normal"": 0.003150333057869539, ""PortScan"": 0.9907723294453185}",2026-09-17 09:42:28.813483+00,2026-09-17 09:42:28.813483+00,,RUNTIME,monitoring:22:11:579c4709b39b5d3a2a71c153b5df412242d1fc0eaf71fbc095cbc9be9558dfae:75,22,1364
7806,7806,5,PortScan,0.9907723294453185,"{""DDoS"": 0.006077337496813229, ""Normal"": 0.003150333057869539, ""PortScan"": 0.9907723294453185}",2026-09-17 09:42:28.813484+00,2026-09-17 09:42:28.813484+00,,RUNTIME,monitoring:22:11:579c4709b39b5d3a2a71c153b5df412242d1fc0eaf71fbc095cbc9be9558dfae:76,22,1364
7807,7807,5,PortScan,0.9858572377752948,"{""DDoS"": 0.011025379037612469, ""Normal"": 0.0031173831870937837, ""PortScan"": 0.9858572377752948}",2026-09-17 09:42:28.813484+00,2026-09-17 09:42:28.813484+00,,RUNTIME,monitoring:22:11:579c4709b39b5d3a2a71c153b5df412242d1fc0eaf71fbc095cbc9be9558dfae:77,22,1364
7808,7808,5,PortScan,0.9907723294453185,"{""DDoS"": 0.006077337496813229, ""Normal"": 0.003150333057869539, ""PortScan"": 0.9907723294453185}",2026-09-17 09:42:28.813484+00,2026-09-17 09:42:28.813485+00,,RUNTIME,monitoring:22:11:579c4709b39b5d3a2a71c153b5df412242d1fc0eaf71fbc095cbc9be9558dfae:78,22,1364
7809,7809,5,PortScan,0.9907723294453185,"{""DDoS"": 0.006077337496813229, ""Normal"": 0.003150333057869539, ""PortScan"": 0.9907723294453185}",2026-09-17 09:42:28.813485+00,2026-09-17 09:42:28.813485+00,,RUNTIME,monitoring:22:11:579c4709b39b5d3a2a71c153b5df412242d1fc0eaf71fbc095cbc9be9558dfae:79,22,1364
7810,7810,5,PortScan,0.9907723294453185,"{""DDoS"": 0.006077337496813229, ""Normal"": 0.003150333057869539, ""PortScan"": 0.9907723294453185}",2026-09-17 09:42:28.813485+00,2026-09-17 09:42:28.813485+00,,RUNTIME,monitoring:22:11:579c4709b39b5d3a2a71c153b5df412242d1fc0eaf71fbc095cbc9be9558dfae:80,22,1364
7811,7811,5,PortScan,0.9907723294453185,"{""DDoS"": 0.006077337496813229, ""Normal"": 0.003150333057869539, ""PortScan"": 0.9907723294453185}",2026-09-17 09:42:28.813486+00,2026-09-17 09:42:28.813486+00,,RUNTIME,monitoring:22:11:579c4709b39b5d3a2a71c153b5df412242d1fc0eaf71fbc095cbc9be9558dfae:81,22,1364
7812,7812,5,PortScan,0.9858572377752948,"{""DDoS"": 0.011025379037612469, ""Normal"": 0.0031173831870937837, ""PortScan"": 0.9858572377752948}",2026-09-17 09:42:28.813486+00,2026-09-17 09:42:28.813486+00,,RUNTIME,monitoring:22:11:579c4709b39b5d3a2a71c153b5df412242d1fc0eaf71fbc095cbc9be9558dfae:82,22,1364
7813,7813,5,PortScan,0.991078245591263,"{""DDoS"": 0.005947894303711483, ""Normal"": 0.0029738601050267365, ""PortScan"": 0.991078245591263}",2026-09-17 09:42:28.813486+00,2026-09-17 09:42:28.813486+00,,RUNTIME,monitoring:22:11:579c4709b39b5d3a2a71c153b5df412242d1fc0eaf71fbc095cbc9be9558dfae:83,22,1364
7814,7814,5,PortScan,0.9849763504032812,"{""DDoS"": 0.01190626640962612, ""Normal"": 0.0031173831870937837, ""PortScan"": 0.9849763504032812}",2026-09-17 09:42:28.813487+00,2026-09-17 09:42:28.813487+00,,RUNTIME,monitoring:22:11:579c4709b39b5d3a2a71c153b5df412242d1fc0eaf71fbc095cbc9be9558dfae:84,22,1364
7815,7815,5,PortScan,0.9907723294453185,"{""DDoS"": 0.006077337496813229, ""Normal"": 0.003150333057869539, ""PortScan"": 0.9907723294453185}",2026-09-17 09:42:28.813487+00,2026-09-17 09:42:28.813487+00,,RUNTIME,monitoring:22:11:579c4709b39b5d3a2a71c153b5df412242d1fc0eaf71fbc095cbc9be9558dfae:85,22,1364
7816,7816,5,PortScan,0.9807410369802422,"{""DDoS"": 0.01190626640962612, ""Normal"": 0.007352696610132838, ""PortScan"": 0.9807410369802422}",2026-09-17 09:42:28.813487+00,2026-09-17 09:42:28.813488+00,,RUNTIME,monitoring:22:11:579c4709b39b5d3a2a71c153b5df412242d1fc0eaf71fbc095cbc9be9558dfae:86,22,1364
7817,7817,5,PortScan,0.9849763504032812,"{""DDoS"": 0.01190626640962612, ""Normal"": 0.0031173831870937837, ""PortScan"": 0.9849763504032812}",2026-09-17 09:42:28.813488+00,2026-09-17 09:42:28.813488+00,,RUNTIME,monitoring:22:11:579c4709b39b5d3a2a71c153b5df412242d1fc0eaf71fbc095cbc9be9558dfae:87,22,1364
7818,7818,5,PortScan,0.9880724137187,"{""DDoS"": 0.006482568294333889, ""Normal"": 0.005445017986967172, ""PortScan"": 0.9880724137187}",2026-09-17 09:42:28.813488+00,2026-09-17 09:42:28.813488+00,,RUNTIME,monitoring:22:11:579c4709b39b5d3a2a71c153b5df412242d1fc0eaf71fbc095cbc9be9558dfae:88,22,1364
7819,7819,5,PortScan,0.9907723294453185,"{""DDoS"": 0.006077337496813229, ""Normal"": 0.003150333057869539, ""PortScan"": 0.9907723294453185}",2026-09-17 09:42:28.813488+00,2026-09-17 09:42:28.813489+00,,RUNTIME,monitoring:22:11:579c4709b39b5d3a2a71c153b5df412242d1fc0eaf71fbc095cbc9be9558dfae:89,22,1364
7820,7820,5,PortScan,0.9907723294453185,"{""DDoS"": 0.006077337496813229, ""Normal"": 0.003150333057869539, ""PortScan"": 0.9907723294453185}",2026-09-17 09:42:28.813489+00,2026-09-17 09:42:28.813489+00,,RUNTIME,monitoring:22:11:579c4709b39b5d3a2a71c153b5df412242d1fc0eaf71fbc095cbc9be9558dfae:90,22,1364
7821,7821,5,PortScan,0.9908097856182583,"{""DDoS"": 0.00603988132387339, ""Normal"": 0.003150333057869539, ""PortScan"": 0.9908097856182583}",2026-09-17 09:42:28.813489+00,2026-09-17 09:42:28.813489+00,,RUNTIME,monitoring:22:11:579c4709b39b5d3a2a71c153b5df412242d1fc0eaf71fbc095cbc9be9558dfae:91,22,1364
7822,7822,5,PortScan,0.9858572377752948,"{""DDoS"": 0.011025379037612469, ""Normal"": 0.0031173831870937837, ""PortScan"": 0.9858572377752948}",2026-09-17 09:42:28.81349+00,2026-09-17 09:42:28.81349+00,,RUNTIME,monitoring:22:11:579c4709b39b5d3a2a71c153b5df412242d1fc0eaf71fbc095cbc9be9558dfae:92,22,1364
7823,7823,5,PortScan,0.9907723294453185,"{""DDoS"": 0.006077337496813229, ""Normal"": 0.003150333057869539, ""PortScan"": 0.9907723294453185}",2026-09-17 09:42:28.81349+00,2026-09-17 09:42:28.81349+00,,RUNTIME,monitoring:22:11:579c4709b39b5d3a2a71c153b5df412242d1fc0eaf71fbc095cbc9be9558dfae:93,22,1364
7824,7824,5,PortScan,0.9908097856182583,"{""DDoS"": 0.00603988132387339, ""Normal"": 0.003150333057869539, ""PortScan"": 0.9908097856182583}",2026-09-17 09:42:28.81349+00,2026-09-17 09:42:28.813491+00,,RUNTIME,monitoring:22:11:579c4709b39b5d3a2a71c153b5df412242d1fc0eaf71fbc095cbc9be9558dfae:94,22,1364
7825,7825,5,PortScan,0.9858572377752948,"{""DDoS"": 0.011025379037612469, ""Normal"": 0.0031173831870937837, ""PortScan"": 0.9858572377752948}",2026-09-17 09:42:28.813491+00,2026-09-17 09:42:28.813491+00,,RUNTIME,monitoring:22:11:579c4709b39b5d3a2a71c153b5df412242d1fc0eaf71fbc095cbc9be9558dfae:95,22,1364
7826,7826,5,PortScan,0.991078245591263,"{""DDoS"": 0.005947894303711483, ""Normal"": 0.0029738601050267365, ""PortScan"": 0.991078245591263}",2026-09-17 09:42:28.813491+00,2026-09-17 09:42:28.813491+00,,RUNTIME,monitoring:22:11:579c4709b39b5d3a2a71c153b5df412242d1fc0eaf71fbc095cbc9be9558dfae:96,22,1364
7827,7827,5,PortScan,0.9858572377752948,"{""DDoS"": 0.011025379037612469, ""Normal"": 0.0031173831870937837, ""PortScan"": 0.9858572377752948}",2026-09-17 09:42:28.813491+00,2026-09-17 09:42:28.813492+00,,RUNTIME,monitoring:22:11:579c4709b39b5d3a2a71c153b5df412242d1fc0eaf71fbc095cbc9be9558dfae:97,22,1364
7828,7828,5,PortScan,0.9858572377752948,"{""DDoS"": 0.011025379037612469, ""Normal"": 0.0031173831870937837, ""PortScan"": 0.9858572377752948}",2026-09-17 09:42:28.813492+00,2026-09-17 09:42:28.813492+00,,RUNTIME,monitoring:22:11:579c4709b39b5d3a2a71c153b5df412242d1fc0eaf71fbc095cbc9be9558dfae:98,22,1364
7829,7829,5,PortScan,0.9858572377752948,"{""DDoS"": 0.011025379037612469, ""Normal"": 0.0031173831870937837, ""PortScan"": 0.9858572377752948}",2026-09-17 09:42:28.813492+00,2026-09-17 09:42:28.813492+00,,RUNTIME,monitoring:22:11:579c4709b39b5d3a2a71c153b5df412242d1fc0eaf71fbc095cbc9be9558dfae:99,22,1364
7830,7830,5,PortScan,0.9880724137187,"{""DDoS"": 0.006482568294333889, ""Normal"": 0.005445017986967172, ""PortScan"": 0.9880724137187}",2026-09-17 09:42:28.813493+00,2026-09-17 09:42:28.813493+00,,RUNTIME,monitoring:22:11:579c4709b39b5d3a2a71c153b5df412242d1fc0eaf71fbc095cbc9be9558dfae:100,22,1364
7831,7831,5,PortScan,0.9907723294453185,"{""DDoS"": 0.006077337496813229, ""Normal"": 0.003150333057869539, ""PortScan"": 0.9907723294453185}",2026-09-17 09:42:28.813493+00,2026-09-17 09:42:28.813493+00,,RUNTIME,monitoring:22:11:579c4709b39b5d3a2a71c153b5df412242d1fc0eaf71fbc095cbc9be9558dfae:101,22,1364
7832,7832,5,PortScan,0.9907723294453185,"{""DDoS"": 0.006077337496813229, ""Normal"": 0.003150333057869539, ""PortScan"": 0.9907723294453185}",2026-09-17 09:42:28.813493+00,2026-09-17 09:42:28.813494+00,,RUNTIME,monitoring:22:11:579c4709b39b5d3a2a71c153b5df412242d1fc0eaf71fbc095cbc9be9558dfae:102,22,1364
7833,7833,5,PortScan,0.9858572377752948,"{""DDoS"": 0.011025379037612469, ""Normal"": 0.0031173831870937837, ""PortScan"": 0.9858572377752948}",2026-09-17 09:42:28.813494+00,2026-09-17 09:42:28.813494+00,,RUNTIME,monitoring:22:11:579c4709b39b5d3a2a71c153b5df412242d1fc0eaf71fbc095cbc9be9558dfae:103,22,1364
7834,7834,5,PortScan,0.9880724137187,"{""DDoS"": 0.006482568294333889, ""Normal"": 0.005445017986967172, ""PortScan"": 0.9880724137187}",2026-09-17 09:42:28.813494+00,2026-09-17 09:42:28.813494+00,,RUNTIME,monitoring:22:11:579c4709b39b5d3a2a71c153b5df412242d1fc0eaf71fbc095cbc9be9558dfae:104,22,1364
7835,7835,5,PortScan,0.9880724137187,"{""DDoS"": 0.006482568294333889, ""Normal"": 0.005445017986967172, ""PortScan"": 0.9880724137187}",2026-09-17 09:42:28.813495+00,2026-09-17 09:42:28.813495+00,,RUNTIME,monitoring:22:11:579c4709b39b5d3a2a71c153b5df412242d1fc0eaf71fbc095cbc9be9558dfae:105,22,1364
7836,7836,5,PortScan,0.9907723294453185,"{""DDoS"": 0.006077337496813229, ""Normal"": 0.003150333057869539, ""PortScan"": 0.9907723294453185}",2026-09-17 09:42:28.813495+00,2026-09-17 09:42:28.813495+00,,RUNTIME,monitoring:22:11:579c4709b39b5d3a2a71c153b5df412242d1fc0eaf71fbc095cbc9be9558dfae:106,22,1364
7837,7837,5,PortScan,0.9907723294453185,"{""DDoS"": 0.006077337496813229, ""Normal"": 0.003150333057869539, ""PortScan"": 0.9907723294453185}",2026-09-17 09:42:28.813495+00,2026-09-17 09:42:28.813495+00,,RUNTIME,monitoring:22:11:579c4709b39b5d3a2a71c153b5df412242d1fc0eaf71fbc095cbc9be9558dfae:107,22,1364
7838,7838,5,PortScan,0.9858572377752948,"{""DDoS"": 0.011025379037612469, ""Normal"": 0.0031173831870937837, ""PortScan"": 0.9858572377752948}",2026-09-17 09:42:28.813496+00,2026-09-17 09:42:28.813496+00,,RUNTIME,monitoring:22:11:579c4709b39b5d3a2a71c153b5df412242d1fc0eaf71fbc095cbc9be9558dfae:108,22,1364
7839,7839,5,PortScan,0.9849763504032812,"{""DDoS"": 0.01190626640962612, ""Normal"": 0.0031173831870937837, ""PortScan"": 0.9849763504032812}",2026-09-17 09:42:28.813496+00,2026-09-17 09:42:28.813496+00,,RUNTIME,monitoring:22:11:579c4709b39b5d3a2a71c153b5df412242d1fc0eaf71fbc095cbc9be9558dfae:109,22,1364
7840,7840,5,PortScan,0.9899288982462445,"{""DDoS"": 0.006920768695887043, ""Normal"": 0.003150333057869539, ""PortScan"": 0.9899288982462445}",2026-09-17 09:42:28.813496+00,2026-09-17 09:42:28.813497+00,,RUNTIME,monitoring:22:11:579c4709b39b5d3a2a71c153b5df412242d1fc0eaf71fbc095cbc9be9558dfae:110,22,1364
7841,7841,5,PortScan,0.9849763504032812,"{""DDoS"": 0.01190626640962612, ""Normal"": 0.0031173831870937837, ""PortScan"": 0.9849763504032812}",2026-09-17 09:42:28.813497+00,2026-09-17 09:42:28.813497+00,,RUNTIME,monitoring:22:11:579c4709b39b5d3a2a71c153b5df412242d1fc0eaf71fbc095cbc9be9558dfae:111,22,1364
7842,7842,5,PortScan,0.9907723294453185,"{""DDoS"": 0.006077337496813229, ""Normal"": 0.003150333057869539, ""PortScan"": 0.9907723294453185}",2026-09-17 09:42:28.813497+00,2026-09-17 09:42:28.813497+00,,RUNTIME,monitoring:22:11:579c4709b39b5d3a2a71c153b5df412242d1fc0eaf71fbc095cbc9be9558dfae:112,22,1364
7843,7843,5,PortScan,0.9907723294453185,"{""DDoS"": 0.006077337496813229, ""Normal"": 0.003150333057869539, ""PortScan"": 0.9907723294453185}",2026-09-17 09:42:28.813498+00,2026-09-17 09:42:28.813498+00,,RUNTIME,monitoring:22:11:579c4709b39b5d3a2a71c153b5df412242d1fc0eaf71fbc095cbc9be9558dfae:113,22,1364
7844,7844,5,PortScan,0.9907723294453185,"{""DDoS"": 0.006077337496813229, ""Normal"": 0.003150333057869539, ""PortScan"": 0.9907723294453185}",2026-09-17 09:42:28.813498+00,2026-09-17 09:42:28.813498+00,,RUNTIME,monitoring:22:11:579c4709b39b5d3a2a71c153b5df412242d1fc0eaf71fbc095cbc9be9558dfae:114,22,1364
7845,7845,5,PortScan,0.9858572377752948,"{""DDoS"": 0.011025379037612469, ""Normal"": 0.0031173831870937837, ""PortScan"": 0.9858572377752948}",2026-09-17 09:42:28.813498+00,2026-09-17 09:42:28.813499+00,,RUNTIME,monitoring:22:11:579c4709b39b5d3a2a71c153b5df412242d1fc0eaf71fbc095cbc9be9558dfae:115,22,1364
7846,7846,5,PortScan,0.9907723294453185,"{""DDoS"": 0.006077337496813229, ""Normal"": 0.003150333057869539, ""PortScan"": 0.9907723294453185}",2026-09-17 09:42:28.813499+00,2026-09-17 09:42:28.813499+00,,RUNTIME,monitoring:22:11:579c4709b39b5d3a2a71c153b5df412242d1fc0eaf71fbc095cbc9be9558dfae:116,22,1364
7847,7847,5,PortScan,0.9858572377752948,"{""DDoS"": 0.011025379037612469, ""Normal"": 0.0031173831870937837, ""PortScan"": 0.9858572377752948}",2026-09-17 09:42:28.813499+00,2026-09-17 09:42:28.813499+00,,RUNTIME,monitoring:22:11:579c4709b39b5d3a2a71c153b5df412242d1fc0eaf71fbc095cbc9be9558dfae:117,22,1364
7848,7848,5,PortScan,0.9858572377752948,"{""DDoS"": 0.011025379037612469, ""Normal"": 0.0031173831870937837, ""PortScan"": 0.9858572377752948}",2026-09-17 09:42:28.813499+00,2026-09-17 09:42:28.8135+00,,RUNTIME,monitoring:22:11:579c4709b39b5d3a2a71c153b5df412242d1fc0eaf71fbc095cbc9be9558dfae:118,22,1364
7849,7849,5,PortScan,0.9907723294453185,"{""DDoS"": 0.006077337496813229, ""Normal"": 0.003150333057869539, ""PortScan"": 0.9907723294453185}",2026-09-17 09:42:28.8135+00,2026-09-17 09:42:28.8135+00,,RUNTIME,monitoring:22:11:579c4709b39b5d3a2a71c153b5df412242d1fc0eaf71fbc095cbc9be9558dfae:119,22,1364
7850,7850,5,PortScan,0.9907723294453185,"{""DDoS"": 0.006077337496813229, ""Normal"": 0.003150333057869539, ""PortScan"": 0.9907723294453185}",2026-09-17 09:42:28.8135+00,2026-09-17 09:42:28.8135+00,,RUNTIME,monitoring:22:11:579c4709b39b5d3a2a71c153b5df412242d1fc0eaf71fbc095cbc9be9558dfae:120,22,1364
7851,7851,5,PortScan,0.9908097856182583,"{""DDoS"": 0.00603988132387339, ""Normal"": 0.003150333057869539, ""PortScan"": 0.9908097856182583}",2026-09-17 09:42:28.813501+00,2026-09-17 09:42:28.813501+00,,RUNTIME,monitoring:22:11:579c4709b39b5d3a2a71c153b5df412242d1fc0eaf71fbc095cbc9be9558dfae:121,22,1364
7852,7852,5,PortScan,0.9858572377752948,"{""DDoS"": 0.011025379037612469, ""Normal"": 0.0031173831870937837, ""PortScan"": 0.9858572377752948}",2026-09-17 09:42:28.813501+00,2026-09-17 09:42:28.813501+00,,RUNTIME,monitoring:22:11:579c4709b39b5d3a2a71c153b5df412242d1fc0eaf71fbc095cbc9be9558dfae:122,22,1364
7853,7853,5,PortScan,0.9858572377752948,"{""DDoS"": 0.011025379037612469, ""Normal"": 0.0031173831870937837, ""PortScan"": 0.9858572377752948}",2026-09-17 09:42:28.813501+00,2026-09-17 09:42:28.813501+00,,RUNTIME,monitoring:22:11:579c4709b39b5d3a2a71c153b5df412242d1fc0eaf71fbc095cbc9be9558dfae:123,22,1364
7854,7854,5,PortScan,0.9907723294453185,"{""DDoS"": 0.006077337496813229, ""Normal"": 0.003150333057869539, ""PortScan"": 0.9907723294453185}",2026-09-17 09:42:28.813502+00,2026-09-17 09:42:28.813502+00,,RUNTIME,monitoring:22:11:579c4709b39b5d3a2a71c153b5df412242d1fc0eaf71fbc095cbc9be9558dfae:124,22,1364
7855,7855,5,PortScan,0.991078245591263,"{""DDoS"": 0.005947894303711483, ""Normal"": 0.0029738601050267365, ""PortScan"": 0.991078245591263}",2026-09-17 09:42:28.813502+00,2026-09-17 09:42:28.813502+00,,RUNTIME,monitoring:22:11:579c4709b39b5d3a2a71c153b5df412242d1fc0eaf71fbc095cbc9be9558dfae:125,22,1364
7856,7856,5,PortScan,0.9907723294453185,"{""DDoS"": 0.006077337496813229, ""Normal"": 0.003150333057869539, ""PortScan"": 0.9907723294453185}",2026-09-17 09:42:28.813502+00,2026-09-17 09:42:28.813503+00,,RUNTIME,monitoring:22:11:579c4709b39b5d3a2a71c153b5df412242d1fc0eaf71fbc095cbc9be9558dfae:126,22,1364
7857,7857,5,PortScan,0.9907723294453185,"{""DDoS"": 0.006077337496813229, ""Normal"": 0.003150333057869539, ""PortScan"": 0.9907723294453185}",2026-09-17 09:42:28.813503+00,2026-09-17 09:42:28.813503+00,,RUNTIME,monitoring:22:11:579c4709b39b5d3a2a71c153b5df412242d1fc0eaf71fbc095cbc9be9558dfae:127,22,1364
7858,7858,5,PortScan,0.991078245591263,"{""DDoS"": 0.005947894303711483, ""Normal"": 0.0029738601050267365, ""PortScan"": 0.991078245591263}",2026-09-17 09:42:28.813503+00,2026-09-17 09:42:28.813503+00,,RUNTIME,monitoring:22:11:579c4709b39b5d3a2a71c153b5df412242d1fc0eaf71fbc095cbc9be9558dfae:128,22,1364
7859,7859,5,PortScan,0.9907723294453185,"{""DDoS"": 0.006077337496813229, ""Normal"": 0.003150333057869539, ""PortScan"": 0.9907723294453185}",2026-09-17 09:42:28.813504+00,2026-09-17 09:42:28.813504+00,,RUNTIME,monitoring:22:11:579c4709b39b5d3a2a71c153b5df412242d1fc0eaf71fbc095cbc9be9558dfae:129,22,1364
7860,7860,5,PortScan,0.9907723294453185,"{""DDoS"": 0.006077337496813229, ""Normal"": 0.003150333057869539, ""PortScan"": 0.9907723294453185}",2026-09-17 09:42:28.813504+00,2026-09-17 09:42:28.813504+00,,RUNTIME,monitoring:22:11:579c4709b39b5d3a2a71c153b5df412242d1fc0eaf71fbc095cbc9be9558dfae:130,22,1364
7861,7861,5,PortScan,0.9907723294453185,"{""DDoS"": 0.006077337496813229, ""Normal"": 0.003150333057869539, ""PortScan"": 0.9907723294453185}",2026-09-17 09:42:28.813504+00,2026-09-17 09:42:28.813504+00,,RUNTIME,monitoring:22:11:579c4709b39b5d3a2a71c153b5df412242d1fc0eaf71fbc095cbc9be9558dfae:131,22,1364
7862,7862,5,PortScan,0.9908097856182583,"{""DDoS"": 0.00603988132387339, ""Normal"": 0.003150333057869539, ""PortScan"": 0.9908097856182583}",2026-09-17 09:42:28.813505+00,2026-09-17 09:42:28.813505+00,,RUNTIME,monitoring:22:11:579c4709b39b5d3a2a71c153b5df412242d1fc0eaf71fbc095cbc9be9558dfae:132,22,1364
7863,7863,5,PortScan,0.9907723294453185,"{""DDoS"": 0.006077337496813229, ""Normal"": 0.003150333057869539, ""PortScan"": 0.9907723294453185}",2026-09-17 09:42:28.813505+00,2026-09-17 09:42:28.813505+00,,RUNTIME,monitoring:22:11:579c4709b39b5d3a2a71c153b5df412242d1fc0eaf71fbc095cbc9be9558dfae:133,22,1364
7864,7864,5,PortScan,0.9858572377752948,"{""DDoS"": 0.011025379037612469, ""Normal"": 0.0031173831870937837, ""PortScan"": 0.9858572377752948}",2026-09-17 09:42:28.813505+00,2026-09-17 09:42:28.813506+00,,RUNTIME,monitoring:22:11:579c4709b39b5d3a2a71c153b5df412242d1fc0eaf71fbc095cbc9be9558dfae:134,22,1364
7865,7865,5,PortScan,0.9907723294453185,"{""DDoS"": 0.006077337496813229, ""Normal"": 0.003150333057869539, ""PortScan"": 0.9907723294453185}",2026-09-17 09:42:28.813506+00,2026-09-17 09:42:28.813506+00,,RUNTIME,monitoring:22:11:579c4709b39b5d3a2a71c153b5df412242d1fc0eaf71fbc095cbc9be9558dfae:135,22,1364
7866,7866,5,PortScan,0.9907723294453185,"{""DDoS"": 0.006077337496813229, ""Normal"": 0.003150333057869539, ""PortScan"": 0.9907723294453185}",2026-09-17 09:42:28.813506+00,2026-09-17 09:42:28.813506+00,,RUNTIME,monitoring:22:11:579c4709b39b5d3a2a71c153b5df412242d1fc0eaf71fbc095cbc9be9558dfae:136,22,1364
7867,7867,5,PortScan,0.9849763504032812,"{""DDoS"": 0.01190626640962612, ""Normal"": 0.0031173831870937837, ""PortScan"": 0.9849763504032812}",2026-09-17 09:42:28.813507+00,2026-09-17 09:42:28.813507+00,,RUNTIME,monitoring:22:11:579c4709b39b5d3a2a71c153b5df412242d1fc0eaf71fbc095cbc9be9558dfae:137,22,1364
7868,7868,5,PortScan,0.9907723294453185,"{""DDoS"": 0.006077337496813229, ""Normal"": 0.003150333057869539, ""PortScan"": 0.9907723294453185}",2026-09-17 09:42:28.813507+00,2026-09-17 09:42:28.813507+00,,RUNTIME,monitoring:22:11:579c4709b39b5d3a2a71c153b5df412242d1fc0eaf71fbc095cbc9be9558dfae:138,22,1364
7869,7869,5,PortScan,0.9858572377752948,"{""DDoS"": 0.011025379037612469, ""Normal"": 0.0031173831870937837, ""PortScan"": 0.9858572377752948}",2026-09-17 09:42:28.813507+00,2026-09-17 09:42:28.813507+00,,RUNTIME,monitoring:22:11:579c4709b39b5d3a2a71c153b5df412242d1fc0eaf71fbc095cbc9be9558dfae:139,22,1364
7870,7870,5,PortScan,0.9858572377752948,"{""DDoS"": 0.011025379037612469, ""Normal"": 0.0031173831870937837, ""PortScan"": 0.9858572377752948}",2026-09-17 09:42:28.813508+00,2026-09-17 09:42:28.813508+00,,RUNTIME,monitoring:22:11:579c4709b39b5d3a2a71c153b5df412242d1fc0eaf71fbc095cbc9be9558dfae:140,22,1364
7871,7871,5,PortScan,0.9849763504032812,"{""DDoS"": 0.01190626640962612, ""Normal"": 0.0031173831870937837, ""PortScan"": 0.9849763504032812}",2026-09-17 09:42:28.813508+00,2026-09-17 09:42:28.813508+00,,RUNTIME,monitoring:22:11:579c4709b39b5d3a2a71c153b5df412242d1fc0eaf71fbc095cbc9be9558dfae:141,22,1364
7872,7872,5,PortScan,0.9907723294453185,"{""DDoS"": 0.006077337496813229, ""Normal"": 0.003150333057869539, ""PortScan"": 0.9907723294453185}",2026-09-17 09:42:28.813509+00,2026-09-17 09:42:28.813509+00,,RUNTIME,monitoring:22:11:579c4709b39b5d3a2a71c153b5df412242d1fc0eaf71fbc095cbc9be9558dfae:142,22,1364
7873,7873,5,PortScan,0.9907723294453185,"{""DDoS"": 0.006077337496813229, ""Normal"": 0.003150333057869539, ""PortScan"": 0.9907723294453185}",2026-09-17 09:42:28.813509+00,2026-09-17 09:42:28.813509+00,,RUNTIME,monitoring:22:11:579c4709b39b5d3a2a71c153b5df412242d1fc0eaf71fbc095cbc9be9558dfae:143,22,1364
7874,7874,5,PortScan,0.9907723294453185,"{""DDoS"": 0.006077337496813229, ""Normal"": 0.003150333057869539, ""PortScan"": 0.9907723294453185}",2026-09-17 09:42:28.813509+00,2026-09-17 09:42:28.813509+00,,RUNTIME,monitoring:22:11:579c4709b39b5d3a2a71c153b5df412242d1fc0eaf71fbc095cbc9be9558dfae:144,22,1364
7875,7875,5,PortScan,0.9849763504032812,"{""DDoS"": 0.01190626640962612, ""Normal"": 0.0031173831870937837, ""PortScan"": 0.9849763504032812}",2026-09-17 09:42:28.81351+00,2026-09-17 09:42:28.81351+00,,RUNTIME,monitoring:22:11:579c4709b39b5d3a2a71c153b5df412242d1fc0eaf71fbc095cbc9be9558dfae:145,22,1364
7876,7876,5,PortScan,0.9907723294453185,"{""DDoS"": 0.006077337496813229, ""Normal"": 0.003150333057869539, ""PortScan"": 0.9907723294453185}",2026-09-17 09:42:28.81351+00,2026-09-17 09:42:28.81351+00,,RUNTIME,monitoring:22:11:579c4709b39b5d3a2a71c153b5df412242d1fc0eaf71fbc095cbc9be9558dfae:146,22,1364
7877,7877,5,PortScan,0.9907723294453185,"{""DDoS"": 0.006077337496813229, ""Normal"": 0.003150333057869539, ""PortScan"": 0.9907723294453185}",2026-09-17 09:42:28.81351+00,2026-09-17 09:42:28.813511+00,,RUNTIME,monitoring:22:11:579c4709b39b5d3a2a71c153b5df412242d1fc0eaf71fbc095cbc9be9558dfae:147,22,1364
7878,7878,5,PortScan,0.9907723294453185,"{""DDoS"": 0.006077337496813229, ""Normal"": 0.003150333057869539, ""PortScan"": 0.9907723294453185}",2026-09-17 09:42:28.813511+00,2026-09-17 09:42:28.813511+00,,RUNTIME,monitoring:22:11:579c4709b39b5d3a2a71c153b5df412242d1fc0eaf71fbc095cbc9be9558dfae:148,22,1364
7879,7879,5,PortScan,0.9880724137187,"{""DDoS"": 0.006482568294333889, ""Normal"": 0.005445017986967172, ""PortScan"": 0.9880724137187}",2026-09-17 09:42:28.813511+00,2026-09-17 09:42:28.813511+00,,RUNTIME,monitoring:22:11:579c4709b39b5d3a2a71c153b5df412242d1fc0eaf71fbc095cbc9be9558dfae:149,22,1364
7880,7880,5,PortScan,0.9907723294453185,"{""DDoS"": 0.006077337496813229, ""Normal"": 0.003150333057869539, ""PortScan"": 0.9907723294453185}",2026-09-17 09:42:28.813511+00,2026-09-17 09:42:28.813512+00,,RUNTIME,monitoring:22:11:579c4709b39b5d3a2a71c153b5df412242d1fc0eaf71fbc095cbc9be9558dfae:150,22,1364
7881,7881,5,PortScan,0.9858572377752948,"{""DDoS"": 0.011025379037612469, ""Normal"": 0.0031173831870937837, ""PortScan"": 0.9858572377752948}",2026-09-17 09:42:28.813512+00,2026-09-17 09:42:28.813512+00,,RUNTIME,monitoring:22:11:579c4709b39b5d3a2a71c153b5df412242d1fc0eaf71fbc095cbc9be9558dfae:151,22,1364
7882,7882,5,PortScan,0.9907723294453185,"{""DDoS"": 0.006077337496813229, ""Normal"": 0.003150333057869539, ""PortScan"": 0.9907723294453185}",2026-09-17 09:42:28.813512+00,2026-09-17 09:42:28.813512+00,,RUNTIME,monitoring:22:11:579c4709b39b5d3a2a71c153b5df412242d1fc0eaf71fbc095cbc9be9558dfae:152,22,1364
7883,7883,5,PortScan,0.9907723294453185,"{""DDoS"": 0.006077337496813229, ""Normal"": 0.003150333057869539, ""PortScan"": 0.9907723294453185}",2026-09-17 09:42:28.813513+00,2026-09-17 09:42:28.813513+00,,RUNTIME,monitoring:22:11:579c4709b39b5d3a2a71c153b5df412242d1fc0eaf71fbc095cbc9be9558dfae:153,22,1364
7884,7884,5,PortScan,0.9858572377752948,"{""DDoS"": 0.011025379037612469, ""Normal"": 0.0031173831870937837, ""PortScan"": 0.9858572377752948}",2026-09-17 09:42:28.813513+00,2026-09-17 09:42:28.813513+00,,RUNTIME,monitoring:22:11:579c4709b39b5d3a2a71c153b5df412242d1fc0eaf71fbc095cbc9be9558dfae:154,22,1364
7885,7885,5,PortScan,0.9858572377752948,"{""DDoS"": 0.011025379037612469, ""Normal"": 0.0031173831870937837, ""PortScan"": 0.9858572377752948}",2026-09-17 09:42:28.813513+00,2026-09-17 09:42:28.813514+00,,RUNTIME,monitoring:22:11:579c4709b39b5d3a2a71c153b5df412242d1fc0eaf71fbc095cbc9be9558dfae:155,22,1364
7886,7886,5,PortScan,0.9907723294453185,"{""DDoS"": 0.006077337496813229, ""Normal"": 0.003150333057869539, ""PortScan"": 0.9907723294453185}",2026-09-17 09:42:28.813514+00,2026-09-17 09:42:28.813514+00,,RUNTIME,monitoring:22:11:579c4709b39b5d3a2a71c153b5df412242d1fc0eaf71fbc095cbc9be9558dfae:156,22,1364
7887,7887,5,PortScan,0.9858572377752948,"{""DDoS"": 0.011025379037612469, ""Normal"": 0.0031173831870937837, ""PortScan"": 0.9858572377752948}",2026-09-17 09:42:28.813514+00,2026-09-17 09:42:28.813514+00,,RUNTIME,monitoring:22:11:579c4709b39b5d3a2a71c153b5df412242d1fc0eaf71fbc095cbc9be9558dfae:157,22,1364
7888,7888,5,PortScan,0.9907723294453185,"{""DDoS"": 0.006077337496813229, ""Normal"": 0.003150333057869539, ""PortScan"": 0.9907723294453185}",2026-09-17 09:42:28.813515+00,2026-09-17 09:42:28.813515+00,,RUNTIME,monitoring:22:11:579c4709b39b5d3a2a71c153b5df412242d1fc0eaf71fbc095cbc9be9558dfae:158,22,1364
7889,7889,5,PortScan,0.9907723294453185,"{""DDoS"": 0.006077337496813229, ""Normal"": 0.003150333057869539, ""PortScan"": 0.9907723294453185}",2026-09-17 09:42:28.813515+00,2026-09-17 09:42:28.813515+00,,RUNTIME,monitoring:22:11:579c4709b39b5d3a2a71c153b5df412242d1fc0eaf71fbc095cbc9be9558dfae:159,22,1364
7890,7890,5,PortScan,0.9907723294453185,"{""DDoS"": 0.006077337496813229, ""Normal"": 0.003150333057869539, ""PortScan"": 0.9907723294453185}",2026-09-17 09:42:28.813515+00,2026-09-17 09:42:28.813515+00,,RUNTIME,monitoring:22:11:579c4709b39b5d3a2a71c153b5df412242d1fc0eaf71fbc095cbc9be9558dfae:160,22,1364
7891,7891,5,PortScan,0.9907723294453185,"{""DDoS"": 0.006077337496813229, ""Normal"": 0.003150333057869539, ""PortScan"": 0.9907723294453185}",2026-09-17 09:42:28.813516+00,2026-09-17 09:42:28.813516+00,,RUNTIME,monitoring:22:11:579c4709b39b5d3a2a71c153b5df412242d1fc0eaf71fbc095cbc9be9558dfae:161,22,1364
7892,7892,5,PortScan,0.9907723294453185,"{""DDoS"": 0.006077337496813229, ""Normal"": 0.003150333057869539, ""PortScan"": 0.9907723294453185}",2026-09-17 09:42:28.813516+00,2026-09-17 09:42:28.813516+00,,RUNTIME,monitoring:22:11:579c4709b39b5d3a2a71c153b5df412242d1fc0eaf71fbc095cbc9be9558dfae:162,22,1364
7893,7893,5,PortScan,0.9880724137187,"{""DDoS"": 0.006482568294333889, ""Normal"": 0.005445017986967172, ""PortScan"": 0.9880724137187}",2026-09-17 09:42:28.813516+00,2026-09-17 09:42:28.813517+00,,RUNTIME,monitoring:22:11:579c4709b39b5d3a2a71c153b5df412242d1fc0eaf71fbc095cbc9be9558dfae:163,22,1364
7894,7894,5,PortScan,0.991078245591263,"{""DDoS"": 0.005947894303711483, ""Normal"": 0.0029738601050267365, ""PortScan"": 0.991078245591263}",2026-09-17 09:42:28.813517+00,2026-09-17 09:42:28.813517+00,,RUNTIME,monitoring:22:11:579c4709b39b5d3a2a71c153b5df412242d1fc0eaf71fbc095cbc9be9558dfae:164,22,1364
7895,7895,5,PortScan,0.9907723294453185,"{""DDoS"": 0.006077337496813229, ""Normal"": 0.003150333057869539, ""PortScan"": 0.9907723294453185}",2026-09-17 09:42:28.813517+00,2026-09-17 09:42:28.813517+00,,RUNTIME,monitoring:22:11:579c4709b39b5d3a2a71c153b5df412242d1fc0eaf71fbc095cbc9be9558dfae:165,22,1364
7896,7896,5,PortScan,0.9907723294453185,"{""DDoS"": 0.006077337496813229, ""Normal"": 0.003150333057869539, ""PortScan"": 0.9907723294453185}",2026-09-17 09:42:28.813518+00,2026-09-17 09:42:28.813518+00,,RUNTIME,monitoring:22:11:579c4709b39b5d3a2a71c153b5df412242d1fc0eaf71fbc095cbc9be9558dfae:166,22,1364
7897,7897,5,PortScan,0.9858572377752948,"{""DDoS"": 0.011025379037612469, ""Normal"": 0.0031173831870937837, ""PortScan"": 0.9858572377752948}",2026-09-17 09:42:28.813518+00,2026-09-17 09:42:28.813518+00,,RUNTIME,monitoring:22:11:579c4709b39b5d3a2a71c153b5df412242d1fc0eaf71fbc095cbc9be9558dfae:167,22,1364
7898,7898,5,PortScan,0.9858572377752948,"{""DDoS"": 0.011025379037612469, ""Normal"": 0.0031173831870937837, ""PortScan"": 0.9858572377752948}",2026-09-17 09:42:28.813519+00,2026-09-17 09:42:28.813519+00,,RUNTIME,monitoring:22:11:579c4709b39b5d3a2a71c153b5df412242d1fc0eaf71fbc095cbc9be9558dfae:168,22,1364
7899,7899,5,PortScan,0.9907723294453185,"{""DDoS"": 0.006077337496813229, ""Normal"": 0.003150333057869539, ""PortScan"": 0.9907723294453185}",2026-09-17 09:42:28.813519+00,2026-09-17 09:42:28.813519+00,,RUNTIME,monitoring:22:11:579c4709b39b5d3a2a71c153b5df412242d1fc0eaf71fbc095cbc9be9558dfae:169,22,1364
7900,7900,5,PortScan,0.9858572377752948,"{""DDoS"": 0.011025379037612469, ""Normal"": 0.0031173831870937837, ""PortScan"": 0.9858572377752948}",2026-09-17 09:42:28.813519+00,2026-09-17 09:42:28.81352+00,,RUNTIME,monitoring:22:11:579c4709b39b5d3a2a71c153b5df412242d1fc0eaf71fbc095cbc9be9558dfae:170,22,1364
7901,7901,5,PortScan,0.9858572377752948,"{""DDoS"": 0.011025379037612469, ""Normal"": 0.0031173831870937837, ""PortScan"": 0.9858572377752948}",2026-09-17 09:42:28.81352+00,2026-09-17 09:42:28.81352+00,,RUNTIME,monitoring:22:11:579c4709b39b5d3a2a71c153b5df412242d1fc0eaf71fbc095cbc9be9558dfae:171,22,1364
7902,7902,5,PortScan,0.9629678505140081,"{""DDoS"": 0.029069938103161254, ""Normal"": 0.007962211382831671, ""PortScan"": 0.9629678505140081}",2026-09-17 09:42:28.81352+00,2026-09-17 09:42:28.813521+00,,RUNTIME,monitoring:22:11:579c4709b39b5d3a2a71c153b5df412242d1fc0eaf71fbc095cbc9be9558dfae:172,22,1364
7903,7903,5,PortScan,0.9907723294453185,"{""DDoS"": 0.006077337496813229, ""Normal"": 0.003150333057869539, ""PortScan"": 0.9907723294453185}",2026-09-17 09:42:28.813521+00,2026-09-17 09:42:28.813521+00,,RUNTIME,monitoring:22:11:579c4709b39b5d3a2a71c153b5df412242d1fc0eaf71fbc095cbc9be9558dfae:173,22,1364
7904,7904,5,PortScan,0.9807410369802422,"{""DDoS"": 0.01190626640962612, ""Normal"": 0.007352696610132838, ""PortScan"": 0.9807410369802422}",2026-09-17 09:42:28.813521+00,2026-09-17 09:42:28.813521+00,,RUNTIME,monitoring:22:11:579c4709b39b5d3a2a71c153b5df412242d1fc0eaf71fbc095cbc9be9558dfae:174,22,1364
7905,7905,5,PortScan,0.9907723294453185,"{""DDoS"": 0.006077337496813229, ""Normal"": 0.003150333057869539, ""PortScan"": 0.9907723294453185}",2026-09-17 09:42:28.813522+00,2026-09-17 09:42:28.813522+00,,RUNTIME,monitoring:22:11:579c4709b39b5d3a2a71c153b5df412242d1fc0eaf71fbc095cbc9be9558dfae:175,22,1364
7906,7906,5,PortScan,0.9858572377752948,"{""DDoS"": 0.011025379037612469, ""Normal"": 0.0031173831870937837, ""PortScan"": 0.9858572377752948}",2026-09-17 09:42:28.813522+00,2026-09-17 09:42:28.813522+00,,RUNTIME,monitoring:22:11:579c4709b39b5d3a2a71c153b5df412242d1fc0eaf71fbc095cbc9be9558dfae:176,22,1364
7907,7907,5,PortScan,0.9907723294453185,"{""DDoS"": 0.006077337496813229, ""Normal"": 0.003150333057869539, ""PortScan"": 0.9907723294453185}",2026-09-17 09:42:28.813522+00,2026-09-17 09:42:28.813522+00,,RUNTIME,monitoring:22:11:579c4709b39b5d3a2a71c153b5df412242d1fc0eaf71fbc095cbc9be9558dfae:177,22,1364
7908,7908,5,PortScan,0.9858572377752948,"{""DDoS"": 0.011025379037612469, ""Normal"": 0.0031173831870937837, ""PortScan"": 0.9858572377752948}",2026-09-17 09:42:28.813523+00,2026-09-17 09:42:28.813523+00,,RUNTIME,monitoring:22:11:579c4709b39b5d3a2a71c153b5df412242d1fc0eaf71fbc095cbc9be9558dfae:178,22,1364
7909,7909,5,PortScan,0.9907723294453185,"{""DDoS"": 0.006077337496813229, ""Normal"": 0.003150333057869539, ""PortScan"": 0.9907723294453185}",2026-09-17 09:42:28.813523+00,2026-09-17 09:42:28.813523+00,,RUNTIME,monitoring:22:11:579c4709b39b5d3a2a71c153b5df412242d1fc0eaf71fbc095cbc9be9558dfae:179,22,1364
7910,7910,5,PortScan,0.9907723294453185,"{""DDoS"": 0.006077337496813229, ""Normal"": 0.003150333057869539, ""PortScan"": 0.9907723294453185}",2026-09-17 09:42:28.813523+00,2026-09-17 09:42:28.813524+00,,RUNTIME,monitoring:22:11:579c4709b39b5d3a2a71c153b5df412242d1fc0eaf71fbc095cbc9be9558dfae:180,22,1364
7911,7911,5,PortScan,0.9858572377752948,"{""DDoS"": 0.011025379037612469, ""Normal"": 0.0031173831870937837, ""PortScan"": 0.9858572377752948}",2026-09-17 09:42:28.813524+00,2026-09-17 09:42:28.813524+00,,RUNTIME,monitoring:22:11:579c4709b39b5d3a2a71c153b5df412242d1fc0eaf71fbc095cbc9be9558dfae:181,22,1364
7912,7912,5,PortScan,0.9907723294453185,"{""DDoS"": 0.006077337496813229, ""Normal"": 0.003150333057869539, ""PortScan"": 0.9907723294453185}",2026-09-17 09:42:28.813524+00,2026-09-17 09:42:28.813524+00,,RUNTIME,monitoring:22:11:579c4709b39b5d3a2a71c153b5df412242d1fc0eaf71fbc095cbc9be9558dfae:182,22,1364
7913,7913,5,PortScan,0.9907723294453185,"{""DDoS"": 0.006077337496813229, ""Normal"": 0.003150333057869539, ""PortScan"": 0.9907723294453185}",2026-09-17 09:42:28.813525+00,2026-09-17 09:42:28.813525+00,,RUNTIME,monitoring:22:11:579c4709b39b5d3a2a71c153b5df412242d1fc0eaf71fbc095cbc9be9558dfae:183,22,1364
7914,7914,5,PortScan,0.9907723294453185,"{""DDoS"": 0.006077337496813229, ""Normal"": 0.003150333057869539, ""PortScan"": 0.9907723294453185}",2026-09-17 09:42:28.813525+00,2026-09-17 09:42:28.813525+00,,RUNTIME,monitoring:22:11:579c4709b39b5d3a2a71c153b5df412242d1fc0eaf71fbc095cbc9be9558dfae:184,22,1364
7915,7915,5,PortScan,0.9876316497247416,"{""DDoS"": 0.009174012094615188, ""Normal"": 0.003194338180644271, ""PortScan"": 0.9876316497247416}",2026-09-17 09:42:28.813525+00,2026-09-17 09:42:28.813526+00,,RUNTIME,monitoring:22:11:579c4709b39b5d3a2a71c153b5df412242d1fc0eaf71fbc095cbc9be9558dfae:185,22,1364
7916,7916,5,PortScan,0.9907723294453185,"{""DDoS"": 0.006077337496813229, ""Normal"": 0.003150333057869539, ""PortScan"": 0.9907723294453185}",2026-09-17 09:42:28.813526+00,2026-09-17 09:42:28.813526+00,,RUNTIME,monitoring:22:11:579c4709b39b5d3a2a71c153b5df412242d1fc0eaf71fbc095cbc9be9558dfae:186,22,1364
7917,7917,5,PortScan,0.9907723294453185,"{""DDoS"": 0.006077337496813229, ""Normal"": 0.003150333057869539, ""PortScan"": 0.9907723294453185}",2026-09-17 09:42:28.813526+00,2026-09-17 09:42:28.813526+00,,RUNTIME,monitoring:22:11:579c4709b39b5d3a2a71c153b5df412242d1fc0eaf71fbc095cbc9be9558dfae:187,22,1364
7918,7918,5,PortScan,0.9858572377752948,"{""DDoS"": 0.011025379037612469, ""Normal"": 0.0031173831870937837, ""PortScan"": 0.9858572377752948}",2026-09-17 09:42:28.813527+00,2026-09-17 09:42:28.813527+00,,RUNTIME,monitoring:22:11:579c4709b39b5d3a2a71c153b5df412242d1fc0eaf71fbc095cbc9be9558dfae:188,22,1364
7919,7919,5,PortScan,0.9908097856182583,"{""DDoS"": 0.00603988132387339, ""Normal"": 0.003150333057869539, ""PortScan"": 0.9908097856182583}",2026-09-17 09:42:28.813527+00,2026-09-17 09:42:28.813527+00,,RUNTIME,monitoring:22:11:579c4709b39b5d3a2a71c153b5df412242d1fc0eaf71fbc095cbc9be9558dfae:189,22,1364
7920,7920,5,PortScan,0.9858572377752948,"{""DDoS"": 0.011025379037612469, ""Normal"": 0.0031173831870937837, ""PortScan"": 0.9858572377752948}",2026-09-17 09:42:28.813527+00,2026-09-17 09:42:28.813527+00,,RUNTIME,monitoring:22:11:579c4709b39b5d3a2a71c153b5df412242d1fc0eaf71fbc095cbc9be9558dfae:190,22,1364
7921,7921,5,PortScan,0.9908097856182583,"{""DDoS"": 0.00603988132387339, ""Normal"": 0.003150333057869539, ""PortScan"": 0.9908097856182583}",2026-09-17 09:42:28.813528+00,2026-09-17 09:42:28.813528+00,,RUNTIME,monitoring:22:11:579c4709b39b5d3a2a71c153b5df412242d1fc0eaf71fbc095cbc9be9558dfae:191,22,1364
7922,7922,5,PortScan,0.9907723294453183,"{""DDoS"": 0.006077337496813229, ""Normal"": 0.003150333057869539, ""PortScan"": 0.9907723294453183}",2026-09-17 09:42:28.813528+00,2026-09-17 09:42:28.813528+00,,RUNTIME,monitoring:22:11:579c4709b39b5d3a2a71c153b5df412242d1fc0eaf71fbc095cbc9be9558dfae:192,22,1364
7923,7923,5,PortScan,0.9907723294453185,"{""DDoS"": 0.006077337496813229, ""Normal"": 0.003150333057869539, ""PortScan"": 0.9907723294453185}",2026-09-17 09:42:28.813528+00,2026-09-17 09:42:28.813529+00,,RUNTIME,monitoring:22:11:579c4709b39b5d3a2a71c153b5df412242d1fc0eaf71fbc095cbc9be9558dfae:193,22,1364
7924,7924,5,PortScan,0.9858572377752948,"{""DDoS"": 0.011025379037612469, ""Normal"": 0.0031173831870937837, ""PortScan"": 0.9858572377752948}",2026-09-17 09:42:28.813529+00,2026-09-17 09:42:28.813529+00,,RUNTIME,monitoring:22:11:579c4709b39b5d3a2a71c153b5df412242d1fc0eaf71fbc095cbc9be9558dfae:194,22,1364
7925,7925,5,PortScan,0.9907723294453185,"{""DDoS"": 0.006077337496813229, ""Normal"": 0.003150333057869539, ""PortScan"": 0.9907723294453185}",2026-09-17 09:42:28.813529+00,2026-09-17 09:42:28.813529+00,,RUNTIME,monitoring:22:11:579c4709b39b5d3a2a71c153b5df412242d1fc0eaf71fbc095cbc9be9558dfae:195,22,1364
7926,7926,5,PortScan,0.9907723294453185,"{""DDoS"": 0.006077337496813229, ""Normal"": 0.003150333057869539, ""PortScan"": 0.9907723294453185}",2026-09-17 09:42:28.81353+00,2026-09-17 09:42:28.81353+00,,RUNTIME,monitoring:22:11:579c4709b39b5d3a2a71c153b5df412242d1fc0eaf71fbc095cbc9be9558dfae:196,22,1364
7927,7927,5,PortScan,0.9880724137187,"{""DDoS"": 0.006482568294333889, ""Normal"": 0.005445017986967172, ""PortScan"": 0.9880724137187}",2026-09-17 09:42:28.81353+00,2026-09-17 09:42:28.81353+00,,RUNTIME,monitoring:22:11:579c4709b39b5d3a2a71c153b5df412242d1fc0eaf71fbc095cbc9be9558dfae:197,22,1364
7928,7928,5,PortScan,0.9907723294453185,"{""DDoS"": 0.006077337496813229, ""Normal"": 0.003150333057869539, ""PortScan"": 0.9907723294453185}",2026-09-17 09:42:28.81353+00,2026-09-17 09:42:28.813531+00,,RUNTIME,monitoring:22:11:579c4709b39b5d3a2a71c153b5df412242d1fc0eaf71fbc095cbc9be9558dfae:198,22,1364
7929,7929,5,PortScan,0.9858572377752948,"{""DDoS"": 0.011025379037612469, ""Normal"": 0.0031173831870937837, ""PortScan"": 0.9858572377752948}",2026-09-17 09:42:28.813531+00,2026-09-17 09:42:28.813531+00,,RUNTIME,monitoring:22:11:579c4709b39b5d3a2a71c153b5df412242d1fc0eaf71fbc095cbc9be9558dfae:199,22,1364
7930,7930,5,PortScan,0.991078245591263,"{""DDoS"": 0.005947894303711483, ""Normal"": 0.0029738601050267365, ""PortScan"": 0.991078245591263}",2026-09-17 09:42:28.813531+00,2026-09-17 09:42:28.813531+00,,RUNTIME,monitoring:22:11:579c4709b39b5d3a2a71c153b5df412242d1fc0eaf71fbc095cbc9be9558dfae:200,22,1364
7931,7931,5,PortScan,0.9849763504032812,"{""DDoS"": 0.01190626640962612, ""Normal"": 0.0031173831870937837, ""PortScan"": 0.9849763504032812}",2026-09-17 09:42:28.813532+00,2026-09-17 09:42:28.813532+00,,RUNTIME,monitoring:22:11:579c4709b39b5d3a2a71c153b5df412242d1fc0eaf71fbc095cbc9be9558dfae:201,22,1364
7932,7932,5,PortScan,0.9791093185758278,"{""DDoS"": 0.011626769718498485, ""Normal"": 0.009263911705674609, ""PortScan"": 0.9791093185758278}",2026-09-17 09:42:28.813532+00,2026-09-17 09:42:28.813532+00,,RUNTIME,monitoring:22:11:579c4709b39b5d3a2a71c153b5df412242d1fc0eaf71fbc095cbc9be9558dfae:202,22,1364
7933,7933,5,PortScan,0.9907723294453185,"{""DDoS"": 0.006077337496813229, ""Normal"": 0.003150333057869539, ""PortScan"": 0.9907723294453185}",2026-09-17 09:42:28.813532+00,2026-09-17 09:42:28.813533+00,,RUNTIME,monitoring:22:11:579c4709b39b5d3a2a71c153b5df412242d1fc0eaf71fbc095cbc9be9558dfae:203,22,1364
7934,7934,5,PortScan,0.9907723294453185,"{""DDoS"": 0.006077337496813229, ""Normal"": 0.003150333057869539, ""PortScan"": 0.9907723294453185}",2026-09-17 09:42:28.813533+00,2026-09-17 09:42:28.813533+00,,RUNTIME,monitoring:22:11:579c4709b39b5d3a2a71c153b5df412242d1fc0eaf71fbc095cbc9be9558dfae:204,22,1364
7935,7935,5,PortScan,0.9832822920569124,"{""DDoS"": 0.006077337496813229, ""Normal"": 0.010640370446275525, ""PortScan"": 0.9832822920569124}",2026-09-17 09:42:28.813533+00,2026-09-17 09:42:28.813533+00,,RUNTIME,monitoring:22:11:579c4709b39b5d3a2a71c153b5df412242d1fc0eaf71fbc095cbc9be9558dfae:205,22,1364
7936,7936,5,PortScan,0.9858572377752948,"{""DDoS"": 0.011025379037612469, ""Normal"": 0.0031173831870937837, ""PortScan"": 0.9858572377752948}",2026-09-17 09:42:28.813533+00,2026-09-17 09:42:28.813534+00,,RUNTIME,monitoring:22:11:579c4709b39b5d3a2a71c153b5df412242d1fc0eaf71fbc095cbc9be9558dfae:206,22,1364
7937,7937,5,PortScan,0.9858572377752948,"{""DDoS"": 0.011025379037612469, ""Normal"": 0.0031173831870937837, ""PortScan"": 0.9858572377752948}",2026-09-17 09:42:28.813534+00,2026-09-17 09:42:28.813534+00,,RUNTIME,monitoring:22:11:579c4709b39b5d3a2a71c153b5df412242d1fc0eaf71fbc095cbc9be9558dfae:207,22,1364
7938,7938,5,PortScan,0.9907723294453185,"{""DDoS"": 0.006077337496813229, ""Normal"": 0.003150333057869539, ""PortScan"": 0.9907723294453185}",2026-09-17 09:42:28.813534+00,2026-09-17 09:42:28.813534+00,,RUNTIME,monitoring:22:11:579c4709b39b5d3a2a71c153b5df412242d1fc0eaf71fbc095cbc9be9558dfae:208,22,1364
7939,7939,5,PortScan,0.9858572377752948,"{""DDoS"": 0.011025379037612469, ""Normal"": 0.0031173831870937837, ""PortScan"": 0.9858572377752948}",2026-09-17 09:42:28.813535+00,2026-09-17 09:42:28.813535+00,,RUNTIME,monitoring:22:11:579c4709b39b5d3a2a71c153b5df412242d1fc0eaf71fbc095cbc9be9558dfae:209,22,1364
7940,7940,5,PortScan,0.9907723294453185,"{""DDoS"": 0.006077337496813229, ""Normal"": 0.003150333057869539, ""PortScan"": 0.9907723294453185}",2026-09-17 09:42:28.813535+00,2026-09-17 09:42:28.813535+00,,RUNTIME,monitoring:22:11:579c4709b39b5d3a2a71c153b5df412242d1fc0eaf71fbc095cbc9be9558dfae:210,22,1364
7941,7941,5,PortScan,0.9858572377752948,"{""DDoS"": 0.011025379037612469, ""Normal"": 0.0031173831870937837, ""PortScan"": 0.9858572377752948}",2026-09-17 09:42:28.813535+00,2026-09-17 09:42:28.813535+00,,RUNTIME,monitoring:22:11:579c4709b39b5d3a2a71c153b5df412242d1fc0eaf71fbc095cbc9be9558dfae:211,22,1364
7942,7942,5,PortScan,0.9880724137187,"{""DDoS"": 0.006482568294333889, ""Normal"": 0.005445017986967172, ""PortScan"": 0.9880724137187}",2026-09-17 09:42:28.813536+00,2026-09-17 09:42:28.813536+00,,RUNTIME,monitoring:22:11:579c4709b39b5d3a2a71c153b5df412242d1fc0eaf71fbc095cbc9be9558dfae:212,22,1364
7943,7943,5,PortScan,0.9907723294453185,"{""DDoS"": 0.006077337496813229, ""Normal"": 0.003150333057869539, ""PortScan"": 0.9907723294453185}",2026-09-17 09:42:28.813536+00,2026-09-17 09:42:28.813536+00,,RUNTIME,monitoring:22:11:579c4709b39b5d3a2a71c153b5df412242d1fc0eaf71fbc095cbc9be9558dfae:213,22,1364
7944,7944,5,PortScan,0.9858572377752948,"{""DDoS"": 0.011025379037612469, ""Normal"": 0.0031173831870937837, ""PortScan"": 0.9858572377752948}",2026-09-17 09:42:28.813536+00,2026-09-17 09:42:28.813537+00,,RUNTIME,monitoring:22:11:579c4709b39b5d3a2a71c153b5df412242d1fc0eaf71fbc095cbc9be9558dfae:214,22,1364
7945,7945,5,PortScan,0.9858572377752947,"{""DDoS"": 0.011025379037612469, ""Normal"": 0.0031173831870937837, ""PortScan"": 0.9858572377752947}",2026-09-17 09:42:28.813537+00,2026-09-17 09:42:28.813537+00,,RUNTIME,monitoring:22:11:579c4709b39b5d3a2a71c153b5df412242d1fc0eaf71fbc095cbc9be9558dfae:215,22,1364
7946,7946,5,PortScan,0.9880724137187,"{""DDoS"": 0.006482568294333889, ""Normal"": 0.005445017986967172, ""PortScan"": 0.9880724137187}",2026-09-17 09:42:28.813537+00,2026-09-17 09:42:28.813537+00,,RUNTIME,monitoring:22:11:579c4709b39b5d3a2a71c153b5df412242d1fc0eaf71fbc095cbc9be9558dfae:216,22,1364
7947,7947,5,PortScan,0.9858572377752948,"{""DDoS"": 0.011025379037612469, ""Normal"": 0.0031173831870937837, ""PortScan"": 0.9858572377752948}",2026-09-17 09:42:28.813537+00,2026-09-17 09:42:28.813538+00,,RUNTIME,monitoring:22:11:579c4709b39b5d3a2a71c153b5df412242d1fc0eaf71fbc095cbc9be9558dfae:217,22,1364
7948,7948,5,PortScan,0.9907723294453185,"{""DDoS"": 0.006077337496813229, ""Normal"": 0.003150333057869539, ""PortScan"": 0.9907723294453185}",2026-09-17 09:42:28.813538+00,2026-09-17 09:42:28.813538+00,,RUNTIME,monitoring:22:11:579c4709b39b5d3a2a71c153b5df412242d1fc0eaf71fbc095cbc9be9558dfae:218,22,1364
7949,7949,5,PortScan,0.9907723294453185,"{""DDoS"": 0.006077337496813229, ""Normal"": 0.003150333057869539, ""PortScan"": 0.9907723294453185}",2026-09-17 09:42:28.813538+00,2026-09-17 09:42:28.813538+00,,RUNTIME,monitoring:22:11:579c4709b39b5d3a2a71c153b5df412242d1fc0eaf71fbc095cbc9be9558dfae:219,22,1364
7950,7950,5,PortScan,0.9907723294453185,"{""DDoS"": 0.006077337496813229, ""Normal"": 0.003150333057869539, ""PortScan"": 0.9907723294453185}",2026-09-17 09:42:28.813539+00,2026-09-17 09:42:28.813539+00,,RUNTIME,monitoring:22:11:579c4709b39b5d3a2a71c153b5df412242d1fc0eaf71fbc095cbc9be9558dfae:220,22,1364
7951,7951,5,PortScan,0.9907723294453185,"{""DDoS"": 0.006077337496813229, ""Normal"": 0.003150333057869539, ""PortScan"": 0.9907723294453185}",2026-09-17 09:42:28.813539+00,2026-09-17 09:42:28.813539+00,,RUNTIME,monitoring:22:11:579c4709b39b5d3a2a71c153b5df412242d1fc0eaf71fbc095cbc9be9558dfae:221,22,1364
7952,7952,5,PortScan,0.9907723294453185,"{""DDoS"": 0.006077337496813229, ""Normal"": 0.003150333057869539, ""PortScan"": 0.9907723294453185}",2026-09-17 09:42:28.813539+00,2026-09-17 09:42:28.813539+00,,RUNTIME,monitoring:22:11:579c4709b39b5d3a2a71c153b5df412242d1fc0eaf71fbc095cbc9be9558dfae:222,22,1364
7953,7953,5,PortScan,0.9907723294453185,"{""DDoS"": 0.006077337496813229, ""Normal"": 0.003150333057869539, ""PortScan"": 0.9907723294453185}",2026-09-17 09:42:28.81354+00,2026-09-17 09:42:28.81354+00,,RUNTIME,monitoring:22:11:579c4709b39b5d3a2a71c153b5df412242d1fc0eaf71fbc095cbc9be9558dfae:223,22,1364
7954,7954,5,PortScan,0.9880724137187,"{""DDoS"": 0.006482568294333889, ""Normal"": 0.005445017986967172, ""PortScan"": 0.9880724137187}",2026-09-17 09:42:28.81354+00,2026-09-17 09:42:28.81354+00,,RUNTIME,monitoring:22:11:579c4709b39b5d3a2a71c153b5df412242d1fc0eaf71fbc095cbc9be9558dfae:224,22,1364
7955,7955,5,PortScan,0.9858572377752948,"{""DDoS"": 0.011025379037612469, ""Normal"": 0.0031173831870937837, ""PortScan"": 0.9858572377752948}",2026-09-17 09:42:28.81354+00,2026-09-17 09:42:28.813541+00,,RUNTIME,monitoring:22:11:579c4709b39b5d3a2a71c153b5df412242d1fc0eaf71fbc095cbc9be9558dfae:225,22,1364
7956,7956,5,PortScan,0.9907723294453185,"{""DDoS"": 0.006077337496813229, ""Normal"": 0.003150333057869539, ""PortScan"": 0.9907723294453185}",2026-09-17 09:42:28.813541+00,2026-09-17 09:42:28.813541+00,,RUNTIME,monitoring:22:11:579c4709b39b5d3a2a71c153b5df412242d1fc0eaf71fbc095cbc9be9558dfae:226,22,1364
7957,7957,5,PortScan,0.9858572377752948,"{""DDoS"": 0.011025379037612469, ""Normal"": 0.0031173831870937837, ""PortScan"": 0.9858572377752948}",2026-09-17 09:42:28.813541+00,2026-09-17 09:42:28.813541+00,,RUNTIME,monitoring:22:11:579c4709b39b5d3a2a71c153b5df412242d1fc0eaf71fbc095cbc9be9558dfae:227,22,1364
7958,7958,5,PortScan,0.9907723294453185,"{""DDoS"": 0.006077337496813229, ""Normal"": 0.003150333057869539, ""PortScan"": 0.9907723294453185}",2026-09-17 09:42:28.813541+00,2026-09-17 09:42:28.813542+00,,RUNTIME,monitoring:22:11:579c4709b39b5d3a2a71c153b5df412242d1fc0eaf71fbc095cbc9be9558dfae:228,22,1364
7959,7959,5,PortScan,0.9907723294453185,"{""DDoS"": 0.006077337496813229, ""Normal"": 0.003150333057869539, ""PortScan"": 0.9907723294453185}",2026-09-17 09:42:28.813542+00,2026-09-17 09:42:28.813542+00,,RUNTIME,monitoring:22:11:579c4709b39b5d3a2a71c153b5df412242d1fc0eaf71fbc095cbc9be9558dfae:229,22,1364
7960,7960,5,PortScan,0.9907723294453185,"{""DDoS"": 0.006077337496813229, ""Normal"": 0.003150333057869539, ""PortScan"": 0.9907723294453185}",2026-09-17 09:42:28.813542+00,2026-09-17 09:42:28.813542+00,,RUNTIME,monitoring:22:11:579c4709b39b5d3a2a71c153b5df412242d1fc0eaf71fbc095cbc9be9558dfae:230,22,1364
7961,7961,5,PortScan,0.9907723294453185,"{""DDoS"": 0.006077337496813229, ""Normal"": 0.003150333057869539, ""PortScan"": 0.9907723294453185}",2026-09-17 09:42:28.813543+00,2026-09-17 09:42:28.813543+00,,RUNTIME,monitoring:22:11:579c4709b39b5d3a2a71c153b5df412242d1fc0eaf71fbc095cbc9be9558dfae:231,22,1364
7962,7962,5,PortScan,0.9907723294453185,"{""DDoS"": 0.006077337496813229, ""Normal"": 0.003150333057869539, ""PortScan"": 0.9907723294453185}",2026-09-17 09:42:28.813543+00,2026-09-17 09:42:28.813543+00,,RUNTIME,monitoring:22:11:579c4709b39b5d3a2a71c153b5df412242d1fc0eaf71fbc095cbc9be9558dfae:232,22,1364
7963,7963,5,PortScan,0.9858572377752948,"{""DDoS"": 0.011025379037612469, ""Normal"": 0.0031173831870937837, ""PortScan"": 0.9858572377752948}",2026-09-17 09:42:28.813543+00,2026-09-17 09:42:28.813544+00,,RUNTIME,monitoring:22:11:579c4709b39b5d3a2a71c153b5df412242d1fc0eaf71fbc095cbc9be9558dfae:233,22,1364
7964,7964,5,PortScan,0.9858572377752948,"{""DDoS"": 0.011025379037612469, ""Normal"": 0.0031173831870937837, ""PortScan"": 0.9858572377752948}",2026-09-17 09:42:28.813544+00,2026-09-17 09:42:28.813544+00,,RUNTIME,monitoring:22:11:579c4709b39b5d3a2a71c153b5df412242d1fc0eaf71fbc095cbc9be9558dfae:234,22,1364
7965,7965,5,PortScan,0.9858572377752948,"{""DDoS"": 0.011025379037612469, ""Normal"": 0.0031173831870937837, ""PortScan"": 0.9858572377752948}",2026-09-17 09:42:28.813544+00,2026-09-17 09:42:28.813544+00,,RUNTIME,monitoring:22:11:579c4709b39b5d3a2a71c153b5df412242d1fc0eaf71fbc095cbc9be9558dfae:235,22,1364
7966,7966,5,PortScan,0.9907723294453185,"{""DDoS"": 0.006077337496813229, ""Normal"": 0.003150333057869539, ""PortScan"": 0.9907723294453185}",2026-09-17 09:42:28.813544+00,2026-09-17 09:42:28.813545+00,,RUNTIME,monitoring:22:11:579c4709b39b5d3a2a71c153b5df412242d1fc0eaf71fbc095cbc9be9558dfae:236,22,1364
7967,7967,5,PortScan,0.9849763504032812,"{""DDoS"": 0.01190626640962612, ""Normal"": 0.0031173831870937837, ""PortScan"": 0.9849763504032812}",2026-09-17 09:42:28.813545+00,2026-09-17 09:42:28.813545+00,,RUNTIME,monitoring:22:11:579c4709b39b5d3a2a71c153b5df412242d1fc0eaf71fbc095cbc9be9558dfae:237,22,1364
7968,7968,5,PortScan,0.9907723294453185,"{""DDoS"": 0.006077337496813229, ""Normal"": 0.003150333057869539, ""PortScan"": 0.9907723294453185}",2026-09-17 09:42:28.813545+00,2026-09-17 09:42:28.813545+00,,RUNTIME,monitoring:22:11:579c4709b39b5d3a2a71c153b5df412242d1fc0eaf71fbc095cbc9be9558dfae:238,22,1364
7969,7969,5,PortScan,0.9907723294453185,"{""DDoS"": 0.006077337496813229, ""Normal"": 0.003150333057869539, ""PortScan"": 0.9907723294453185}",2026-09-17 09:42:28.813546+00,2026-09-17 09:42:28.813546+00,,RUNTIME,monitoring:22:11:579c4709b39b5d3a2a71c153b5df412242d1fc0eaf71fbc095cbc9be9558dfae:239,22,1364
7970,7970,5,PortScan,0.9908097856182583,"{""DDoS"": 0.00603988132387339, ""Normal"": 0.003150333057869539, ""PortScan"": 0.9908097856182583}",2026-09-17 09:42:28.813546+00,2026-09-17 09:42:28.813546+00,,RUNTIME,monitoring:22:11:579c4709b39b5d3a2a71c153b5df412242d1fc0eaf71fbc095cbc9be9558dfae:240,22,1364
7971,7971,5,PortScan,0.9849763504032812,"{""DDoS"": 0.01190626640962612, ""Normal"": 0.0031173831870937837, ""PortScan"": 0.9849763504032812}",2026-09-17 09:42:28.813546+00,2026-09-17 09:42:28.813546+00,,RUNTIME,monitoring:22:11:579c4709b39b5d3a2a71c153b5df412242d1fc0eaf71fbc095cbc9be9558dfae:241,22,1364
7972,7972,5,PortScan,0.9907723294453185,"{""DDoS"": 0.006077337496813229, ""Normal"": 0.003150333057869539, ""PortScan"": 0.9907723294453185}",2026-09-17 09:42:28.813547+00,2026-09-17 09:42:28.813547+00,,RUNTIME,monitoring:22:11:579c4709b39b5d3a2a71c153b5df412242d1fc0eaf71fbc095cbc9be9558dfae:242,22,1364
7973,7973,5,PortScan,0.9907723294453185,"{""DDoS"": 0.006077337496813229, ""Normal"": 0.003150333057869539, ""PortScan"": 0.9907723294453185}",2026-09-17 09:42:28.813547+00,2026-09-17 09:42:28.813547+00,,RUNTIME,monitoring:22:11:579c4709b39b5d3a2a71c153b5df412242d1fc0eaf71fbc095cbc9be9558dfae:243,22,1364
7974,7974,5,PortScan,0.9907723294453185,"{""DDoS"": 0.006077337496813229, ""Normal"": 0.003150333057869539, ""PortScan"": 0.9907723294453185}",2026-09-17 09:42:28.813547+00,2026-09-17 09:42:28.813548+00,,RUNTIME,monitoring:22:11:579c4709b39b5d3a2a71c153b5df412242d1fc0eaf71fbc095cbc9be9558dfae:244,22,1364
7975,7975,5,PortScan,0.9858572377752948,"{""DDoS"": 0.011025379037612469, ""Normal"": 0.0031173831870937837, ""PortScan"": 0.9858572377752948}",2026-09-17 09:42:28.813548+00,2026-09-17 09:42:28.813548+00,,RUNTIME,monitoring:22:11:579c4709b39b5d3a2a71c153b5df412242d1fc0eaf71fbc095cbc9be9558dfae:245,22,1364
7976,7976,5,PortScan,0.9830985802293349,"{""DDoS"": 0.011025379037612469, ""Normal"": 0.005876040733053596, ""PortScan"": 0.9830985802293349}",2026-09-17 09:42:28.813548+00,2026-09-17 09:42:28.813548+00,,RUNTIME,monitoring:22:11:579c4709b39b5d3a2a71c153b5df412242d1fc0eaf71fbc095cbc9be9558dfae:246,22,1364
7977,7977,5,PortScan,0.9907723294453185,"{""DDoS"": 0.006077337496813229, ""Normal"": 0.003150333057869539, ""PortScan"": 0.9907723294453185}",2026-09-17 09:42:28.813548+00,2026-09-17 09:42:28.813549+00,,RUNTIME,monitoring:22:11:579c4709b39b5d3a2a71c153b5df412242d1fc0eaf71fbc095cbc9be9558dfae:247,22,1364
7978,7978,5,PortScan,0.9849763504032812,"{""DDoS"": 0.01190626640962612, ""Normal"": 0.0031173831870937837, ""PortScan"": 0.9849763504032812}",2026-09-17 09:42:28.813549+00,2026-09-17 09:42:28.813549+00,,RUNTIME,monitoring:22:11:579c4709b39b5d3a2a71c153b5df412242d1fc0eaf71fbc095cbc9be9558dfae:248,22,1364
7979,7979,5,PortScan,0.9907723294453185,"{""DDoS"": 0.006077337496813229, ""Normal"": 0.003150333057869539, ""PortScan"": 0.9907723294453185}",2026-09-17 09:42:28.813549+00,2026-09-17 09:42:28.813549+00,,RUNTIME,monitoring:22:11:579c4709b39b5d3a2a71c153b5df412242d1fc0eaf71fbc095cbc9be9558dfae:249,22,1364
7980,7980,5,PortScan,0.9908097856182583,"{""DDoS"": 0.00603988132387339, ""Normal"": 0.003150333057869539, ""PortScan"": 0.9908097856182583}",2026-09-17 09:42:28.81355+00,2026-09-17 09:42:28.81355+00,,RUNTIME,monitoring:22:11:579c4709b39b5d3a2a71c153b5df412242d1fc0eaf71fbc095cbc9be9558dfae:250,22,1364
7981,7981,5,PortScan,0.9880724137187,"{""DDoS"": 0.006482568294333889, ""Normal"": 0.005445017986967172, ""PortScan"": 0.9880724137187}",2026-09-17 09:42:28.81355+00,2026-09-17 09:42:28.81355+00,,RUNTIME,monitoring:22:11:579c4709b39b5d3a2a71c153b5df412242d1fc0eaf71fbc095cbc9be9558dfae:251,22,1364
7982,7982,5,PortScan,0.9858572377752948,"{""DDoS"": 0.011025379037612469, ""Normal"": 0.0031173831870937837, ""PortScan"": 0.9858572377752948}",2026-09-17 09:42:28.81355+00,2026-09-17 09:42:28.81355+00,,RUNTIME,monitoring:22:11:579c4709b39b5d3a2a71c153b5df412242d1fc0eaf71fbc095cbc9be9558dfae:252,22,1364
7983,7983,5,PortScan,0.9849763504032812,"{""DDoS"": 0.01190626640962612, ""Normal"": 0.0031173831870937837, ""PortScan"": 0.9849763504032812}",2026-09-17 09:42:28.813551+00,2026-09-17 09:42:28.813551+00,,RUNTIME,monitoring:22:11:579c4709b39b5d3a2a71c153b5df412242d1fc0eaf71fbc095cbc9be9558dfae:253,22,1364
7984,7984,5,PortScan,0.9907723294453185,"{""DDoS"": 0.006077337496813229, ""Normal"": 0.003150333057869539, ""PortScan"": 0.9907723294453185}",2026-09-17 09:42:28.813551+00,2026-09-17 09:42:28.813551+00,,RUNTIME,monitoring:22:11:579c4709b39b5d3a2a71c153b5df412242d1fc0eaf71fbc095cbc9be9558dfae:254,22,1364
7985,7985,5,PortScan,0.9858572377752948,"{""DDoS"": 0.011025379037612469, ""Normal"": 0.0031173831870937837, ""PortScan"": 0.9858572377752948}",2026-09-17 09:42:28.813551+00,2026-09-17 09:42:28.813552+00,,RUNTIME,monitoring:22:11:579c4709b39b5d3a2a71c153b5df412242d1fc0eaf71fbc095cbc9be9558dfae:255,22,1364
7986,7986,5,PortScan,0.9858572377752948,"{""DDoS"": 0.011025379037612469, ""Normal"": 0.0031173831870937837, ""PortScan"": 0.9858572377752948}",2026-09-17 09:42:28.813552+00,2026-09-17 09:42:28.813552+00,,RUNTIME,monitoring:22:11:579c4709b39b5d3a2a71c153b5df412242d1fc0eaf71fbc095cbc9be9558dfae:256,22,1364
7987,7987,5,PortScan,0.9907723294453185,"{""DDoS"": 0.006077337496813229, ""Normal"": 0.003150333057869539, ""PortScan"": 0.9907723294453185}",2026-09-17 09:42:28.813552+00,2026-09-17 09:42:28.813552+00,,RUNTIME,monitoring:22:11:579c4709b39b5d3a2a71c153b5df412242d1fc0eaf71fbc095cbc9be9558dfae:257,22,1364
7988,7988,5,PortScan,0.9849763504032812,"{""DDoS"": 0.01190626640962612, ""Normal"": 0.0031173831870937837, ""PortScan"": 0.9849763504032812}",2026-09-17 09:42:28.813552+00,2026-09-17 09:42:28.813553+00,,RUNTIME,monitoring:22:11:579c4709b39b5d3a2a71c153b5df412242d1fc0eaf71fbc095cbc9be9558dfae:258,22,1364
7989,7989,5,PortScan,0.9858572377752948,"{""DDoS"": 0.011025379037612469, ""Normal"": 0.0031173831870937837, ""PortScan"": 0.9858572377752948}",2026-09-17 09:42:28.813553+00,2026-09-17 09:42:28.813553+00,,RUNTIME,monitoring:22:11:579c4709b39b5d3a2a71c153b5df412242d1fc0eaf71fbc095cbc9be9558dfae:259,22,1364
7990,7990,5,PortScan,0.9858572377752948,"{""DDoS"": 0.011025379037612469, ""Normal"": 0.0031173831870937837, ""PortScan"": 0.9858572377752948}",2026-09-17 09:42:28.813553+00,2026-09-17 09:42:28.813553+00,,RUNTIME,monitoring:22:11:579c4709b39b5d3a2a71c153b5df412242d1fc0eaf71fbc095cbc9be9558dfae:260,22,1364
7991,7991,5,PortScan,0.9907723294453185,"{""DDoS"": 0.006077337496813229, ""Normal"": 0.003150333057869539, ""PortScan"": 0.9907723294453185}",2026-09-17 09:42:28.813554+00,2026-09-17 09:42:28.813554+00,,RUNTIME,monitoring:22:11:579c4709b39b5d3a2a71c153b5df412242d1fc0eaf71fbc095cbc9be9558dfae:261,22,1364
7992,7992,5,PortScan,0.9908097856182583,"{""DDoS"": 0.00603988132387339, ""Normal"": 0.003150333057869539, ""PortScan"": 0.9908097856182583}",2026-09-17 09:42:28.813554+00,2026-09-17 09:42:28.813554+00,,RUNTIME,monitoring:22:11:579c4709b39b5d3a2a71c153b5df412242d1fc0eaf71fbc095cbc9be9558dfae:262,22,1364
7993,7993,5,PortScan,0.9907723294453185,"{""DDoS"": 0.006077337496813229, ""Normal"": 0.003150333057869539, ""PortScan"": 0.9907723294453185}",2026-09-17 09:42:28.813554+00,2026-09-17 09:42:28.813554+00,,RUNTIME,monitoring:22:11:579c4709b39b5d3a2a71c153b5df412242d1fc0eaf71fbc095cbc9be9558dfae:263,22,1364
7994,7994,5,PortScan,0.9858572377752948,"{""DDoS"": 0.011025379037612469, ""Normal"": 0.0031173831870937837, ""PortScan"": 0.9858572377752948}",2026-09-17 09:42:28.813555+00,2026-09-17 09:42:28.813555+00,,RUNTIME,monitoring:22:11:579c4709b39b5d3a2a71c153b5df412242d1fc0eaf71fbc095cbc9be9558dfae:264,22,1364
7995,7995,5,PortScan,0.9858572377752948,"{""DDoS"": 0.011025379037612469, ""Normal"": 0.0031173831870937837, ""PortScan"": 0.9858572377752948}",2026-09-17 09:42:28.813555+00,2026-09-17 09:42:28.813555+00,,RUNTIME,monitoring:22:11:579c4709b39b5d3a2a71c153b5df412242d1fc0eaf71fbc095cbc9be9558dfae:265,22,1364
7996,7996,5,PortScan,0.9907723294453185,"{""DDoS"": 0.006077337496813229, ""Normal"": 0.003150333057869539, ""PortScan"": 0.9907723294453185}",2026-09-17 09:42:28.813555+00,2026-09-17 09:42:28.813556+00,,RUNTIME,monitoring:22:11:579c4709b39b5d3a2a71c153b5df412242d1fc0eaf71fbc095cbc9be9558dfae:266,22,1364
7997,7997,5,PortScan,0.9907723294453185,"{""DDoS"": 0.006077337496813229, ""Normal"": 0.003150333057869539, ""PortScan"": 0.9907723294453185}",2026-09-17 09:42:28.813556+00,2026-09-17 09:42:28.813556+00,,RUNTIME,monitoring:22:11:579c4709b39b5d3a2a71c153b5df412242d1fc0eaf71fbc095cbc9be9558dfae:267,22,1364
7998,7998,5,PortScan,0.9849763504032812,"{""DDoS"": 0.01190626640962612, ""Normal"": 0.0031173831870937837, ""PortScan"": 0.9849763504032812}",2026-09-17 09:42:28.813556+00,2026-09-17 09:42:28.813556+00,,RUNTIME,monitoring:22:11:579c4709b39b5d3a2a71c153b5df412242d1fc0eaf71fbc095cbc9be9558dfae:268,22,1364
7999,7999,5,PortScan,0.9907723294453185,"{""DDoS"": 0.006077337496813229, ""Normal"": 0.003150333057869539, ""PortScan"": 0.9907723294453185}",2026-09-17 09:42:28.813556+00,2026-09-17 09:42:28.813557+00,,RUNTIME,monitoring:22:11:579c4709b39b5d3a2a71c153b5df412242d1fc0eaf71fbc095cbc9be9558dfae:269,22,1364
8000,8000,5,PortScan,0.9907723294453185,"{""DDoS"": 0.006077337496813229, ""Normal"": 0.003150333057869539, ""PortScan"": 0.9907723294453185}",2026-09-17 09:42:28.813557+00,2026-09-17 09:42:28.813557+00,,RUNTIME,monitoring:22:11:579c4709b39b5d3a2a71c153b5df412242d1fc0eaf71fbc095cbc9be9558dfae:270,22,1364
8001,8001,5,PortScan,0.9858572377752948,"{""DDoS"": 0.011025379037612469, ""Normal"": 0.0031173831870937837, ""PortScan"": 0.9858572377752948}",2026-09-17 09:42:28.813557+00,2026-09-17 09:42:28.813557+00,,RUNTIME,monitoring:22:11:579c4709b39b5d3a2a71c153b5df412242d1fc0eaf71fbc095cbc9be9558dfae:271,22,1364
8002,8002,5,PortScan,0.9907723294453185,"{""DDoS"": 0.006077337496813229, ""Normal"": 0.003150333057869539, ""PortScan"": 0.9907723294453185}",2026-09-17 09:42:28.813557+00,2026-09-17 09:42:28.813558+00,,RUNTIME,monitoring:22:11:579c4709b39b5d3a2a71c153b5df412242d1fc0eaf71fbc095cbc9be9558dfae:272,22,1364
8003,8003,5,PortScan,0.9907723294453185,"{""DDoS"": 0.006077337496813229, ""Normal"": 0.003150333057869539, ""PortScan"": 0.9907723294453185}",2026-09-17 09:42:28.813558+00,2026-09-17 09:42:28.813558+00,,RUNTIME,monitoring:22:11:579c4709b39b5d3a2a71c153b5df412242d1fc0eaf71fbc095cbc9be9558dfae:273,22,1364
8004,8004,5,PortScan,0.9907723294453185,"{""DDoS"": 0.006077337496813229, ""Normal"": 0.003150333057869539, ""PortScan"": 0.9907723294453185}",2026-09-17 09:42:28.813558+00,2026-09-17 09:42:28.813558+00,,RUNTIME,monitoring:22:11:579c4709b39b5d3a2a71c153b5df412242d1fc0eaf71fbc095cbc9be9558dfae:274,22,1364
8005,8005,5,PortScan,0.9858572377752948,"{""DDoS"": 0.011025379037612469, ""Normal"": 0.0031173831870937837, ""PortScan"": 0.9858572377752948}",2026-09-17 09:42:28.813559+00,2026-09-17 09:42:28.813559+00,,RUNTIME,monitoring:22:11:579c4709b39b5d3a2a71c153b5df412242d1fc0eaf71fbc095cbc9be9558dfae:275,22,1364
8006,8006,5,PortScan,0.9907723294453185,"{""DDoS"": 0.006077337496813229, ""Normal"": 0.003150333057869539, ""PortScan"": 0.9907723294453185}",2026-09-17 09:42:28.813559+00,2026-09-17 09:42:28.813559+00,,RUNTIME,monitoring:22:11:579c4709b39b5d3a2a71c153b5df412242d1fc0eaf71fbc095cbc9be9558dfae:276,22,1364
8007,8007,5,PortScan,0.9907723294453185,"{""DDoS"": 0.006077337496813229, ""Normal"": 0.003150333057869539, ""PortScan"": 0.9907723294453185}",2026-09-17 09:42:28.813559+00,2026-09-17 09:42:28.813559+00,,RUNTIME,monitoring:22:11:579c4709b39b5d3a2a71c153b5df412242d1fc0eaf71fbc095cbc9be9558dfae:277,22,1364
8008,8008,5,PortScan,0.9858572377752948,"{""DDoS"": 0.011025379037612469, ""Normal"": 0.0031173831870937837, ""PortScan"": 0.9858572377752948}",2026-09-17 09:42:28.81356+00,2026-09-17 09:42:28.81356+00,,RUNTIME,monitoring:22:11:579c4709b39b5d3a2a71c153b5df412242d1fc0eaf71fbc095cbc9be9558dfae:278,22,1364
8009,8009,5,PortScan,0.9858572377752948,"{""DDoS"": 0.011025379037612469, ""Normal"": 0.0031173831870937837, ""PortScan"": 0.9858572377752948}",2026-09-17 09:42:28.81356+00,2026-09-17 09:42:28.81356+00,,RUNTIME,monitoring:22:11:579c4709b39b5d3a2a71c153b5df412242d1fc0eaf71fbc095cbc9be9558dfae:279,22,1364
8010,8010,5,PortScan,0.9849763504032812,"{""DDoS"": 0.01190626640962612, ""Normal"": 0.0031173831870937837, ""PortScan"": 0.9849763504032812}",2026-09-17 09:42:28.81356+00,2026-09-17 09:42:28.813561+00,,RUNTIME,monitoring:22:11:579c4709b39b5d3a2a71c153b5df412242d1fc0eaf71fbc095cbc9be9558dfae:280,22,1364
8011,8011,5,PortScan,0.9908097856182583,"{""DDoS"": 0.00603988132387339, ""Normal"": 0.003150333057869539, ""PortScan"": 0.9908097856182583}",2026-09-17 09:42:28.813561+00,2026-09-17 09:42:28.813561+00,,RUNTIME,monitoring:22:11:579c4709b39b5d3a2a71c153b5df412242d1fc0eaf71fbc095cbc9be9558dfae:281,22,1364
8012,8012,5,PortScan,0.9907723294453185,"{""DDoS"": 0.006077337496813229, ""Normal"": 0.003150333057869539, ""PortScan"": 0.9907723294453185}",2026-09-17 09:42:28.813561+00,2026-09-17 09:42:28.813561+00,,RUNTIME,monitoring:22:11:579c4709b39b5d3a2a71c153b5df412242d1fc0eaf71fbc095cbc9be9558dfae:282,22,1364
8013,8013,5,PortScan,0.9907723294453185,"{""DDoS"": 0.006077337496813229, ""Normal"": 0.003150333057869539, ""PortScan"": 0.9907723294453185}",2026-09-17 09:42:28.813561+00,2026-09-17 09:42:28.813562+00,,RUNTIME,monitoring:22:11:579c4709b39b5d3a2a71c153b5df412242d1fc0eaf71fbc095cbc9be9558dfae:283,22,1364
8014,8014,5,PortScan,0.9907723294453185,"{""DDoS"": 0.006077337496813229, ""Normal"": 0.003150333057869539, ""PortScan"": 0.9907723294453185}",2026-09-17 09:42:28.813562+00,2026-09-17 09:42:28.813562+00,,RUNTIME,monitoring:22:11:579c4709b39b5d3a2a71c153b5df412242d1fc0eaf71fbc095cbc9be9558dfae:284,22,1364
8015,8015,5,PortScan,0.9907723294453185,"{""DDoS"": 0.006077337496813229, ""Normal"": 0.003150333057869539, ""PortScan"": 0.9907723294453185}",2026-09-17 09:42:28.813562+00,2026-09-17 09:42:28.813562+00,,RUNTIME,monitoring:22:11:579c4709b39b5d3a2a71c153b5df412242d1fc0eaf71fbc095cbc9be9558dfae:285,22,1364
8016,8016,5,PortScan,0.9858572377752948,"{""DDoS"": 0.011025379037612469, ""Normal"": 0.0031173831870937837, ""PortScan"": 0.9858572377752948}",2026-09-17 09:42:28.813563+00,2026-09-17 09:42:28.813563+00,,RUNTIME,monitoring:22:11:579c4709b39b5d3a2a71c153b5df412242d1fc0eaf71fbc095cbc9be9558dfae:286,22,1364
8017,8017,5,PortScan,0.9907723294453185,"{""DDoS"": 0.006077337496813229, ""Normal"": 0.003150333057869539, ""PortScan"": 0.9907723294453185}",2026-09-17 09:42:28.813563+00,2026-09-17 09:42:28.813563+00,,RUNTIME,monitoring:22:11:579c4709b39b5d3a2a71c153b5df412242d1fc0eaf71fbc095cbc9be9558dfae:287,22,1364
8018,8018,5,PortScan,0.9907723294453185,"{""DDoS"": 0.006077337496813229, ""Normal"": 0.003150333057869539, ""PortScan"": 0.9907723294453185}",2026-09-17 09:42:28.813563+00,2026-09-17 09:42:28.813564+00,,RUNTIME,monitoring:22:11:579c4709b39b5d3a2a71c153b5df412242d1fc0eaf71fbc095cbc9be9558dfae:288,22,1364
8019,8019,5,PortScan,0.9908097856182583,"{""DDoS"": 0.00603988132387339, ""Normal"": 0.003150333057869539, ""PortScan"": 0.9908097856182583}",2026-09-17 09:42:28.813564+00,2026-09-17 09:42:28.813564+00,,RUNTIME,monitoring:22:11:579c4709b39b5d3a2a71c153b5df412242d1fc0eaf71fbc095cbc9be9558dfae:289,22,1364
8020,8020,5,PortScan,0.9849763504032812,"{""DDoS"": 0.01190626640962612, ""Normal"": 0.0031173831870937837, ""PortScan"": 0.9849763504032812}",2026-09-17 09:42:28.813564+00,2026-09-17 09:42:28.813564+00,,RUNTIME,monitoring:22:11:579c4709b39b5d3a2a71c153b5df412242d1fc0eaf71fbc095cbc9be9558dfae:290,22,1364
8021,8021,5,PortScan,0.9907723294453185,"{""DDoS"": 0.00607733749681323, ""Normal"": 0.003150333057869539, ""PortScan"": 0.9907723294453185}",2026-09-17 09:42:28.813564+00,2026-09-17 09:42:28.813565+00,,RUNTIME,monitoring:22:11:579c4709b39b5d3a2a71c153b5df412242d1fc0eaf71fbc095cbc9be9558dfae:291,22,1364
8022,8022,5,PortScan,0.9907723294453185,"{""DDoS"": 0.006077337496813229, ""Normal"": 0.003150333057869539, ""PortScan"": 0.9907723294453185}",2026-09-17 09:42:28.813565+00,2026-09-17 09:42:28.813565+00,,RUNTIME,monitoring:22:11:579c4709b39b5d3a2a71c153b5df412242d1fc0eaf71fbc095cbc9be9558dfae:292,22,1364
8023,8023,5,PortScan,0.9858572377752948,"{""DDoS"": 0.011025379037612469, ""Normal"": 0.0031173831870937837, ""PortScan"": 0.9858572377752948}",2026-09-17 09:42:28.813565+00,2026-09-17 09:42:28.813565+00,,RUNTIME,monitoring:22:11:579c4709b39b5d3a2a71c153b5df412242d1fc0eaf71fbc095cbc9be9558dfae:293,22,1364
8024,8024,5,PortScan,0.9858572377752948,"{""DDoS"": 0.011025379037612469, ""Normal"": 0.0031173831870937837, ""PortScan"": 0.9858572377752948}",2026-09-17 09:42:28.813566+00,2026-09-17 09:42:28.813566+00,,RUNTIME,monitoring:22:11:579c4709b39b5d3a2a71c153b5df412242d1fc0eaf71fbc095cbc9be9558dfae:294,22,1364
8025,8025,5,PortScan,0.9908097856182583,"{""DDoS"": 0.00603988132387339, ""Normal"": 0.003150333057869539, ""PortScan"": 0.9908097856182583}",2026-09-17 09:42:28.813566+00,2026-09-17 09:42:28.813566+00,,RUNTIME,monitoring:22:11:579c4709b39b5d3a2a71c153b5df412242d1fc0eaf71fbc095cbc9be9558dfae:295,22,1364
8026,8026,5,PortScan,0.9880724137187,"{""DDoS"": 0.006482568294333889, ""Normal"": 0.005445017986967172, ""PortScan"": 0.9880724137187}",2026-09-17 09:42:28.813566+00,2026-09-17 09:42:28.813566+00,,RUNTIME,monitoring:22:11:579c4709b39b5d3a2a71c153b5df412242d1fc0eaf71fbc095cbc9be9558dfae:296,22,1364
8027,8027,5,PortScan,0.9849763504032812,"{""DDoS"": 0.01190626640962612, ""Normal"": 0.0031173831870937837, ""PortScan"": 0.9849763504032812}",2026-09-17 09:42:28.813567+00,2026-09-17 09:42:28.813567+00,,RUNTIME,monitoring:22:11:579c4709b39b5d3a2a71c153b5df412242d1fc0eaf71fbc095cbc9be9558dfae:297,22,1364
8028,8028,5,PortScan,0.9907723294453185,"{""DDoS"": 0.006077337496813229, ""Normal"": 0.003150333057869539, ""PortScan"": 0.9907723294453185}",2026-09-17 09:42:28.813567+00,2026-09-17 09:42:28.813567+00,,RUNTIME,monitoring:22:11:579c4709b39b5d3a2a71c153b5df412242d1fc0eaf71fbc095cbc9be9558dfae:298,22,1364
8029,8029,5,PortScan,0.9858572377752948,"{""DDoS"": 0.011025379037612469, ""Normal"": 0.0031173831870937837, ""PortScan"": 0.9858572377752948}",2026-09-17 09:42:28.813567+00,2026-09-17 09:42:28.813568+00,,RUNTIME,monitoring:22:11:579c4709b39b5d3a2a71c153b5df412242d1fc0eaf71fbc095cbc9be9558dfae:299,22,1364
8030,8030,5,PortScan,0.9858572377752948,"{""DDoS"": 0.011025379037612469, ""Normal"": 0.0031173831870937837, ""PortScan"": 0.9858572377752948}",2026-09-17 09:42:28.813568+00,2026-09-17 09:42:28.813568+00,,RUNTIME,monitoring:22:11:579c4709b39b5d3a2a71c153b5df412242d1fc0eaf71fbc095cbc9be9558dfae:300,22,1364
8031,8031,5,PortScan,0.9674219020551016,"{""DDoS"": 0.024963450316307322, ""Normal"": 0.00761464762859214, ""PortScan"": 0.9674219020551016}",2026-09-17 09:42:28.813568+00,2026-09-17 09:42:28.813568+00,,RUNTIME,monitoring:22:11:579c4709b39b5d3a2a71c153b5df412242d1fc0eaf71fbc095cbc9be9558dfae:301,22,1364
8032,8032,5,PortScan,0.991078245591263,"{""DDoS"": 0.005947894303711483, ""Normal"": 0.0029738601050267365, ""PortScan"": 0.991078245591263}",2026-09-17 09:42:28.813569+00,2026-09-17 09:42:28.813569+00,,RUNTIME,monitoring:22:11:579c4709b39b5d3a2a71c153b5df412242d1fc0eaf71fbc095cbc9be9558dfae:302,22,1364
8033,8033,5,PortScan,0.9907723294453185,"{""DDoS"": 0.006077337496813229, ""Normal"": 0.003150333057869539, ""PortScan"": 0.9907723294453185}",2026-09-17 09:42:28.813569+00,2026-09-17 09:42:28.813569+00,,RUNTIME,monitoring:22:11:579c4709b39b5d3a2a71c153b5df412242d1fc0eaf71fbc095cbc9be9558dfae:303,22,1364
8034,8034,5,PortScan,0.991078245591263,"{""DDoS"": 0.005947894303711483, ""Normal"": 0.0029738601050267365, ""PortScan"": 0.991078245591263}",2026-09-17 09:42:28.813569+00,2026-09-17 09:42:28.813569+00,,RUNTIME,monitoring:22:11:579c4709b39b5d3a2a71c153b5df412242d1fc0eaf71fbc095cbc9be9558dfae:304,22,1364
8035,8035,5,PortScan,0.9849763504032812,"{""DDoS"": 0.01190626640962612, ""Normal"": 0.0031173831870937837, ""PortScan"": 0.9849763504032812}",2026-09-17 09:42:28.81357+00,2026-09-17 09:42:28.81357+00,,RUNTIME,monitoring:22:11:579c4709b39b5d3a2a71c153b5df412242d1fc0eaf71fbc095cbc9be9558dfae:305,22,1364
8036,8036,5,PortScan,0.9858572377752948,"{""DDoS"": 0.011025379037612469, ""Normal"": 0.0031173831870937837, ""PortScan"": 0.9858572377752948}",2026-09-17 09:42:28.81357+00,2026-09-17 09:42:28.81357+00,,RUNTIME,monitoring:22:11:579c4709b39b5d3a2a71c153b5df412242d1fc0eaf71fbc095cbc9be9558dfae:306,22,1364
8037,8037,5,PortScan,0.9907723294453185,"{""DDoS"": 0.006077337496813229, ""Normal"": 0.003150333057869539, ""PortScan"": 0.9907723294453185}",2026-09-17 09:42:28.81357+00,2026-09-17 09:42:28.813571+00,,RUNTIME,monitoring:22:11:579c4709b39b5d3a2a71c153b5df412242d1fc0eaf71fbc095cbc9be9558dfae:307,22,1364
8038,8038,5,PortScan,0.9907723294453185,"{""DDoS"": 0.006077337496813229, ""Normal"": 0.003150333057869539, ""PortScan"": 0.9907723294453185}",2026-09-17 09:42:28.813571+00,2026-09-17 09:42:28.813571+00,,RUNTIME,monitoring:22:11:579c4709b39b5d3a2a71c153b5df412242d1fc0eaf71fbc095cbc9be9558dfae:308,22,1364
8039,8039,5,PortScan,0.9907723294453185,"{""DDoS"": 0.006077337496813229, ""Normal"": 0.003150333057869539, ""PortScan"": 0.9907723294453185}",2026-09-17 09:42:28.813571+00,2026-09-17 09:42:28.813571+00,,RUNTIME,monitoring:22:11:579c4709b39b5d3a2a71c153b5df412242d1fc0eaf71fbc095cbc9be9558dfae:309,22,1364
8040,8040,5,PortScan,0.9849763504032812,"{""DDoS"": 0.01190626640962612, ""Normal"": 0.0031173831870937837, ""PortScan"": 0.9849763504032812}",2026-09-17 09:42:28.813571+00,2026-09-17 09:42:28.813572+00,,RUNTIME,monitoring:22:11:579c4709b39b5d3a2a71c153b5df412242d1fc0eaf71fbc095cbc9be9558dfae:310,22,1364
8041,8041,5,PortScan,0.9858572377752948,"{""DDoS"": 0.011025379037612469, ""Normal"": 0.0031173831870937837, ""PortScan"": 0.9858572377752948}",2026-09-17 09:42:28.813572+00,2026-09-17 09:42:28.813572+00,,RUNTIME,monitoring:22:11:579c4709b39b5d3a2a71c153b5df412242d1fc0eaf71fbc095cbc9be9558dfae:311,22,1364
8042,8042,5,PortScan,0.9908097856182583,"{""DDoS"": 0.00603988132387339, ""Normal"": 0.003150333057869539, ""PortScan"": 0.9908097856182583}",2026-09-17 09:42:28.813572+00,2026-09-17 09:42:28.813572+00,,RUNTIME,monitoring:22:11:579c4709b39b5d3a2a71c153b5df412242d1fc0eaf71fbc095cbc9be9558dfae:312,22,1364
8043,8043,5,PortScan,0.9880724137187,"{""DDoS"": 0.006482568294333889, ""Normal"": 0.005445017986967172, ""PortScan"": 0.9880724137187}",2026-09-17 09:42:28.813573+00,2026-09-17 09:42:28.813573+00,,RUNTIME,monitoring:22:11:579c4709b39b5d3a2a71c153b5df412242d1fc0eaf71fbc095cbc9be9558dfae:313,22,1364
8044,8044,5,PortScan,0.9858572377752948,"{""DDoS"": 0.011025379037612469, ""Normal"": 0.0031173831870937837, ""PortScan"": 0.9858572377752948}",2026-09-17 09:42:28.813573+00,2026-09-17 09:42:28.813573+00,,RUNTIME,monitoring:22:11:579c4709b39b5d3a2a71c153b5df412242d1fc0eaf71fbc095cbc9be9558dfae:314,22,1364
8045,8045,5,PortScan,0.9880724137187,"{""DDoS"": 0.006482568294333889, ""Normal"": 0.005445017986967172, ""PortScan"": 0.9880724137187}",2026-09-17 09:42:28.813573+00,2026-09-17 09:42:28.813573+00,,RUNTIME,monitoring:22:11:579c4709b39b5d3a2a71c153b5df412242d1fc0eaf71fbc095cbc9be9558dfae:315,22,1364
8046,8046,5,PortScan,0.9907723294453185,"{""DDoS"": 0.006077337496813229, ""Normal"": 0.003150333057869539, ""PortScan"": 0.9907723294453185}",2026-09-17 09:42:28.813574+00,2026-09-17 09:42:28.813574+00,,RUNTIME,monitoring:22:11:579c4709b39b5d3a2a71c153b5df412242d1fc0eaf71fbc095cbc9be9558dfae:316,22,1364
8047,8047,5,PortScan,0.9849763504032812,"{""DDoS"": 0.01190626640962612, ""Normal"": 0.0031173831870937837, ""PortScan"": 0.9849763504032812}",2026-09-17 09:42:28.813574+00,2026-09-17 09:42:28.813574+00,,RUNTIME,monitoring:22:11:579c4709b39b5d3a2a71c153b5df412242d1fc0eaf71fbc095cbc9be9558dfae:317,22,1364
8048,8048,5,PortScan,0.9849763504032812,"{""DDoS"": 0.01190626640962612, ""Normal"": 0.0031173831870937837, ""PortScan"": 0.9849763504032812}",2026-09-17 09:42:28.813574+00,2026-09-17 09:42:28.813574+00,,RUNTIME,monitoring:22:11:579c4709b39b5d3a2a71c153b5df412242d1fc0eaf71fbc095cbc9be9558dfae:318,22,1364
8049,8049,5,PortScan,0.9849763504032812,"{""DDoS"": 0.01190626640962612, ""Normal"": 0.0031173831870937837, ""PortScan"": 0.9849763504032812}",2026-09-17 09:42:28.813575+00,2026-09-17 09:42:28.813575+00,,RUNTIME,monitoring:22:11:579c4709b39b5d3a2a71c153b5df412242d1fc0eaf71fbc095cbc9be9558dfae:319,22,1364
8050,8050,5,PortScan,0.9880724137187,"{""DDoS"": 0.006482568294333889, ""Normal"": 0.005445017986967172, ""PortScan"": 0.9880724137187}",2026-09-17 09:42:28.813575+00,2026-09-17 09:42:28.813575+00,,RUNTIME,monitoring:22:11:579c4709b39b5d3a2a71c153b5df412242d1fc0eaf71fbc095cbc9be9558dfae:320,22,1364
8051,8051,5,PortScan,0.9908097856182583,"{""DDoS"": 0.00603988132387339, ""Normal"": 0.003150333057869539, ""PortScan"": 0.9908097856182583}",2026-09-17 09:42:28.813575+00,2026-09-17 09:42:28.813576+00,,RUNTIME,monitoring:22:11:579c4709b39b5d3a2a71c153b5df412242d1fc0eaf71fbc095cbc9be9558dfae:321,22,1364
8052,8052,5,PortScan,0.9849763504032812,"{""DDoS"": 0.01190626640962612, ""Normal"": 0.0031173831870937837, ""PortScan"": 0.9849763504032812}",2026-09-17 09:42:28.813576+00,2026-09-17 09:42:28.813576+00,,RUNTIME,monitoring:22:11:579c4709b39b5d3a2a71c153b5df412242d1fc0eaf71fbc095cbc9be9558dfae:322,22,1364
8053,8053,5,PortScan,0.9858572377752948,"{""DDoS"": 0.011025379037612469, ""Normal"": 0.0031173831870937837, ""PortScan"": 0.9858572377752948}",2026-09-17 09:42:28.813576+00,2026-09-17 09:42:28.813576+00,,RUNTIME,monitoring:22:11:579c4709b39b5d3a2a71c153b5df412242d1fc0eaf71fbc095cbc9be9558dfae:323,22,1364
8054,8054,5,PortScan,0.9908097856182583,"{""DDoS"": 0.00603988132387339, ""Normal"": 0.003150333057869539, ""PortScan"": 0.9908097856182583}",2026-09-17 09:42:28.813577+00,2026-09-17 09:42:28.813577+00,,RUNTIME,monitoring:22:11:579c4709b39b5d3a2a71c153b5df412242d1fc0eaf71fbc095cbc9be9558dfae:324,22,1364
8055,8055,5,PortScan,0.9907723294453185,"{""DDoS"": 0.006077337496813229, ""Normal"": 0.003150333057869539, ""PortScan"": 0.9907723294453185}",2026-09-17 09:42:28.813577+00,2026-09-17 09:42:28.813577+00,,RUNTIME,monitoring:22:11:579c4709b39b5d3a2a71c153b5df412242d1fc0eaf71fbc095cbc9be9558dfae:325,22,1364
8056,8056,5,PortScan,0.9907723294453185,"{""DDoS"": 0.006077337496813229, ""Normal"": 0.003150333057869539, ""PortScan"": 0.9907723294453185}",2026-09-17 09:42:28.813578+00,2026-09-17 09:42:28.813578+00,,RUNTIME,monitoring:22:11:579c4709b39b5d3a2a71c153b5df412242d1fc0eaf71fbc095cbc9be9558dfae:326,22,1364
8057,8057,5,PortScan,0.9907723294453185,"{""DDoS"": 0.006077337496813229, ""Normal"": 0.003150333057869539, ""PortScan"": 0.9907723294453185}",2026-09-17 09:42:28.813578+00,2026-09-17 09:42:28.813578+00,,RUNTIME,monitoring:22:11:579c4709b39b5d3a2a71c153b5df412242d1fc0eaf71fbc095cbc9be9558dfae:327,22,1364
8058,8058,5,PortScan,0.9907723294453185,"{""DDoS"": 0.006077337496813229, ""Normal"": 0.003150333057869539, ""PortScan"": 0.9907723294453185}",2026-09-17 09:42:28.813579+00,2026-09-17 09:42:28.813579+00,,RUNTIME,monitoring:22:11:579c4709b39b5d3a2a71c153b5df412242d1fc0eaf71fbc095cbc9be9558dfae:328,22,1364
8059,8059,5,PortScan,0.9907723294453185,"{""DDoS"": 0.006077337496813229, ""Normal"": 0.003150333057869539, ""PortScan"": 0.9907723294453185}",2026-09-17 09:42:28.813579+00,2026-09-17 09:42:28.813579+00,,RUNTIME,monitoring:22:11:579c4709b39b5d3a2a71c153b5df412242d1fc0eaf71fbc095cbc9be9558dfae:329,22,1364
8060,8060,5,PortScan,0.9907723294453185,"{""DDoS"": 0.006077337496813229, ""Normal"": 0.003150333057869539, ""PortScan"": 0.9907723294453185}",2026-09-17 09:42:28.81358+00,2026-09-17 09:42:28.81358+00,,RUNTIME,monitoring:22:11:579c4709b39b5d3a2a71c153b5df412242d1fc0eaf71fbc095cbc9be9558dfae:330,22,1364
8061,8061,5,PortScan,0.9907723294453185,"{""DDoS"": 0.006077337496813229, ""Normal"": 0.003150333057869539, ""PortScan"": 0.9907723294453185}",2026-09-17 09:42:28.81358+00,2026-09-17 09:42:28.81358+00,,RUNTIME,monitoring:22:11:579c4709b39b5d3a2a71c153b5df412242d1fc0eaf71fbc095cbc9be9558dfae:331,22,1364
8062,8062,5,PortScan,0.9907723294453185,"{""DDoS"": 0.006077337496813229, ""Normal"": 0.003150333057869539, ""PortScan"": 0.9907723294453185}",2026-09-17 09:42:28.81358+00,2026-09-17 09:42:28.81358+00,,RUNTIME,monitoring:22:11:579c4709b39b5d3a2a71c153b5df412242d1fc0eaf71fbc095cbc9be9558dfae:332,22,1364
8063,8063,5,PortScan,0.9907723294453185,"{""DDoS"": 0.006077337496813229, ""Normal"": 0.003150333057869539, ""PortScan"": 0.9907723294453185}",2026-09-17 09:42:28.813581+00,2026-09-17 09:42:28.813581+00,,RUNTIME,monitoring:22:11:579c4709b39b5d3a2a71c153b5df412242d1fc0eaf71fbc095cbc9be9558dfae:333,22,1364
8064,8064,5,PortScan,0.9907723294453185,"{""DDoS"": 0.006077337496813229, ""Normal"": 0.003150333057869539, ""PortScan"": 0.9907723294453185}",2026-09-17 09:42:28.813581+00,2026-09-17 09:42:28.813581+00,,RUNTIME,monitoring:22:11:579c4709b39b5d3a2a71c153b5df412242d1fc0eaf71fbc095cbc9be9558dfae:334,22,1364
8065,8065,5,PortScan,0.9907723294453185,"{""DDoS"": 0.006077337496813229, ""Normal"": 0.003150333057869539, ""PortScan"": 0.9907723294453185}",2026-09-17 09:42:28.813581+00,2026-09-17 09:42:28.813582+00,,RUNTIME,monitoring:22:11:579c4709b39b5d3a2a71c153b5df412242d1fc0eaf71fbc095cbc9be9558dfae:335,22,1364
8066,8066,5,PortScan,0.9858572377752948,"{""DDoS"": 0.011025379037612469, ""Normal"": 0.0031173831870937837, ""PortScan"": 0.9858572377752948}",2026-09-17 09:42:28.813582+00,2026-09-17 09:42:28.813582+00,,RUNTIME,monitoring:22:11:579c4709b39b5d3a2a71c153b5df412242d1fc0eaf71fbc095cbc9be9558dfae:336,22,1364
8067,8067,5,PortScan,0.9907723294453185,"{""DDoS"": 0.006077337496813229, ""Normal"": 0.003150333057869539, ""PortScan"": 0.9907723294453185}",2026-09-17 09:42:28.813582+00,2026-09-17 09:42:28.813582+00,,RUNTIME,monitoring:22:11:579c4709b39b5d3a2a71c153b5df412242d1fc0eaf71fbc095cbc9be9558dfae:337,22,1364
8068,8068,5,PortScan,0.9899288982462445,"{""DDoS"": 0.006920768695887043, ""Normal"": 0.003150333057869539, ""PortScan"": 0.9899288982462445}",2026-09-17 09:42:28.813582+00,2026-09-17 09:42:28.813583+00,,RUNTIME,monitoring:22:11:579c4709b39b5d3a2a71c153b5df412242d1fc0eaf71fbc095cbc9be9558dfae:338,22,1364
8069,8069,5,PortScan,0.9907723294453185,"{""DDoS"": 0.006077337496813229, ""Normal"": 0.003150333057869539, ""PortScan"": 0.9907723294453185}",2026-09-17 09:42:28.813583+00,2026-09-17 09:42:28.813583+00,,RUNTIME,monitoring:22:11:579c4709b39b5d3a2a71c153b5df412242d1fc0eaf71fbc095cbc9be9558dfae:339,22,1364
8070,8070,5,PortScan,0.9849763504032812,"{""DDoS"": 0.01190626640962612, ""Normal"": 0.0031173831870937837, ""PortScan"": 0.9849763504032812}",2026-09-17 09:42:28.813583+00,2026-09-17 09:42:28.813583+00,,RUNTIME,monitoring:22:11:579c4709b39b5d3a2a71c153b5df412242d1fc0eaf71fbc095cbc9be9558dfae:340,22,1364
8071,8071,5,PortScan,0.9907723294453185,"{""DDoS"": 0.006077337496813229, ""Normal"": 0.003150333057869539, ""PortScan"": 0.9907723294453185}",2026-09-17 09:42:28.813584+00,2026-09-17 09:42:28.813584+00,,RUNTIME,monitoring:22:11:579c4709b39b5d3a2a71c153b5df412242d1fc0eaf71fbc095cbc9be9558dfae:341,22,1364
8072,8072,5,PortScan,0.9907723294453185,"{""DDoS"": 0.006077337496813229, ""Normal"": 0.003150333057869539, ""PortScan"": 0.9907723294453185}",2026-09-17 09:42:28.813584+00,2026-09-17 09:42:28.813584+00,,RUNTIME,monitoring:22:11:579c4709b39b5d3a2a71c153b5df412242d1fc0eaf71fbc095cbc9be9558dfae:342,22,1364
8073,8073,5,PortScan,0.9858572377752948,"{""DDoS"": 0.011025379037612469, ""Normal"": 0.0031173831870937837, ""PortScan"": 0.9858572377752948}",2026-09-17 09:42:28.813584+00,2026-09-17 09:42:28.813585+00,,RUNTIME,monitoring:22:11:579c4709b39b5d3a2a71c153b5df412242d1fc0eaf71fbc095cbc9be9558dfae:343,22,1364
8074,8074,5,PortScan,0.9907723294453185,"{""DDoS"": 0.006077337496813229, ""Normal"": 0.003150333057869539, ""PortScan"": 0.9907723294453185}",2026-09-17 09:42:28.813585+00,2026-09-17 09:42:28.813585+00,,RUNTIME,monitoring:22:11:579c4709b39b5d3a2a71c153b5df412242d1fc0eaf71fbc095cbc9be9558dfae:344,22,1364
8075,8075,5,PortScan,0.9907723294453185,"{""DDoS"": 0.006077337496813229, ""Normal"": 0.003150333057869539, ""PortScan"": 0.9907723294453185}",2026-09-17 09:42:28.813585+00,2026-09-17 09:42:28.813585+00,,RUNTIME,monitoring:22:11:579c4709b39b5d3a2a71c153b5df412242d1fc0eaf71fbc095cbc9be9558dfae:345,22,1364
8076,8076,5,PortScan,0.9858572377752948,"{""DDoS"": 0.011025379037612469, ""Normal"": 0.0031173831870937837, ""PortScan"": 0.9858572377752948}",2026-09-17 09:42:28.813586+00,2026-09-17 09:42:28.813586+00,,RUNTIME,monitoring:22:11:579c4709b39b5d3a2a71c153b5df412242d1fc0eaf71fbc095cbc9be9558dfae:346,22,1364
8077,8077,5,PortScan,0.9907723294453185,"{""DDoS"": 0.006077337496813229, ""Normal"": 0.003150333057869539, ""PortScan"": 0.9907723294453185}",2026-09-17 09:42:28.813586+00,2026-09-17 09:42:28.813586+00,,RUNTIME,monitoring:22:11:579c4709b39b5d3a2a71c153b5df412242d1fc0eaf71fbc095cbc9be9558dfae:347,22,1364
8078,8078,5,PortScan,0.9907723294453185,"{""DDoS"": 0.006077337496813229, ""Normal"": 0.003150333057869539, ""PortScan"": 0.9907723294453185}",2026-09-17 09:42:28.813586+00,2026-09-17 09:42:28.813586+00,,RUNTIME,monitoring:22:11:579c4709b39b5d3a2a71c153b5df412242d1fc0eaf71fbc095cbc9be9558dfae:348,22,1364
8079,8079,5,PortScan,0.9849763504032812,"{""DDoS"": 0.01190626640962612, ""Normal"": 0.0031173831870937837, ""PortScan"": 0.9849763504032812}",2026-09-17 09:42:28.813587+00,2026-09-17 09:42:28.813587+00,,RUNTIME,monitoring:22:11:579c4709b39b5d3a2a71c153b5df412242d1fc0eaf71fbc095cbc9be9558dfae:349,22,1364
8080,8080,5,PortScan,0.9858572377752948,"{""DDoS"": 0.011025379037612469, ""Normal"": 0.0031173831870937837, ""PortScan"": 0.9858572377752948}",2026-09-17 09:42:28.813587+00,2026-09-17 09:42:28.813587+00,,RUNTIME,monitoring:22:11:579c4709b39b5d3a2a71c153b5df412242d1fc0eaf71fbc095cbc9be9558dfae:350,22,1364
8081,8081,5,PortScan,0.9858572377752948,"{""DDoS"": 0.011025379037612469, ""Normal"": 0.0031173831870937837, ""PortScan"": 0.9858572377752948}",2026-09-17 09:42:28.813587+00,2026-09-17 09:42:28.813588+00,,RUNTIME,monitoring:22:11:579c4709b39b5d3a2a71c153b5df412242d1fc0eaf71fbc095cbc9be9558dfae:351,22,1364
8082,8082,5,PortScan,0.9858572377752948,"{""DDoS"": 0.011025379037612469, ""Normal"": 0.0031173831870937837, ""PortScan"": 0.9858572377752948}",2026-09-17 09:42:28.813588+00,2026-09-17 09:42:28.813588+00,,RUNTIME,monitoring:22:11:579c4709b39b5d3a2a71c153b5df412242d1fc0eaf71fbc095cbc9be9558dfae:352,22,1364
8083,8083,5,PortScan,0.9858572377752948,"{""DDoS"": 0.011025379037612469, ""Normal"": 0.0031173831870937837, ""PortScan"": 0.9858572377752948}",2026-09-17 09:42:28.813588+00,2026-09-17 09:42:28.813588+00,,RUNTIME,monitoring:22:11:579c4709b39b5d3a2a71c153b5df412242d1fc0eaf71fbc095cbc9be9558dfae:353,22,1364
8084,8084,5,PortScan,0.9858572377752948,"{""DDoS"": 0.011025379037612469, ""Normal"": 0.0031173831870937837, ""PortScan"": 0.9858572377752948}",2026-09-17 09:42:28.813588+00,2026-09-17 09:42:28.813589+00,,RUNTIME,monitoring:22:11:579c4709b39b5d3a2a71c153b5df412242d1fc0eaf71fbc095cbc9be9558dfae:354,22,1364
8085,8085,5,PortScan,0.9907723294453185,"{""DDoS"": 0.006077337496813229, ""Normal"": 0.003150333057869539, ""PortScan"": 0.9907723294453185}",2026-09-17 09:42:28.813589+00,2026-09-17 09:42:28.813589+00,,RUNTIME,monitoring:22:11:579c4709b39b5d3a2a71c153b5df412242d1fc0eaf71fbc095cbc9be9558dfae:355,22,1364
8086,8086,5,PortScan,0.9908097856182583,"{""DDoS"": 0.00603988132387339, ""Normal"": 0.003150333057869539, ""PortScan"": 0.9908097856182583}",2026-09-17 09:42:28.813589+00,2026-09-17 09:42:28.813589+00,,RUNTIME,monitoring:22:11:579c4709b39b5d3a2a71c153b5df412242d1fc0eaf71fbc095cbc9be9558dfae:356,22,1364
8087,8087,5,PortScan,0.9907723294453185,"{""DDoS"": 0.006077337496813229, ""Normal"": 0.003150333057869539, ""PortScan"": 0.9907723294453185}",2026-09-17 09:42:28.81359+00,2026-09-17 09:42:28.81359+00,,RUNTIME,monitoring:22:11:579c4709b39b5d3a2a71c153b5df412242d1fc0eaf71fbc095cbc9be9558dfae:357,22,1364
8088,8088,5,PortScan,0.9858572377752948,"{""DDoS"": 0.011025379037612469, ""Normal"": 0.0031173831870937837, ""PortScan"": 0.9858572377752948}",2026-09-17 09:42:28.81359+00,2026-09-17 09:42:28.81359+00,,RUNTIME,monitoring:22:11:579c4709b39b5d3a2a71c153b5df412242d1fc0eaf71fbc095cbc9be9558dfae:358,22,1364
8089,8089,5,PortScan,0.9849763504032812,"{""DDoS"": 0.01190626640962612, ""Normal"": 0.0031173831870937837, ""PortScan"": 0.9849763504032812}",2026-09-17 09:42:28.81359+00,2026-09-17 09:42:28.81359+00,,RUNTIME,monitoring:22:11:579c4709b39b5d3a2a71c153b5df412242d1fc0eaf71fbc095cbc9be9558dfae:359,22,1364
8090,8090,5,PortScan,0.9907723294453185,"{""DDoS"": 0.006077337496813229, ""Normal"": 0.003150333057869539, ""PortScan"": 0.9907723294453185}",2026-09-17 09:42:28.813591+00,2026-09-17 09:42:28.813591+00,,RUNTIME,monitoring:22:11:579c4709b39b5d3a2a71c153b5df412242d1fc0eaf71fbc095cbc9be9558dfae:360,22,1364
8091,8091,5,PortScan,0.9907723294453185,"{""DDoS"": 0.006077337496813229, ""Normal"": 0.003150333057869539, ""PortScan"": 0.9907723294453185}",2026-09-17 09:42:28.813591+00,2026-09-17 09:42:28.813591+00,,RUNTIME,monitoring:22:11:579c4709b39b5d3a2a71c153b5df412242d1fc0eaf71fbc095cbc9be9558dfae:361,22,1364
8092,8092,5,PortScan,0.9858572377752948,"{""DDoS"": 0.011025379037612469, ""Normal"": 0.0031173831870937837, ""PortScan"": 0.9858572377752948}",2026-09-17 09:42:28.813591+00,2026-09-17 09:42:28.813591+00,,RUNTIME,monitoring:22:11:579c4709b39b5d3a2a71c153b5df412242d1fc0eaf71fbc095cbc9be9558dfae:362,22,1364
8093,8093,5,PortScan,0.9907723294453185,"{""DDoS"": 0.00607733749681323, ""Normal"": 0.003150333057869539, ""PortScan"": 0.9907723294453185}",2026-09-17 09:42:28.813592+00,2026-09-17 09:42:28.813592+00,,RUNTIME,monitoring:22:11:579c4709b39b5d3a2a71c153b5df412242d1fc0eaf71fbc095cbc9be9558dfae:363,22,1364
8094,8094,5,PortScan,0.9858572377752948,"{""DDoS"": 0.011025379037612469, ""Normal"": 0.0031173831870937837, ""PortScan"": 0.9858572377752948}",2026-09-17 09:42:28.813592+00,2026-09-17 09:42:28.813592+00,,RUNTIME,monitoring:22:11:579c4709b39b5d3a2a71c153b5df412242d1fc0eaf71fbc095cbc9be9558dfae:364,22,1364
8095,8095,5,PortScan,0.9908097856182583,"{""DDoS"": 0.00603988132387339, ""Normal"": 0.003150333057869539, ""PortScan"": 0.9908097856182583}",2026-09-17 09:42:28.813592+00,2026-09-17 09:42:28.813593+00,,RUNTIME,monitoring:22:11:579c4709b39b5d3a2a71c153b5df412242d1fc0eaf71fbc095cbc9be9558dfae:365,22,1364
8096,8096,5,PortScan,0.9907723294453185,"{""DDoS"": 0.006077337496813229, ""Normal"": 0.003150333057869539, ""PortScan"": 0.9907723294453185}",2026-09-17 09:42:28.813593+00,2026-09-17 09:42:28.813593+00,,RUNTIME,monitoring:22:11:579c4709b39b5d3a2a71c153b5df412242d1fc0eaf71fbc095cbc9be9558dfae:366,22,1364
8097,8097,5,PortScan,0.9907723294453185,"{""DDoS"": 0.006077337496813229, ""Normal"": 0.003150333057869539, ""PortScan"": 0.9907723294453185}",2026-09-17 09:42:28.813593+00,2026-09-17 09:42:28.813593+00,,RUNTIME,monitoring:22:11:579c4709b39b5d3a2a71c153b5df412242d1fc0eaf71fbc095cbc9be9558dfae:367,22,1364
8098,8098,5,PortScan,0.9907723294453185,"{""DDoS"": 0.006077337496813229, ""Normal"": 0.003150333057869539, ""PortScan"": 0.9907723294453185}",2026-09-17 09:42:28.813593+00,2026-09-17 09:42:28.813594+00,,RUNTIME,monitoring:22:11:579c4709b39b5d3a2a71c153b5df412242d1fc0eaf71fbc095cbc9be9558dfae:368,22,1364
8099,8099,5,PortScan,0.9907723294453185,"{""DDoS"": 0.006077337496813229, ""Normal"": 0.003150333057869539, ""PortScan"": 0.9907723294453185}",2026-09-17 09:42:28.813594+00,2026-09-17 09:42:28.813594+00,,RUNTIME,monitoring:22:11:579c4709b39b5d3a2a71c153b5df412242d1fc0eaf71fbc095cbc9be9558dfae:369,22,1364
8100,8100,5,PortScan,0.9858572377752948,"{""DDoS"": 0.011025379037612469, ""Normal"": 0.0031173831870937837, ""PortScan"": 0.9858572377752948}",2026-09-17 09:42:28.813594+00,2026-09-17 09:42:28.813594+00,,RUNTIME,monitoring:22:11:579c4709b39b5d3a2a71c153b5df412242d1fc0eaf71fbc095cbc9be9558dfae:370,22,1364
8101,8101,5,PortScan,0.9858572377752948,"{""DDoS"": 0.011025379037612469, ""Normal"": 0.0031173831870937837, ""PortScan"": 0.9858572377752948}",2026-09-17 09:42:28.813595+00,2026-09-17 09:42:28.813595+00,,RUNTIME,monitoring:22:11:579c4709b39b5d3a2a71c153b5df412242d1fc0eaf71fbc095cbc9be9558dfae:371,22,1364
8102,8102,5,PortScan,0.9907723294453185,"{""DDoS"": 0.006077337496813229, ""Normal"": 0.003150333057869539, ""PortScan"": 0.9907723294453185}",2026-09-17 09:42:28.813595+00,2026-09-17 09:42:28.813595+00,,RUNTIME,monitoring:22:11:579c4709b39b5d3a2a71c153b5df412242d1fc0eaf71fbc095cbc9be9558dfae:372,22,1364
8103,8103,5,PortScan,0.9907723294453185,"{""DDoS"": 0.006077337496813229, ""Normal"": 0.003150333057869539, ""PortScan"": 0.9907723294453185}",2026-09-17 09:42:28.813595+00,2026-09-17 09:42:28.813595+00,,RUNTIME,monitoring:22:11:579c4709b39b5d3a2a71c153b5df412242d1fc0eaf71fbc095cbc9be9558dfae:373,22,1364
8104,8104,5,PortScan,0.991078245591263,"{""DDoS"": 0.005947894303711483, ""Normal"": 0.0029738601050267365, ""PortScan"": 0.991078245591263}",2026-09-17 09:42:28.813596+00,2026-09-17 09:42:28.813596+00,,RUNTIME,monitoring:22:11:579c4709b39b5d3a2a71c153b5df412242d1fc0eaf71fbc095cbc9be9558dfae:374,22,1364
8105,8105,5,PortScan,0.9907723294453185,"{""DDoS"": 0.006077337496813229, ""Normal"": 0.003150333057869539, ""PortScan"": 0.9907723294453185}",2026-09-17 09:42:28.813596+00,2026-09-17 09:42:28.813596+00,,RUNTIME,monitoring:22:11:579c4709b39b5d3a2a71c153b5df412242d1fc0eaf71fbc095cbc9be9558dfae:375,22,1364
8106,8106,5,PortScan,0.9907723294453185,"{""DDoS"": 0.006077337496813229, ""Normal"": 0.003150333057869539, ""PortScan"": 0.9907723294453185}",2026-09-17 09:42:28.813596+00,2026-09-17 09:42:28.813597+00,,RUNTIME,monitoring:22:11:579c4709b39b5d3a2a71c153b5df412242d1fc0eaf71fbc095cbc9be9558dfae:376,22,1364
8107,8107,5,PortScan,0.9858572377752948,"{""DDoS"": 0.011025379037612469, ""Normal"": 0.0031173831870937837, ""PortScan"": 0.9858572377752948}",2026-09-17 09:42:28.813597+00,2026-09-17 09:42:28.813597+00,,RUNTIME,monitoring:22:11:579c4709b39b5d3a2a71c153b5df412242d1fc0eaf71fbc095cbc9be9558dfae:377,22,1364
8108,8108,5,PortScan,0.9907723294453185,"{""DDoS"": 0.006077337496813229, ""Normal"": 0.003150333057869539, ""PortScan"": 0.9907723294453185}",2026-09-17 09:42:28.813597+00,2026-09-17 09:42:28.813597+00,,RUNTIME,monitoring:22:11:579c4709b39b5d3a2a71c153b5df412242d1fc0eaf71fbc095cbc9be9558dfae:378,22,1364
8109,8109,5,PortScan,0.9907723294453185,"{""DDoS"": 0.006077337496813229, ""Normal"": 0.003150333057869539, ""PortScan"": 0.9907723294453185}",2026-09-17 09:42:28.813598+00,2026-09-17 09:42:28.813598+00,,RUNTIME,monitoring:22:11:579c4709b39b5d3a2a71c153b5df412242d1fc0eaf71fbc095cbc9be9558dfae:379,22,1364
8110,8110,5,PortScan,0.9858572377752948,"{""DDoS"": 0.011025379037612469, ""Normal"": 0.0031173831870937837, ""PortScan"": 0.9858572377752948}",2026-09-17 09:42:28.813598+00,2026-09-17 09:42:28.813598+00,,RUNTIME,monitoring:22:11:579c4709b39b5d3a2a71c153b5df412242d1fc0eaf71fbc095cbc9be9558dfae:380,22,1364
8111,8111,5,PortScan,0.9849763504032812,"{""DDoS"": 0.01190626640962612, ""Normal"": 0.0031173831870937837, ""PortScan"": 0.9849763504032812}",2026-09-17 09:42:28.813598+00,2026-09-17 09:42:28.813599+00,,RUNTIME,monitoring:22:11:579c4709b39b5d3a2a71c153b5df412242d1fc0eaf71fbc095cbc9be9558dfae:381,22,1364
8112,8112,5,PortScan,0.991078245591263,"{""DDoS"": 0.005947894303711483, ""Normal"": 0.0029738601050267365, ""PortScan"": 0.991078245591263}",2026-09-17 09:42:28.813599+00,2026-09-17 09:42:28.813599+00,,RUNTIME,monitoring:22:11:579c4709b39b5d3a2a71c153b5df412242d1fc0eaf71fbc095cbc9be9558dfae:382,22,1364
8113,8113,5,PortScan,0.9907723294453185,"{""DDoS"": 0.006077337496813229, ""Normal"": 0.003150333057869539, ""PortScan"": 0.9907723294453185}",2026-09-17 09:42:28.813599+00,2026-09-17 09:42:28.813599+00,,RUNTIME,monitoring:22:11:579c4709b39b5d3a2a71c153b5df412242d1fc0eaf71fbc095cbc9be9558dfae:383,22,1364
8114,8114,5,PortScan,0.9907723294453185,"{""DDoS"": 0.006077337496813229, ""Normal"": 0.003150333057869539, ""PortScan"": 0.9907723294453185}",2026-09-17 09:42:28.813599+00,2026-09-17 09:42:28.8136+00,,RUNTIME,monitoring:22:11:579c4709b39b5d3a2a71c153b5df412242d1fc0eaf71fbc095cbc9be9558dfae:384,22,1364
8115,8115,5,PortScan,0.9629678505140081,"{""DDoS"": 0.029069938103161254, ""Normal"": 0.007962211382831671, ""PortScan"": 0.9629678505140081}",2026-09-17 09:42:28.8136+00,2026-09-17 09:42:28.8136+00,,RUNTIME,monitoring:22:11:579c4709b39b5d3a2a71c153b5df412242d1fc0eaf71fbc095cbc9be9558dfae:385,22,1364
8116,8116,5,PortScan,0.9858572377752948,"{""DDoS"": 0.011025379037612469, ""Normal"": 0.0031173831870937837, ""PortScan"": 0.9858572377752948}",2026-09-17 09:42:28.8136+00,2026-09-17 09:42:28.8136+00,,RUNTIME,monitoring:22:11:579c4709b39b5d3a2a71c153b5df412242d1fc0eaf71fbc095cbc9be9558dfae:386,22,1364
8117,8117,5,PortScan,0.9858572377752948,"{""DDoS"": 0.011025379037612469, ""Normal"": 0.0031173831870937837, ""PortScan"": 0.9858572377752948}",2026-09-17 09:42:28.813601+00,2026-09-17 09:42:28.813601+00,,RUNTIME,monitoring:22:11:579c4709b39b5d3a2a71c153b5df412242d1fc0eaf71fbc095cbc9be9558dfae:387,22,1364
8118,8118,5,PortScan,0.9858572377752948,"{""DDoS"": 0.011025379037612469, ""Normal"": 0.0031173831870937837, ""PortScan"": 0.9858572377752948}",2026-09-17 09:42:28.813601+00,2026-09-17 09:42:28.813601+00,,RUNTIME,monitoring:22:11:579c4709b39b5d3a2a71c153b5df412242d1fc0eaf71fbc095cbc9be9558dfae:388,22,1364
8119,8119,5,PortScan,0.9907723294453185,"{""DDoS"": 0.006077337496813229, ""Normal"": 0.003150333057869539, ""PortScan"": 0.9907723294453185}",2026-09-17 09:42:28.813601+00,2026-09-17 09:42:28.813601+00,,RUNTIME,monitoring:22:11:579c4709b39b5d3a2a71c153b5df412242d1fc0eaf71fbc095cbc9be9558dfae:389,22,1364
8120,8120,5,PortScan,0.9907723294453185,"{""DDoS"": 0.006077337496813229, ""Normal"": 0.003150333057869539, ""PortScan"": 0.9907723294453185}",2026-09-17 09:42:28.813602+00,2026-09-17 09:42:28.813602+00,,RUNTIME,monitoring:22:11:579c4709b39b5d3a2a71c153b5df412242d1fc0eaf71fbc095cbc9be9558dfae:390,22,1364
8121,8121,5,PortScan,0.9907723294453185,"{""DDoS"": 0.006077337496813229, ""Normal"": 0.003150333057869539, ""PortScan"": 0.9907723294453185}",2026-09-17 09:42:28.813602+00,2026-09-17 09:42:28.813602+00,,RUNTIME,monitoring:22:11:579c4709b39b5d3a2a71c153b5df412242d1fc0eaf71fbc095cbc9be9558dfae:391,22,1364
8122,8122,5,PortScan,0.9858572377752948,"{""DDoS"": 0.011025379037612469, ""Normal"": 0.0031173831870937837, ""PortScan"": 0.9858572377752948}",2026-09-17 09:42:28.813602+00,2026-09-17 09:42:28.813603+00,,RUNTIME,monitoring:22:11:579c4709b39b5d3a2a71c153b5df412242d1fc0eaf71fbc095cbc9be9558dfae:392,22,1364
8123,8123,5,PortScan,0.9858572377752948,"{""DDoS"": 0.011025379037612469, ""Normal"": 0.0031173831870937837, ""PortScan"": 0.9858572377752948}",2026-09-17 09:42:28.813603+00,2026-09-17 09:42:28.813603+00,,RUNTIME,monitoring:22:11:579c4709b39b5d3a2a71c153b5df412242d1fc0eaf71fbc095cbc9be9558dfae:393,22,1364
8124,8124,5,PortScan,0.9907723294453185,"{""DDoS"": 0.006077337496813229, ""Normal"": 0.003150333057869539, ""PortScan"": 0.9907723294453185}",2026-09-17 09:42:28.813603+00,2026-09-17 09:42:28.813603+00,,RUNTIME,monitoring:22:11:579c4709b39b5d3a2a71c153b5df412242d1fc0eaf71fbc095cbc9be9558dfae:394,22,1364
8125,8125,5,PortScan,0.9907723294453185,"{""DDoS"": 0.006077337496813229, ""Normal"": 0.003150333057869539, ""PortScan"": 0.9907723294453185}",2026-09-17 09:42:28.813603+00,2026-09-17 09:42:28.813604+00,,RUNTIME,monitoring:22:11:579c4709b39b5d3a2a71c153b5df412242d1fc0eaf71fbc095cbc9be9558dfae:395,22,1364
8126,8126,5,PortScan,0.9849763504032812,"{""DDoS"": 0.01190626640962612, ""Normal"": 0.0031173831870937837, ""PortScan"": 0.9849763504032812}",2026-09-17 09:42:28.813604+00,2026-09-17 09:42:28.813604+00,,RUNTIME,monitoring:22:11:579c4709b39b5d3a2a71c153b5df412242d1fc0eaf71fbc095cbc9be9558dfae:396,22,1364
8127,8127,5,PortScan,0.9907723294453185,"{""DDoS"": 0.006077337496813229, ""Normal"": 0.003150333057869539, ""PortScan"": 0.9907723294453185}",2026-09-17 09:42:28.813604+00,2026-09-17 09:42:28.813604+00,,RUNTIME,monitoring:22:11:579c4709b39b5d3a2a71c153b5df412242d1fc0eaf71fbc095cbc9be9558dfae:397,22,1364
8128,8128,5,PortScan,0.9858572377752948,"{""DDoS"": 0.011025379037612469, ""Normal"": 0.0031173831870937837, ""PortScan"": 0.9858572377752948}",2026-09-17 09:42:28.813605+00,2026-09-17 09:42:28.813605+00,,RUNTIME,monitoring:22:11:579c4709b39b5d3a2a71c153b5df412242d1fc0eaf71fbc095cbc9be9558dfae:398,22,1364
8129,8129,5,PortScan,0.9858572377752948,"{""DDoS"": 0.011025379037612469, ""Normal"": 0.0031173831870937837, ""PortScan"": 0.9858572377752948}",2026-09-17 09:42:28.813605+00,2026-09-17 09:42:28.813605+00,,RUNTIME,monitoring:22:11:579c4709b39b5d3a2a71c153b5df412242d1fc0eaf71fbc095cbc9be9558dfae:399,22,1364
8130,8130,5,PortScan,0.9907723294453185,"{""DDoS"": 0.006077337496813229, ""Normal"": 0.003150333057869539, ""PortScan"": 0.9907723294453185}",2026-09-17 09:42:28.813605+00,2026-09-17 09:42:28.813606+00,,RUNTIME,monitoring:22:11:579c4709b39b5d3a2a71c153b5df412242d1fc0eaf71fbc095cbc9be9558dfae:400,22,1364
8131,8131,5,PortScan,0.9858572377752948,"{""DDoS"": 0.011025379037612469, ""Normal"": 0.0031173831870937837, ""PortScan"": 0.9858572377752948}",2026-09-17 09:42:28.813606+00,2026-09-17 09:42:28.813606+00,,RUNTIME,monitoring:22:11:579c4709b39b5d3a2a71c153b5df412242d1fc0eaf71fbc095cbc9be9558dfae:401,22,1364
8132,8132,5,PortScan,0.9907723294453185,"{""DDoS"": 0.006077337496813229, ""Normal"": 0.003150333057869539, ""PortScan"": 0.9907723294453185}",2026-09-17 09:42:28.813606+00,2026-09-17 09:42:28.813606+00,,RUNTIME,monitoring:22:11:579c4709b39b5d3a2a71c153b5df412242d1fc0eaf71fbc095cbc9be9558dfae:402,22,1364
8133,8133,5,PortScan,0.991078245591263,"{""DDoS"": 0.005947894303711483, ""Normal"": 0.0029738601050267365, ""PortScan"": 0.991078245591263}",2026-09-17 09:42:28.813606+00,2026-09-17 09:42:28.813607+00,,RUNTIME,monitoring:22:11:579c4709b39b5d3a2a71c153b5df412242d1fc0eaf71fbc095cbc9be9558dfae:403,22,1364
8134,8134,5,PortScan,0.9907723294453185,"{""DDoS"": 0.006077337496813229, ""Normal"": 0.003150333057869539, ""PortScan"": 0.9907723294453185}",2026-09-17 09:42:28.813607+00,2026-09-17 09:42:28.813607+00,,RUNTIME,monitoring:22:11:579c4709b39b5d3a2a71c153b5df412242d1fc0eaf71fbc095cbc9be9558dfae:404,22,1364
8135,8135,5,PortScan,0.9908097856182583,"{""DDoS"": 0.00603988132387339, ""Normal"": 0.003150333057869539, ""PortScan"": 0.9908097856182583}",2026-09-17 09:42:28.813607+00,2026-09-17 09:42:28.813607+00,,RUNTIME,monitoring:22:11:579c4709b39b5d3a2a71c153b5df412242d1fc0eaf71fbc095cbc9be9558dfae:405,22,1364
8136,8136,5,PortScan,0.9907723294453185,"{""DDoS"": 0.006077337496813229, ""Normal"": 0.003150333057869539, ""PortScan"": 0.9907723294453185}",2026-09-17 09:42:28.813607+00,2026-09-17 09:42:28.813608+00,,RUNTIME,monitoring:22:11:579c4709b39b5d3a2a71c153b5df412242d1fc0eaf71fbc095cbc9be9558dfae:406,22,1364
8137,8137,5,PortScan,0.991078245591263,"{""DDoS"": 0.005947894303711483, ""Normal"": 0.0029738601050267365, ""PortScan"": 0.991078245591263}",2026-09-17 09:42:28.813608+00,2026-09-17 09:42:28.813608+00,,RUNTIME,monitoring:22:11:579c4709b39b5d3a2a71c153b5df412242d1fc0eaf71fbc095cbc9be9558dfae:407,22,1364
8138,8138,5,PortScan,0.9907723294453185,"{""DDoS"": 0.006077337496813229, ""Normal"": 0.003150333057869539, ""PortScan"": 0.9907723294453185}",2026-09-17 09:42:28.813608+00,2026-09-17 09:42:28.813608+00,,RUNTIME,monitoring:22:11:579c4709b39b5d3a2a71c153b5df412242d1fc0eaf71fbc095cbc9be9558dfae:408,22,1364
8139,8139,5,PortScan,0.9907723294453185,"{""DDoS"": 0.006077337496813229, ""Normal"": 0.003150333057869539, ""PortScan"": 0.9907723294453185}",2026-09-17 09:42:28.813609+00,2026-09-17 09:42:28.813609+00,,RUNTIME,monitoring:22:11:579c4709b39b5d3a2a71c153b5df412242d1fc0eaf71fbc095cbc9be9558dfae:409,22,1364
8140,8140,5,PortScan,0.9858572377752948,"{""DDoS"": 0.011025379037612469, ""Normal"": 0.0031173831870937837, ""PortScan"": 0.9858572377752948}",2026-09-17 09:42:28.813609+00,2026-09-17 09:42:28.813609+00,,RUNTIME,monitoring:22:11:579c4709b39b5d3a2a71c153b5df412242d1fc0eaf71fbc095cbc9be9558dfae:410,22,1364
8141,8141,5,PortScan,0.9907723294453185,"{""DDoS"": 0.006077337496813229, ""Normal"": 0.003150333057869539, ""PortScan"": 0.9907723294453185}",2026-09-17 09:42:28.81361+00,2026-09-17 09:42:28.81361+00,,RUNTIME,monitoring:22:11:579c4709b39b5d3a2a71c153b5df412242d1fc0eaf71fbc095cbc9be9558dfae:411,22,1364
8142,8142,5,PortScan,0.9908097856182583,"{""DDoS"": 0.00603988132387339, ""Normal"": 0.003150333057869539, ""PortScan"": 0.9908097856182583}",2026-09-17 09:42:28.81361+00,2026-09-17 09:42:28.81361+00,,RUNTIME,monitoring:22:11:579c4709b39b5d3a2a71c153b5df412242d1fc0eaf71fbc095cbc9be9558dfae:412,22,1364
8143,8143,5,PortScan,0.9908097856182583,"{""DDoS"": 0.00603988132387339, ""Normal"": 0.003150333057869539, ""PortScan"": 0.9908097856182583}",2026-09-17 09:42:28.81361+00,2026-09-17 09:42:28.81361+00,,RUNTIME,monitoring:22:11:579c4709b39b5d3a2a71c153b5df412242d1fc0eaf71fbc095cbc9be9558dfae:413,22,1364
8144,8144,5,PortScan,0.9858572377752948,"{""DDoS"": 0.011025379037612469, ""Normal"": 0.0031173831870937837, ""PortScan"": 0.9858572377752948}",2026-09-17 09:42:28.813611+00,2026-09-17 09:42:28.813611+00,,RUNTIME,monitoring:22:11:579c4709b39b5d3a2a71c153b5df412242d1fc0eaf71fbc095cbc9be9558dfae:414,22,1364
8145,8145,5,PortScan,0.9907723294453185,"{""DDoS"": 0.006077337496813229, ""Normal"": 0.003150333057869539, ""PortScan"": 0.9907723294453185}",2026-09-17 09:42:28.813611+00,2026-09-17 09:42:28.813611+00,,RUNTIME,monitoring:22:11:579c4709b39b5d3a2a71c153b5df412242d1fc0eaf71fbc095cbc9be9558dfae:415,22,1364
8146,8146,5,PortScan,0.9907723294453185,"{""DDoS"": 0.006077337496813229, ""Normal"": 0.003150333057869539, ""PortScan"": 0.9907723294453185}",2026-09-17 09:42:28.813611+00,2026-09-17 09:42:28.813612+00,,RUNTIME,monitoring:22:11:579c4709b39b5d3a2a71c153b5df412242d1fc0eaf71fbc095cbc9be9558dfae:416,22,1364
8147,8147,5,PortScan,0.9907723294453185,"{""DDoS"": 0.006077337496813229, ""Normal"": 0.003150333057869539, ""PortScan"": 0.9907723294453185}",2026-09-17 09:42:28.813612+00,2026-09-17 09:42:28.813612+00,,RUNTIME,monitoring:22:11:579c4709b39b5d3a2a71c153b5df412242d1fc0eaf71fbc095cbc9be9558dfae:417,22,1364
8148,8148,5,PortScan,0.9907723294453185,"{""DDoS"": 0.006077337496813229, ""Normal"": 0.003150333057869539, ""PortScan"": 0.9907723294453185}",2026-09-17 09:42:28.813612+00,2026-09-17 09:42:28.813612+00,,RUNTIME,monitoring:22:11:579c4709b39b5d3a2a71c153b5df412242d1fc0eaf71fbc095cbc9be9558dfae:418,22,1364
8149,8149,5,PortScan,0.9907723294453185,"{""DDoS"": 0.006077337496813229, ""Normal"": 0.003150333057869539, ""PortScan"": 0.9907723294453185}",2026-09-17 09:42:28.813612+00,2026-09-17 09:42:28.813613+00,,RUNTIME,monitoring:22:11:579c4709b39b5d3a2a71c153b5df412242d1fc0eaf71fbc095cbc9be9558dfae:419,22,1364
8150,8150,5,PortScan,0.9907723294453185,"{""DDoS"": 0.006077337496813229, ""Normal"": 0.003150333057869539, ""PortScan"": 0.9907723294453185}",2026-09-17 09:42:28.813613+00,2026-09-17 09:42:28.813613+00,,RUNTIME,monitoring:22:11:579c4709b39b5d3a2a71c153b5df412242d1fc0eaf71fbc095cbc9be9558dfae:420,22,1364
8151,8151,5,PortScan,0.9907723294453185,"{""DDoS"": 0.006077337496813229, ""Normal"": 0.003150333057869539, ""PortScan"": 0.9907723294453185}",2026-09-17 09:42:28.813613+00,2026-09-17 09:42:28.813613+00,,RUNTIME,monitoring:22:11:579c4709b39b5d3a2a71c153b5df412242d1fc0eaf71fbc095cbc9be9558dfae:421,22,1364
8152,8152,5,PortScan,0.9907723294453185,"{""DDoS"": 0.006077337496813229, ""Normal"": 0.003150333057869539, ""PortScan"": 0.9907723294453185}",2026-09-17 09:42:28.813614+00,2026-09-17 09:42:28.813614+00,,RUNTIME,monitoring:22:11:579c4709b39b5d3a2a71c153b5df412242d1fc0eaf71fbc095cbc9be9558dfae:422,22,1364
8153,8153,5,PortScan,0.9907723294453185,"{""DDoS"": 0.006077337496813229, ""Normal"": 0.003150333057869539, ""PortScan"": 0.9907723294453185}",2026-09-17 09:42:28.813614+00,2026-09-17 09:42:28.813614+00,,RUNTIME,monitoring:22:11:579c4709b39b5d3a2a71c153b5df412242d1fc0eaf71fbc095cbc9be9558dfae:423,22,1364
8154,8154,5,PortScan,0.9858572377752948,"{""DDoS"": 0.011025379037612469, ""Normal"": 0.0031173831870937837, ""PortScan"": 0.9858572377752948}",2026-09-17 09:42:28.813614+00,2026-09-17 09:42:28.813614+00,,RUNTIME,monitoring:22:11:579c4709b39b5d3a2a71c153b5df412242d1fc0eaf71fbc095cbc9be9558dfae:424,22,1364
8155,8155,5,PortScan,0.9858572377752948,"{""DDoS"": 0.011025379037612469, ""Normal"": 0.0031173831870937837, ""PortScan"": 0.9858572377752948}",2026-09-17 09:42:28.813615+00,2026-09-17 09:42:28.813615+00,,RUNTIME,monitoring:22:11:579c4709b39b5d3a2a71c153b5df412242d1fc0eaf71fbc095cbc9be9558dfae:425,22,1364
8156,8156,5,PortScan,0.9858572377752948,"{""DDoS"": 0.011025379037612469, ""Normal"": 0.0031173831870937837, ""PortScan"": 0.9858572377752948}",2026-09-17 09:42:28.813615+00,2026-09-17 09:42:28.813615+00,,RUNTIME,monitoring:22:11:579c4709b39b5d3a2a71c153b5df412242d1fc0eaf71fbc095cbc9be9558dfae:426,22,1364
8157,8157,5,PortScan,0.9849763504032812,"{""DDoS"": 0.01190626640962612, ""Normal"": 0.0031173831870937837, ""PortScan"": 0.9849763504032812}",2026-09-17 09:42:28.813615+00,2026-09-17 09:42:28.813616+00,,RUNTIME,monitoring:22:11:579c4709b39b5d3a2a71c153b5df412242d1fc0eaf71fbc095cbc9be9558dfae:427,22,1364
8158,8158,5,PortScan,0.9907723294453185,"{""DDoS"": 0.006077337496813229, ""Normal"": 0.003150333057869539, ""PortScan"": 0.9907723294453185}",2026-09-17 09:42:28.813616+00,2026-09-17 09:42:28.813616+00,,RUNTIME,monitoring:22:11:579c4709b39b5d3a2a71c153b5df412242d1fc0eaf71fbc095cbc9be9558dfae:428,22,1364
8159,8159,5,PortScan,0.9858572377752948,"{""DDoS"": 0.011025379037612469, ""Normal"": 0.0031173831870937837, ""PortScan"": 0.9858572377752948}",2026-09-17 09:42:28.813616+00,2026-09-17 09:42:28.813616+00,,RUNTIME,monitoring:22:11:579c4709b39b5d3a2a71c153b5df412242d1fc0eaf71fbc095cbc9be9558dfae:429,22,1364
8160,8160,5,PortScan,0.9879052881329854,"{""DDoS"": 0.006482568294333889, ""Normal"": 0.005612143572681966, ""PortScan"": 0.9879052881329854}",2026-09-17 09:42:28.813616+00,2026-09-17 09:42:28.813617+00,,RUNTIME,monitoring:22:11:579c4709b39b5d3a2a71c153b5df412242d1fc0eaf71fbc095cbc9be9558dfae:430,22,1364
8161,8161,5,PortScan,0.9907723294453185,"{""DDoS"": 0.006077337496813229, ""Normal"": 0.003150333057869539, ""PortScan"": 0.9907723294453185}",2026-09-17 09:42:28.813617+00,2026-09-17 09:42:28.813617+00,,RUNTIME,monitoring:22:11:579c4709b39b5d3a2a71c153b5df412242d1fc0eaf71fbc095cbc9be9558dfae:431,22,1364
8162,8162,5,PortScan,0.9907723294453185,"{""DDoS"": 0.006077337496813229, ""Normal"": 0.003150333057869539, ""PortScan"": 0.9907723294453185}",2026-09-17 09:42:28.813617+00,2026-09-17 09:42:28.813617+00,,RUNTIME,monitoring:22:11:579c4709b39b5d3a2a71c153b5df412242d1fc0eaf71fbc095cbc9be9558dfae:432,22,1364
8163,8163,5,PortScan,0.9907723294453185,"{""DDoS"": 0.006077337496813229, ""Normal"": 0.003150333057869539, ""PortScan"": 0.9907723294453185}",2026-09-17 09:42:28.813618+00,2026-09-17 09:42:28.813618+00,,RUNTIME,monitoring:22:11:579c4709b39b5d3a2a71c153b5df412242d1fc0eaf71fbc095cbc9be9558dfae:433,22,1364
8164,8164,5,PortScan,0.9907723294453185,"{""DDoS"": 0.006077337496813229, ""Normal"": 0.003150333057869539, ""PortScan"": 0.9907723294453185}",2026-09-17 09:42:28.813618+00,2026-09-17 09:42:28.813618+00,,RUNTIME,monitoring:22:11:579c4709b39b5d3a2a71c153b5df412242d1fc0eaf71fbc095cbc9be9558dfae:434,22,1364
8165,8165,5,PortScan,0.9858572377752948,"{""DDoS"": 0.011025379037612469, ""Normal"": 0.0031173831870937837, ""PortScan"": 0.9858572377752948}",2026-09-17 09:42:28.813618+00,2026-09-17 09:42:28.813618+00,,RUNTIME,monitoring:22:11:579c4709b39b5d3a2a71c153b5df412242d1fc0eaf71fbc095cbc9be9558dfae:435,22,1364
8166,8166,5,PortScan,0.9907723294453185,"{""DDoS"": 0.006077337496813229, ""Normal"": 0.003150333057869539, ""PortScan"": 0.9907723294453185}",2026-09-17 09:42:28.813619+00,2026-09-17 09:42:28.813619+00,,RUNTIME,monitoring:22:11:579c4709b39b5d3a2a71c153b5df412242d1fc0eaf71fbc095cbc9be9558dfae:436,22,1364
8167,8167,5,PortScan,0.991078245591263,"{""DDoS"": 0.005947894303711483, ""Normal"": 0.0029738601050267365, ""PortScan"": 0.991078245591263}",2026-09-17 09:42:28.813619+00,2026-09-17 09:42:28.813619+00,,RUNTIME,monitoring:22:11:579c4709b39b5d3a2a71c153b5df412242d1fc0eaf71fbc095cbc9be9558dfae:437,22,1364
8168,8168,5,PortScan,0.9908097856182583,"{""DDoS"": 0.00603988132387339, ""Normal"": 0.003150333057869539, ""PortScan"": 0.9908097856182583}",2026-09-17 09:42:28.813619+00,2026-09-17 09:42:28.81362+00,,RUNTIME,monitoring:22:11:579c4709b39b5d3a2a71c153b5df412242d1fc0eaf71fbc095cbc9be9558dfae:438,22,1364
8169,8169,5,PortScan,0.9899288982462445,"{""DDoS"": 0.006920768695887043, ""Normal"": 0.003150333057869539, ""PortScan"": 0.9899288982462445}",2026-09-17 09:42:28.81362+00,2026-09-17 09:42:28.81362+00,,RUNTIME,monitoring:22:11:579c4709b39b5d3a2a71c153b5df412242d1fc0eaf71fbc095cbc9be9558dfae:439,22,1364
8170,8170,5,PortScan,0.9907723294453185,"{""DDoS"": 0.006077337496813229, ""Normal"": 0.003150333057869539, ""PortScan"": 0.9907723294453185}",2026-09-17 09:42:28.81362+00,2026-09-17 09:42:28.81362+00,,RUNTIME,monitoring:22:11:579c4709b39b5d3a2a71c153b5df412242d1fc0eaf71fbc095cbc9be9558dfae:440,22,1364
8171,8171,5,PortScan,0.9858572377752948,"{""DDoS"": 0.011025379037612469, ""Normal"": 0.0031173831870937837, ""PortScan"": 0.9858572377752948}",2026-09-17 09:42:28.81362+00,2026-09-17 09:42:28.813621+00,,RUNTIME,monitoring:22:11:579c4709b39b5d3a2a71c153b5df412242d1fc0eaf71fbc095cbc9be9558dfae:441,22,1364
8172,8172,5,PortScan,0.9858572377752948,"{""DDoS"": 0.011025379037612469, ""Normal"": 0.0031173831870937837, ""PortScan"": 0.9858572377752948}",2026-09-17 09:42:28.813621+00,2026-09-17 09:42:28.813621+00,,RUNTIME,monitoring:22:11:579c4709b39b5d3a2a71c153b5df412242d1fc0eaf71fbc095cbc9be9558dfae:442,22,1364
8173,8173,5,PortScan,0.9907723294453185,"{""DDoS"": 0.006077337496813229, ""Normal"": 0.003150333057869539, ""PortScan"": 0.9907723294453185}",2026-09-17 09:42:28.813621+00,2026-09-17 09:42:28.813621+00,,RUNTIME,monitoring:22:11:579c4709b39b5d3a2a71c153b5df412242d1fc0eaf71fbc095cbc9be9558dfae:443,22,1364
8174,8174,5,PortScan,0.9908097856182583,"{""DDoS"": 0.00603988132387339, ""Normal"": 0.003150333057869539, ""PortScan"": 0.9908097856182583}",2026-09-17 09:42:28.813621+00,2026-09-17 09:42:28.813622+00,,RUNTIME,monitoring:22:11:579c4709b39b5d3a2a71c153b5df412242d1fc0eaf71fbc095cbc9be9558dfae:444,22,1364
8175,8175,5,PortScan,0.9907723294453185,"{""DDoS"": 0.006077337496813229, ""Normal"": 0.003150333057869539, ""PortScan"": 0.9907723294453185}",2026-09-17 09:42:28.813622+00,2026-09-17 09:42:28.813622+00,,RUNTIME,monitoring:22:11:579c4709b39b5d3a2a71c153b5df412242d1fc0eaf71fbc095cbc9be9558dfae:445,22,1364
8176,8176,5,PortScan,0.9858572377752948,"{""DDoS"": 0.011025379037612469, ""Normal"": 0.0031173831870937837, ""PortScan"": 0.9858572377752948}",2026-09-17 09:42:28.813622+00,2026-09-17 09:42:28.813622+00,,RUNTIME,monitoring:22:11:579c4709b39b5d3a2a71c153b5df412242d1fc0eaf71fbc095cbc9be9558dfae:446,22,1364
8177,8177,5,PortScan,0.9858572377752948,"{""DDoS"": 0.011025379037612469, ""Normal"": 0.0031173831870937837, ""PortScan"": 0.9858572377752948}",2026-09-17 09:42:28.813623+00,2026-09-17 09:42:28.813623+00,,RUNTIME,monitoring:22:11:579c4709b39b5d3a2a71c153b5df412242d1fc0eaf71fbc095cbc9be9558dfae:447,22,1364
8178,8178,5,PortScan,0.9907723294453185,"{""DDoS"": 0.006077337496813229, ""Normal"": 0.003150333057869539, ""PortScan"": 0.9907723294453185}",2026-09-17 09:42:28.813623+00,2026-09-17 09:42:28.813623+00,,RUNTIME,monitoring:22:11:579c4709b39b5d3a2a71c153b5df412242d1fc0eaf71fbc095cbc9be9558dfae:448,22,1364
8179,8179,5,PortScan,0.9907723294453185,"{""DDoS"": 0.006077337496813229, ""Normal"": 0.003150333057869539, ""PortScan"": 0.9907723294453185}",2026-09-17 09:42:28.813623+00,2026-09-17 09:42:28.813624+00,,RUNTIME,monitoring:22:11:579c4709b39b5d3a2a71c153b5df412242d1fc0eaf71fbc095cbc9be9558dfae:449,22,1364
8180,8180,5,PortScan,0.9858572377752948,"{""DDoS"": 0.011025379037612469, ""Normal"": 0.0031173831870937837, ""PortScan"": 0.9858572377752948}",2026-09-17 09:42:28.813624+00,2026-09-17 09:42:28.813624+00,,RUNTIME,monitoring:22:11:579c4709b39b5d3a2a71c153b5df412242d1fc0eaf71fbc095cbc9be9558dfae:450,22,1364
8181,8181,5,PortScan,0.9907723294453185,"{""DDoS"": 0.006077337496813229, ""Normal"": 0.003150333057869539, ""PortScan"": 0.9907723294453185}",2026-09-17 09:42:28.813624+00,2026-09-17 09:42:28.813624+00,,RUNTIME,monitoring:22:11:579c4709b39b5d3a2a71c153b5df412242d1fc0eaf71fbc095cbc9be9558dfae:451,22,1364
8182,8182,5,PortScan,0.9908097856182583,"{""DDoS"": 0.00603988132387339, ""Normal"": 0.003150333057869539, ""PortScan"": 0.9908097856182583}",2026-09-17 09:42:28.813624+00,2026-09-17 09:42:28.813625+00,,RUNTIME,monitoring:22:11:579c4709b39b5d3a2a71c153b5df412242d1fc0eaf71fbc095cbc9be9558dfae:452,22,1364
8183,8183,5,PortScan,0.9858572377752948,"{""DDoS"": 0.011025379037612469, ""Normal"": 0.0031173831870937837, ""PortScan"": 0.9858572377752948}",2026-09-17 09:42:28.813625+00,2026-09-17 09:42:28.813625+00,,RUNTIME,monitoring:22:11:579c4709b39b5d3a2a71c153b5df412242d1fc0eaf71fbc095cbc9be9558dfae:453,22,1364
8184,8184,5,PortScan,0.9858572377752948,"{""DDoS"": 0.011025379037612469, ""Normal"": 0.0031173831870937837, ""PortScan"": 0.9858572377752948}",2026-09-17 09:42:28.813625+00,2026-09-17 09:42:28.813625+00,,RUNTIME,monitoring:22:11:579c4709b39b5d3a2a71c153b5df412242d1fc0eaf71fbc095cbc9be9558dfae:454,22,1364
8185,8185,5,PortScan,0.9907723294453185,"{""DDoS"": 0.006077337496813229, ""Normal"": 0.003150333057869539, ""PortScan"": 0.9907723294453185}",2026-09-17 09:42:28.813626+00,2026-09-17 09:42:28.813626+00,,RUNTIME,monitoring:22:11:579c4709b39b5d3a2a71c153b5df412242d1fc0eaf71fbc095cbc9be9558dfae:455,22,1364
8186,8186,5,PortScan,0.9907723294453185,"{""DDoS"": 0.006077337496813229, ""Normal"": 0.003150333057869539, ""PortScan"": 0.9907723294453185}",2026-09-17 09:42:28.813626+00,2026-09-17 09:42:28.813626+00,,RUNTIME,monitoring:22:11:579c4709b39b5d3a2a71c153b5df412242d1fc0eaf71fbc095cbc9be9558dfae:456,22,1364
8187,8187,5,PortScan,0.9858572377752948,"{""DDoS"": 0.011025379037612469, ""Normal"": 0.0031173831870937837, ""PortScan"": 0.9858572377752948}",2026-09-17 09:42:28.813626+00,2026-09-17 09:42:28.813626+00,,RUNTIME,monitoring:22:11:579c4709b39b5d3a2a71c153b5df412242d1fc0eaf71fbc095cbc9be9558dfae:457,22,1364
8188,8188,5,PortScan,0.9907723294453185,"{""DDoS"": 0.006077337496813229, ""Normal"": 0.003150333057869539, ""PortScan"": 0.9907723294453185}",2026-09-17 09:42:28.813627+00,2026-09-17 09:42:28.813627+00,,RUNTIME,monitoring:22:11:579c4709b39b5d3a2a71c153b5df412242d1fc0eaf71fbc095cbc9be9558dfae:458,22,1364
8189,8189,5,PortScan,0.9907723294453185,"{""DDoS"": 0.006077337496813229, ""Normal"": 0.003150333057869539, ""PortScan"": 0.9907723294453185}",2026-09-17 09:42:28.813627+00,2026-09-17 09:42:28.813627+00,,RUNTIME,monitoring:22:11:579c4709b39b5d3a2a71c153b5df412242d1fc0eaf71fbc095cbc9be9558dfae:459,22,1364
8190,8190,5,PortScan,0.9907723294453185,"{""DDoS"": 0.006077337496813229, ""Normal"": 0.003150333057869539, ""PortScan"": 0.9907723294453185}",2026-09-17 09:42:28.813627+00,2026-09-17 09:42:28.813628+00,,RUNTIME,monitoring:22:11:579c4709b39b5d3a2a71c153b5df412242d1fc0eaf71fbc095cbc9be9558dfae:460,22,1364
8191,8191,5,PortScan,0.9880724137187,"{""DDoS"": 0.006482568294333889, ""Normal"": 0.005445017986967172, ""PortScan"": 0.9880724137187}",2026-09-17 09:42:28.813628+00,2026-09-17 09:42:28.813628+00,,RUNTIME,monitoring:22:11:579c4709b39b5d3a2a71c153b5df412242d1fc0eaf71fbc095cbc9be9558dfae:461,22,1364
8192,8192,5,PortScan,0.9907723294453185,"{""DDoS"": 0.00607733749681323, ""Normal"": 0.003150333057869539, ""PortScan"": 0.9907723294453185}",2026-09-17 09:42:28.813628+00,2026-09-17 09:42:28.813628+00,,RUNTIME,monitoring:22:11:579c4709b39b5d3a2a71c153b5df412242d1fc0eaf71fbc095cbc9be9558dfae:462,22,1364
8193,8193,5,PortScan,0.9907723294453185,"{""DDoS"": 0.006077337496813229, ""Normal"": 0.003150333057869539, ""PortScan"": 0.9907723294453185}",2026-09-17 09:42:28.813628+00,2026-09-17 09:42:28.813629+00,,RUNTIME,monitoring:22:11:579c4709b39b5d3a2a71c153b5df412242d1fc0eaf71fbc095cbc9be9558dfae:463,22,1364
8194,8194,5,PortScan,0.9807410369802422,"{""DDoS"": 0.01190626640962612, ""Normal"": 0.007352696610132838, ""PortScan"": 0.9807410369802422}",2026-09-17 09:42:28.813629+00,2026-09-17 09:42:28.813629+00,,RUNTIME,monitoring:22:11:579c4709b39b5d3a2a71c153b5df412242d1fc0eaf71fbc095cbc9be9558dfae:464,22,1364
8195,8195,5,PortScan,0.9858572377752948,"{""DDoS"": 0.011025379037612469, ""Normal"": 0.0031173831870937837, ""PortScan"": 0.9858572377752948}",2026-09-17 09:42:28.813629+00,2026-09-17 09:42:28.813629+00,,RUNTIME,monitoring:22:11:579c4709b39b5d3a2a71c153b5df412242d1fc0eaf71fbc095cbc9be9558dfae:465,22,1364
8196,8196,5,PortScan,0.9858572377752948,"{""DDoS"": 0.011025379037612469, ""Normal"": 0.0031173831870937837, ""PortScan"": 0.9858572377752948}",2026-09-17 09:42:28.81363+00,2026-09-17 09:42:28.81363+00,,RUNTIME,monitoring:22:11:579c4709b39b5d3a2a71c153b5df412242d1fc0eaf71fbc095cbc9be9558dfae:466,22,1364
8197,8197,5,PortScan,0.9629678505140081,"{""DDoS"": 0.029069938103161254, ""Normal"": 0.007962211382831671, ""PortScan"": 0.9629678505140081}",2026-09-17 09:42:28.81363+00,2026-09-17 09:42:28.81363+00,,RUNTIME,monitoring:22:11:579c4709b39b5d3a2a71c153b5df412242d1fc0eaf71fbc095cbc9be9558dfae:467,22,1364
8198,8198,5,PortScan,0.9858572377752948,"{""DDoS"": 0.011025379037612469, ""Normal"": 0.0031173831870937837, ""PortScan"": 0.9858572377752948}",2026-09-17 09:42:28.81363+00,2026-09-17 09:42:28.813631+00,,RUNTIME,monitoring:22:11:579c4709b39b5d3a2a71c153b5df412242d1fc0eaf71fbc095cbc9be9558dfae:468,22,1364
8199,8199,5,PortScan,0.9907723294453185,"{""DDoS"": 0.006077337496813229, ""Normal"": 0.003150333057869539, ""PortScan"": 0.9907723294453185}",2026-09-17 09:42:28.813631+00,2026-09-17 09:42:28.813631+00,,RUNTIME,monitoring:22:11:579c4709b39b5d3a2a71c153b5df412242d1fc0eaf71fbc095cbc9be9558dfae:469,22,1364
8200,8200,5,PortScan,0.9907723294453185,"{""DDoS"": 0.006077337496813229, ""Normal"": 0.003150333057869539, ""PortScan"": 0.9907723294453185}",2026-09-17 09:42:28.813631+00,2026-09-17 09:42:28.813632+00,,RUNTIME,monitoring:22:11:579c4709b39b5d3a2a71c153b5df412242d1fc0eaf71fbc095cbc9be9558dfae:470,22,1364
8201,8201,5,PortScan,0.9849763504032812,"{""DDoS"": 0.01190626640962612, ""Normal"": 0.0031173831870937837, ""PortScan"": 0.9849763504032812}",2026-09-17 09:42:28.813632+00,2026-09-17 09:42:28.813632+00,,RUNTIME,monitoring:22:11:579c4709b39b5d3a2a71c153b5df412242d1fc0eaf71fbc095cbc9be9558dfae:471,22,1364
8202,8202,5,PortScan,0.9907723294453185,"{""DDoS"": 0.006077337496813229, ""Normal"": 0.003150333057869539, ""PortScan"": 0.9907723294453185}",2026-09-17 09:42:28.813632+00,2026-09-17 09:42:28.813632+00,,RUNTIME,monitoring:22:11:579c4709b39b5d3a2a71c153b5df412242d1fc0eaf71fbc095cbc9be9558dfae:472,22,1364
8203,8203,5,PortScan,0.9858572377752948,"{""DDoS"": 0.011025379037612469, ""Normal"": 0.0031173831870937837, ""PortScan"": 0.9858572377752948}",2026-09-17 09:42:28.813633+00,2026-09-17 09:42:28.813633+00,,RUNTIME,monitoring:22:11:579c4709b39b5d3a2a71c153b5df412242d1fc0eaf71fbc095cbc9be9558dfae:473,22,1364
8204,8204,5,PortScan,0.9907723294453185,"{""DDoS"": 0.006077337496813229, ""Normal"": 0.003150333057869539, ""PortScan"": 0.9907723294453185}",2026-09-17 09:42:28.813633+00,2026-09-17 09:42:28.813633+00,,RUNTIME,monitoring:22:11:579c4709b39b5d3a2a71c153b5df412242d1fc0eaf71fbc095cbc9be9558dfae:474,22,1364
8205,8205,5,PortScan,0.9858572377752948,"{""DDoS"": 0.011025379037612469, ""Normal"": 0.0031173831870937837, ""PortScan"": 0.9858572377752948}",2026-09-17 09:42:28.813633+00,2026-09-17 09:42:28.813634+00,,RUNTIME,monitoring:22:11:579c4709b39b5d3a2a71c153b5df412242d1fc0eaf71fbc095cbc9be9558dfae:475,22,1364
8206,8206,5,PortScan,0.9880511280722983,"{""DDoS"": 0.00603988132387339, ""Normal"": 0.0059089906038293505, ""PortScan"": 0.9880511280722983}",2026-09-17 09:42:28.813634+00,2026-09-17 09:42:28.813634+00,,RUNTIME,monitoring:22:11:579c4709b39b5d3a2a71c153b5df412242d1fc0eaf71fbc095cbc9be9558dfae:476,22,1364
8207,8207,5,PortScan,0.9629678505140081,"{""DDoS"": 0.029069938103161254, ""Normal"": 0.007962211382831671, ""PortScan"": 0.9629678505140081}",2026-09-17 09:42:28.813634+00,2026-09-17 09:42:28.813634+00,,RUNTIME,monitoring:22:11:579c4709b39b5d3a2a71c153b5df412242d1fc0eaf71fbc095cbc9be9558dfae:477,22,1364
8208,8208,5,PortScan,0.9907723294453185,"{""DDoS"": 0.006077337496813229, ""Normal"": 0.003150333057869539, ""PortScan"": 0.9907723294453185}",2026-09-17 09:42:28.813635+00,2026-09-17 09:42:28.813635+00,,RUNTIME,monitoring:22:11:579c4709b39b5d3a2a71c153b5df412242d1fc0eaf71fbc095cbc9be9558dfae:478,22,1364
8209,8209,5,PortScan,0.9907723294453185,"{""DDoS"": 0.006077337496813229, ""Normal"": 0.003150333057869539, ""PortScan"": 0.9907723294453185}",2026-09-17 09:42:28.813635+00,2026-09-17 09:42:28.813635+00,,RUNTIME,monitoring:22:11:579c4709b39b5d3a2a71c153b5df412242d1fc0eaf71fbc095cbc9be9558dfae:479,22,1364
8210,8210,5,PortScan,0.9907723294453185,"{""DDoS"": 0.006077337496813229, ""Normal"": 0.003150333057869539, ""PortScan"": 0.9907723294453185}",2026-09-17 09:42:28.813635+00,2026-09-17 09:42:28.813635+00,,RUNTIME,monitoring:22:11:579c4709b39b5d3a2a71c153b5df412242d1fc0eaf71fbc095cbc9be9558dfae:480,22,1364
8211,8211,5,PortScan,0.9899288982462445,"{""DDoS"": 0.006920768695887043, ""Normal"": 0.003150333057869539, ""PortScan"": 0.9899288982462445}",2026-09-17 09:42:28.813636+00,2026-09-17 09:42:28.813636+00,,RUNTIME,monitoring:22:11:579c4709b39b5d3a2a71c153b5df412242d1fc0eaf71fbc095cbc9be9558dfae:481,22,1364
8212,8212,5,PortScan,0.9907723294453185,"{""DDoS"": 0.006077337496813229, ""Normal"": 0.003150333057869539, ""PortScan"": 0.9907723294453185}",2026-09-17 09:42:28.813636+00,2026-09-17 09:42:28.813636+00,,RUNTIME,monitoring:22:11:579c4709b39b5d3a2a71c153b5df412242d1fc0eaf71fbc095cbc9be9558dfae:482,22,1364
8213,8213,5,PortScan,0.9907723294453185,"{""DDoS"": 0.006077337496813229, ""Normal"": 0.003150333057869539, ""PortScan"": 0.9907723294453185}",2026-09-17 09:42:28.813636+00,2026-09-17 09:42:28.813637+00,,RUNTIME,monitoring:22:11:579c4709b39b5d3a2a71c153b5df412242d1fc0eaf71fbc095cbc9be9558dfae:483,22,1364
8214,8214,5,PortScan,0.9858572377752948,"{""DDoS"": 0.011025379037612469, ""Normal"": 0.0031173831870937837, ""PortScan"": 0.9858572377752948}",2026-09-17 09:42:28.813637+00,2026-09-17 09:42:28.813637+00,,RUNTIME,monitoring:22:11:579c4709b39b5d3a2a71c153b5df412242d1fc0eaf71fbc095cbc9be9558dfae:484,22,1364
8215,8215,5,PortScan,0.43450175929957896,"{""DDoS"": 0.2510407726814315, ""Normal"": 0.31445746801898994, ""PortScan"": 0.43450175929957896}",2026-09-17 09:42:28.813637+00,2026-09-17 09:42:28.813637+00,,RUNTIME,monitoring:22:11:579c4709b39b5d3a2a71c153b5df412242d1fc0eaf71fbc095cbc9be9558dfae:485,22,1364
8216,8216,5,PortScan,0.9907723294453185,"{""DDoS"": 0.006077337496813229, ""Normal"": 0.003150333057869539, ""PortScan"": 0.9907723294453185}",2026-09-17 09:42:28.813638+00,2026-09-17 09:42:28.813638+00,,RUNTIME,monitoring:22:11:579c4709b39b5d3a2a71c153b5df412242d1fc0eaf71fbc095cbc9be9558dfae:486,22,1364
8217,8217,5,PortScan,0.9858572377752948,"{""DDoS"": 0.011025379037612469, ""Normal"": 0.0031173831870937837, ""PortScan"": 0.9858572377752948}",2026-09-17 09:42:28.813638+00,2026-09-17 09:42:28.813638+00,,RUNTIME,monitoring:22:11:579c4709b39b5d3a2a71c153b5df412242d1fc0eaf71fbc095cbc9be9558dfae:487,22,1364
8218,8218,5,PortScan,0.9858572377752948,"{""DDoS"": 0.011025379037612469, ""Normal"": 0.0031173831870937837, ""PortScan"": 0.9858572377752948}",2026-09-17 09:42:28.813638+00,2026-09-17 09:42:28.813638+00,,RUNTIME,monitoring:22:11:579c4709b39b5d3a2a71c153b5df412242d1fc0eaf71fbc095cbc9be9558dfae:488,22,1364
8219,8219,5,PortScan,0.9858572377752948,"{""DDoS"": 0.011025379037612469, ""Normal"": 0.0031173831870937837, ""PortScan"": 0.9858572377752948}",2026-09-17 09:42:28.813639+00,2026-09-17 09:42:28.813639+00,,RUNTIME,monitoring:22:11:579c4709b39b5d3a2a71c153b5df412242d1fc0eaf71fbc095cbc9be9558dfae:489,22,1364
8220,8220,5,PortScan,0.9908097856182583,"{""DDoS"": 0.00603988132387339, ""Normal"": 0.003150333057869539, ""PortScan"": 0.9908097856182583}",2026-09-17 09:42:28.813639+00,2026-09-17 09:42:28.813639+00,,RUNTIME,monitoring:22:11:579c4709b39b5d3a2a71c153b5df412242d1fc0eaf71fbc095cbc9be9558dfae:490,22,1364
8221,8221,5,PortScan,0.9858572377752948,"{""DDoS"": 0.011025379037612469, ""Normal"": 0.0031173831870937837, ""PortScan"": 0.9858572377752948}",2026-09-17 09:42:28.813639+00,2026-09-17 09:42:28.81364+00,,RUNTIME,monitoring:22:11:579c4709b39b5d3a2a71c153b5df412242d1fc0eaf71fbc095cbc9be9558dfae:491,22,1364
8222,8222,5,PortScan,0.9858572377752948,"{""DDoS"": 0.011025379037612469, ""Normal"": 0.0031173831870937837, ""PortScan"": 0.9858572377752948}",2026-09-17 09:42:28.81364+00,2026-09-17 09:42:28.81364+00,,RUNTIME,monitoring:22:11:579c4709b39b5d3a2a71c153b5df412242d1fc0eaf71fbc095cbc9be9558dfae:492,22,1364
8223,8223,5,PortScan,0.9907723294453185,"{""DDoS"": 0.006077337496813229, ""Normal"": 0.003150333057869539, ""PortScan"": 0.9907723294453185}",2026-09-17 09:42:28.81364+00,2026-09-17 09:42:28.81364+00,,RUNTIME,monitoring:22:11:579c4709b39b5d3a2a71c153b5df412242d1fc0eaf71fbc095cbc9be9558dfae:493,22,1364
8224,8224,5,PortScan,0.9858572377752948,"{""DDoS"": 0.011025379037612469, ""Normal"": 0.0031173831870937837, ""PortScan"": 0.9858572377752948}",2026-09-17 09:42:28.813641+00,2026-09-17 09:42:28.813641+00,,RUNTIME,monitoring:22:11:579c4709b39b5d3a2a71c153b5df412242d1fc0eaf71fbc095cbc9be9558dfae:494,22,1364
8225,8225,5,PortScan,0.9907723294453185,"{""DDoS"": 0.006077337496813229, ""Normal"": 0.003150333057869539, ""PortScan"": 0.9907723294453185}",2026-09-17 09:42:28.813641+00,2026-09-17 09:42:28.813641+00,,RUNTIME,monitoring:22:11:579c4709b39b5d3a2a71c153b5df412242d1fc0eaf71fbc095cbc9be9558dfae:495,22,1364
8226,8226,5,PortScan,0.991078245591263,"{""DDoS"": 0.005947894303711483, ""Normal"": 0.0029738601050267365, ""PortScan"": 0.991078245591263}",2026-09-17 09:42:28.813641+00,2026-09-17 09:42:28.813641+00,,RUNTIME,monitoring:22:11:579c4709b39b5d3a2a71c153b5df412242d1fc0eaf71fbc095cbc9be9558dfae:496,22,1364
8227,8227,5,PortScan,0.9907723294453185,"{""DDoS"": 0.006077337496813229, ""Normal"": 0.003150333057869539, ""PortScan"": 0.9907723294453185}",2026-09-17 09:42:28.813642+00,2026-09-17 09:42:28.813642+00,,RUNTIME,monitoring:22:11:579c4709b39b5d3a2a71c153b5df412242d1fc0eaf71fbc095cbc9be9558dfae:497,22,1364
8228,8228,5,PortScan,0.9907723294453185,"{""DDoS"": 0.006077337496813229, ""Normal"": 0.003150333057869539, ""PortScan"": 0.9907723294453185}",2026-09-17 09:42:28.813642+00,2026-09-17 09:42:28.813642+00,,RUNTIME,monitoring:22:11:579c4709b39b5d3a2a71c153b5df412242d1fc0eaf71fbc095cbc9be9558dfae:498,22,1364
8229,8229,5,PortScan,0.9907723294453185,"{""DDoS"": 0.006077337496813229, ""Normal"": 0.003150333057869539, ""PortScan"": 0.9907723294453185}",2026-09-17 09:42:28.813642+00,2026-09-17 09:42:28.813643+00,,RUNTIME,monitoring:22:11:579c4709b39b5d3a2a71c153b5df412242d1fc0eaf71fbc095cbc9be9558dfae:499,22,1364
8230,8230,5,PortScan,0.9908097856182583,"{""DDoS"": 0.00603988132387339, ""Normal"": 0.003150333057869539, ""PortScan"": 0.9908097856182583}",2026-09-17 09:42:28.813643+00,2026-09-17 09:42:28.813643+00,,RUNTIME,monitoring:22:11:579c4709b39b5d3a2a71c153b5df412242d1fc0eaf71fbc095cbc9be9558dfae:500,22,1364
8231,8231,5,PortScan,0.9858572377752948,"{""DDoS"": 0.011025379037612469, ""Normal"": 0.0031173831870937837, ""PortScan"": 0.9858572377752948}",2026-09-17 09:42:28.813643+00,2026-09-17 09:42:28.813643+00,,RUNTIME,monitoring:22:11:579c4709b39b5d3a2a71c153b5df412242d1fc0eaf71fbc095cbc9be9558dfae:501,22,1364
8232,8232,5,PortScan,0.9907723294453185,"{""DDoS"": 0.006077337496813229, ""Normal"": 0.003150333057869539, ""PortScan"": 0.9907723294453185}",2026-09-17 09:42:28.813644+00,2026-09-17 09:42:28.813644+00,,RUNTIME,monitoring:22:11:579c4709b39b5d3a2a71c153b5df412242d1fc0eaf71fbc095cbc9be9558dfae:502,22,1364
8233,8233,5,PortScan,0.991078245591263,"{""DDoS"": 0.005947894303711483, ""Normal"": 0.0029738601050267365, ""PortScan"": 0.991078245591263}",2026-09-17 09:42:28.813644+00,2026-09-17 09:42:28.813644+00,,RUNTIME,monitoring:22:11:579c4709b39b5d3a2a71c153b5df412242d1fc0eaf71fbc095cbc9be9558dfae:503,22,1364
8234,8234,5,PortScan,0.9907723294453185,"{""DDoS"": 0.006077337496813229, ""Normal"": 0.003150333057869539, ""PortScan"": 0.9907723294453185}",2026-09-17 09:42:28.813644+00,2026-09-17 09:42:28.813645+00,,RUNTIME,monitoring:22:11:579c4709b39b5d3a2a71c153b5df412242d1fc0eaf71fbc095cbc9be9558dfae:504,22,1364
8235,8235,5,PortScan,0.9858572377752948,"{""DDoS"": 0.011025379037612469, ""Normal"": 0.0031173831870937837, ""PortScan"": 0.9858572377752948}",2026-09-17 09:42:28.813645+00,2026-09-17 09:42:28.813645+00,,RUNTIME,monitoring:22:11:579c4709b39b5d3a2a71c153b5df412242d1fc0eaf71fbc095cbc9be9558dfae:505,22,1364
8236,8236,5,PortScan,0.9907723294453185,"{""DDoS"": 0.006077337496813229, ""Normal"": 0.003150333057869539, ""PortScan"": 0.9907723294453185}",2026-09-17 09:42:28.813645+00,2026-09-17 09:42:28.813645+00,,RUNTIME,monitoring:22:11:579c4709b39b5d3a2a71c153b5df412242d1fc0eaf71fbc095cbc9be9558dfae:506,22,1364
8237,8237,5,PortScan,0.9830985802293349,"{""DDoS"": 0.011025379037612469, ""Normal"": 0.005876040733053596, ""PortScan"": 0.9830985802293349}",2026-09-17 09:42:28.813646+00,2026-09-17 09:42:28.813646+00,,RUNTIME,monitoring:22:11:579c4709b39b5d3a2a71c153b5df412242d1fc0eaf71fbc095cbc9be9558dfae:507,22,1364
8238,8238,5,PortScan,0.9880724137187,"{""DDoS"": 0.006482568294333889, ""Normal"": 0.005445017986967172, ""PortScan"": 0.9880724137187}",2026-09-17 09:42:28.813646+00,2026-09-17 09:42:28.813646+00,,RUNTIME,monitoring:22:11:579c4709b39b5d3a2a71c153b5df412242d1fc0eaf71fbc095cbc9be9558dfae:508,22,1364
8239,8239,5,PortScan,0.9858572377752948,"{""DDoS"": 0.011025379037612469, ""Normal"": 0.0031173831870937837, ""PortScan"": 0.9858572377752948}",2026-09-17 09:42:28.813646+00,2026-09-17 09:42:28.813646+00,,RUNTIME,monitoring:22:11:579c4709b39b5d3a2a71c153b5df412242d1fc0eaf71fbc095cbc9be9558dfae:509,22,1364
8240,8240,5,PortScan,0.9907723294453185,"{""DDoS"": 0.006077337496813229, ""Normal"": 0.003150333057869539, ""PortScan"": 0.9907723294453185}",2026-09-17 09:42:28.813647+00,2026-09-17 09:42:28.813647+00,,RUNTIME,monitoring:22:11:579c4709b39b5d3a2a71c153b5df412242d1fc0eaf71fbc095cbc9be9558dfae:510,22,1364
8241,8241,5,PortScan,0.9858572377752948,"{""DDoS"": 0.011025379037612469, ""Normal"": 0.0031173831870937837, ""PortScan"": 0.9858572377752948}",2026-09-17 09:42:28.813647+00,2026-09-17 09:42:28.813647+00,,RUNTIME,monitoring:22:11:579c4709b39b5d3a2a71c153b5df412242d1fc0eaf71fbc095cbc9be9558dfae:511,22,1364
8242,8242,5,PortScan,0.9907723294453185,"{""DDoS"": 0.006077337496813229, ""Normal"": 0.003150333057869539, ""PortScan"": 0.9907723294453185}",2026-09-17 09:42:28.813647+00,2026-09-17 09:42:28.813648+00,,RUNTIME,monitoring:22:11:579c4709b39b5d3a2a71c153b5df412242d1fc0eaf71fbc095cbc9be9558dfae:512,22,1364
8243,8243,5,PortScan,0.9907723294453185,"{""DDoS"": 0.006077337496813229, ""Normal"": 0.003150333057869539, ""PortScan"": 0.9907723294453185}",2026-09-17 09:42:28.813648+00,2026-09-17 09:42:28.813648+00,,RUNTIME,monitoring:22:11:579c4709b39b5d3a2a71c153b5df412242d1fc0eaf71fbc095cbc9be9558dfae:513,22,1364
8244,8244,5,PortScan,0.9907723294453185,"{""DDoS"": 0.006077337496813229, ""Normal"": 0.003150333057869539, ""PortScan"": 0.9907723294453185}",2026-09-17 09:42:28.813648+00,2026-09-17 09:42:28.813648+00,,RUNTIME,monitoring:22:11:579c4709b39b5d3a2a71c153b5df412242d1fc0eaf71fbc095cbc9be9558dfae:514,22,1364
8245,8245,5,PortScan,0.9858572377752948,"{""DDoS"": 0.011025379037612469, ""Normal"": 0.0031173831870937837, ""PortScan"": 0.9858572377752948}",2026-09-17 09:42:28.813648+00,2026-09-17 09:42:28.813649+00,,RUNTIME,monitoring:22:11:579c4709b39b5d3a2a71c153b5df412242d1fc0eaf71fbc095cbc9be9558dfae:515,22,1364
8246,8246,5,PortScan,0.9880724137187,"{""DDoS"": 0.006482568294333889, ""Normal"": 0.005445017986967172, ""PortScan"": 0.9880724137187}",2026-09-17 09:42:28.813649+00,2026-09-17 09:42:28.813649+00,,RUNTIME,monitoring:22:11:579c4709b39b5d3a2a71c153b5df412242d1fc0eaf71fbc095cbc9be9558dfae:516,22,1364
8247,8247,5,PortScan,0.9849763504032812,"{""DDoS"": 0.01190626640962612, ""Normal"": 0.0031173831870937837, ""PortScan"": 0.9849763504032812}",2026-09-17 09:42:28.813649+00,2026-09-17 09:42:28.813649+00,,RUNTIME,monitoring:22:11:579c4709b39b5d3a2a71c153b5df412242d1fc0eaf71fbc095cbc9be9558dfae:517,22,1364
8248,8248,5,PortScan,0.9907723294453185,"{""DDoS"": 0.006077337496813229, ""Normal"": 0.003150333057869539, ""PortScan"": 0.9907723294453185}",2026-09-17 09:42:28.81365+00,2026-09-17 09:42:28.81365+00,,RUNTIME,monitoring:22:11:579c4709b39b5d3a2a71c153b5df412242d1fc0eaf71fbc095cbc9be9558dfae:518,22,1364
8249,8249,5,PortScan,0.9908097856182583,"{""DDoS"": 0.00603988132387339, ""Normal"": 0.003150333057869539, ""PortScan"": 0.9908097856182583}",2026-09-17 09:42:28.81365+00,2026-09-17 09:42:28.81365+00,,RUNTIME,monitoring:22:11:579c4709b39b5d3a2a71c153b5df412242d1fc0eaf71fbc095cbc9be9558dfae:519,22,1364
8250,8250,5,PortScan,0.9907723294453185,"{""DDoS"": 0.006077337496813229, ""Normal"": 0.003150333057869539, ""PortScan"": 0.9907723294453185}",2026-09-17 09:42:28.81365+00,2026-09-17 09:42:28.813651+00,,RUNTIME,monitoring:22:11:579c4709b39b5d3a2a71c153b5df412242d1fc0eaf71fbc095cbc9be9558dfae:520,22,1364
8251,8251,5,PortScan,0.9907723294453185,"{""DDoS"": 0.006077337496813229, ""Normal"": 0.003150333057869539, ""PortScan"": 0.9907723294453185}",2026-09-17 09:42:28.813651+00,2026-09-17 09:42:28.813651+00,,RUNTIME,monitoring:22:11:579c4709b39b5d3a2a71c153b5df412242d1fc0eaf71fbc095cbc9be9558dfae:521,22,1364
8252,8252,5,PortScan,0.9907723294453185,"{""DDoS"": 0.006077337496813229, ""Normal"": 0.003150333057869539, ""PortScan"": 0.9907723294453185}",2026-09-17 09:42:28.813651+00,2026-09-17 09:42:28.813651+00,,RUNTIME,monitoring:22:11:579c4709b39b5d3a2a71c153b5df412242d1fc0eaf71fbc095cbc9be9558dfae:522,22,1364
8253,8253,5,PortScan,0.9907723294453185,"{""DDoS"": 0.006077337496813229, ""Normal"": 0.003150333057869539, ""PortScan"": 0.9907723294453185}",2026-09-17 09:42:28.813651+00,2026-09-17 09:42:28.813652+00,,RUNTIME,monitoring:22:11:579c4709b39b5d3a2a71c153b5df412242d1fc0eaf71fbc095cbc9be9558dfae:523,22,1364
8254,8254,5,PortScan,0.9907723294453185,"{""DDoS"": 0.006077337496813229, ""Normal"": 0.003150333057869539, ""PortScan"": 0.9907723294453185}",2026-09-17 09:42:28.813652+00,2026-09-17 09:42:28.813652+00,,RUNTIME,monitoring:22:11:579c4709b39b5d3a2a71c153b5df412242d1fc0eaf71fbc095cbc9be9558dfae:524,22,1364
8255,8255,5,PortScan,0.9858572377752948,"{""DDoS"": 0.011025379037612469, ""Normal"": 0.0031173831870937837, ""PortScan"": 0.9858572377752948}",2026-09-17 09:42:28.813652+00,2026-09-17 09:42:28.813652+00,,RUNTIME,monitoring:22:11:579c4709b39b5d3a2a71c153b5df412242d1fc0eaf71fbc095cbc9be9558dfae:525,22,1364
8256,8256,5,PortScan,0.9907723294453185,"{""DDoS"": 0.006077337496813229, ""Normal"": 0.003150333057869539, ""PortScan"": 0.9907723294453185}",2026-09-17 09:42:28.813653+00,2026-09-17 09:42:28.813653+00,,RUNTIME,monitoring:22:11:579c4709b39b5d3a2a71c153b5df412242d1fc0eaf71fbc095cbc9be9558dfae:526,22,1364
8257,8257,5,PortScan,0.9858572377752948,"{""DDoS"": 0.011025379037612469, ""Normal"": 0.0031173831870937837, ""PortScan"": 0.9858572377752948}",2026-09-17 09:42:28.813653+00,2026-09-17 09:42:28.813653+00,,RUNTIME,monitoring:22:11:579c4709b39b5d3a2a71c153b5df412242d1fc0eaf71fbc095cbc9be9558dfae:527,22,1364
8258,8258,5,PortScan,0.9907723294453185,"{""DDoS"": 0.006077337496813229, ""Normal"": 0.003150333057869539, ""PortScan"": 0.9907723294453185}",2026-09-17 09:42:28.813653+00,2026-09-17 09:42:28.813653+00,,RUNTIME,monitoring:22:11:579c4709b39b5d3a2a71c153b5df412242d1fc0eaf71fbc095cbc9be9558dfae:528,22,1364
8259,8259,5,PortScan,0.9907723294453185,"{""DDoS"": 0.006077337496813229, ""Normal"": 0.003150333057869539, ""PortScan"": 0.9907723294453185}",2026-09-17 09:42:28.813654+00,2026-09-17 09:42:28.813654+00,,RUNTIME,monitoring:22:11:579c4709b39b5d3a2a71c153b5df412242d1fc0eaf71fbc095cbc9be9558dfae:529,22,1364
8260,8260,5,PortScan,0.9907723294453185,"{""DDoS"": 0.006077337496813229, ""Normal"": 0.003150333057869539, ""PortScan"": 0.9907723294453185}",2026-09-17 09:42:28.813654+00,2026-09-17 09:42:28.813654+00,,RUNTIME,monitoring:22:11:579c4709b39b5d3a2a71c153b5df412242d1fc0eaf71fbc095cbc9be9558dfae:530,22,1364
8261,8261,5,PortScan,0.9907723294453185,"{""DDoS"": 0.006077337496813229, ""Normal"": 0.003150333057869539, ""PortScan"": 0.9907723294453185}",2026-09-17 09:42:28.813654+00,2026-09-17 09:42:28.813655+00,,RUNTIME,monitoring:22:11:579c4709b39b5d3a2a71c153b5df412242d1fc0eaf71fbc095cbc9be9558dfae:531,22,1364
8262,8262,5,PortScan,0.9907723294453185,"{""DDoS"": 0.006077337496813229, ""Normal"": 0.003150333057869539, ""PortScan"": 0.9907723294453185}",2026-09-17 09:42:28.813655+00,2026-09-17 09:42:28.813655+00,,RUNTIME,monitoring:22:11:579c4709b39b5d3a2a71c153b5df412242d1fc0eaf71fbc095cbc9be9558dfae:532,22,1364
8263,8263,5,PortScan,0.9907723294453185,"{""DDoS"": 0.006077337496813229, ""Normal"": 0.003150333057869539, ""PortScan"": 0.9907723294453185}",2026-09-17 09:42:28.813655+00,2026-09-17 09:42:28.813655+00,,RUNTIME,monitoring:22:11:579c4709b39b5d3a2a71c153b5df412242d1fc0eaf71fbc095cbc9be9558dfae:533,22,1364
8264,8264,5,PortScan,0.9907723294453185,"{""DDoS"": 0.006077337496813229, ""Normal"": 0.003150333057869539, ""PortScan"": 0.9907723294453185}",2026-09-17 09:42:28.813656+00,2026-09-17 09:42:28.813656+00,,RUNTIME,monitoring:22:11:579c4709b39b5d3a2a71c153b5df412242d1fc0eaf71fbc095cbc9be9558dfae:534,22,1364
8265,8265,5,PortScan,0.9908097856182583,"{""DDoS"": 0.00603988132387339, ""Normal"": 0.003150333057869539, ""PortScan"": 0.9908097856182583}",2026-09-17 09:42:28.813656+00,2026-09-17 09:42:28.813656+00,,RUNTIME,monitoring:22:11:579c4709b39b5d3a2a71c153b5df412242d1fc0eaf71fbc095cbc9be9558dfae:535,22,1364
8266,8266,5,PortScan,0.9858572377752948,"{""DDoS"": 0.011025379037612469, ""Normal"": 0.0031173831870937837, ""PortScan"": 0.9858572377752948}",2026-09-17 09:42:28.813656+00,2026-09-17 09:42:28.813656+00,,RUNTIME,monitoring:22:11:579c4709b39b5d3a2a71c153b5df412242d1fc0eaf71fbc095cbc9be9558dfae:536,22,1364
8267,8267,5,PortScan,0.9858572377752948,"{""DDoS"": 0.011025379037612469, ""Normal"": 0.0031173831870937837, ""PortScan"": 0.9858572377752948}",2026-09-17 09:42:28.813657+00,2026-09-17 09:42:28.813657+00,,RUNTIME,monitoring:22:11:579c4709b39b5d3a2a71c153b5df412242d1fc0eaf71fbc095cbc9be9558dfae:537,22,1364
8268,8268,5,PortScan,0.9907723294453185,"{""DDoS"": 0.006077337496813229, ""Normal"": 0.003150333057869539, ""PortScan"": 0.9907723294453185}",2026-09-17 09:42:28.813657+00,2026-09-17 09:42:28.813657+00,,RUNTIME,monitoring:22:11:579c4709b39b5d3a2a71c153b5df412242d1fc0eaf71fbc095cbc9be9558dfae:538,22,1364
8269,8269,5,PortScan,0.9907723294453185,"{""DDoS"": 0.006077337496813229, ""Normal"": 0.003150333057869539, ""PortScan"": 0.9907723294453185}",2026-09-17 09:42:28.813657+00,2026-09-17 09:42:28.813658+00,,RUNTIME,monitoring:22:11:579c4709b39b5d3a2a71c153b5df412242d1fc0eaf71fbc095cbc9be9558dfae:539,22,1364
8270,8270,5,PortScan,0.9858572377752948,"{""DDoS"": 0.011025379037612469, ""Normal"": 0.0031173831870937837, ""PortScan"": 0.9858572377752948}",2026-09-17 09:42:28.813658+00,2026-09-17 09:42:28.813658+00,,RUNTIME,monitoring:22:11:579c4709b39b5d3a2a71c153b5df412242d1fc0eaf71fbc095cbc9be9558dfae:540,22,1364
8271,8271,5,PortScan,0.9908097856182583,"{""DDoS"": 0.00603988132387339, ""Normal"": 0.003150333057869539, ""PortScan"": 0.9908097856182583}",2026-09-17 09:42:28.813658+00,2026-09-17 09:42:28.813658+00,,RUNTIME,monitoring:22:11:579c4709b39b5d3a2a71c153b5df412242d1fc0eaf71fbc095cbc9be9558dfae:541,22,1364
8272,8272,5,PortScan,0.9849763504032812,"{""DDoS"": 0.01190626640962612, ""Normal"": 0.0031173831870937837, ""PortScan"": 0.9849763504032812}",2026-09-17 09:42:28.813659+00,2026-09-17 09:42:28.813659+00,,RUNTIME,monitoring:22:11:579c4709b39b5d3a2a71c153b5df412242d1fc0eaf71fbc095cbc9be9558dfae:542,22,1364
8273,8273,5,PortScan,0.9907723294453185,"{""DDoS"": 0.006077337496813229, ""Normal"": 0.003150333057869539, ""PortScan"": 0.9907723294453185}",2026-09-17 09:42:28.813659+00,2026-09-17 09:42:28.813659+00,,RUNTIME,monitoring:22:11:579c4709b39b5d3a2a71c153b5df412242d1fc0eaf71fbc095cbc9be9558dfae:543,22,1364
8274,8274,5,PortScan,0.9907723294453185,"{""DDoS"": 0.006077337496813229, ""Normal"": 0.003150333057869539, ""PortScan"": 0.9907723294453185}",2026-09-17 09:42:28.813659+00,2026-09-17 09:42:28.813659+00,,RUNTIME,monitoring:22:11:579c4709b39b5d3a2a71c153b5df412242d1fc0eaf71fbc095cbc9be9558dfae:544,22,1364
8275,8275,5,PortScan,0.9849763504032812,"{""DDoS"": 0.01190626640962612, ""Normal"": 0.0031173831870937837, ""PortScan"": 0.9849763504032812}",2026-09-17 09:42:28.81366+00,2026-09-17 09:42:28.81366+00,,RUNTIME,monitoring:22:11:579c4709b39b5d3a2a71c153b5df412242d1fc0eaf71fbc095cbc9be9558dfae:545,22,1364
8276,8276,5,PortScan,0.9858572377752948,"{""DDoS"": 0.011025379037612469, ""Normal"": 0.0031173831870937837, ""PortScan"": 0.9858572377752948}",2026-09-17 09:42:28.81366+00,2026-09-17 09:42:28.81366+00,,RUNTIME,monitoring:22:11:579c4709b39b5d3a2a71c153b5df412242d1fc0eaf71fbc095cbc9be9558dfae:546,22,1364
8277,8277,5,PortScan,0.9907723294453185,"{""DDoS"": 0.006077337496813229, ""Normal"": 0.003150333057869539, ""PortScan"": 0.9907723294453185}",2026-09-17 09:42:28.81366+00,2026-09-17 09:42:28.81366+00,,RUNTIME,monitoring:22:11:579c4709b39b5d3a2a71c153b5df412242d1fc0eaf71fbc095cbc9be9558dfae:547,22,1364
8278,8278,5,PortScan,0.9849763504032812,"{""DDoS"": 0.01190626640962612, ""Normal"": 0.0031173831870937837, ""PortScan"": 0.9849763504032812}",2026-09-17 09:42:28.813661+00,2026-09-17 09:42:28.813661+00,,RUNTIME,monitoring:22:11:579c4709b39b5d3a2a71c153b5df412242d1fc0eaf71fbc095cbc9be9558dfae:548,22,1364
8279,8279,5,PortScan,0.9849763504032812,"{""DDoS"": 0.01190626640962612, ""Normal"": 0.0031173831870937837, ""PortScan"": 0.9849763504032812}",2026-09-17 09:42:28.813661+00,2026-09-17 09:42:28.813661+00,,RUNTIME,monitoring:22:11:579c4709b39b5d3a2a71c153b5df412242d1fc0eaf71fbc095cbc9be9558dfae:549,22,1364
8280,8280,5,PortScan,0.9907723294453185,"{""DDoS"": 0.006077337496813229, ""Normal"": 0.003150333057869539, ""PortScan"": 0.9907723294453185}",2026-09-17 09:42:28.813661+00,2026-09-17 09:42:28.813662+00,,RUNTIME,monitoring:22:11:579c4709b39b5d3a2a71c153b5df412242d1fc0eaf71fbc095cbc9be9558dfae:550,22,1364
8281,8281,5,PortScan,0.9858572377752948,"{""DDoS"": 0.011025379037612469, ""Normal"": 0.0031173831870937837, ""PortScan"": 0.9858572377752948}",2026-09-17 09:42:28.813662+00,2026-09-17 09:42:28.813662+00,,RUNTIME,monitoring:22:11:579c4709b39b5d3a2a71c153b5df412242d1fc0eaf71fbc095cbc9be9558dfae:551,22,1364
8282,8282,5,PortScan,0.9907723294453185,"{""DDoS"": 0.006077337496813229, ""Normal"": 0.003150333057869539, ""PortScan"": 0.9907723294453185}",2026-09-17 09:42:28.813662+00,2026-09-17 09:42:28.813662+00,,RUNTIME,monitoring:22:11:579c4709b39b5d3a2a71c153b5df412242d1fc0eaf71fbc095cbc9be9558dfae:552,22,1364
8283,8283,5,PortScan,0.9907723294453185,"{""DDoS"": 0.006077337496813229, ""Normal"": 0.003150333057869539, ""PortScan"": 0.9907723294453185}",2026-09-17 09:42:28.813663+00,2026-09-17 09:42:28.813663+00,,RUNTIME,monitoring:22:11:579c4709b39b5d3a2a71c153b5df412242d1fc0eaf71fbc095cbc9be9558dfae:553,22,1364
8284,8284,5,PortScan,0.9907723294453185,"{""DDoS"": 0.006077337496813229, ""Normal"": 0.003150333057869539, ""PortScan"": 0.9907723294453185}",2026-09-17 09:42:28.813663+00,2026-09-17 09:42:28.813663+00,,RUNTIME,monitoring:22:11:579c4709b39b5d3a2a71c153b5df412242d1fc0eaf71fbc095cbc9be9558dfae:554,22,1364
8285,8285,5,PortScan,0.9907723294453185,"{""DDoS"": 0.006077337496813229, ""Normal"": 0.003150333057869539, ""PortScan"": 0.9907723294453185}",2026-09-17 09:42:28.813663+00,2026-09-17 09:42:28.813663+00,,RUNTIME,monitoring:22:11:579c4709b39b5d3a2a71c153b5df412242d1fc0eaf71fbc095cbc9be9558dfae:555,22,1364
8286,8286,5,PortScan,0.9907723294453185,"{""DDoS"": 0.006077337496813229, ""Normal"": 0.003150333057869539, ""PortScan"": 0.9907723294453185}",2026-09-17 09:42:28.813664+00,2026-09-17 09:42:28.813664+00,,RUNTIME,monitoring:22:11:579c4709b39b5d3a2a71c153b5df412242d1fc0eaf71fbc095cbc9be9558dfae:556,22,1364
8287,8287,5,PortScan,0.9907723294453185,"{""DDoS"": 0.006077337496813229, ""Normal"": 0.003150333057869539, ""PortScan"": 0.9907723294453185}",2026-09-17 09:42:28.813664+00,2026-09-17 09:42:28.813664+00,,RUNTIME,monitoring:22:11:579c4709b39b5d3a2a71c153b5df412242d1fc0eaf71fbc095cbc9be9558dfae:557,22,1364
8288,8288,5,PortScan,0.9907723294453185,"{""DDoS"": 0.006077337496813229, ""Normal"": 0.003150333057869539, ""PortScan"": 0.9907723294453185}",2026-09-17 09:42:28.813664+00,2026-09-17 09:42:28.813665+00,,RUNTIME,monitoring:22:11:579c4709b39b5d3a2a71c153b5df412242d1fc0eaf71fbc095cbc9be9558dfae:558,22,1364
8289,8289,5,PortScan,0.9907723294453185,"{""DDoS"": 0.006077337496813229, ""Normal"": 0.003150333057869539, ""PortScan"": 0.9907723294453185}",2026-09-17 09:42:28.813665+00,2026-09-17 09:42:28.813665+00,,RUNTIME,monitoring:22:11:579c4709b39b5d3a2a71c153b5df412242d1fc0eaf71fbc095cbc9be9558dfae:559,22,1364
8290,8290,5,PortScan,0.9907723294453185,"{""DDoS"": 0.006077337496813229, ""Normal"": 0.003150333057869539, ""PortScan"": 0.9907723294453185}",2026-09-17 09:42:28.813665+00,2026-09-17 09:42:28.813665+00,,RUNTIME,monitoring:22:11:579c4709b39b5d3a2a71c153b5df412242d1fc0eaf71fbc095cbc9be9558dfae:560,22,1364
8291,8291,5,PortScan,0.9907723294453185,"{""DDoS"": 0.006077337496813229, ""Normal"": 0.003150333057869539, ""PortScan"": 0.9907723294453185}",2026-09-17 09:42:28.813665+00,2026-09-17 09:42:28.813666+00,,RUNTIME,monitoring:22:11:579c4709b39b5d3a2a71c153b5df412242d1fc0eaf71fbc095cbc9be9558dfae:561,22,1364
8292,8292,5,PortScan,0.9907723294453185,"{""DDoS"": 0.006077337496813229, ""Normal"": 0.003150333057869539, ""PortScan"": 0.9907723294453185}",2026-09-17 09:42:28.813666+00,2026-09-17 09:42:28.813666+00,,RUNTIME,monitoring:22:11:579c4709b39b5d3a2a71c153b5df412242d1fc0eaf71fbc095cbc9be9558dfae:562,22,1364
8293,8293,5,PortScan,0.9880724137187,"{""DDoS"": 0.006482568294333889, ""Normal"": 0.005445017986967172, ""PortScan"": 0.9880724137187}",2026-09-17 09:42:28.813666+00,2026-09-17 09:42:28.813666+00,,RUNTIME,monitoring:22:11:579c4709b39b5d3a2a71c153b5df412242d1fc0eaf71fbc095cbc9be9558dfae:563,22,1364
8294,8294,5,PortScan,0.9907723294453185,"{""DDoS"": 0.006077337496813229, ""Normal"": 0.003150333057869539, ""PortScan"": 0.9907723294453185}",2026-09-17 09:42:28.813667+00,2026-09-17 09:42:28.813667+00,,RUNTIME,monitoring:22:11:579c4709b39b5d3a2a71c153b5df412242d1fc0eaf71fbc095cbc9be9558dfae:564,22,1364
8295,8295,5,PortScan,0.9858572377752948,"{""DDoS"": 0.011025379037612469, ""Normal"": 0.0031173831870937837, ""PortScan"": 0.9858572377752948}",2026-09-17 09:42:28.813667+00,2026-09-17 09:42:28.813667+00,,RUNTIME,monitoring:22:11:579c4709b39b5d3a2a71c153b5df412242d1fc0eaf71fbc095cbc9be9558dfae:565,22,1364
8296,8296,5,PortScan,0.9907723294453185,"{""DDoS"": 0.006077337496813229, ""Normal"": 0.003150333057869539, ""PortScan"": 0.9907723294453185}",2026-09-17 09:42:28.813667+00,2026-09-17 09:42:28.813667+00,,RUNTIME,monitoring:22:11:579c4709b39b5d3a2a71c153b5df412242d1fc0eaf71fbc095cbc9be9558dfae:566,22,1364
8297,8297,5,PortScan,0.9807410369802422,"{""DDoS"": 0.01190626640962612, ""Normal"": 0.00735269661013284, ""PortScan"": 0.9807410369802422}",2026-09-17 09:42:28.813668+00,2026-09-17 09:42:28.813668+00,,RUNTIME,monitoring:22:11:579c4709b39b5d3a2a71c153b5df412242d1fc0eaf71fbc095cbc9be9558dfae:567,22,1364
8298,8298,5,PortScan,0.9907723294453185,"{""DDoS"": 0.006077337496813229, ""Normal"": 0.003150333057869539, ""PortScan"": 0.9907723294453185}",2026-09-17 09:42:28.813668+00,2026-09-17 09:42:28.813668+00,,RUNTIME,monitoring:22:11:579c4709b39b5d3a2a71c153b5df412242d1fc0eaf71fbc095cbc9be9558dfae:568,22,1364
8299,8299,5,PortScan,0.9907723294453185,"{""DDoS"": 0.006077337496813229, ""Normal"": 0.003150333057869539, ""PortScan"": 0.9907723294453185}",2026-09-17 09:42:28.813668+00,2026-09-17 09:42:28.813669+00,,RUNTIME,monitoring:22:11:579c4709b39b5d3a2a71c153b5df412242d1fc0eaf71fbc095cbc9be9558dfae:569,22,1364
8300,8300,5,PortScan,0.9907723294453185,"{""DDoS"": 0.006077337496813229, ""Normal"": 0.003150333057869539, ""PortScan"": 0.9907723294453185}",2026-09-17 09:42:28.813669+00,2026-09-17 09:42:28.813669+00,,RUNTIME,monitoring:22:11:579c4709b39b5d3a2a71c153b5df412242d1fc0eaf71fbc095cbc9be9558dfae:570,22,1364
8301,8301,5,PortScan,0.9907723294453185,"{""DDoS"": 0.006077337496813229, ""Normal"": 0.003150333057869539, ""PortScan"": 0.9907723294453185}",2026-09-17 09:42:28.813669+00,2026-09-17 09:42:28.813669+00,,RUNTIME,monitoring:22:11:579c4709b39b5d3a2a71c153b5df412242d1fc0eaf71fbc095cbc9be9558dfae:571,22,1364
8302,8302,5,PortScan,0.9908097856182583,"{""DDoS"": 0.00603988132387339, ""Normal"": 0.003150333057869539, ""PortScan"": 0.9908097856182583}",2026-09-17 09:42:28.81367+00,2026-09-17 09:42:28.81367+00,,RUNTIME,monitoring:22:11:579c4709b39b5d3a2a71c153b5df412242d1fc0eaf71fbc095cbc9be9558dfae:572,22,1364
8303,8303,5,PortScan,0.9907723294453185,"{""DDoS"": 0.006077337496813229, ""Normal"": 0.003150333057869539, ""PortScan"": 0.9907723294453185}",2026-09-17 09:42:28.81367+00,2026-09-17 09:42:28.81367+00,,RUNTIME,monitoring:22:11:579c4709b39b5d3a2a71c153b5df412242d1fc0eaf71fbc095cbc9be9558dfae:573,22,1364
8304,8304,5,PortScan,0.9908097856182583,"{""DDoS"": 0.00603988132387339, ""Normal"": 0.003150333057869539, ""PortScan"": 0.9908097856182583}",2026-09-17 09:42:28.81367+00,2026-09-17 09:42:28.81367+00,,RUNTIME,monitoring:22:11:579c4709b39b5d3a2a71c153b5df412242d1fc0eaf71fbc095cbc9be9558dfae:574,22,1364
8305,8305,5,PortScan,0.9858572377752948,"{""DDoS"": 0.011025379037612469, ""Normal"": 0.0031173831870937837, ""PortScan"": 0.9858572377752948}",2026-09-17 09:42:28.813671+00,2026-09-17 09:42:28.813671+00,,RUNTIME,monitoring:22:11:579c4709b39b5d3a2a71c153b5df412242d1fc0eaf71fbc095cbc9be9558dfae:575,22,1364
8306,8306,5,PortScan,0.9858572377752948,"{""DDoS"": 0.011025379037612469, ""Normal"": 0.0031173831870937837, ""PortScan"": 0.9858572377752948}",2026-09-17 09:42:28.813671+00,2026-09-17 09:42:28.813671+00,,RUNTIME,monitoring:22:11:579c4709b39b5d3a2a71c153b5df412242d1fc0eaf71fbc095cbc9be9558dfae:576,22,1364
8307,8307,5,PortScan,0.9907723294453185,"{""DDoS"": 0.006077337496813229, ""Normal"": 0.003150333057869539, ""PortScan"": 0.9907723294453185}",2026-09-17 09:42:28.813671+00,2026-09-17 09:42:28.813672+00,,RUNTIME,monitoring:22:11:579c4709b39b5d3a2a71c153b5df412242d1fc0eaf71fbc095cbc9be9558dfae:577,22,1364
8308,8308,5,PortScan,0.9907723294453185,"{""DDoS"": 0.006077337496813229, ""Normal"": 0.003150333057869539, ""PortScan"": 0.9907723294453185}",2026-09-17 09:42:28.813672+00,2026-09-17 09:42:28.813672+00,,RUNTIME,monitoring:22:11:579c4709b39b5d3a2a71c153b5df412242d1fc0eaf71fbc095cbc9be9558dfae:578,22,1364
8309,8309,5,PortScan,0.9858572377752948,"{""DDoS"": 0.011025379037612469, ""Normal"": 0.0031173831870937837, ""PortScan"": 0.9858572377752948}",2026-09-17 09:42:28.813672+00,2026-09-17 09:42:28.813672+00,,RUNTIME,monitoring:22:11:579c4709b39b5d3a2a71c153b5df412242d1fc0eaf71fbc095cbc9be9558dfae:579,22,1364
8310,8310,5,PortScan,0.9858572377752948,"{""DDoS"": 0.011025379037612469, ""Normal"": 0.0031173831870937837, ""PortScan"": 0.9858572377752948}",2026-09-17 09:42:28.813672+00,2026-09-17 09:42:28.813673+00,,RUNTIME,monitoring:22:11:579c4709b39b5d3a2a71c153b5df412242d1fc0eaf71fbc095cbc9be9558dfae:580,22,1364
8311,8311,5,PortScan,0.9907723294453185,"{""DDoS"": 0.006077337496813229, ""Normal"": 0.003150333057869539, ""PortScan"": 0.9907723294453185}",2026-09-17 09:42:28.813673+00,2026-09-17 09:42:28.813673+00,,RUNTIME,monitoring:22:11:579c4709b39b5d3a2a71c153b5df412242d1fc0eaf71fbc095cbc9be9558dfae:581,22,1364
8312,8312,5,PortScan,0.9899288982462445,"{""DDoS"": 0.006920768695887043, ""Normal"": 0.003150333057869539, ""PortScan"": 0.9899288982462445}",2026-09-17 09:42:28.813673+00,2026-09-17 09:42:28.813673+00,,RUNTIME,monitoring:22:11:579c4709b39b5d3a2a71c153b5df412242d1fc0eaf71fbc095cbc9be9558dfae:582,22,1364
8313,8313,5,PortScan,0.9907723294453185,"{""DDoS"": 0.006077337496813229, ""Normal"": 0.003150333057869539, ""PortScan"": 0.9907723294453185}",2026-09-17 09:42:28.813674+00,2026-09-17 09:42:28.813674+00,,RUNTIME,monitoring:22:11:579c4709b39b5d3a2a71c153b5df412242d1fc0eaf71fbc095cbc9be9558dfae:583,22,1364
8314,8314,5,PortScan,0.9907723294453185,"{""DDoS"": 0.006077337496813229, ""Normal"": 0.003150333057869539, ""PortScan"": 0.9907723294453185}",2026-09-17 09:42:28.813674+00,2026-09-17 09:42:28.813674+00,,RUNTIME,monitoring:22:11:579c4709b39b5d3a2a71c153b5df412242d1fc0eaf71fbc095cbc9be9558dfae:584,22,1364
8315,8315,5,PortScan,0.9858572377752948,"{""DDoS"": 0.011025379037612469, ""Normal"": 0.0031173831870937837, ""PortScan"": 0.9858572377752948}",2026-09-17 09:42:28.813674+00,2026-09-17 09:42:28.813674+00,,RUNTIME,monitoring:22:11:579c4709b39b5d3a2a71c153b5df412242d1fc0eaf71fbc095cbc9be9558dfae:585,22,1364
8316,8316,5,PortScan,0.9907723294453185,"{""DDoS"": 0.006077337496813229, ""Normal"": 0.003150333057869539, ""PortScan"": 0.9907723294453185}",2026-09-17 09:42:28.813675+00,2026-09-17 09:42:28.813675+00,,RUNTIME,monitoring:22:11:579c4709b39b5d3a2a71c153b5df412242d1fc0eaf71fbc095cbc9be9558dfae:586,22,1364
8317,8317,5,PortScan,0.9907723294453185,"{""DDoS"": 0.006077337496813229, ""Normal"": 0.003150333057869539, ""PortScan"": 0.9907723294453185}",2026-09-17 09:42:28.813675+00,2026-09-17 09:42:28.813675+00,,RUNTIME,monitoring:22:11:579c4709b39b5d3a2a71c153b5df412242d1fc0eaf71fbc095cbc9be9558dfae:587,22,1364
8318,8318,5,PortScan,0.9849763504032812,"{""DDoS"": 0.01190626640962612, ""Normal"": 0.0031173831870937837, ""PortScan"": 0.9849763504032812}",2026-09-17 09:42:28.813675+00,2026-09-17 09:42:28.813676+00,,RUNTIME,monitoring:22:11:579c4709b39b5d3a2a71c153b5df412242d1fc0eaf71fbc095cbc9be9558dfae:588,22,1364
8319,8319,5,PortScan,0.9849763504032812,"{""DDoS"": 0.01190626640962612, ""Normal"": 0.0031173831870937837, ""PortScan"": 0.9849763504032812}",2026-09-17 09:42:28.813676+00,2026-09-17 09:42:28.813676+00,,RUNTIME,monitoring:22:11:579c4709b39b5d3a2a71c153b5df412242d1fc0eaf71fbc095cbc9be9558dfae:589,22,1364
8320,8320,5,PortScan,0.9858572377752948,"{""DDoS"": 0.011025379037612469, ""Normal"": 0.0031173831870937837, ""PortScan"": 0.9858572377752948}",2026-09-17 09:42:28.813676+00,2026-09-17 09:42:28.813676+00,,RUNTIME,monitoring:22:11:579c4709b39b5d3a2a71c153b5df412242d1fc0eaf71fbc095cbc9be9558dfae:590,22,1364
8321,8321,5,PortScan,0.9858572377752948,"{""DDoS"": 0.011025379037612469, ""Normal"": 0.0031173831870937837, ""PortScan"": 0.9858572377752948}",2026-09-17 09:42:28.813677+00,2026-09-17 09:42:28.813677+00,,RUNTIME,monitoring:22:11:579c4709b39b5d3a2a71c153b5df412242d1fc0eaf71fbc095cbc9be9558dfae:591,22,1364
8322,8322,5,PortScan,0.9807410369802422,"{""DDoS"": 0.01190626640962612, ""Normal"": 0.007352696610132838, ""PortScan"": 0.9807410369802422}",2026-09-17 09:42:28.813677+00,2026-09-17 09:42:28.813677+00,,RUNTIME,monitoring:22:11:579c4709b39b5d3a2a71c153b5df412242d1fc0eaf71fbc095cbc9be9558dfae:592,22,1364
8323,8323,5,PortScan,0.9858572377752948,"{""DDoS"": 0.011025379037612469, ""Normal"": 0.0031173831870937837, ""PortScan"": 0.9858572377752948}",2026-09-17 09:42:28.813677+00,2026-09-17 09:42:28.813677+00,,RUNTIME,monitoring:22:11:579c4709b39b5d3a2a71c153b5df412242d1fc0eaf71fbc095cbc9be9558dfae:593,22,1364
8324,8324,5,PortScan,0.9807410369802422,"{""DDoS"": 0.01190626640962612, ""Normal"": 0.007352696610132838, ""PortScan"": 0.9807410369802422}",2026-09-17 09:42:28.813678+00,2026-09-17 09:42:28.813678+00,,RUNTIME,monitoring:22:11:579c4709b39b5d3a2a71c153b5df412242d1fc0eaf71fbc095cbc9be9558dfae:594,22,1364
8325,8325,5,PortScan,0.9907723294453185,"{""DDoS"": 0.006077337496813229, ""Normal"": 0.003150333057869539, ""PortScan"": 0.9907723294453185}",2026-09-17 09:42:28.813678+00,2026-09-17 09:42:28.813678+00,,RUNTIME,monitoring:22:11:579c4709b39b5d3a2a71c153b5df412242d1fc0eaf71fbc095cbc9be9558dfae:595,22,1364
8326,8326,5,PortScan,0.9907723294453185,"{""DDoS"": 0.006077337496813229, ""Normal"": 0.003150333057869539, ""PortScan"": 0.9907723294453185}",2026-09-17 09:42:28.813678+00,2026-09-17 09:42:28.813679+00,,RUNTIME,monitoring:22:11:579c4709b39b5d3a2a71c153b5df412242d1fc0eaf71fbc095cbc9be9558dfae:596,22,1364
8327,8327,5,PortScan,0.9858572377752948,"{""DDoS"": 0.011025379037612469, ""Normal"": 0.0031173831870937837, ""PortScan"": 0.9858572377752948}",2026-09-17 09:42:28.813679+00,2026-09-17 09:42:28.813679+00,,RUNTIME,monitoring:22:11:579c4709b39b5d3a2a71c153b5df412242d1fc0eaf71fbc095cbc9be9558dfae:597,22,1364
8328,8328,5,PortScan,0.9907723294453185,"{""DDoS"": 0.006077337496813229, ""Normal"": 0.003150333057869539, ""PortScan"": 0.9907723294453185}",2026-09-17 09:42:28.813679+00,2026-09-17 09:42:28.813679+00,,RUNTIME,monitoring:22:11:579c4709b39b5d3a2a71c153b5df412242d1fc0eaf71fbc095cbc9be9558dfae:598,22,1364
8329,8329,5,PortScan,0.9907723294453185,"{""DDoS"": 0.006077337496813229, ""Normal"": 0.003150333057869539, ""PortScan"": 0.9907723294453185}",2026-09-17 09:42:28.813679+00,2026-09-17 09:42:28.81368+00,,RUNTIME,monitoring:22:11:579c4709b39b5d3a2a71c153b5df412242d1fc0eaf71fbc095cbc9be9558dfae:599,22,1364
8330,8330,5,PortScan,0.9858572377752948,"{""DDoS"": 0.011025379037612469, ""Normal"": 0.0031173831870937837, ""PortScan"": 0.9858572377752948}",2026-09-17 09:42:28.81368+00,2026-09-17 09:42:28.81368+00,,RUNTIME,monitoring:22:11:579c4709b39b5d3a2a71c153b5df412242d1fc0eaf71fbc095cbc9be9558dfae:600,22,1364
8331,8331,5,PortScan,0.9907723294453185,"{""DDoS"": 0.006077337496813229, ""Normal"": 0.003150333057869539, ""PortScan"": 0.9907723294453185}",2026-09-17 09:42:28.81368+00,2026-09-17 09:42:28.81368+00,,RUNTIME,monitoring:22:11:579c4709b39b5d3a2a71c153b5df412242d1fc0eaf71fbc095cbc9be9558dfae:601,22,1364
8332,8332,5,PortScan,0.9907723294453185,"{""DDoS"": 0.006077337496813229, ""Normal"": 0.003150333057869539, ""PortScan"": 0.9907723294453185}",2026-09-17 09:42:28.813681+00,2026-09-17 09:42:28.813681+00,,RUNTIME,monitoring:22:11:579c4709b39b5d3a2a71c153b5df412242d1fc0eaf71fbc095cbc9be9558dfae:602,22,1364
8333,8333,5,PortScan,0.9907723294453185,"{""DDoS"": 0.006077337496813229, ""Normal"": 0.003150333057869539, ""PortScan"": 0.9907723294453185}",2026-09-17 09:42:28.813681+00,2026-09-17 09:42:28.813681+00,,RUNTIME,monitoring:22:11:579c4709b39b5d3a2a71c153b5df412242d1fc0eaf71fbc095cbc9be9558dfae:603,22,1364
8334,8334,5,PortScan,0.9907723294453185,"{""DDoS"": 0.006077337496813229, ""Normal"": 0.003150333057869539, ""PortScan"": 0.9907723294453185}",2026-09-17 09:42:28.813681+00,2026-09-17 09:42:28.813681+00,,RUNTIME,monitoring:22:11:579c4709b39b5d3a2a71c153b5df412242d1fc0eaf71fbc095cbc9be9558dfae:604,22,1364
8335,8335,5,PortScan,0.9858572377752948,"{""DDoS"": 0.011025379037612469, ""Normal"": 0.0031173831870937837, ""PortScan"": 0.9858572377752948}",2026-09-17 09:42:28.813682+00,2026-09-17 09:42:28.813682+00,,RUNTIME,monitoring:22:11:579c4709b39b5d3a2a71c153b5df412242d1fc0eaf71fbc095cbc9be9558dfae:605,22,1364
8336,8336,5,PortScan,0.9880724137187,"{""DDoS"": 0.006482568294333889, ""Normal"": 0.005445017986967172, ""PortScan"": 0.9880724137187}",2026-09-17 09:42:28.813682+00,2026-09-17 09:42:28.813682+00,,RUNTIME,monitoring:22:11:579c4709b39b5d3a2a71c153b5df412242d1fc0eaf71fbc095cbc9be9558dfae:606,22,1364
8337,8337,5,PortScan,0.9907723294453185,"{""DDoS"": 0.006077337496813229, ""Normal"": 0.003150333057869539, ""PortScan"": 0.9907723294453185}",2026-09-17 09:42:28.813682+00,2026-09-17 09:42:28.813683+00,,RUNTIME,monitoring:22:11:579c4709b39b5d3a2a71c153b5df412242d1fc0eaf71fbc095cbc9be9558dfae:607,22,1364
8338,8338,5,PortScan,0.9858572377752948,"{""DDoS"": 0.011025379037612469, ""Normal"": 0.0031173831870937837, ""PortScan"": 0.9858572377752948}",2026-09-17 09:42:28.813683+00,2026-09-17 09:42:28.813683+00,,RUNTIME,monitoring:22:11:579c4709b39b5d3a2a71c153b5df412242d1fc0eaf71fbc095cbc9be9558dfae:608,22,1364
8339,8339,5,PortScan,0.9907723294453185,"{""DDoS"": 0.006077337496813229, ""Normal"": 0.003150333057869539, ""PortScan"": 0.9907723294453185}",2026-09-17 09:42:28.813683+00,2026-09-17 09:42:28.813683+00,,RUNTIME,monitoring:22:11:579c4709b39b5d3a2a71c153b5df412242d1fc0eaf71fbc095cbc9be9558dfae:609,22,1364
8340,8340,5,PortScan,0.9907723294453185,"{""DDoS"": 0.006077337496813229, ""Normal"": 0.003150333057869539, ""PortScan"": 0.9907723294453185}",2026-09-17 09:42:28.813684+00,2026-09-17 09:42:28.813684+00,,RUNTIME,monitoring:22:11:579c4709b39b5d3a2a71c153b5df412242d1fc0eaf71fbc095cbc9be9558dfae:610,22,1364
8341,8341,5,PortScan,0.9907723294453185,"{""DDoS"": 0.006077337496813229, ""Normal"": 0.003150333057869539, ""PortScan"": 0.9907723294453185}",2026-09-17 09:42:28.813684+00,2026-09-17 09:42:28.813684+00,,RUNTIME,monitoring:22:11:579c4709b39b5d3a2a71c153b5df412242d1fc0eaf71fbc095cbc9be9558dfae:611,22,1364
8342,8342,5,PortScan,0.9907723294453185,"{""DDoS"": 0.006077337496813229, ""Normal"": 0.003150333057869539, ""PortScan"": 0.9907723294453185}",2026-09-17 09:42:28.813684+00,2026-09-17 09:42:28.813684+00,,RUNTIME,monitoring:22:11:579c4709b39b5d3a2a71c153b5df412242d1fc0eaf71fbc095cbc9be9558dfae:612,22,1364
8343,8343,5,PortScan,0.9858572377752948,"{""DDoS"": 0.011025379037612469, ""Normal"": 0.0031173831870937837, ""PortScan"": 0.9858572377752948}",2026-09-17 09:42:28.813685+00,2026-09-17 09:42:28.813685+00,,RUNTIME,monitoring:22:11:579c4709b39b5d3a2a71c153b5df412242d1fc0eaf71fbc095cbc9be9558dfae:613,22,1364
8344,8344,5,PortScan,0.9849763504032812,"{""DDoS"": 0.01190626640962612, ""Normal"": 0.0031173831870937837, ""PortScan"": 0.9849763504032812}",2026-09-17 09:42:28.813685+00,2026-09-17 09:42:28.813685+00,,RUNTIME,monitoring:22:11:579c4709b39b5d3a2a71c153b5df412242d1fc0eaf71fbc095cbc9be9558dfae:614,22,1364
8345,8345,5,PortScan,0.9907723294453185,"{""DDoS"": 0.006077337496813229, ""Normal"": 0.003150333057869539, ""PortScan"": 0.9907723294453185}",2026-09-17 09:42:28.813685+00,2026-09-17 09:42:28.813686+00,,RUNTIME,monitoring:22:11:579c4709b39b5d3a2a71c153b5df412242d1fc0eaf71fbc095cbc9be9558dfae:615,22,1364
8346,8346,5,PortScan,0.9880724137187,"{""DDoS"": 0.006482568294333889, ""Normal"": 0.005445017986967172, ""PortScan"": 0.9880724137187}",2026-09-17 09:42:28.813686+00,2026-09-17 09:42:28.813686+00,,RUNTIME,monitoring:22:11:579c4709b39b5d3a2a71c153b5df412242d1fc0eaf71fbc095cbc9be9558dfae:616,22,1364
8347,8347,5,PortScan,0.9858572377752948,"{""DDoS"": 0.011025379037612469, ""Normal"": 0.0031173831870937837, ""PortScan"": 0.9858572377752948}",2026-09-17 09:42:28.813686+00,2026-09-17 09:42:28.813686+00,,RUNTIME,monitoring:22:11:579c4709b39b5d3a2a71c153b5df412242d1fc0eaf71fbc095cbc9be9558dfae:617,22,1364
8348,8348,5,PortScan,0.9858572377752948,"{""DDoS"": 0.011025379037612469, ""Normal"": 0.0031173831870937837, ""PortScan"": 0.9858572377752948}",2026-09-17 09:42:28.813686+00,2026-09-17 09:42:28.813687+00,,RUNTIME,monitoring:22:11:579c4709b39b5d3a2a71c153b5df412242d1fc0eaf71fbc095cbc9be9558dfae:618,22,1364
8349,8349,5,PortScan,0.9899288982462445,"{""DDoS"": 0.006920768695887043, ""Normal"": 0.003150333057869539, ""PortScan"": 0.9899288982462445}",2026-09-17 09:42:28.813687+00,2026-09-17 09:42:28.813687+00,,RUNTIME,monitoring:22:11:579c4709b39b5d3a2a71c153b5df412242d1fc0eaf71fbc095cbc9be9558dfae:619,22,1364
8350,8350,5,PortScan,0.9907723294453185,"{""DDoS"": 0.006077337496813229, ""Normal"": 0.003150333057869539, ""PortScan"": 0.9907723294453185}",2026-09-17 09:42:28.813687+00,2026-09-17 09:42:28.813687+00,,RUNTIME,monitoring:22:11:579c4709b39b5d3a2a71c153b5df412242d1fc0eaf71fbc095cbc9be9558dfae:620,22,1364
8351,8351,5,PortScan,0.9907723294453185,"{""DDoS"": 0.006077337496813229, ""Normal"": 0.003150333057869539, ""PortScan"": 0.9907723294453185}",2026-09-17 09:42:28.813687+00,2026-09-17 09:42:28.813688+00,,RUNTIME,monitoring:22:11:579c4709b39b5d3a2a71c153b5df412242d1fc0eaf71fbc095cbc9be9558dfae:621,22,1364
8352,8352,5,PortScan,0.9858572377752948,"{""DDoS"": 0.011025379037612469, ""Normal"": 0.0031173831870937837, ""PortScan"": 0.9858572377752948}",2026-09-17 09:42:28.813688+00,2026-09-17 09:42:28.813688+00,,RUNTIME,monitoring:22:11:579c4709b39b5d3a2a71c153b5df412242d1fc0eaf71fbc095cbc9be9558dfae:622,22,1364
8353,8353,5,PortScan,0.9858572377752948,"{""DDoS"": 0.011025379037612469, ""Normal"": 0.0031173831870937837, ""PortScan"": 0.9858572377752948}",2026-09-17 09:42:28.813688+00,2026-09-17 09:42:28.813688+00,,RUNTIME,monitoring:22:11:579c4709b39b5d3a2a71c153b5df412242d1fc0eaf71fbc095cbc9be9558dfae:623,22,1364
8354,8354,5,PortScan,0.9858572377752948,"{""DDoS"": 0.011025379037612469, ""Normal"": 0.0031173831870937837, ""PortScan"": 0.9858572377752948}",2026-09-17 09:42:28.813689+00,2026-09-17 09:42:28.813689+00,,RUNTIME,monitoring:22:11:579c4709b39b5d3a2a71c153b5df412242d1fc0eaf71fbc095cbc9be9558dfae:624,22,1364
8355,8355,5,PortScan,0.9858572377752948,"{""DDoS"": 0.011025379037612469, ""Normal"": 0.0031173831870937837, ""PortScan"": 0.9858572377752948}",2026-09-17 09:42:28.813689+00,2026-09-17 09:42:28.813689+00,,RUNTIME,monitoring:22:11:579c4709b39b5d3a2a71c153b5df412242d1fc0eaf71fbc095cbc9be9558dfae:625,22,1364
8356,8356,5,PortScan,0.9907723294453185,"{""DDoS"": 0.006077337496813229, ""Normal"": 0.003150333057869539, ""PortScan"": 0.9907723294453185}",2026-09-17 09:42:28.81369+00,2026-09-17 09:42:28.81369+00,,RUNTIME,monitoring:22:11:579c4709b39b5d3a2a71c153b5df412242d1fc0eaf71fbc095cbc9be9558dfae:626,22,1364
8357,8357,5,PortScan,0.9907723294453185,"{""DDoS"": 0.006077337496813229, ""Normal"": 0.003150333057869539, ""PortScan"": 0.9907723294453185}",2026-09-17 09:42:28.81369+00,2026-09-17 09:42:28.81369+00,,RUNTIME,monitoring:22:11:579c4709b39b5d3a2a71c153b5df412242d1fc0eaf71fbc095cbc9be9558dfae:627,22,1364
8358,8358,5,PortScan,0.9858572377752948,"{""DDoS"": 0.011025379037612469, ""Normal"": 0.0031173831870937837, ""PortScan"": 0.9858572377752948}",2026-09-17 09:42:28.81369+00,2026-09-17 09:42:28.813691+00,,RUNTIME,monitoring:22:11:579c4709b39b5d3a2a71c153b5df412242d1fc0eaf71fbc095cbc9be9558dfae:628,22,1364
8359,8359,5,PortScan,0.9907723294453185,"{""DDoS"": 0.006077337496813229, ""Normal"": 0.003150333057869539, ""PortScan"": 0.9907723294453185}",2026-09-17 09:42:28.813691+00,2026-09-17 09:42:28.813691+00,,RUNTIME,monitoring:22:11:579c4709b39b5d3a2a71c153b5df412242d1fc0eaf71fbc095cbc9be9558dfae:629,22,1364
8360,8360,5,PortScan,0.9858572377752948,"{""DDoS"": 0.011025379037612469, ""Normal"": 0.0031173831870937837, ""PortScan"": 0.9858572377752948}",2026-09-17 09:42:28.813691+00,2026-09-17 09:42:28.813691+00,,RUNTIME,monitoring:22:11:579c4709b39b5d3a2a71c153b5df412242d1fc0eaf71fbc095cbc9be9558dfae:630,22,1364
8361,8361,5,PortScan,0.9907723294453185,"{""DDoS"": 0.006077337496813229, ""Normal"": 0.003150333057869539, ""PortScan"": 0.9907723294453185}",2026-09-17 09:42:28.813691+00,2026-09-17 09:42:28.813692+00,,RUNTIME,monitoring:22:11:579c4709b39b5d3a2a71c153b5df412242d1fc0eaf71fbc095cbc9be9558dfae:631,22,1364
8362,8362,5,PortScan,0.9908097856182583,"{""DDoS"": 0.00603988132387339, ""Normal"": 0.003150333057869539, ""PortScan"": 0.9908097856182583}",2026-09-17 09:42:28.813692+00,2026-09-17 09:42:28.813692+00,,RUNTIME,monitoring:22:11:579c4709b39b5d3a2a71c153b5df412242d1fc0eaf71fbc095cbc9be9558dfae:632,22,1364
8363,8363,5,PortScan,0.9907723294453185,"{""DDoS"": 0.006077337496813229, ""Normal"": 0.003150333057869539, ""PortScan"": 0.9907723294453185}",2026-09-17 09:42:28.813692+00,2026-09-17 09:42:28.813692+00,,RUNTIME,monitoring:22:11:579c4709b39b5d3a2a71c153b5df412242d1fc0eaf71fbc095cbc9be9558dfae:633,22,1364
8364,8364,5,PortScan,0.9907723294453185,"{""DDoS"": 0.006077337496813229, ""Normal"": 0.003150333057869539, ""PortScan"": 0.9907723294453185}",2026-09-17 09:42:28.813693+00,2026-09-17 09:42:28.813693+00,,RUNTIME,monitoring:22:11:579c4709b39b5d3a2a71c153b5df412242d1fc0eaf71fbc095cbc9be9558dfae:634,22,1364
8365,8365,5,PortScan,0.9907723294453185,"{""DDoS"": 0.006077337496813229, ""Normal"": 0.003150333057869539, ""PortScan"": 0.9907723294453185}",2026-09-17 09:42:28.813693+00,2026-09-17 09:42:28.813693+00,,RUNTIME,monitoring:22:11:579c4709b39b5d3a2a71c153b5df412242d1fc0eaf71fbc095cbc9be9558dfae:635,22,1364
8366,8366,5,PortScan,0.9880724137187,"{""DDoS"": 0.006482568294333889, ""Normal"": 0.005445017986967172, ""PortScan"": 0.9880724137187}",2026-09-17 09:42:28.813693+00,2026-09-17 09:42:28.813694+00,,RUNTIME,monitoring:22:11:579c4709b39b5d3a2a71c153b5df412242d1fc0eaf71fbc095cbc9be9558dfae:636,22,1364
8367,8367,5,PortScan,0.9858572377752948,"{""DDoS"": 0.011025379037612469, ""Normal"": 0.0031173831870937837, ""PortScan"": 0.9858572377752948}",2026-09-17 09:42:28.813694+00,2026-09-17 09:42:28.813694+00,,RUNTIME,monitoring:22:11:579c4709b39b5d3a2a71c153b5df412242d1fc0eaf71fbc095cbc9be9558dfae:637,22,1364
8368,8368,5,PortScan,0.9908097856182583,"{""DDoS"": 0.00603988132387339, ""Normal"": 0.003150333057869539, ""PortScan"": 0.9908097856182583}",2026-09-17 09:42:28.813694+00,2026-09-17 09:42:28.813695+00,,RUNTIME,monitoring:22:11:579c4709b39b5d3a2a71c153b5df412242d1fc0eaf71fbc095cbc9be9558dfae:638,22,1364
8369,8369,5,PortScan,0.9908097856182583,"{""DDoS"": 0.00603988132387339, ""Normal"": 0.003150333057869539, ""PortScan"": 0.9908097856182583}",2026-09-17 09:42:28.813695+00,2026-09-17 09:42:28.813695+00,,RUNTIME,monitoring:22:11:579c4709b39b5d3a2a71c153b5df412242d1fc0eaf71fbc095cbc9be9558dfae:639,22,1364
8370,8370,5,PortScan,0.9907723294453185,"{""DDoS"": 0.006077337496813229, ""Normal"": 0.003150333057869539, ""PortScan"": 0.9907723294453185}",2026-09-17 09:42:28.813695+00,2026-09-17 09:42:28.813695+00,,RUNTIME,monitoring:22:11:579c4709b39b5d3a2a71c153b5df412242d1fc0eaf71fbc095cbc9be9558dfae:640,22,1364
8371,8371,5,PortScan,0.9907723294453185,"{""DDoS"": 0.006077337496813229, ""Normal"": 0.003150333057869539, ""PortScan"": 0.9907723294453185}",2026-09-17 09:42:28.813696+00,2026-09-17 09:42:28.813696+00,,RUNTIME,monitoring:22:11:579c4709b39b5d3a2a71c153b5df412242d1fc0eaf71fbc095cbc9be9558dfae:641,22,1364
8372,8372,5,PortScan,0.9907723294453185,"{""DDoS"": 0.006077337496813229, ""Normal"": 0.003150333057869539, ""PortScan"": 0.9907723294453185}",2026-09-17 09:42:28.813696+00,2026-09-17 09:42:28.813696+00,,RUNTIME,monitoring:22:11:579c4709b39b5d3a2a71c153b5df412242d1fc0eaf71fbc095cbc9be9558dfae:642,22,1364
8373,8373,5,PortScan,0.9908097856182583,"{""DDoS"": 0.00603988132387339, ""Normal"": 0.003150333057869539, ""PortScan"": 0.9908097856182583}",2026-09-17 09:42:28.813696+00,2026-09-17 09:42:28.813697+00,,RUNTIME,monitoring:22:11:579c4709b39b5d3a2a71c153b5df412242d1fc0eaf71fbc095cbc9be9558dfae:643,22,1364
8374,8374,5,PortScan,0.9858572377752948,"{""DDoS"": 0.011025379037612469, ""Normal"": 0.0031173831870937837, ""PortScan"": 0.9858572377752948}",2026-09-17 09:42:28.813697+00,2026-09-17 09:42:28.813697+00,,RUNTIME,monitoring:22:11:579c4709b39b5d3a2a71c153b5df412242d1fc0eaf71fbc095cbc9be9558dfae:644,22,1364
8375,8375,5,PortScan,0.991078245591263,"{""DDoS"": 0.005947894303711483, ""Normal"": 0.0029738601050267365, ""PortScan"": 0.991078245591263}",2026-09-17 09:42:28.813697+00,2026-09-17 09:42:28.813697+00,,RUNTIME,monitoring:22:11:579c4709b39b5d3a2a71c153b5df412242d1fc0eaf71fbc095cbc9be9558dfae:645,22,1364
8376,8376,5,PortScan,0.9849763504032812,"{""DDoS"": 0.01190626640962612, ""Normal"": 0.0031173831870937837, ""PortScan"": 0.9849763504032812}",2026-09-17 09:42:28.813698+00,2026-09-17 09:42:28.813698+00,,RUNTIME,monitoring:22:11:579c4709b39b5d3a2a71c153b5df412242d1fc0eaf71fbc095cbc9be9558dfae:646,22,1364
8377,8377,5,PortScan,0.9858572377752948,"{""DDoS"": 0.011025379037612469, ""Normal"": 0.0031173831870937837, ""PortScan"": 0.9858572377752948}",2026-09-17 09:42:28.813698+00,2026-09-17 09:42:28.813698+00,,RUNTIME,monitoring:22:11:579c4709b39b5d3a2a71c153b5df412242d1fc0eaf71fbc095cbc9be9558dfae:647,22,1364
8378,8378,5,PortScan,0.9858572377752948,"{""DDoS"": 0.011025379037612469, ""Normal"": 0.0031173831870937837, ""PortScan"": 0.9858572377752948}",2026-09-17 09:42:28.813698+00,2026-09-17 09:42:28.813698+00,,RUNTIME,monitoring:22:11:579c4709b39b5d3a2a71c153b5df412242d1fc0eaf71fbc095cbc9be9558dfae:648,22,1364
8379,8379,5,PortScan,0.9858572377752948,"{""DDoS"": 0.011025379037612469, ""Normal"": 0.0031173831870937837, ""PortScan"": 0.9858572377752948}",2026-09-17 09:42:28.813699+00,2026-09-17 09:42:28.813699+00,,RUNTIME,monitoring:22:11:579c4709b39b5d3a2a71c153b5df412242d1fc0eaf71fbc095cbc9be9558dfae:649,22,1364
8380,8380,5,PortScan,0.9880724137187,"{""DDoS"": 0.006482568294333889, ""Normal"": 0.005445017986967172, ""PortScan"": 0.9880724137187}",2026-09-17 09:42:28.813699+00,2026-09-17 09:42:28.813699+00,,RUNTIME,monitoring:22:11:579c4709b39b5d3a2a71c153b5df412242d1fc0eaf71fbc095cbc9be9558dfae:650,22,1364
8381,8381,5,PortScan,0.9858572377752948,"{""DDoS"": 0.011025379037612469, ""Normal"": 0.0031173831870937837, ""PortScan"": 0.9858572377752948}",2026-09-17 09:42:28.813699+00,2026-09-17 09:42:28.8137+00,,RUNTIME,monitoring:22:11:579c4709b39b5d3a2a71c153b5df412242d1fc0eaf71fbc095cbc9be9558dfae:651,22,1364
8382,8382,5,PortScan,0.9858572377752948,"{""DDoS"": 0.011025379037612469, ""Normal"": 0.0031173831870937837, ""PortScan"": 0.9858572377752948}",2026-09-17 09:42:28.8137+00,2026-09-17 09:42:28.8137+00,,RUNTIME,monitoring:22:11:579c4709b39b5d3a2a71c153b5df412242d1fc0eaf71fbc095cbc9be9558dfae:652,22,1364
8383,8383,5,PortScan,0.9880724137187,"{""DDoS"": 0.006482568294333889, ""Normal"": 0.005445017986967172, ""PortScan"": 0.9880724137187}",2026-09-17 09:42:28.8137+00,2026-09-17 09:42:28.8137+00,,RUNTIME,monitoring:22:11:579c4709b39b5d3a2a71c153b5df412242d1fc0eaf71fbc095cbc9be9558dfae:653,22,1364
8384,8384,5,PortScan,0.991078245591263,"{""DDoS"": 0.005947894303711483, ""Normal"": 0.0029738601050267365, ""PortScan"": 0.991078245591263}",2026-09-17 09:42:28.813701+00,2026-09-17 09:42:28.813701+00,,RUNTIME,monitoring:22:11:579c4709b39b5d3a2a71c153b5df412242d1fc0eaf71fbc095cbc9be9558dfae:654,22,1364
8385,8385,5,PortScan,0.9858572377752948,"{""DDoS"": 0.011025379037612469, ""Normal"": 0.0031173831870937837, ""PortScan"": 0.9858572377752948}",2026-09-17 09:42:28.813701+00,2026-09-17 09:42:28.813701+00,,RUNTIME,monitoring:22:11:579c4709b39b5d3a2a71c153b5df412242d1fc0eaf71fbc095cbc9be9558dfae:655,22,1364
8386,8386,5,PortScan,0.9907723294453185,"{""DDoS"": 0.006077337496813229, ""Normal"": 0.003150333057869539, ""PortScan"": 0.9907723294453185}",2026-09-17 09:42:28.813701+00,2026-09-17 09:42:28.813701+00,,RUNTIME,monitoring:22:11:579c4709b39b5d3a2a71c153b5df412242d1fc0eaf71fbc095cbc9be9558dfae:656,22,1364
8387,8387,5,PortScan,0.9907723294453185,"{""DDoS"": 0.006077337496813229, ""Normal"": 0.003150333057869539, ""PortScan"": 0.9907723294453185}",2026-09-17 09:42:28.813702+00,2026-09-17 09:42:28.813702+00,,RUNTIME,monitoring:22:11:579c4709b39b5d3a2a71c153b5df412242d1fc0eaf71fbc095cbc9be9558dfae:657,22,1364
8388,8388,5,PortScan,0.9907723294453185,"{""DDoS"": 0.006077337496813229, ""Normal"": 0.003150333057869539, ""PortScan"": 0.9907723294453185}",2026-09-17 09:42:28.813702+00,2026-09-17 09:42:28.813702+00,,RUNTIME,monitoring:22:11:579c4709b39b5d3a2a71c153b5df412242d1fc0eaf71fbc095cbc9be9558dfae:658,22,1364
8389,8389,5,PortScan,0.9858572377752948,"{""DDoS"": 0.011025379037612469, ""Normal"": 0.0031173831870937837, ""PortScan"": 0.9858572377752948}",2026-09-17 09:42:28.813703+00,2026-09-17 09:42:28.813703+00,,RUNTIME,monitoring:22:11:579c4709b39b5d3a2a71c153b5df412242d1fc0eaf71fbc095cbc9be9558dfae:659,22,1364
8390,8390,5,PortScan,0.9858572377752948,"{""DDoS"": 0.011025379037612469, ""Normal"": 0.0031173831870937837, ""PortScan"": 0.9858572377752948}",2026-09-17 09:42:28.813703+00,2026-09-17 09:42:28.813703+00,,RUNTIME,monitoring:22:11:579c4709b39b5d3a2a71c153b5df412242d1fc0eaf71fbc095cbc9be9558dfae:660,22,1364
8391,8391,5,PortScan,0.9907723294453185,"{""DDoS"": 0.006077337496813229, ""Normal"": 0.003150333057869539, ""PortScan"": 0.9907723294453185}",2026-09-17 09:42:28.813703+00,2026-09-17 09:42:28.813703+00,,RUNTIME,monitoring:22:11:579c4709b39b5d3a2a71c153b5df412242d1fc0eaf71fbc095cbc9be9558dfae:661,22,1364
8392,8392,5,PortScan,0.9858572377752948,"{""DDoS"": 0.011025379037612469, ""Normal"": 0.0031173831870937837, ""PortScan"": 0.9858572377752948}",2026-09-17 09:42:28.813704+00,2026-09-17 09:42:28.813704+00,,RUNTIME,monitoring:22:11:579c4709b39b5d3a2a71c153b5df412242d1fc0eaf71fbc095cbc9be9558dfae:662,22,1364
8393,8393,5,PortScan,0.9858572377752948,"{""DDoS"": 0.011025379037612469, ""Normal"": 0.0031173831870937837, ""PortScan"": 0.9858572377752948}",2026-09-17 09:42:28.813704+00,2026-09-17 09:42:28.813704+00,,RUNTIME,monitoring:22:11:579c4709b39b5d3a2a71c153b5df412242d1fc0eaf71fbc095cbc9be9558dfae:663,22,1364
8394,8394,5,PortScan,0.9849763504032812,"{""DDoS"": 0.01190626640962612, ""Normal"": 0.0031173831870937837, ""PortScan"": 0.9849763504032812}",2026-09-17 09:42:28.813704+00,2026-09-17 09:42:28.813705+00,,RUNTIME,monitoring:22:11:579c4709b39b5d3a2a71c153b5df412242d1fc0eaf71fbc095cbc9be9558dfae:664,22,1364
8395,8395,5,PortScan,0.9907723294453185,"{""DDoS"": 0.006077337496813229, ""Normal"": 0.003150333057869539, ""PortScan"": 0.9907723294453185}",2026-09-17 09:42:28.813705+00,2026-09-17 09:42:28.813705+00,,RUNTIME,monitoring:22:11:579c4709b39b5d3a2a71c153b5df412242d1fc0eaf71fbc095cbc9be9558dfae:665,22,1364
8396,8396,5,PortScan,0.9907723294453185,"{""DDoS"": 0.006077337496813229, ""Normal"": 0.003150333057869539, ""PortScan"": 0.9907723294453185}",2026-09-17 09:42:28.813705+00,2026-09-17 09:42:28.813705+00,,RUNTIME,monitoring:22:11:579c4709b39b5d3a2a71c153b5df412242d1fc0eaf71fbc095cbc9be9558dfae:666,22,1364
8397,8397,5,PortScan,0.9908097856182583,"{""DDoS"": 0.00603988132387339, ""Normal"": 0.003150333057869539, ""PortScan"": 0.9908097856182583}",2026-09-17 09:42:28.813705+00,2026-09-17 09:42:28.813706+00,,RUNTIME,monitoring:22:11:579c4709b39b5d3a2a71c153b5df412242d1fc0eaf71fbc095cbc9be9558dfae:667,22,1364
8398,8398,5,PortScan,0.984976350403281,"{""DDoS"": 0.01190626640962612, ""Normal"": 0.0031173831870937837, ""PortScan"": 0.984976350403281}",2026-09-17 09:42:28.813706+00,2026-09-17 09:42:28.813706+00,,RUNTIME,monitoring:22:11:579c4709b39b5d3a2a71c153b5df412242d1fc0eaf71fbc095cbc9be9558dfae:668,22,1364
8399,8399,5,PortScan,0.9880724137187,"{""DDoS"": 0.006482568294333889, ""Normal"": 0.005445017986967172, ""PortScan"": 0.9880724137187}",2026-09-17 09:42:28.813706+00,2026-09-17 09:42:28.813706+00,,RUNTIME,monitoring:22:11:579c4709b39b5d3a2a71c153b5df412242d1fc0eaf71fbc095cbc9be9558dfae:669,22,1364
8400,8400,5,PortScan,0.9908097856182583,"{""DDoS"": 0.00603988132387339, ""Normal"": 0.003150333057869539, ""PortScan"": 0.9908097856182583}",2026-09-17 09:42:28.813707+00,2026-09-17 09:42:28.813707+00,,RUNTIME,monitoring:22:11:579c4709b39b5d3a2a71c153b5df412242d1fc0eaf71fbc095cbc9be9558dfae:670,22,1364
8401,8401,5,PortScan,0.9849763504032812,"{""DDoS"": 0.01190626640962612, ""Normal"": 0.0031173831870937837, ""PortScan"": 0.9849763504032812}",2026-09-17 09:42:28.813707+00,2026-09-17 09:42:28.813707+00,,RUNTIME,monitoring:22:11:579c4709b39b5d3a2a71c153b5df412242d1fc0eaf71fbc095cbc9be9558dfae:671,22,1364
8402,8402,5,PortScan,0.9907723294453185,"{""DDoS"": 0.006077337496813229, ""Normal"": 0.003150333057869539, ""PortScan"": 0.9907723294453185}",2026-09-17 09:42:28.813707+00,2026-09-17 09:42:28.813707+00,,RUNTIME,monitoring:22:11:579c4709b39b5d3a2a71c153b5df412242d1fc0eaf71fbc095cbc9be9558dfae:672,22,1364
8403,8403,5,PortScan,0.9907723294453185,"{""DDoS"": 0.006077337496813229, ""Normal"": 0.003150333057869539, ""PortScan"": 0.9907723294453185}",2026-09-17 09:42:28.813708+00,2026-09-17 09:42:28.813708+00,,RUNTIME,monitoring:22:11:579c4709b39b5d3a2a71c153b5df412242d1fc0eaf71fbc095cbc9be9558dfae:673,22,1364
8404,8404,5,PortScan,0.9908097856182583,"{""DDoS"": 0.00603988132387339, ""Normal"": 0.003150333057869539, ""PortScan"": 0.9908097856182583}",2026-09-17 09:42:28.813708+00,2026-09-17 09:42:28.813708+00,,RUNTIME,monitoring:22:11:579c4709b39b5d3a2a71c153b5df412242d1fc0eaf71fbc095cbc9be9558dfae:674,22,1364
8405,8405,5,PortScan,0.9907723294453185,"{""DDoS"": 0.006077337496813229, ""Normal"": 0.003150333057869539, ""PortScan"": 0.9907723294453185}",2026-09-17 09:42:28.813708+00,2026-09-17 09:42:28.813709+00,,RUNTIME,monitoring:22:11:579c4709b39b5d3a2a71c153b5df412242d1fc0eaf71fbc095cbc9be9558dfae:675,22,1364
8406,8406,5,PortScan,0.9907723294453185,"{""DDoS"": 0.006077337496813229, ""Normal"": 0.003150333057869539, ""PortScan"": 0.9907723294453185}",2026-09-17 09:42:28.813709+00,2026-09-17 09:42:28.813709+00,,RUNTIME,monitoring:22:11:579c4709b39b5d3a2a71c153b5df412242d1fc0eaf71fbc095cbc9be9558dfae:676,22,1364
8407,8407,5,PortScan,0.9907723294453185,"{""DDoS"": 0.006077337496813229, ""Normal"": 0.003150333057869539, ""PortScan"": 0.9907723294453185}",2026-09-17 09:42:28.813709+00,2026-09-17 09:42:28.813709+00,,RUNTIME,monitoring:22:11:579c4709b39b5d3a2a71c153b5df412242d1fc0eaf71fbc095cbc9be9558dfae:677,22,1364
8408,8408,5,PortScan,0.9908097856182583,"{""DDoS"": 0.00603988132387339, ""Normal"": 0.003150333057869539, ""PortScan"": 0.9908097856182583}",2026-09-17 09:42:28.813709+00,2026-09-17 09:42:28.81371+00,,RUNTIME,monitoring:22:11:579c4709b39b5d3a2a71c153b5df412242d1fc0eaf71fbc095cbc9be9558dfae:678,22,1364
8409,8409,5,PortScan,0.9907723294453185,"{""DDoS"": 0.006077337496813229, ""Normal"": 0.003150333057869539, ""PortScan"": 0.9907723294453185}",2026-09-17 09:42:28.81371+00,2026-09-17 09:42:28.81371+00,,RUNTIME,monitoring:22:11:579c4709b39b5d3a2a71c153b5df412242d1fc0eaf71fbc095cbc9be9558dfae:679,22,1364
8410,8410,5,PortScan,0.9907723294453185,"{""DDoS"": 0.006077337496813229, ""Normal"": 0.003150333057869539, ""PortScan"": 0.9907723294453185}",2026-09-17 09:42:28.81371+00,2026-09-17 09:42:28.81371+00,,RUNTIME,monitoring:22:11:579c4709b39b5d3a2a71c153b5df412242d1fc0eaf71fbc095cbc9be9558dfae:680,22,1364
8411,8411,5,PortScan,0.9849763504032812,"{""DDoS"": 0.01190626640962612, ""Normal"": 0.0031173831870937837, ""PortScan"": 0.9849763504032812}",2026-09-17 09:42:28.813711+00,2026-09-17 09:42:28.813711+00,,RUNTIME,monitoring:22:11:579c4709b39b5d3a2a71c153b5df412242d1fc0eaf71fbc095cbc9be9558dfae:681,22,1364
8412,8412,5,PortScan,0.9807410369802422,"{""DDoS"": 0.01190626640962612, ""Normal"": 0.007352696610132838, ""PortScan"": 0.9807410369802422}",2026-09-17 09:42:28.813711+00,2026-09-17 09:42:28.813711+00,,RUNTIME,monitoring:22:11:579c4709b39b5d3a2a71c153b5df412242d1fc0eaf71fbc095cbc9be9558dfae:682,22,1364
8413,8413,5,PortScan,0.9880724137187,"{""DDoS"": 0.006482568294333889, ""Normal"": 0.005445017986967172, ""PortScan"": 0.9880724137187}",2026-09-17 09:42:28.813711+00,2026-09-17 09:42:28.813711+00,,RUNTIME,monitoring:22:11:579c4709b39b5d3a2a71c153b5df412242d1fc0eaf71fbc095cbc9be9558dfae:683,22,1364
8414,8414,5,PortScan,0.9907723294453185,"{""DDoS"": 0.006077337496813229, ""Normal"": 0.003150333057869539, ""PortScan"": 0.9907723294453185}",2026-09-17 09:42:28.813712+00,2026-09-17 09:42:28.813712+00,,RUNTIME,monitoring:22:11:579c4709b39b5d3a2a71c153b5df412242d1fc0eaf71fbc095cbc9be9558dfae:684,22,1364
8415,8415,5,PortScan,0.9907723294453185,"{""DDoS"": 0.006077337496813229, ""Normal"": 0.003150333057869539, ""PortScan"": 0.9907723294453185}",2026-09-17 09:42:28.813712+00,2026-09-17 09:42:28.813712+00,,RUNTIME,monitoring:22:11:579c4709b39b5d3a2a71c153b5df412242d1fc0eaf71fbc095cbc9be9558dfae:685,22,1364
8416,8416,5,PortScan,0.9907723294453185,"{""DDoS"": 0.006077337496813229, ""Normal"": 0.003150333057869539, ""PortScan"": 0.9907723294453185}",2026-09-17 09:42:28.813712+00,2026-09-17 09:42:28.813712+00,,RUNTIME,monitoring:22:11:579c4709b39b5d3a2a71c153b5df412242d1fc0eaf71fbc095cbc9be9558dfae:686,22,1364
8417,8417,5,PortScan,0.9849763504032812,"{""DDoS"": 0.01190626640962612, ""Normal"": 0.0031173831870937837, ""PortScan"": 0.9849763504032812}",2026-09-17 09:42:28.813713+00,2026-09-17 09:42:28.813713+00,,RUNTIME,monitoring:22:11:579c4709b39b5d3a2a71c153b5df412242d1fc0eaf71fbc095cbc9be9558dfae:687,22,1364
8418,8418,5,PortScan,0.9907723294453185,"{""DDoS"": 0.006077337496813229, ""Normal"": 0.003150333057869539, ""PortScan"": 0.9907723294453185}",2026-09-17 09:42:28.813713+00,2026-09-17 09:42:28.813713+00,,RUNTIME,monitoring:22:11:579c4709b39b5d3a2a71c153b5df412242d1fc0eaf71fbc095cbc9be9558dfae:688,22,1364
8419,8419,5,PortScan,0.9907723294453185,"{""DDoS"": 0.006077337496813229, ""Normal"": 0.003150333057869539, ""PortScan"": 0.9907723294453185}",2026-09-17 09:42:28.813713+00,2026-09-17 09:42:28.813714+00,,RUNTIME,monitoring:22:11:579c4709b39b5d3a2a71c153b5df412242d1fc0eaf71fbc095cbc9be9558dfae:689,22,1364
8420,8420,5,PortScan,0.9908097856182583,"{""DDoS"": 0.00603988132387339, ""Normal"": 0.003150333057869539, ""PortScan"": 0.9908097856182583}",2026-09-17 09:42:28.813714+00,2026-09-17 09:42:28.813714+00,,RUNTIME,monitoring:22:11:579c4709b39b5d3a2a71c153b5df412242d1fc0eaf71fbc095cbc9be9558dfae:690,22,1364
8421,8421,5,PortScan,0.9907723294453185,"{""DDoS"": 0.006077337496813229, ""Normal"": 0.003150333057869539, ""PortScan"": 0.9907723294453185}",2026-09-17 09:42:28.813714+00,2026-09-17 09:42:28.813715+00,,RUNTIME,monitoring:22:11:579c4709b39b5d3a2a71c153b5df412242d1fc0eaf71fbc095cbc9be9558dfae:691,22,1364
8422,8422,5,PortScan,0.9858572377752948,"{""DDoS"": 0.011025379037612469, ""Normal"": 0.0031173831870937837, ""PortScan"": 0.9858572377752948}",2026-09-17 09:42:28.813715+00,2026-09-17 09:42:28.813715+00,,RUNTIME,monitoring:22:11:579c4709b39b5d3a2a71c153b5df412242d1fc0eaf71fbc095cbc9be9558dfae:692,22,1364
8423,8423,5,PortScan,0.9858572377752948,"{""DDoS"": 0.011025379037612469, ""Normal"": 0.0031173831870937837, ""PortScan"": 0.9858572377752948}",2026-09-17 09:42:28.813715+00,2026-09-17 09:42:28.813715+00,,RUNTIME,monitoring:22:11:579c4709b39b5d3a2a71c153b5df412242d1fc0eaf71fbc095cbc9be9558dfae:693,22,1364
8424,8424,5,PortScan,0.9908097856182583,"{""DDoS"": 0.00603988132387339, ""Normal"": 0.003150333057869539, ""PortScan"": 0.9908097856182583}",2026-09-17 09:42:28.813716+00,2026-09-17 09:42:28.813716+00,,RUNTIME,monitoring:22:11:579c4709b39b5d3a2a71c153b5df412242d1fc0eaf71fbc095cbc9be9558dfae:694,22,1364
8425,8425,5,PortScan,0.9858572377752948,"{""DDoS"": 0.011025379037612469, ""Normal"": 0.0031173831870937837, ""PortScan"": 0.9858572377752948}",2026-09-17 09:42:28.813716+00,2026-09-17 09:42:28.813716+00,,RUNTIME,monitoring:22:11:579c4709b39b5d3a2a71c153b5df412242d1fc0eaf71fbc095cbc9be9558dfae:695,22,1364
8426,8426,5,PortScan,0.9907723294453185,"{""DDoS"": 0.006077337496813229, ""Normal"": 0.003150333057869539, ""PortScan"": 0.9907723294453185}",2026-09-17 09:42:28.813716+00,2026-09-17 09:42:28.813716+00,,RUNTIME,monitoring:22:11:579c4709b39b5d3a2a71c153b5df412242d1fc0eaf71fbc095cbc9be9558dfae:696,22,1364
8427,8427,5,PortScan,0.991078245591263,"{""DDoS"": 0.005947894303711483, ""Normal"": 0.0029738601050267365, ""PortScan"": 0.991078245591263}",2026-09-17 09:42:28.813717+00,2026-09-17 09:42:28.813717+00,,RUNTIME,monitoring:22:11:579c4709b39b5d3a2a71c153b5df412242d1fc0eaf71fbc095cbc9be9558dfae:697,22,1364
8428,8428,5,PortScan,0.9907723294453185,"{""DDoS"": 0.006077337496813229, ""Normal"": 0.003150333057869539, ""PortScan"": 0.9907723294453185}",2026-09-17 09:42:28.813717+00,2026-09-17 09:42:28.813717+00,,RUNTIME,monitoring:22:11:579c4709b39b5d3a2a71c153b5df412242d1fc0eaf71fbc095cbc9be9558dfae:698,22,1364
8429,8429,5,PortScan,0.9907723294453185,"{""DDoS"": 0.006077337496813229, ""Normal"": 0.003150333057869539, ""PortScan"": 0.9907723294453185}",2026-09-17 09:42:28.813717+00,2026-09-17 09:42:28.813718+00,,RUNTIME,monitoring:22:11:579c4709b39b5d3a2a71c153b5df412242d1fc0eaf71fbc095cbc9be9558dfae:699,22,1364
8430,8430,5,PortScan,0.9858572377752948,"{""DDoS"": 0.011025379037612469, ""Normal"": 0.0031173831870937837, ""PortScan"": 0.9858572377752948}",2026-09-17 09:42:28.813718+00,2026-09-17 09:42:28.813718+00,,RUNTIME,monitoring:22:11:579c4709b39b5d3a2a71c153b5df412242d1fc0eaf71fbc095cbc9be9558dfae:700,22,1364
8431,8431,5,PortScan,0.991078245591263,"{""DDoS"": 0.005947894303711483, ""Normal"": 0.0029738601050267365, ""PortScan"": 0.991078245591263}",2026-09-17 09:42:28.813718+00,2026-09-17 09:42:28.813718+00,,RUNTIME,monitoring:22:11:579c4709b39b5d3a2a71c153b5df412242d1fc0eaf71fbc095cbc9be9558dfae:701,22,1364
8432,8432,5,PortScan,0.9907723294453185,"{""DDoS"": 0.006077337496813229, ""Normal"": 0.003150333057869539, ""PortScan"": 0.9907723294453185}",2026-09-17 09:42:28.813719+00,2026-09-17 09:42:28.813719+00,,RUNTIME,monitoring:22:11:579c4709b39b5d3a2a71c153b5df412242d1fc0eaf71fbc095cbc9be9558dfae:702,22,1364
8433,8433,5,PortScan,0.9880724137187,"{""DDoS"": 0.006482568294333889, ""Normal"": 0.005445017986967172, ""PortScan"": 0.9880724137187}",2026-09-17 09:42:28.813719+00,2026-09-17 09:42:28.813719+00,,RUNTIME,monitoring:22:11:579c4709b39b5d3a2a71c153b5df412242d1fc0eaf71fbc095cbc9be9558dfae:703,22,1364
8434,8434,5,PortScan,0.9858572377752948,"{""DDoS"": 0.011025379037612469, ""Normal"": 0.0031173831870937837, ""PortScan"": 0.9858572377752948}",2026-09-17 09:42:28.813719+00,2026-09-17 09:42:28.813719+00,,RUNTIME,monitoring:22:11:579c4709b39b5d3a2a71c153b5df412242d1fc0eaf71fbc095cbc9be9558dfae:704,22,1364
8435,8435,5,PortScan,0.9907723294453185,"{""DDoS"": 0.006077337496813229, ""Normal"": 0.003150333057869539, ""PortScan"": 0.9907723294453185}",2026-09-17 09:42:28.81372+00,2026-09-17 09:42:28.81372+00,,RUNTIME,monitoring:22:11:579c4709b39b5d3a2a71c153b5df412242d1fc0eaf71fbc095cbc9be9558dfae:705,22,1364
8436,8436,5,PortScan,0.9858572377752948,"{""DDoS"": 0.011025379037612469, ""Normal"": 0.0031173831870937837, ""PortScan"": 0.9858572377752948}",2026-09-17 09:42:28.81372+00,2026-09-17 09:42:28.81372+00,,RUNTIME,monitoring:22:11:579c4709b39b5d3a2a71c153b5df412242d1fc0eaf71fbc095cbc9be9558dfae:706,22,1364
8437,8437,5,PortScan,0.9907723294453185,"{""DDoS"": 0.006077337496813229, ""Normal"": 0.003150333057869539, ""PortScan"": 0.9907723294453185}",2026-09-17 09:42:28.81372+00,2026-09-17 09:42:28.813721+00,,RUNTIME,monitoring:22:11:579c4709b39b5d3a2a71c153b5df412242d1fc0eaf71fbc095cbc9be9558dfae:707,22,1364
8438,8438,5,PortScan,0.9907723294453185,"{""DDoS"": 0.006077337496813229, ""Normal"": 0.003150333057869539, ""PortScan"": 0.9907723294453185}",2026-09-17 09:42:28.813721+00,2026-09-17 09:42:28.813721+00,,RUNTIME,monitoring:22:11:579c4709b39b5d3a2a71c153b5df412242d1fc0eaf71fbc095cbc9be9558dfae:708,22,1364
8439,8439,5,PortScan,0.9858572377752948,"{""DDoS"": 0.011025379037612469, ""Normal"": 0.0031173831870937837, ""PortScan"": 0.9858572377752948}",2026-09-17 09:42:28.813721+00,2026-09-17 09:42:28.813721+00,,RUNTIME,monitoring:22:11:579c4709b39b5d3a2a71c153b5df412242d1fc0eaf71fbc095cbc9be9558dfae:709,22,1364
8440,8440,5,PortScan,0.9858572377752948,"{""DDoS"": 0.011025379037612469, ""Normal"": 0.0031173831870937837, ""PortScan"": 0.9858572377752948}",2026-09-17 09:42:28.813722+00,2026-09-17 09:42:28.813722+00,,RUNTIME,monitoring:22:11:579c4709b39b5d3a2a71c153b5df412242d1fc0eaf71fbc095cbc9be9558dfae:710,22,1364
8441,8441,5,PortScan,0.9907723294453185,"{""DDoS"": 0.006077337496813229, ""Normal"": 0.003150333057869539, ""PortScan"": 0.9907723294453185}",2026-09-17 09:42:28.813722+00,2026-09-17 09:42:28.813722+00,,RUNTIME,monitoring:22:11:579c4709b39b5d3a2a71c153b5df412242d1fc0eaf71fbc095cbc9be9558dfae:711,22,1364
8442,8442,5,PortScan,0.9907723294453185,"{""DDoS"": 0.006077337496813229, ""Normal"": 0.003150333057869539, ""PortScan"": 0.9907723294453185}",2026-09-17 09:42:28.813722+00,2026-09-17 09:42:28.813723+00,,RUNTIME,monitoring:22:11:579c4709b39b5d3a2a71c153b5df412242d1fc0eaf71fbc095cbc9be9558dfae:712,22,1364
8443,8443,5,PortScan,0.9858572377752948,"{""DDoS"": 0.011025379037612469, ""Normal"": 0.0031173831870937837, ""PortScan"": 0.9858572377752948}",2026-09-17 09:42:28.813723+00,2026-09-17 09:42:28.813723+00,,RUNTIME,monitoring:22:11:579c4709b39b5d3a2a71c153b5df412242d1fc0eaf71fbc095cbc9be9558dfae:713,22,1364
8444,8444,5,PortScan,0.9849763504032812,"{""DDoS"": 0.01190626640962612, ""Normal"": 0.0031173831870937837, ""PortScan"": 0.9849763504032812}",2026-09-17 09:42:28.813723+00,2026-09-17 09:42:28.813723+00,,RUNTIME,monitoring:22:11:579c4709b39b5d3a2a71c153b5df412242d1fc0eaf71fbc095cbc9be9558dfae:714,22,1364
8445,8445,5,PortScan,0.9858572377752948,"{""DDoS"": 0.011025379037612469, ""Normal"": 0.0031173831870937837, ""PortScan"": 0.9858572377752948}",2026-09-17 09:42:28.813724+00,2026-09-17 09:42:28.813724+00,,RUNTIME,monitoring:22:11:579c4709b39b5d3a2a71c153b5df412242d1fc0eaf71fbc095cbc9be9558dfae:715,22,1364
8446,8446,5,PortScan,0.9907723294453185,"{""DDoS"": 0.006077337496813229, ""Normal"": 0.003150333057869539, ""PortScan"": 0.9907723294453185}",2026-09-17 09:42:28.813724+00,2026-09-17 09:42:28.813724+00,,RUNTIME,monitoring:22:11:579c4709b39b5d3a2a71c153b5df412242d1fc0eaf71fbc095cbc9be9558dfae:716,22,1364
8447,8447,5,PortScan,0.9907723294453185,"{""DDoS"": 0.006077337496813229, ""Normal"": 0.003150333057869539, ""PortScan"": 0.9907723294453185}",2026-09-17 09:42:28.813724+00,2026-09-17 09:42:28.813724+00,,RUNTIME,monitoring:22:11:579c4709b39b5d3a2a71c153b5df412242d1fc0eaf71fbc095cbc9be9558dfae:717,22,1364
8448,8448,5,PortScan,0.9908097856182583,"{""DDoS"": 0.00603988132387339, ""Normal"": 0.003150333057869539, ""PortScan"": 0.9908097856182583}",2026-09-17 09:42:28.813725+00,2026-09-17 09:42:28.813725+00,,RUNTIME,monitoring:22:11:579c4709b39b5d3a2a71c153b5df412242d1fc0eaf71fbc095cbc9be9558dfae:718,22,1364
8449,8449,5,PortScan,0.9907723294453185,"{""DDoS"": 0.006077337496813229, ""Normal"": 0.003150333057869539, ""PortScan"": 0.9907723294453185}",2026-09-17 09:42:28.813725+00,2026-09-17 09:42:28.813725+00,,RUNTIME,monitoring:22:11:579c4709b39b5d3a2a71c153b5df412242d1fc0eaf71fbc095cbc9be9558dfae:719,22,1364
8450,8450,5,PortScan,0.9907723294453185,"{""DDoS"": 0.006077337496813229, ""Normal"": 0.003150333057869539, ""PortScan"": 0.9907723294453185}",2026-09-17 09:42:28.813725+00,2026-09-17 09:42:28.813726+00,,RUNTIME,monitoring:22:11:579c4709b39b5d3a2a71c153b5df412242d1fc0eaf71fbc095cbc9be9558dfae:720,22,1364
8451,8451,5,PortScan,0.9858572377752948,"{""DDoS"": 0.011025379037612469, ""Normal"": 0.0031173831870937837, ""PortScan"": 0.9858572377752948}",2026-09-17 09:42:28.813726+00,2026-09-17 09:42:28.813726+00,,RUNTIME,monitoring:22:11:579c4709b39b5d3a2a71c153b5df412242d1fc0eaf71fbc095cbc9be9558dfae:721,22,1364
8452,8452,5,PortScan,0.9907723294453185,"{""DDoS"": 0.006077337496813229, ""Normal"": 0.003150333057869539, ""PortScan"": 0.9907723294453185}",2026-09-17 09:42:28.813726+00,2026-09-17 09:42:28.813726+00,,RUNTIME,monitoring:22:11:579c4709b39b5d3a2a71c153b5df412242d1fc0eaf71fbc095cbc9be9558dfae:722,22,1364
8453,8453,5,PortScan,0.9907723294453185,"{""DDoS"": 0.006077337496813229, ""Normal"": 0.003150333057869539, ""PortScan"": 0.9907723294453185}",2026-09-17 09:42:28.813727+00,2026-09-17 09:42:28.813727+00,,RUNTIME,monitoring:22:11:579c4709b39b5d3a2a71c153b5df412242d1fc0eaf71fbc095cbc9be9558dfae:723,22,1364
8454,8454,5,PortScan,0.9849763504032812,"{""DDoS"": 0.01190626640962612, ""Normal"": 0.0031173831870937837, ""PortScan"": 0.9849763504032812}",2026-09-17 09:42:28.813727+00,2026-09-17 09:42:28.813727+00,,RUNTIME,monitoring:22:11:579c4709b39b5d3a2a71c153b5df412242d1fc0eaf71fbc095cbc9be9558dfae:724,22,1364
8455,8455,5,PortScan,0.991078245591263,"{""DDoS"": 0.005947894303711483, ""Normal"": 0.0029738601050267365, ""PortScan"": 0.991078245591263}",2026-09-17 09:42:28.813727+00,2026-09-17 09:42:28.813728+00,,RUNTIME,monitoring:22:11:579c4709b39b5d3a2a71c153b5df412242d1fc0eaf71fbc095cbc9be9558dfae:725,22,1364
8456,8456,5,PortScan,0.9879052881329854,"{""DDoS"": 0.006482568294333889, ""Normal"": 0.005612143572681966, ""PortScan"": 0.9879052881329854}",2026-09-17 09:42:28.813728+00,2026-09-17 09:42:28.813728+00,,RUNTIME,monitoring:22:11:579c4709b39b5d3a2a71c153b5df412242d1fc0eaf71fbc095cbc9be9558dfae:726,22,1364
8457,8457,5,PortScan,0.9907723294453185,"{""DDoS"": 0.006077337496813229, ""Normal"": 0.003150333057869539, ""PortScan"": 0.9907723294453185}",2026-09-17 09:42:28.813728+00,2026-09-17 09:42:28.813728+00,,RUNTIME,monitoring:22:11:579c4709b39b5d3a2a71c153b5df412242d1fc0eaf71fbc095cbc9be9558dfae:727,22,1364
8458,8458,5,PortScan,0.9907723294453185,"{""DDoS"": 0.006077337496813229, ""Normal"": 0.003150333057869539, ""PortScan"": 0.9907723294453185}",2026-09-17 09:42:28.813729+00,2026-09-17 09:42:28.813729+00,,RUNTIME,monitoring:22:11:579c4709b39b5d3a2a71c153b5df412242d1fc0eaf71fbc095cbc9be9558dfae:728,22,1364
8459,8459,5,PortScan,0.9907723294453185,"{""DDoS"": 0.006077337496813229, ""Normal"": 0.003150333057869539, ""PortScan"": 0.9907723294453185}",2026-09-17 09:42:28.813729+00,2026-09-17 09:42:28.813729+00,,RUNTIME,monitoring:22:11:579c4709b39b5d3a2a71c153b5df412242d1fc0eaf71fbc095cbc9be9558dfae:729,22,1364
8460,8460,5,PortScan,0.9849763504032812,"{""DDoS"": 0.01190626640962612, ""Normal"": 0.0031173831870937837, ""PortScan"": 0.9849763504032812}",2026-09-17 09:42:28.813729+00,2026-09-17 09:42:28.813729+00,,RUNTIME,monitoring:22:11:579c4709b39b5d3a2a71c153b5df412242d1fc0eaf71fbc095cbc9be9558dfae:730,22,1364
8461,8461,5,PortScan,0.9907723294453185,"{""DDoS"": 0.006077337496813229, ""Normal"": 0.003150333057869539, ""PortScan"": 0.9907723294453185}",2026-09-17 09:42:28.81373+00,2026-09-17 09:42:28.81373+00,,RUNTIME,monitoring:22:11:579c4709b39b5d3a2a71c153b5df412242d1fc0eaf71fbc095cbc9be9558dfae:731,22,1364
8462,8462,5,PortScan,0.9907723294453185,"{""DDoS"": 0.006077337496813229, ""Normal"": 0.003150333057869539, ""PortScan"": 0.9907723294453185}",2026-09-17 09:42:28.81373+00,2026-09-17 09:42:28.81373+00,,RUNTIME,monitoring:22:11:579c4709b39b5d3a2a71c153b5df412242d1fc0eaf71fbc095cbc9be9558dfae:732,22,1364
8463,8463,5,PortScan,0.9849763504032812,"{""DDoS"": 0.01190626640962612, ""Normal"": 0.0031173831870937837, ""PortScan"": 0.9849763504032812}",2026-09-17 09:42:28.81373+00,2026-09-17 09:42:28.813731+00,,RUNTIME,monitoring:22:11:579c4709b39b5d3a2a71c153b5df412242d1fc0eaf71fbc095cbc9be9558dfae:733,22,1364
8464,8464,5,PortScan,0.9849763504032812,"{""DDoS"": 0.01190626640962612, ""Normal"": 0.0031173831870937837, ""PortScan"": 0.9849763504032812}",2026-09-17 09:42:28.813731+00,2026-09-17 09:42:28.813731+00,,RUNTIME,monitoring:22:11:579c4709b39b5d3a2a71c153b5df412242d1fc0eaf71fbc095cbc9be9558dfae:734,22,1364
8465,8465,5,PortScan,0.9907723294453185,"{""DDoS"": 0.006077337496813229, ""Normal"": 0.003150333057869539, ""PortScan"": 0.9907723294453185}",2026-09-17 09:42:28.813731+00,2026-09-17 09:42:28.813731+00,,RUNTIME,monitoring:22:11:579c4709b39b5d3a2a71c153b5df412242d1fc0eaf71fbc095cbc9be9558dfae:735,22,1364
8466,8466,5,PortScan,0.9849763504032812,"{""DDoS"": 0.01190626640962612, ""Normal"": 0.0031173831870937837, ""PortScan"": 0.9849763504032812}",2026-09-17 09:42:28.813732+00,2026-09-17 09:42:28.813732+00,,RUNTIME,monitoring:22:11:579c4709b39b5d3a2a71c153b5df412242d1fc0eaf71fbc095cbc9be9558dfae:736,22,1364
8467,8467,5,PortScan,0.9907723294453185,"{""DDoS"": 0.006077337496813229, ""Normal"": 0.003150333057869539, ""PortScan"": 0.9907723294453185}",2026-09-17 09:42:28.813732+00,2026-09-17 09:42:28.813732+00,,RUNTIME,monitoring:22:11:579c4709b39b5d3a2a71c153b5df412242d1fc0eaf71fbc095cbc9be9558dfae:737,22,1364
8468,8468,5,PortScan,0.9858572377752948,"{""DDoS"": 0.011025379037612469, ""Normal"": 0.0031173831870937837, ""PortScan"": 0.9858572377752948}",2026-09-17 09:42:28.813732+00,2026-09-17 09:42:28.813732+00,,RUNTIME,monitoring:22:11:579c4709b39b5d3a2a71c153b5df412242d1fc0eaf71fbc095cbc9be9558dfae:738,22,1364
8469,8469,5,PortScan,0.991078245591263,"{""DDoS"": 0.005947894303711483, ""Normal"": 0.0029738601050267365, ""PortScan"": 0.991078245591263}",2026-09-17 09:42:28.813733+00,2026-09-17 09:42:28.813733+00,,RUNTIME,monitoring:22:11:579c4709b39b5d3a2a71c153b5df412242d1fc0eaf71fbc095cbc9be9558dfae:739,22,1364
8470,8470,5,PortScan,0.9907723294453185,"{""DDoS"": 0.006077337496813229, ""Normal"": 0.003150333057869539, ""PortScan"": 0.9907723294453185}",2026-09-17 09:42:28.813733+00,2026-09-17 09:42:28.813733+00,,RUNTIME,monitoring:22:11:579c4709b39b5d3a2a71c153b5df412242d1fc0eaf71fbc095cbc9be9558dfae:740,22,1364
8471,8471,5,PortScan,0.9908097856182583,"{""DDoS"": 0.00603988132387339, ""Normal"": 0.003150333057869539, ""PortScan"": 0.9908097856182583}",2026-09-17 09:42:28.813733+00,2026-09-17 09:42:28.813734+00,,RUNTIME,monitoring:22:11:579c4709b39b5d3a2a71c153b5df412242d1fc0eaf71fbc095cbc9be9558dfae:741,22,1364
8472,8472,5,PortScan,0.9858572377752948,"{""DDoS"": 0.011025379037612469, ""Normal"": 0.0031173831870937837, ""PortScan"": 0.9858572377752948}",2026-09-17 09:42:28.813734+00,2026-09-17 09:42:28.813734+00,,RUNTIME,monitoring:22:11:579c4709b39b5d3a2a71c153b5df412242d1fc0eaf71fbc095cbc9be9558dfae:742,22,1364
8473,8473,5,PortScan,0.9858572377752948,"{""DDoS"": 0.011025379037612469, ""Normal"": 0.0031173831870937837, ""PortScan"": 0.9858572377752948}",2026-09-17 09:42:28.813734+00,2026-09-17 09:42:28.813734+00,,RUNTIME,monitoring:22:11:579c4709b39b5d3a2a71c153b5df412242d1fc0eaf71fbc095cbc9be9558dfae:743,22,1364
8474,8474,5,PortScan,0.9907723294453185,"{""DDoS"": 0.006077337496813229, ""Normal"": 0.003150333057869539, ""PortScan"": 0.9907723294453185}",2026-09-17 09:42:28.813735+00,2026-09-17 09:42:28.813735+00,,RUNTIME,monitoring:22:11:579c4709b39b5d3a2a71c153b5df412242d1fc0eaf71fbc095cbc9be9558dfae:744,22,1364
8475,8475,5,PortScan,0.9907723294453185,"{""DDoS"": 0.006077337496813229, ""Normal"": 0.003150333057869539, ""PortScan"": 0.9907723294453185}",2026-09-17 09:42:28.813735+00,2026-09-17 09:42:28.813735+00,,RUNTIME,monitoring:22:11:579c4709b39b5d3a2a71c153b5df412242d1fc0eaf71fbc095cbc9be9558dfae:745,22,1364
8476,8476,5,PortScan,0.9907723294453185,"{""DDoS"": 0.006077337496813229, ""Normal"": 0.003150333057869539, ""PortScan"": 0.9907723294453185}",2026-09-17 09:42:28.813735+00,2026-09-17 09:42:28.813736+00,,RUNTIME,monitoring:22:11:579c4709b39b5d3a2a71c153b5df412242d1fc0eaf71fbc095cbc9be9558dfae:746,22,1364
8477,8477,5,PortScan,0.9908097856182583,"{""DDoS"": 0.00603988132387339, ""Normal"": 0.003150333057869539, ""PortScan"": 0.9908097856182583}",2026-09-17 09:42:28.813736+00,2026-09-17 09:42:28.813736+00,,RUNTIME,monitoring:22:11:579c4709b39b5d3a2a71c153b5df412242d1fc0eaf71fbc095cbc9be9558dfae:747,22,1364
8478,8478,5,PortScan,0.9907723294453185,"{""DDoS"": 0.006077337496813229, ""Normal"": 0.003150333057869539, ""PortScan"": 0.9907723294453185}",2026-09-17 09:42:28.813736+00,2026-09-17 09:42:28.813736+00,,RUNTIME,monitoring:22:11:579c4709b39b5d3a2a71c153b5df412242d1fc0eaf71fbc095cbc9be9558dfae:748,22,1364
8479,8479,5,PortScan,0.9858572377752948,"{""DDoS"": 0.011025379037612469, ""Normal"": 0.0031173831870937837, ""PortScan"": 0.9858572377752948}",2026-09-17 09:42:28.813736+00,2026-09-17 09:42:28.813737+00,,RUNTIME,monitoring:22:11:579c4709b39b5d3a2a71c153b5df412242d1fc0eaf71fbc095cbc9be9558dfae:749,22,1364
8480,8480,5,PortScan,0.9849763504032812,"{""DDoS"": 0.01190626640962612, ""Normal"": 0.0031173831870937837, ""PortScan"": 0.9849763504032812}",2026-09-17 09:42:28.813737+00,2026-09-17 09:42:28.813737+00,,RUNTIME,monitoring:22:11:579c4709b39b5d3a2a71c153b5df412242d1fc0eaf71fbc095cbc9be9558dfae:750,22,1364
8481,8481,5,PortScan,0.9858572377752948,"{""DDoS"": 0.011025379037612469, ""Normal"": 0.0031173831870937837, ""PortScan"": 0.9858572377752948}",2026-09-17 09:42:28.813737+00,2026-09-17 09:42:28.813737+00,,RUNTIME,monitoring:22:11:579c4709b39b5d3a2a71c153b5df412242d1fc0eaf71fbc095cbc9be9558dfae:751,22,1364
8482,8482,5,PortScan,0.9858572377752948,"{""DDoS"": 0.011025379037612469, ""Normal"": 0.0031173831870937837, ""PortScan"": 0.9858572377752948}",2026-09-17 09:42:28.813738+00,2026-09-17 09:42:28.813738+00,,RUNTIME,monitoring:22:11:579c4709b39b5d3a2a71c153b5df412242d1fc0eaf71fbc095cbc9be9558dfae:752,22,1364
8483,8483,5,PortScan,0.9907723294453185,"{""DDoS"": 0.006077337496813229, ""Normal"": 0.003150333057869539, ""PortScan"": 0.9907723294453185}",2026-09-17 09:42:28.813738+00,2026-09-17 09:42:28.813738+00,,RUNTIME,monitoring:22:11:579c4709b39b5d3a2a71c153b5df412242d1fc0eaf71fbc095cbc9be9558dfae:753,22,1364
8484,8484,5,PortScan,0.9907723294453185,"{""DDoS"": 0.006077337496813229, ""Normal"": 0.003150333057869539, ""PortScan"": 0.9907723294453185}",2026-09-17 09:42:28.813738+00,2026-09-17 09:42:28.813739+00,,RUNTIME,monitoring:22:11:579c4709b39b5d3a2a71c153b5df412242d1fc0eaf71fbc095cbc9be9558dfae:754,22,1364
8485,8485,5,PortScan,0.9907723294453185,"{""DDoS"": 0.006077337496813229, ""Normal"": 0.003150333057869539, ""PortScan"": 0.9907723294453185}",2026-09-17 09:42:28.813739+00,2026-09-17 09:42:28.813739+00,,RUNTIME,monitoring:22:11:579c4709b39b5d3a2a71c153b5df412242d1fc0eaf71fbc095cbc9be9558dfae:755,22,1364
8486,8486,5,PortScan,0.9907723294453185,"{""DDoS"": 0.006077337496813229, ""Normal"": 0.003150333057869539, ""PortScan"": 0.9907723294453185}",2026-09-17 09:42:28.813739+00,2026-09-17 09:42:28.813739+00,,RUNTIME,monitoring:22:11:579c4709b39b5d3a2a71c153b5df412242d1fc0eaf71fbc095cbc9be9558dfae:756,22,1364
8487,8487,5,PortScan,0.9858572377752948,"{""DDoS"": 0.011025379037612469, ""Normal"": 0.0031173831870937837, ""PortScan"": 0.9858572377752948}",2026-09-17 09:42:28.813739+00,2026-09-17 09:42:28.81374+00,,RUNTIME,monitoring:22:11:579c4709b39b5d3a2a71c153b5df412242d1fc0eaf71fbc095cbc9be9558dfae:757,22,1364
8488,8488,5,PortScan,0.9849763504032812,"{""DDoS"": 0.01190626640962612, ""Normal"": 0.0031173831870937837, ""PortScan"": 0.9849763504032812}",2026-09-17 09:42:28.81374+00,2026-09-17 09:42:28.81374+00,,RUNTIME,monitoring:22:11:579c4709b39b5d3a2a71c153b5df412242d1fc0eaf71fbc095cbc9be9558dfae:758,22,1364
8489,8489,5,PortScan,0.9907723294453185,"{""DDoS"": 0.006077337496813229, ""Normal"": 0.003150333057869539, ""PortScan"": 0.9907723294453185}",2026-09-17 09:42:28.81374+00,2026-09-17 09:42:28.81374+00,,RUNTIME,monitoring:22:11:579c4709b39b5d3a2a71c153b5df412242d1fc0eaf71fbc095cbc9be9558dfae:759,22,1364
8490,8490,5,PortScan,0.9907723294453185,"{""DDoS"": 0.006077337496813229, ""Normal"": 0.003150333057869539, ""PortScan"": 0.9907723294453185}",2026-09-17 09:42:28.813741+00,2026-09-17 09:42:28.813741+00,,RUNTIME,monitoring:22:11:579c4709b39b5d3a2a71c153b5df412242d1fc0eaf71fbc095cbc9be9558dfae:760,22,1364
8491,8491,5,PortScan,0.9907723294453185,"{""DDoS"": 0.006077337496813229, ""Normal"": 0.003150333057869539, ""PortScan"": 0.9907723294453185}",2026-09-17 09:42:28.813741+00,2026-09-17 09:42:28.813741+00,,RUNTIME,monitoring:22:11:579c4709b39b5d3a2a71c153b5df412242d1fc0eaf71fbc095cbc9be9558dfae:761,22,1364
8492,8492,5,PortScan,0.9908097856182583,"{""DDoS"": 0.00603988132387339, ""Normal"": 0.003150333057869539, ""PortScan"": 0.9908097856182583}",2026-09-17 09:42:28.813741+00,2026-09-17 09:42:28.813742+00,,RUNTIME,monitoring:22:11:579c4709b39b5d3a2a71c153b5df412242d1fc0eaf71fbc095cbc9be9558dfae:762,22,1364
8493,8493,5,PortScan,0.9907723294453185,"{""DDoS"": 0.006077337496813229, ""Normal"": 0.003150333057869539, ""PortScan"": 0.9907723294453185}",2026-09-17 09:42:28.813742+00,2026-09-17 09:42:28.813742+00,,RUNTIME,monitoring:22:11:579c4709b39b5d3a2a71c153b5df412242d1fc0eaf71fbc095cbc9be9558dfae:763,22,1364
8494,8494,5,PortScan,0.9880724137187,"{""DDoS"": 0.006482568294333889, ""Normal"": 0.005445017986967172, ""PortScan"": 0.9880724137187}",2026-09-17 09:42:28.813742+00,2026-09-17 09:42:28.813742+00,,RUNTIME,monitoring:22:11:579c4709b39b5d3a2a71c153b5df412242d1fc0eaf71fbc095cbc9be9558dfae:764,22,1364
8495,8495,5,PortScan,0.9858572377752948,"{""DDoS"": 0.011025379037612469, ""Normal"": 0.0031173831870937837, ""PortScan"": 0.9858572377752948}",2026-09-17 09:42:28.813742+00,2026-09-17 09:42:28.813743+00,,RUNTIME,monitoring:22:11:579c4709b39b5d3a2a71c153b5df412242d1fc0eaf71fbc095cbc9be9558dfae:765,22,1364
8496,8496,5,PortScan,0.9849763504032812,"{""DDoS"": 0.01190626640962612, ""Normal"": 0.0031173831870937837, ""PortScan"": 0.9849763504032812}",2026-09-17 09:42:28.813743+00,2026-09-17 09:42:28.813743+00,,RUNTIME,monitoring:22:11:579c4709b39b5d3a2a71c153b5df412242d1fc0eaf71fbc095cbc9be9558dfae:766,22,1364
8497,8497,5,PortScan,0.9858572377752948,"{""DDoS"": 0.011025379037612469, ""Normal"": 0.0031173831870937837, ""PortScan"": 0.9858572377752948}",2026-09-17 09:42:28.813743+00,2026-09-17 09:42:28.813744+00,,RUNTIME,monitoring:22:11:579c4709b39b5d3a2a71c153b5df412242d1fc0eaf71fbc095cbc9be9558dfae:767,22,1364
8498,8498,5,PortScan,0.9907723294453185,"{""DDoS"": 0.006077337496813229, ""Normal"": 0.003150333057869539, ""PortScan"": 0.9907723294453185}",2026-09-17 09:42:28.813744+00,2026-09-17 09:42:28.813744+00,,RUNTIME,monitoring:22:11:579c4709b39b5d3a2a71c153b5df412242d1fc0eaf71fbc095cbc9be9558dfae:768,22,1364
8499,8499,5,PortScan,0.9858572377752948,"{""DDoS"": 0.011025379037612469, ""Normal"": 0.0031173831870937837, ""PortScan"": 0.9858572377752948}",2026-09-17 09:42:28.813744+00,2026-09-17 09:42:28.813744+00,,RUNTIME,monitoring:22:11:579c4709b39b5d3a2a71c153b5df412242d1fc0eaf71fbc095cbc9be9558dfae:769,22,1364
8500,8500,5,PortScan,0.9907723294453185,"{""DDoS"": 0.006077337496813229, ""Normal"": 0.003150333057869539, ""PortScan"": 0.9907723294453185}",2026-09-17 09:42:28.813745+00,2026-09-17 09:42:28.813745+00,,RUNTIME,monitoring:22:11:579c4709b39b5d3a2a71c153b5df412242d1fc0eaf71fbc095cbc9be9558dfae:770,22,1364
8501,8501,5,PortScan,0.9849763504032812,"{""DDoS"": 0.01190626640962612, ""Normal"": 0.0031173831870937837, ""PortScan"": 0.9849763504032812}",2026-09-17 09:42:28.813745+00,2026-09-17 09:42:28.813745+00,,RUNTIME,monitoring:22:11:579c4709b39b5d3a2a71c153b5df412242d1fc0eaf71fbc095cbc9be9558dfae:771,22,1364
8502,8502,5,PortScan,0.9907723294453185,"{""DDoS"": 0.006077337496813229, ""Normal"": 0.003150333057869539, ""PortScan"": 0.9907723294453185}",2026-09-17 09:42:28.813745+00,2026-09-17 09:42:28.813745+00,,RUNTIME,monitoring:22:11:579c4709b39b5d3a2a71c153b5df412242d1fc0eaf71fbc095cbc9be9558dfae:772,22,1364
8503,8503,5,PortScan,0.9907723294453185,"{""DDoS"": 0.006077337496813229, ""Normal"": 0.003150333057869539, ""PortScan"": 0.9907723294453185}",2026-09-17 09:42:28.813746+00,2026-09-17 09:42:28.813746+00,,RUNTIME,monitoring:22:11:579c4709b39b5d3a2a71c153b5df412242d1fc0eaf71fbc095cbc9be9558dfae:773,22,1364
8504,8504,5,PortScan,0.991078245591263,"{""DDoS"": 0.005947894303711483, ""Normal"": 0.0029738601050267365, ""PortScan"": 0.991078245591263}",2026-09-17 09:42:28.813746+00,2026-09-17 09:42:28.813746+00,,RUNTIME,monitoring:22:11:579c4709b39b5d3a2a71c153b5df412242d1fc0eaf71fbc095cbc9be9558dfae:774,22,1364
8505,8505,5,PortScan,0.9907723294453185,"{""DDoS"": 0.006077337496813229, ""Normal"": 0.003150333057869539, ""PortScan"": 0.9907723294453185}",2026-09-17 09:42:28.813746+00,2026-09-17 09:42:28.813747+00,,RUNTIME,monitoring:22:11:579c4709b39b5d3a2a71c153b5df412242d1fc0eaf71fbc095cbc9be9558dfae:775,22,1364
8506,8506,5,PortScan,0.9907723294453185,"{""DDoS"": 0.006077337496813229, ""Normal"": 0.003150333057869539, ""PortScan"": 0.9907723294453185}",2026-09-17 09:42:28.813747+00,2026-09-17 09:42:28.813747+00,,RUNTIME,monitoring:22:11:579c4709b39b5d3a2a71c153b5df412242d1fc0eaf71fbc095cbc9be9558dfae:776,22,1364
8507,8507,5,PortScan,0.9907723294453185,"{""DDoS"": 0.006077337496813229, ""Normal"": 0.003150333057869539, ""PortScan"": 0.9907723294453185}",2026-09-17 09:42:28.813747+00,2026-09-17 09:42:28.813747+00,,RUNTIME,monitoring:22:11:579c4709b39b5d3a2a71c153b5df412242d1fc0eaf71fbc095cbc9be9558dfae:777,22,1364
8508,8508,5,PortScan,0.9858572377752948,"{""DDoS"": 0.011025379037612469, ""Normal"": 0.0031173831870937837, ""PortScan"": 0.9858572377752948}",2026-09-17 09:42:28.813747+00,2026-09-17 09:42:28.813748+00,,RUNTIME,monitoring:22:11:579c4709b39b5d3a2a71c153b5df412242d1fc0eaf71fbc095cbc9be9558dfae:778,22,1364
8509,8509,5,PortScan,0.9907723294453185,"{""DDoS"": 0.006077337496813229, ""Normal"": 0.003150333057869539, ""PortScan"": 0.9907723294453185}",2026-09-17 09:42:28.813748+00,2026-09-17 09:42:28.813748+00,,RUNTIME,monitoring:22:11:579c4709b39b5d3a2a71c153b5df412242d1fc0eaf71fbc095cbc9be9558dfae:779,22,1364
8510,8510,5,PortScan,0.9807410369802422,"{""DDoS"": 0.01190626640962612, ""Normal"": 0.007352696610132838, ""PortScan"": 0.9807410369802422}",2026-09-17 09:42:28.813748+00,2026-09-17 09:42:28.813748+00,,RUNTIME,monitoring:22:11:579c4709b39b5d3a2a71c153b5df412242d1fc0eaf71fbc095cbc9be9558dfae:780,22,1364
8511,8511,5,PortScan,0.9849763504032812,"{""DDoS"": 0.01190626640962612, ""Normal"": 0.0031173831870937837, ""PortScan"": 0.9849763504032812}",2026-09-17 09:42:28.813749+00,2026-09-17 09:42:28.813749+00,,RUNTIME,monitoring:22:11:579c4709b39b5d3a2a71c153b5df412242d1fc0eaf71fbc095cbc9be9558dfae:781,22,1364
8512,8512,5,PortScan,0.9899288982462445,"{""DDoS"": 0.006920768695887043, ""Normal"": 0.003150333057869539, ""PortScan"": 0.9899288982462445}",2026-09-17 09:42:28.813749+00,2026-09-17 09:42:28.813749+00,,RUNTIME,monitoring:22:11:579c4709b39b5d3a2a71c153b5df412242d1fc0eaf71fbc095cbc9be9558dfae:782,22,1364
8513,8513,5,PortScan,0.9907723294453185,"{""DDoS"": 0.006077337496813229, ""Normal"": 0.003150333057869539, ""PortScan"": 0.9907723294453185}",2026-09-17 09:42:28.81375+00,2026-09-17 09:42:28.81375+00,,RUNTIME,monitoring:22:11:579c4709b39b5d3a2a71c153b5df412242d1fc0eaf71fbc095cbc9be9558dfae:783,22,1364
8514,8514,5,PortScan,0.9880724137187,"{""DDoS"": 0.006482568294333889, ""Normal"": 0.005445017986967172, ""PortScan"": 0.9880724137187}",2026-09-17 09:42:28.81375+00,2026-09-17 09:42:28.81375+00,,RUNTIME,monitoring:22:11:579c4709b39b5d3a2a71c153b5df412242d1fc0eaf71fbc095cbc9be9558dfae:784,22,1364
8515,8515,5,PortScan,0.9908097856182583,"{""DDoS"": 0.00603988132387339, ""Normal"": 0.003150333057869539, ""PortScan"": 0.9908097856182583}",2026-09-17 09:42:28.81375+00,2026-09-17 09:42:28.81375+00,,RUNTIME,monitoring:22:11:579c4709b39b5d3a2a71c153b5df412242d1fc0eaf71fbc095cbc9be9558dfae:785,22,1364
8516,8516,5,PortScan,0.9858572377752948,"{""DDoS"": 0.011025379037612469, ""Normal"": 0.0031173831870937837, ""PortScan"": 0.9858572377752948}",2026-09-17 09:42:28.813751+00,2026-09-17 09:42:28.813751+00,,RUNTIME,monitoring:22:11:579c4709b39b5d3a2a71c153b5df412242d1fc0eaf71fbc095cbc9be9558dfae:786,22,1364
8517,8517,5,PortScan,0.9907723294453185,"{""DDoS"": 0.006077337496813229, ""Normal"": 0.003150333057869539, ""PortScan"": 0.9907723294453185}",2026-09-17 09:42:28.813751+00,2026-09-17 09:42:28.813751+00,,RUNTIME,monitoring:22:11:579c4709b39b5d3a2a71c153b5df412242d1fc0eaf71fbc095cbc9be9558dfae:787,22,1364
8518,8518,5,PortScan,0.9880724137187,"{""DDoS"": 0.006482568294333889, ""Normal"": 0.005445017986967171, ""PortScan"": 0.9880724137187}",2026-09-17 09:42:28.813751+00,2026-09-17 09:42:28.813752+00,,RUNTIME,monitoring:22:11:579c4709b39b5d3a2a71c153b5df412242d1fc0eaf71fbc095cbc9be9558dfae:788,22,1364
8519,8519,5,PortScan,0.9907723294453185,"{""DDoS"": 0.006077337496813229, ""Normal"": 0.003150333057869539, ""PortScan"": 0.9907723294453185}",2026-09-17 09:42:28.813752+00,2026-09-17 09:42:28.813752+00,,RUNTIME,monitoring:22:11:579c4709b39b5d3a2a71c153b5df412242d1fc0eaf71fbc095cbc9be9558dfae:789,22,1364
8520,8520,5,PortScan,0.9858572377752948,"{""DDoS"": 0.011025379037612469, ""Normal"": 0.0031173831870937837, ""PortScan"": 0.9858572377752948}",2026-09-17 09:42:28.813752+00,2026-09-17 09:42:28.813752+00,,RUNTIME,monitoring:22:11:579c4709b39b5d3a2a71c153b5df412242d1fc0eaf71fbc095cbc9be9558dfae:790,22,1364
8521,8521,5,PortScan,0.9849763504032812,"{""DDoS"": 0.01190626640962612, ""Normal"": 0.0031173831870937837, ""PortScan"": 0.9849763504032812}",2026-09-17 09:42:28.813752+00,2026-09-17 09:42:28.813753+00,,RUNTIME,monitoring:22:11:579c4709b39b5d3a2a71c153b5df412242d1fc0eaf71fbc095cbc9be9558dfae:791,22,1364
8522,8522,5,PortScan,0.9858572377752948,"{""DDoS"": 0.011025379037612469, ""Normal"": 0.0031173831870937837, ""PortScan"": 0.9858572377752948}",2026-09-17 09:42:28.813753+00,2026-09-17 09:42:28.813753+00,,RUNTIME,monitoring:22:11:579c4709b39b5d3a2a71c153b5df412242d1fc0eaf71fbc095cbc9be9558dfae:792,22,1364
8523,8523,5,PortScan,0.9849763504032812,"{""DDoS"": 0.01190626640962612, ""Normal"": 0.0031173831870937837, ""PortScan"": 0.9849763504032812}",2026-09-17 09:42:28.813753+00,2026-09-17 09:42:28.813753+00,,RUNTIME,monitoring:22:11:579c4709b39b5d3a2a71c153b5df412242d1fc0eaf71fbc095cbc9be9558dfae:793,22,1364
8524,8524,5,PortScan,0.9907723294453185,"{""DDoS"": 0.006077337496813229, ""Normal"": 0.003150333057869539, ""PortScan"": 0.9907723294453185}",2026-09-17 09:42:28.813754+00,2026-09-17 09:42:28.813754+00,,RUNTIME,monitoring:22:11:579c4709b39b5d3a2a71c153b5df412242d1fc0eaf71fbc095cbc9be9558dfae:794,22,1364
8525,8525,5,PortScan,0.9858572377752948,"{""DDoS"": 0.011025379037612469, ""Normal"": 0.0031173831870937837, ""PortScan"": 0.9858572377752948}",2026-09-17 09:42:28.813754+00,2026-09-17 09:42:28.813754+00,,RUNTIME,monitoring:22:11:579c4709b39b5d3a2a71c153b5df412242d1fc0eaf71fbc095cbc9be9558dfae:795,22,1364
8526,8526,5,PortScan,0.9858572377752948,"{""DDoS"": 0.011025379037612469, ""Normal"": 0.0031173831870937837, ""PortScan"": 0.9858572377752948}",2026-09-17 09:42:28.813754+00,2026-09-17 09:42:28.813755+00,,RUNTIME,monitoring:22:11:579c4709b39b5d3a2a71c153b5df412242d1fc0eaf71fbc095cbc9be9558dfae:796,22,1364
8527,8527,5,PortScan,0.9880511280722983,"{""DDoS"": 0.00603988132387339, ""Normal"": 0.0059089906038293505, ""PortScan"": 0.9880511280722983}",2026-09-17 09:42:28.813755+00,2026-09-17 09:42:28.813755+00,,RUNTIME,monitoring:22:11:579c4709b39b5d3a2a71c153b5df412242d1fc0eaf71fbc095cbc9be9558dfae:797,22,1364
8528,8528,5,PortScan,0.9907723294453185,"{""DDoS"": 0.006077337496813229, ""Normal"": 0.003150333057869539, ""PortScan"": 0.9907723294453185}",2026-09-17 09:42:28.813755+00,2026-09-17 09:42:28.813755+00,,RUNTIME,monitoring:22:11:579c4709b39b5d3a2a71c153b5df412242d1fc0eaf71fbc095cbc9be9558dfae:798,22,1364
8529,8529,5,PortScan,0.9858572377752948,"{""DDoS"": 0.011025379037612469, ""Normal"": 0.0031173831870937837, ""PortScan"": 0.9858572377752948}",2026-09-17 09:42:28.813756+00,2026-09-17 09:42:28.813756+00,,RUNTIME,monitoring:22:11:579c4709b39b5d3a2a71c153b5df412242d1fc0eaf71fbc095cbc9be9558dfae:799,22,1364
8530,8530,5,PortScan,0.9858572377752948,"{""DDoS"": 0.011025379037612469, ""Normal"": 0.0031173831870937837, ""PortScan"": 0.9858572377752948}",2026-09-17 09:42:28.813756+00,2026-09-17 09:42:28.813756+00,,RUNTIME,monitoring:22:11:579c4709b39b5d3a2a71c153b5df412242d1fc0eaf71fbc095cbc9be9558dfae:800,22,1364
8531,8531,5,PortScan,0.9907723294453185,"{""DDoS"": 0.006077337496813229, ""Normal"": 0.003150333057869539, ""PortScan"": 0.9907723294453185}",2026-09-17 09:42:28.813756+00,2026-09-17 09:42:28.813756+00,,RUNTIME,monitoring:22:11:579c4709b39b5d3a2a71c153b5df412242d1fc0eaf71fbc095cbc9be9558dfae:801,22,1364
8532,8532,5,PortScan,0.9907723294453185,"{""DDoS"": 0.006077337496813229, ""Normal"": 0.003150333057869539, ""PortScan"": 0.9907723294453185}",2026-09-17 09:42:28.813757+00,2026-09-17 09:42:28.813757+00,,RUNTIME,monitoring:22:11:579c4709b39b5d3a2a71c153b5df412242d1fc0eaf71fbc095cbc9be9558dfae:802,22,1364
8533,8533,5,PortScan,0.9899288982462445,"{""DDoS"": 0.006920768695887043, ""Normal"": 0.003150333057869539, ""PortScan"": 0.9899288982462445}",2026-09-17 09:42:28.813757+00,2026-09-17 09:42:28.813757+00,,RUNTIME,monitoring:22:11:579c4709b39b5d3a2a71c153b5df412242d1fc0eaf71fbc095cbc9be9558dfae:803,22,1364
8534,8534,5,PortScan,0.9849763504032812,"{""DDoS"": 0.01190626640962612, ""Normal"": 0.0031173831870937837, ""PortScan"": 0.9849763504032812}",2026-09-17 09:42:28.813757+00,2026-09-17 09:42:28.813758+00,,RUNTIME,monitoring:22:11:579c4709b39b5d3a2a71c153b5df412242d1fc0eaf71fbc095cbc9be9558dfae:804,22,1364
8535,8535,5,PortScan,0.9880511280722983,"{""DDoS"": 0.00603988132387339, ""Normal"": 0.0059089906038293505, ""PortScan"": 0.9880511280722983}",2026-09-17 09:42:28.813758+00,2026-09-17 09:42:28.813758+00,,RUNTIME,monitoring:22:11:579c4709b39b5d3a2a71c153b5df412242d1fc0eaf71fbc095cbc9be9558dfae:805,22,1364
8536,8536,5,PortScan,0.9907723294453185,"{""DDoS"": 0.006077337496813229, ""Normal"": 0.003150333057869539, ""PortScan"": 0.9907723294453185}",2026-09-17 09:42:28.813758+00,2026-09-17 09:42:28.813758+00,,RUNTIME,monitoring:22:11:579c4709b39b5d3a2a71c153b5df412242d1fc0eaf71fbc095cbc9be9558dfae:806,22,1364
8537,8537,5,PortScan,0.9858572377752948,"{""DDoS"": 0.011025379037612469, ""Normal"": 0.0031173831870937837, ""PortScan"": 0.9858572377752948}",2026-09-17 09:42:28.813758+00,2026-09-17 09:42:28.813759+00,,RUNTIME,monitoring:22:11:579c4709b39b5d3a2a71c153b5df412242d1fc0eaf71fbc095cbc9be9558dfae:807,22,1364
8538,8538,5,PortScan,0.9907723294453185,"{""DDoS"": 0.006077337496813229, ""Normal"": 0.003150333057869539, ""PortScan"": 0.9907723294453185}",2026-09-17 09:42:28.813759+00,2026-09-17 09:42:28.813759+00,,RUNTIME,monitoring:22:11:579c4709b39b5d3a2a71c153b5df412242d1fc0eaf71fbc095cbc9be9558dfae:808,22,1364
8539,8539,5,PortScan,0.9907723294453185,"{""DDoS"": 0.006077337496813229, ""Normal"": 0.003150333057869539, ""PortScan"": 0.9907723294453185}",2026-09-17 09:42:28.813759+00,2026-09-17 09:42:28.813759+00,,RUNTIME,monitoring:22:11:579c4709b39b5d3a2a71c153b5df412242d1fc0eaf71fbc095cbc9be9558dfae:809,22,1364
8540,8540,5,PortScan,0.9907723294453185,"{""DDoS"": 0.006077337496813229, ""Normal"": 0.003150333057869539, ""PortScan"": 0.9907723294453185}",2026-09-17 09:42:28.81376+00,2026-09-17 09:42:28.81376+00,,RUNTIME,monitoring:22:11:579c4709b39b5d3a2a71c153b5df412242d1fc0eaf71fbc095cbc9be9558dfae:810,22,1364
8541,8541,5,PortScan,0.9907723294453185,"{""DDoS"": 0.006077337496813229, ""Normal"": 0.003150333057869539, ""PortScan"": 0.9907723294453185}",2026-09-17 09:42:28.81376+00,2026-09-17 09:42:28.81376+00,,RUNTIME,monitoring:22:11:579c4709b39b5d3a2a71c153b5df412242d1fc0eaf71fbc095cbc9be9558dfae:811,22,1364
8542,8542,5,PortScan,0.9907723294453185,"{""DDoS"": 0.006077337496813229, ""Normal"": 0.003150333057869539, ""PortScan"": 0.9907723294453185}",2026-09-17 09:42:28.81376+00,2026-09-17 09:42:28.81376+00,,RUNTIME,monitoring:22:11:579c4709b39b5d3a2a71c153b5df412242d1fc0eaf71fbc095cbc9be9558dfae:812,22,1364
8543,8543,5,PortScan,0.9907723294453185,"{""DDoS"": 0.006077337496813229, ""Normal"": 0.003150333057869539, ""PortScan"": 0.9907723294453185}",2026-09-17 09:42:28.813761+00,2026-09-17 09:42:28.813761+00,,RUNTIME,monitoring:22:11:579c4709b39b5d3a2a71c153b5df412242d1fc0eaf71fbc095cbc9be9558dfae:813,22,1364
8544,8544,5,PortScan,0.9849763504032812,"{""DDoS"": 0.01190626640962612, ""Normal"": 0.0031173831870937837, ""PortScan"": 0.9849763504032812}",2026-09-17 09:42:28.813761+00,2026-09-17 09:42:28.813761+00,,RUNTIME,monitoring:22:11:579c4709b39b5d3a2a71c153b5df412242d1fc0eaf71fbc095cbc9be9558dfae:814,22,1364
8545,8545,5,PortScan,0.9849763504032812,"{""DDoS"": 0.01190626640962612, ""Normal"": 0.0031173831870937837, ""PortScan"": 0.9849763504032812}",2026-09-17 09:42:28.813761+00,2026-09-17 09:42:28.813762+00,,RUNTIME,monitoring:22:11:579c4709b39b5d3a2a71c153b5df412242d1fc0eaf71fbc095cbc9be9558dfae:815,22,1364
8546,8546,5,PortScan,0.9791093185758278,"{""DDoS"": 0.011626769718498485, ""Normal"": 0.009263911705674609, ""PortScan"": 0.9791093185758278}",2026-09-17 09:42:28.813762+00,2026-09-17 09:42:28.813762+00,,RUNTIME,monitoring:22:11:579c4709b39b5d3a2a71c153b5df412242d1fc0eaf71fbc095cbc9be9558dfae:816,22,1364
8547,8547,5,PortScan,0.9849763504032812,"{""DDoS"": 0.01190626640962612, ""Normal"": 0.0031173831870937837, ""PortScan"": 0.9849763504032812}",2026-09-17 09:42:28.813762+00,2026-09-17 09:42:28.813762+00,,RUNTIME,monitoring:22:11:579c4709b39b5d3a2a71c153b5df412242d1fc0eaf71fbc095cbc9be9558dfae:817,22,1364
8548,8548,5,PortScan,0.9907723294453185,"{""DDoS"": 0.006077337496813229, ""Normal"": 0.003150333057869539, ""PortScan"": 0.9907723294453185}",2026-09-17 09:42:28.813763+00,2026-09-17 09:42:28.813763+00,,RUNTIME,monitoring:22:11:579c4709b39b5d3a2a71c153b5df412242d1fc0eaf71fbc095cbc9be9558dfae:818,22,1364
8549,8549,5,PortScan,0.9907723294453185,"{""DDoS"": 0.006077337496813229, ""Normal"": 0.003150333057869539, ""PortScan"": 0.9907723294453185}",2026-09-17 09:42:28.813763+00,2026-09-17 09:42:28.813763+00,,RUNTIME,monitoring:22:11:579c4709b39b5d3a2a71c153b5df412242d1fc0eaf71fbc095cbc9be9558dfae:819,22,1364
8550,8550,5,PortScan,0.9858572377752948,"{""DDoS"": 0.011025379037612469, ""Normal"": 0.0031173831870937837, ""PortScan"": 0.9858572377752948}",2026-09-17 09:42:28.813763+00,2026-09-17 09:42:28.813764+00,,RUNTIME,monitoring:22:11:579c4709b39b5d3a2a71c153b5df412242d1fc0eaf71fbc095cbc9be9558dfae:820,22,1364
8551,8551,5,PortScan,0.9907723294453185,"{""DDoS"": 0.006077337496813229, ""Normal"": 0.003150333057869539, ""PortScan"": 0.9907723294453185}",2026-09-17 09:42:28.813764+00,2026-09-17 09:42:28.813764+00,,RUNTIME,monitoring:22:11:579c4709b39b5d3a2a71c153b5df412242d1fc0eaf71fbc095cbc9be9558dfae:821,22,1364
8552,8552,5,PortScan,0.9907723294453185,"{""DDoS"": 0.006077337496813229, ""Normal"": 0.003150333057869539, ""PortScan"": 0.9907723294453185}",2026-09-17 09:42:28.813764+00,2026-09-17 09:42:28.813764+00,,RUNTIME,monitoring:22:11:579c4709b39b5d3a2a71c153b5df412242d1fc0eaf71fbc095cbc9be9558dfae:822,22,1364
8553,8553,5,PortScan,0.9849763504032812,"{""DDoS"": 0.01190626640962612, ""Normal"": 0.0031173831870937837, ""PortScan"": 0.9849763504032812}",2026-09-17 09:42:28.813764+00,2026-09-17 09:42:28.813765+00,,RUNTIME,monitoring:22:11:579c4709b39b5d3a2a71c153b5df412242d1fc0eaf71fbc095cbc9be9558dfae:823,22,1364
8554,8554,5,PortScan,0.9907723294453185,"{""DDoS"": 0.006077337496813229, ""Normal"": 0.003150333057869539, ""PortScan"": 0.9907723294453185}",2026-09-17 09:42:28.813765+00,2026-09-17 09:42:28.813765+00,,RUNTIME,monitoring:22:11:579c4709b39b5d3a2a71c153b5df412242d1fc0eaf71fbc095cbc9be9558dfae:824,22,1364
8555,8555,5,PortScan,0.9858572377752948,"{""DDoS"": 0.011025379037612469, ""Normal"": 0.0031173831870937837, ""PortScan"": 0.9858572377752948}",2026-09-17 09:42:28.813765+00,2026-09-17 09:42:28.813765+00,,RUNTIME,monitoring:22:11:579c4709b39b5d3a2a71c153b5df412242d1fc0eaf71fbc095cbc9be9558dfae:825,22,1364
8556,8556,5,PortScan,0.9849763504032812,"{""DDoS"": 0.01190626640962612, ""Normal"": 0.0031173831870937837, ""PortScan"": 0.9849763504032812}",2026-09-17 09:42:28.813766+00,2026-09-17 09:42:28.813766+00,,RUNTIME,monitoring:22:11:579c4709b39b5d3a2a71c153b5df412242d1fc0eaf71fbc095cbc9be9558dfae:826,22,1364
8557,8557,5,PortScan,0.9849763504032812,"{""DDoS"": 0.01190626640962612, ""Normal"": 0.0031173831870937837, ""PortScan"": 0.9849763504032812}",2026-09-17 09:42:28.813766+00,2026-09-17 09:42:28.813766+00,,RUNTIME,monitoring:22:11:579c4709b39b5d3a2a71c153b5df412242d1fc0eaf71fbc095cbc9be9558dfae:827,22,1364
8558,8558,5,PortScan,0.9858572377752948,"{""DDoS"": 0.011025379037612469, ""Normal"": 0.0031173831870937837, ""PortScan"": 0.9858572377752948}",2026-09-17 09:42:28.813766+00,2026-09-17 09:42:28.813766+00,,RUNTIME,monitoring:22:11:579c4709b39b5d3a2a71c153b5df412242d1fc0eaf71fbc095cbc9be9558dfae:828,22,1364
8559,8559,5,PortScan,0.9907723294453185,"{""DDoS"": 0.006077337496813229, ""Normal"": 0.003150333057869539, ""PortScan"": 0.9907723294453185}",2026-09-17 09:42:28.813767+00,2026-09-17 09:42:28.813767+00,,RUNTIME,monitoring:22:11:579c4709b39b5d3a2a71c153b5df412242d1fc0eaf71fbc095cbc9be9558dfae:829,22,1364
8560,8560,5,PortScan,0.9907723294453185,"{""DDoS"": 0.006077337496813229, ""Normal"": 0.003150333057869539, ""PortScan"": 0.9907723294453185}",2026-09-17 09:42:28.813767+00,2026-09-17 09:42:28.813767+00,,RUNTIME,monitoring:22:11:579c4709b39b5d3a2a71c153b5df412242d1fc0eaf71fbc095cbc9be9558dfae:830,22,1364
8561,8561,5,PortScan,0.9858572377752948,"{""DDoS"": 0.011025379037612469, ""Normal"": 0.0031173831870937837, ""PortScan"": 0.9858572377752948}",2026-09-17 09:42:28.813767+00,2026-09-17 09:42:28.813768+00,,RUNTIME,monitoring:22:11:579c4709b39b5d3a2a71c153b5df412242d1fc0eaf71fbc095cbc9be9558dfae:831,22,1364
8562,8562,5,PortScan,0.9858572377752948,"{""DDoS"": 0.011025379037612469, ""Normal"": 0.0031173831870937837, ""PortScan"": 0.9858572377752948}",2026-09-17 09:42:28.813768+00,2026-09-17 09:42:28.813768+00,,RUNTIME,monitoring:22:11:579c4709b39b5d3a2a71c153b5df412242d1fc0eaf71fbc095cbc9be9558dfae:832,22,1364
8563,8563,5,PortScan,0.9907723294453185,"{""DDoS"": 0.006077337496813229, ""Normal"": 0.003150333057869539, ""PortScan"": 0.9907723294453185}",2026-09-17 09:42:28.813768+00,2026-09-17 09:42:28.813768+00,,RUNTIME,monitoring:22:11:579c4709b39b5d3a2a71c153b5df412242d1fc0eaf71fbc095cbc9be9558dfae:833,22,1364
8564,8564,5,PortScan,0.9858572377752948,"{""DDoS"": 0.011025379037612469, ""Normal"": 0.0031173831870937837, ""PortScan"": 0.9858572377752948}",2026-09-17 09:42:28.813768+00,2026-09-17 09:42:28.813769+00,,RUNTIME,monitoring:22:11:579c4709b39b5d3a2a71c153b5df412242d1fc0eaf71fbc095cbc9be9558dfae:834,22,1364
8565,8565,5,PortScan,0.9880724137187,"{""DDoS"": 0.006482568294333889, ""Normal"": 0.005445017986967172, ""PortScan"": 0.9880724137187}",2026-09-17 09:42:28.813769+00,2026-09-17 09:42:28.813769+00,,RUNTIME,monitoring:22:11:579c4709b39b5d3a2a71c153b5df412242d1fc0eaf71fbc095cbc9be9558dfae:835,22,1364
8566,8566,5,PortScan,0.9908097856182583,"{""DDoS"": 0.00603988132387339, ""Normal"": 0.003150333057869539, ""PortScan"": 0.9908097856182583}",2026-09-17 09:42:28.813769+00,2026-09-17 09:42:28.813769+00,,RUNTIME,monitoring:22:11:579c4709b39b5d3a2a71c153b5df412242d1fc0eaf71fbc095cbc9be9558dfae:836,22,1364
8567,8567,5,PortScan,0.9629678505140081,"{""DDoS"": 0.029069938103161254, ""Normal"": 0.007962211382831671, ""PortScan"": 0.9629678505140081}",2026-09-17 09:42:28.81377+00,2026-09-17 09:42:28.81377+00,,RUNTIME,monitoring:22:11:579c4709b39b5d3a2a71c153b5df412242d1fc0eaf71fbc095cbc9be9558dfae:837,22,1364
8568,8568,5,PortScan,0.9907723294453185,"{""DDoS"": 0.006077337496813229, ""Normal"": 0.003150333057869539, ""PortScan"": 0.9907723294453185}",2026-09-17 09:42:28.81377+00,2026-09-17 09:42:28.81377+00,,RUNTIME,monitoring:22:11:579c4709b39b5d3a2a71c153b5df412242d1fc0eaf71fbc095cbc9be9558dfae:838,22,1364
8569,8569,5,PortScan,0.9849763504032812,"{""DDoS"": 0.01190626640962612, ""Normal"": 0.0031173831870937837, ""PortScan"": 0.9849763504032812}",2026-09-17 09:42:28.81377+00,2026-09-17 09:42:28.813771+00,,RUNTIME,monitoring:22:11:579c4709b39b5d3a2a71c153b5df412242d1fc0eaf71fbc095cbc9be9558dfae:839,22,1364
8570,8570,5,PortScan,0.9907723294453185,"{""DDoS"": 0.006077337496813229, ""Normal"": 0.003150333057869539, ""PortScan"": 0.9907723294453185}",2026-09-17 09:42:28.813771+00,2026-09-17 09:42:28.813771+00,,RUNTIME,monitoring:22:11:579c4709b39b5d3a2a71c153b5df412242d1fc0eaf71fbc095cbc9be9558dfae:840,22,1364
8571,8571,5,PortScan,0.9858572377752948,"{""DDoS"": 0.011025379037612469, ""Normal"": 0.0031173831870937837, ""PortScan"": 0.9858572377752948}",2026-09-17 09:42:28.813771+00,2026-09-17 09:42:28.813771+00,,RUNTIME,monitoring:22:11:579c4709b39b5d3a2a71c153b5df412242d1fc0eaf71fbc095cbc9be9558dfae:841,22,1364
8572,8572,5,PortScan,0.9907723294453185,"{""DDoS"": 0.006077337496813229, ""Normal"": 0.003150333057869539, ""PortScan"": 0.9907723294453185}",2026-09-17 09:42:28.813771+00,2026-09-17 09:42:28.813772+00,,RUNTIME,monitoring:22:11:579c4709b39b5d3a2a71c153b5df412242d1fc0eaf71fbc095cbc9be9558dfae:842,22,1364
8573,8573,5,PortScan,0.9858572377752948,"{""DDoS"": 0.011025379037612469, ""Normal"": 0.0031173831870937837, ""PortScan"": 0.9858572377752948}",2026-09-17 09:42:28.813772+00,2026-09-17 09:42:28.813772+00,,RUNTIME,monitoring:22:11:579c4709b39b5d3a2a71c153b5df412242d1fc0eaf71fbc095cbc9be9558dfae:843,22,1364
8574,8574,5,PortScan,0.9899288982462445,"{""DDoS"": 0.006920768695887043, ""Normal"": 0.003150333057869539, ""PortScan"": 0.9899288982462445}",2026-09-17 09:42:28.813772+00,2026-09-17 09:42:28.813772+00,,RUNTIME,monitoring:22:11:579c4709b39b5d3a2a71c153b5df412242d1fc0eaf71fbc095cbc9be9558dfae:844,22,1364
8575,8575,5,PortScan,0.9907723294453185,"{""DDoS"": 0.00607733749681323, ""Normal"": 0.003150333057869539, ""PortScan"": 0.9907723294453185}",2026-09-17 09:42:28.813773+00,2026-09-17 09:42:28.813773+00,,RUNTIME,monitoring:22:11:579c4709b39b5d3a2a71c153b5df412242d1fc0eaf71fbc095cbc9be9558dfae:845,22,1364
8576,8576,5,PortScan,0.9907723294453185,"{""DDoS"": 0.006077337496813229, ""Normal"": 0.003150333057869539, ""PortScan"": 0.9907723294453185}",2026-09-17 09:42:28.813773+00,2026-09-17 09:42:28.813773+00,,RUNTIME,monitoring:22:11:579c4709b39b5d3a2a71c153b5df412242d1fc0eaf71fbc095cbc9be9558dfae:846,22,1364
8577,8577,5,PortScan,0.9907723294453185,"{""DDoS"": 0.006077337496813229, ""Normal"": 0.003150333057869539, ""PortScan"": 0.9907723294453185}",2026-09-17 09:42:28.813773+00,2026-09-17 09:42:28.813773+00,,RUNTIME,monitoring:22:11:579c4709b39b5d3a2a71c153b5df412242d1fc0eaf71fbc095cbc9be9558dfae:847,22,1364
8578,8578,5,PortScan,0.9858572377752948,"{""DDoS"": 0.011025379037612469, ""Normal"": 0.0031173831870937837, ""PortScan"": 0.9858572377752948}",2026-09-17 09:42:28.813774+00,2026-09-17 09:42:28.813774+00,,RUNTIME,monitoring:22:11:579c4709b39b5d3a2a71c153b5df412242d1fc0eaf71fbc095cbc9be9558dfae:848,22,1364
8579,8579,5,PortScan,0.9858572377752948,"{""DDoS"": 0.011025379037612469, ""Normal"": 0.0031173831870937837, ""PortScan"": 0.9858572377752948}",2026-09-17 09:42:28.813774+00,2026-09-17 09:42:28.813774+00,,RUNTIME,monitoring:22:11:579c4709b39b5d3a2a71c153b5df412242d1fc0eaf71fbc095cbc9be9558dfae:849,22,1364
8580,8580,5,PortScan,0.9858572377752948,"{""DDoS"": 0.011025379037612469, ""Normal"": 0.0031173831870937837, ""PortScan"": 0.9858572377752948}",2026-09-17 09:42:28.813774+00,2026-09-17 09:42:28.813775+00,,RUNTIME,monitoring:22:11:579c4709b39b5d3a2a71c153b5df412242d1fc0eaf71fbc095cbc9be9558dfae:850,22,1364
8581,8581,5,PortScan,0.9858572377752948,"{""DDoS"": 0.011025379037612469, ""Normal"": 0.0031173831870937837, ""PortScan"": 0.9858572377752948}",2026-09-17 09:42:28.813775+00,2026-09-17 09:42:28.813775+00,,RUNTIME,monitoring:22:11:579c4709b39b5d3a2a71c153b5df412242d1fc0eaf71fbc095cbc9be9558dfae:851,22,1364
8582,8582,5,PortScan,0.9907723294453185,"{""DDoS"": 0.006077337496813229, ""Normal"": 0.003150333057869539, ""PortScan"": 0.9907723294453185}",2026-09-17 09:42:28.813775+00,2026-09-17 09:42:28.813775+00,,RUNTIME,monitoring:22:11:579c4709b39b5d3a2a71c153b5df412242d1fc0eaf71fbc095cbc9be9558dfae:852,22,1364
8583,8583,5,PortScan,0.9907723294453185,"{""DDoS"": 0.006077337496813229, ""Normal"": 0.003150333057869539, ""PortScan"": 0.9907723294453185}",2026-09-17 09:42:28.813775+00,2026-09-17 09:42:28.813776+00,,RUNTIME,monitoring:22:11:579c4709b39b5d3a2a71c153b5df412242d1fc0eaf71fbc095cbc9be9558dfae:853,22,1364
8584,8584,5,PortScan,0.9907723294453185,"{""DDoS"": 0.006077337496813229, ""Normal"": 0.003150333057869539, ""PortScan"": 0.9907723294453185}",2026-09-17 09:42:28.813776+00,2026-09-17 09:42:28.813776+00,,RUNTIME,monitoring:22:11:579c4709b39b5d3a2a71c153b5df412242d1fc0eaf71fbc095cbc9be9558dfae:854,22,1364
8585,8585,5,PortScan,0.9858572377752948,"{""DDoS"": 0.011025379037612469, ""Normal"": 0.0031173831870937837, ""PortScan"": 0.9858572377752948}",2026-09-17 09:42:28.813776+00,2026-09-17 09:42:28.813776+00,,RUNTIME,monitoring:22:11:579c4709b39b5d3a2a71c153b5df412242d1fc0eaf71fbc095cbc9be9558dfae:855,22,1364
8586,8586,5,PortScan,0.9907723294453185,"{""DDoS"": 0.006077337496813229, ""Normal"": 0.003150333057869539, ""PortScan"": 0.9907723294453185}",2026-09-17 09:42:28.813777+00,2026-09-17 09:42:28.813777+00,,RUNTIME,monitoring:22:11:579c4709b39b5d3a2a71c153b5df412242d1fc0eaf71fbc095cbc9be9558dfae:856,22,1364
8587,8587,5,PortScan,0.9907723294453185,"{""DDoS"": 0.006077337496813229, ""Normal"": 0.003150333057869539, ""PortScan"": 0.9907723294453185}",2026-09-17 09:42:28.813777+00,2026-09-17 09:42:28.813777+00,,RUNTIME,monitoring:22:11:579c4709b39b5d3a2a71c153b5df412242d1fc0eaf71fbc095cbc9be9558dfae:857,22,1364
8588,8588,5,PortScan,0.9907723294453185,"{""DDoS"": 0.006077337496813229, ""Normal"": 0.003150333057869539, ""PortScan"": 0.9907723294453185}",2026-09-17 09:42:28.813777+00,2026-09-17 09:42:28.813777+00,,RUNTIME,monitoring:22:11:579c4709b39b5d3a2a71c153b5df412242d1fc0eaf71fbc095cbc9be9558dfae:858,22,1364
8589,8589,5,PortScan,0.9907723294453185,"{""DDoS"": 0.006077337496813229, ""Normal"": 0.003150333057869539, ""PortScan"": 0.9907723294453185}",2026-09-17 09:42:28.813778+00,2026-09-17 09:42:28.813778+00,,RUNTIME,monitoring:22:11:579c4709b39b5d3a2a71c153b5df412242d1fc0eaf71fbc095cbc9be9558dfae:859,22,1364
8590,8590,5,PortScan,0.9907723294453185,"{""DDoS"": 0.006077337496813229, ""Normal"": 0.003150333057869539, ""PortScan"": 0.9907723294453185}",2026-09-17 09:42:28.813778+00,2026-09-17 09:42:28.813778+00,,RUNTIME,monitoring:22:11:579c4709b39b5d3a2a71c153b5df412242d1fc0eaf71fbc095cbc9be9558dfae:860,22,1364
8591,8591,5,PortScan,0.9858572377752948,"{""DDoS"": 0.011025379037612469, ""Normal"": 0.0031173831870937837, ""PortScan"": 0.9858572377752948}",2026-09-17 09:42:28.813778+00,2026-09-17 09:42:28.813779+00,,RUNTIME,monitoring:22:11:579c4709b39b5d3a2a71c153b5df412242d1fc0eaf71fbc095cbc9be9558dfae:861,22,1364
8592,8592,5,PortScan,0.9907723294453185,"{""DDoS"": 0.006077337496813229, ""Normal"": 0.003150333057869539, ""PortScan"": 0.9907723294453185}",2026-09-17 09:42:28.813779+00,2026-09-17 09:42:28.813779+00,,RUNTIME,monitoring:22:11:579c4709b39b5d3a2a71c153b5df412242d1fc0eaf71fbc095cbc9be9558dfae:862,22,1364
8593,8593,5,PortScan,0.9907723294453185,"{""DDoS"": 0.006077337496813229, ""Normal"": 0.003150333057869539, ""PortScan"": 0.9907723294453185}",2026-09-17 09:42:28.813779+00,2026-09-17 09:42:28.813779+00,,RUNTIME,monitoring:22:11:579c4709b39b5d3a2a71c153b5df412242d1fc0eaf71fbc095cbc9be9558dfae:863,22,1364
8594,8594,5,PortScan,0.9907723294453185,"{""DDoS"": 0.006077337496813229, ""Normal"": 0.003150333057869539, ""PortScan"": 0.9907723294453185}",2026-09-17 09:42:28.813779+00,2026-09-17 09:42:28.81378+00,,RUNTIME,monitoring:22:11:579c4709b39b5d3a2a71c153b5df412242d1fc0eaf71fbc095cbc9be9558dfae:864,22,1364
8595,8595,5,PortScan,0.9907723294453185,"{""DDoS"": 0.006077337496813229, ""Normal"": 0.003150333057869539, ""PortScan"": 0.9907723294453185}",2026-09-17 09:42:28.81378+00,2026-09-17 09:42:28.81378+00,,RUNTIME,monitoring:22:11:579c4709b39b5d3a2a71c153b5df412242d1fc0eaf71fbc095cbc9be9558dfae:865,22,1364
8596,8596,5,PortScan,0.9907723294453185,"{""DDoS"": 0.006077337496813229, ""Normal"": 0.003150333057869539, ""PortScan"": 0.9907723294453185}",2026-09-17 09:42:28.81378+00,2026-09-17 09:42:28.81378+00,,RUNTIME,monitoring:22:11:579c4709b39b5d3a2a71c153b5df412242d1fc0eaf71fbc095cbc9be9558dfae:866,22,1364
8597,8597,5,PortScan,0.9807410369802422,"{""DDoS"": 0.01190626640962612, ""Normal"": 0.007352696610132838, ""PortScan"": 0.9807410369802422}",2026-09-17 09:42:28.813781+00,2026-09-17 09:42:28.813781+00,,RUNTIME,monitoring:22:11:579c4709b39b5d3a2a71c153b5df412242d1fc0eaf71fbc095cbc9be9558dfae:867,22,1364
8598,8598,5,PortScan,0.9880724137187,"{""DDoS"": 0.006482568294333889, ""Normal"": 0.005445017986967172, ""PortScan"": 0.9880724137187}",2026-09-17 09:42:28.813781+00,2026-09-17 09:42:28.813781+00,,RUNTIME,monitoring:22:11:579c4709b39b5d3a2a71c153b5df412242d1fc0eaf71fbc095cbc9be9558dfae:868,22,1364
8599,8599,5,PortScan,0.9907723294453185,"{""DDoS"": 0.006077337496813229, ""Normal"": 0.003150333057869539, ""PortScan"": 0.9907723294453185}",2026-09-17 09:42:28.813781+00,2026-09-17 09:42:28.813781+00,,RUNTIME,monitoring:22:11:579c4709b39b5d3a2a71c153b5df412242d1fc0eaf71fbc095cbc9be9558dfae:869,22,1364
8600,8600,5,PortScan,0.9907723294453185,"{""DDoS"": 0.006077337496813229, ""Normal"": 0.003150333057869539, ""PortScan"": 0.9907723294453185}",2026-09-17 09:42:28.813782+00,2026-09-17 09:42:28.813782+00,,RUNTIME,monitoring:22:11:579c4709b39b5d3a2a71c153b5df412242d1fc0eaf71fbc095cbc9be9558dfae:870,22,1364
8601,8601,5,PortScan,0.9908097856182583,"{""DDoS"": 0.00603988132387339, ""Normal"": 0.003150333057869539, ""PortScan"": 0.9908097856182583}",2026-09-17 09:42:28.813782+00,2026-09-17 09:42:28.813782+00,,RUNTIME,monitoring:22:11:579c4709b39b5d3a2a71c153b5df412242d1fc0eaf71fbc095cbc9be9558dfae:871,22,1364
8602,8602,5,PortScan,0.9907723294453185,"{""DDoS"": 0.006077337496813229, ""Normal"": 0.003150333057869539, ""PortScan"": 0.9907723294453185}",2026-09-17 09:42:28.813782+00,2026-09-17 09:42:28.813783+00,,RUNTIME,monitoring:22:11:579c4709b39b5d3a2a71c153b5df412242d1fc0eaf71fbc095cbc9be9558dfae:872,22,1364
8603,8603,5,PortScan,0.9908097856182583,"{""DDoS"": 0.00603988132387339, ""Normal"": 0.003150333057869539, ""PortScan"": 0.9908097856182583}",2026-09-17 09:42:28.813783+00,2026-09-17 09:42:28.813783+00,,RUNTIME,monitoring:22:11:579c4709b39b5d3a2a71c153b5df412242d1fc0eaf71fbc095cbc9be9558dfae:873,22,1364
8604,8604,5,PortScan,0.9858572377752948,"{""DDoS"": 0.011025379037612469, ""Normal"": 0.0031173831870937837, ""PortScan"": 0.9858572377752948}",2026-09-17 09:42:28.813783+00,2026-09-17 09:42:28.813783+00,,RUNTIME,monitoring:22:11:579c4709b39b5d3a2a71c153b5df412242d1fc0eaf71fbc095cbc9be9558dfae:874,22,1364
8605,8605,5,PortScan,0.9907723294453185,"{""DDoS"": 0.006077337496813229, ""Normal"": 0.003150333057869539, ""PortScan"": 0.9907723294453185}",2026-09-17 09:42:28.813784+00,2026-09-17 09:42:28.813784+00,,RUNTIME,monitoring:22:11:579c4709b39b5d3a2a71c153b5df412242d1fc0eaf71fbc095cbc9be9558dfae:875,22,1364
8606,8606,5,PortScan,0.9849763504032812,"{""DDoS"": 0.01190626640962612, ""Normal"": 0.0031173831870937837, ""PortScan"": 0.9849763504032812}",2026-09-17 09:42:28.813784+00,2026-09-17 09:42:28.813784+00,,RUNTIME,monitoring:22:11:579c4709b39b5d3a2a71c153b5df412242d1fc0eaf71fbc095cbc9be9558dfae:876,22,1364
8607,8607,5,PortScan,0.9907723294453185,"{""DDoS"": 0.006077337496813229, ""Normal"": 0.003150333057869539, ""PortScan"": 0.9907723294453185}",2026-09-17 09:42:28.813784+00,2026-09-17 09:42:28.813784+00,,RUNTIME,monitoring:22:11:579c4709b39b5d3a2a71c153b5df412242d1fc0eaf71fbc095cbc9be9558dfae:877,22,1364
8608,8608,5,PortScan,0.9858572377752948,"{""DDoS"": 0.011025379037612469, ""Normal"": 0.0031173831870937837, ""PortScan"": 0.9858572377752948}",2026-09-17 09:42:28.813785+00,2026-09-17 09:42:28.813785+00,,RUNTIME,monitoring:22:11:579c4709b39b5d3a2a71c153b5df412242d1fc0eaf71fbc095cbc9be9558dfae:878,22,1364
8609,8609,5,PortScan,0.9907723294453185,"{""DDoS"": 0.006077337496813229, ""Normal"": 0.003150333057869539, ""PortScan"": 0.9907723294453185}",2026-09-17 09:42:28.813785+00,2026-09-17 09:42:28.813785+00,,RUNTIME,monitoring:22:11:579c4709b39b5d3a2a71c153b5df412242d1fc0eaf71fbc095cbc9be9558dfae:879,22,1364
8610,8610,5,PortScan,0.9908097856182583,"{""DDoS"": 0.00603988132387339, ""Normal"": 0.003150333057869539, ""PortScan"": 0.9908097856182583}",2026-09-17 09:42:28.813785+00,2026-09-17 09:42:28.813786+00,,RUNTIME,monitoring:22:11:579c4709b39b5d3a2a71c153b5df412242d1fc0eaf71fbc095cbc9be9558dfae:880,22,1364
8611,8611,5,PortScan,0.9907723294453185,"{""DDoS"": 0.006077337496813229, ""Normal"": 0.003150333057869539, ""PortScan"": 0.9907723294453185}",2026-09-17 09:42:28.813786+00,2026-09-17 09:42:28.813786+00,,RUNTIME,monitoring:22:11:579c4709b39b5d3a2a71c153b5df412242d1fc0eaf71fbc095cbc9be9558dfae:881,22,1364
8612,8612,5,PortScan,0.9907723294453185,"{""DDoS"": 0.006077337496813229, ""Normal"": 0.003150333057869539, ""PortScan"": 0.9907723294453185}",2026-09-17 09:42:28.813786+00,2026-09-17 09:42:28.813786+00,,RUNTIME,monitoring:22:11:579c4709b39b5d3a2a71c153b5df412242d1fc0eaf71fbc095cbc9be9558dfae:882,22,1364
8613,8613,5,PortScan,0.9907723294453185,"{""DDoS"": 0.006077337496813229, ""Normal"": 0.003150333057869539, ""PortScan"": 0.9907723294453185}",2026-09-17 09:42:28.813786+00,2026-09-17 09:42:28.813787+00,,RUNTIME,monitoring:22:11:579c4709b39b5d3a2a71c153b5df412242d1fc0eaf71fbc095cbc9be9558dfae:883,22,1364
8614,8614,5,PortScan,0.9907723294453185,"{""DDoS"": 0.006077337496813229, ""Normal"": 0.003150333057869539, ""PortScan"": 0.9907723294453185}",2026-09-17 09:42:28.813787+00,2026-09-17 09:42:28.813787+00,,RUNTIME,monitoring:22:11:579c4709b39b5d3a2a71c153b5df412242d1fc0eaf71fbc095cbc9be9558dfae:884,22,1364
8615,8615,5,PortScan,0.9849763504032812,"{""DDoS"": 0.01190626640962612, ""Normal"": 0.0031173831870937837, ""PortScan"": 0.9849763504032812}",2026-09-17 09:42:28.813787+00,2026-09-17 09:42:28.813787+00,,RUNTIME,monitoring:22:11:579c4709b39b5d3a2a71c153b5df412242d1fc0eaf71fbc095cbc9be9558dfae:885,22,1364
8616,8616,5,PortScan,0.9858572377752948,"{""DDoS"": 0.011025379037612469, ""Normal"": 0.0031173831870937837, ""PortScan"": 0.9858572377752948}",2026-09-17 09:42:28.813788+00,2026-09-17 09:42:28.813788+00,,RUNTIME,monitoring:22:11:579c4709b39b5d3a2a71c153b5df412242d1fc0eaf71fbc095cbc9be9558dfae:886,22,1364
8617,8617,5,PortScan,0.9907723294453185,"{""DDoS"": 0.006077337496813229, ""Normal"": 0.003150333057869539, ""PortScan"": 0.9907723294453185}",2026-09-17 09:42:28.813788+00,2026-09-17 09:42:28.813788+00,,RUNTIME,monitoring:22:11:579c4709b39b5d3a2a71c153b5df412242d1fc0eaf71fbc095cbc9be9558dfae:887,22,1364
8618,8618,5,PortScan,0.9907723294453185,"{""DDoS"": 0.006077337496813229, ""Normal"": 0.003150333057869539, ""PortScan"": 0.9907723294453185}",2026-09-17 09:42:28.813788+00,2026-09-17 09:42:28.813788+00,,RUNTIME,monitoring:22:11:579c4709b39b5d3a2a71c153b5df412242d1fc0eaf71fbc095cbc9be9558dfae:888,22,1364
8619,8619,5,PortScan,0.9907723294453185,"{""DDoS"": 0.006077337496813229, ""Normal"": 0.003150333057869539, ""PortScan"": 0.9907723294453185}",2026-09-17 09:42:28.813789+00,2026-09-17 09:42:28.813789+00,,RUNTIME,monitoring:22:11:579c4709b39b5d3a2a71c153b5df412242d1fc0eaf71fbc095cbc9be9558dfae:889,22,1364
8620,8620,5,PortScan,0.9858572377752948,"{""DDoS"": 0.011025379037612469, ""Normal"": 0.0031173831870937837, ""PortScan"": 0.9858572377752948}",2026-09-17 09:42:28.813789+00,2026-09-17 09:42:28.813789+00,,RUNTIME,monitoring:22:11:579c4709b39b5d3a2a71c153b5df412242d1fc0eaf71fbc095cbc9be9558dfae:890,22,1364
8621,8621,5,PortScan,0.9907723294453185,"{""DDoS"": 0.006077337496813229, ""Normal"": 0.003150333057869539, ""PortScan"": 0.9907723294453185}",2026-09-17 09:42:28.813789+00,2026-09-17 09:42:28.81379+00,,RUNTIME,monitoring:22:11:579c4709b39b5d3a2a71c153b5df412242d1fc0eaf71fbc095cbc9be9558dfae:891,22,1364
8622,8622,5,PortScan,0.9907723294453185,"{""DDoS"": 0.006077337496813229, ""Normal"": 0.003150333057869539, ""PortScan"": 0.9907723294453185}",2026-09-17 09:42:28.81379+00,2026-09-17 09:42:28.81379+00,,RUNTIME,monitoring:22:11:579c4709b39b5d3a2a71c153b5df412242d1fc0eaf71fbc095cbc9be9558dfae:892,22,1364
8623,8623,5,PortScan,0.9907723294453185,"{""DDoS"": 0.006077337496813229, ""Normal"": 0.003150333057869539, ""PortScan"": 0.9907723294453185}",2026-09-17 09:42:28.81379+00,2026-09-17 09:42:28.81379+00,,RUNTIME,monitoring:22:11:579c4709b39b5d3a2a71c153b5df412242d1fc0eaf71fbc095cbc9be9558dfae:893,22,1364
8624,8624,5,PortScan,0.9899288982462445,"{""DDoS"": 0.006920768695887043, ""Normal"": 0.003150333057869539, ""PortScan"": 0.9899288982462445}",2026-09-17 09:42:28.81379+00,2026-09-17 09:42:28.813791+00,,RUNTIME,monitoring:22:11:579c4709b39b5d3a2a71c153b5df412242d1fc0eaf71fbc095cbc9be9558dfae:894,22,1364
8625,8625,5,PortScan,0.9907723294453185,"{""DDoS"": 0.006077337496813229, ""Normal"": 0.003150333057869539, ""PortScan"": 0.9907723294453185}",2026-09-17 09:42:28.813791+00,2026-09-17 09:42:28.813791+00,,RUNTIME,monitoring:22:11:579c4709b39b5d3a2a71c153b5df412242d1fc0eaf71fbc095cbc9be9558dfae:895,22,1364
8626,8626,5,PortScan,0.9907723294453185,"{""DDoS"": 0.006077337496813229, ""Normal"": 0.003150333057869539, ""PortScan"": 0.9907723294453185}",2026-09-17 09:42:28.813791+00,2026-09-17 09:42:28.813791+00,,RUNTIME,monitoring:22:11:579c4709b39b5d3a2a71c153b5df412242d1fc0eaf71fbc095cbc9be9558dfae:896,22,1364
8627,8627,5,PortScan,0.9907723294453185,"{""DDoS"": 0.00607733749681323, ""Normal"": 0.003150333057869539, ""PortScan"": 0.9907723294453185}",2026-09-17 09:42:28.813792+00,2026-09-17 09:42:28.813792+00,,RUNTIME,monitoring:22:11:579c4709b39b5d3a2a71c153b5df412242d1fc0eaf71fbc095cbc9be9558dfae:897,22,1364
8628,8628,5,PortScan,0.9849763504032812,"{""DDoS"": 0.01190626640962612, ""Normal"": 0.0031173831870937837, ""PortScan"": 0.9849763504032812}",2026-09-17 09:42:28.813792+00,2026-09-17 09:42:28.813792+00,,RUNTIME,monitoring:22:11:579c4709b39b5d3a2a71c153b5df412242d1fc0eaf71fbc095cbc9be9558dfae:898,22,1364
8629,8629,5,PortScan,0.9858572377752948,"{""DDoS"": 0.011025379037612469, ""Normal"": 0.0031173831870937837, ""PortScan"": 0.9858572377752948}",2026-09-17 09:42:28.813792+00,2026-09-17 09:42:28.813793+00,,RUNTIME,monitoring:22:11:579c4709b39b5d3a2a71c153b5df412242d1fc0eaf71fbc095cbc9be9558dfae:899,22,1364
8630,8630,5,PortScan,0.9908097856182583,"{""DDoS"": 0.00603988132387339, ""Normal"": 0.003150333057869539, ""PortScan"": 0.9908097856182583}",2026-09-17 09:42:28.813793+00,2026-09-17 09:42:28.813793+00,,RUNTIME,monitoring:22:11:579c4709b39b5d3a2a71c153b5df412242d1fc0eaf71fbc095cbc9be9558dfae:900,22,1364
8631,8631,5,PortScan,0.9907723294453185,"{""DDoS"": 0.006077337496813229, ""Normal"": 0.003150333057869539, ""PortScan"": 0.9907723294453185}",2026-09-17 09:42:28.813793+00,2026-09-17 09:42:28.813793+00,,RUNTIME,monitoring:22:11:579c4709b39b5d3a2a71c153b5df412242d1fc0eaf71fbc095cbc9be9558dfae:901,22,1364
8632,8632,5,PortScan,0.9858572377752948,"{""DDoS"": 0.011025379037612469, ""Normal"": 0.0031173831870937837, ""PortScan"": 0.9858572377752948}",2026-09-17 09:42:28.813794+00,2026-09-17 09:42:28.813794+00,,RUNTIME,monitoring:22:11:579c4709b39b5d3a2a71c153b5df412242d1fc0eaf71fbc095cbc9be9558dfae:902,22,1364
8633,8633,5,PortScan,0.9907723294453185,"{""DDoS"": 0.006077337496813229, ""Normal"": 0.003150333057869539, ""PortScan"": 0.9907723294453185}",2026-09-17 09:42:28.813794+00,2026-09-17 09:42:28.813794+00,,RUNTIME,monitoring:22:11:579c4709b39b5d3a2a71c153b5df412242d1fc0eaf71fbc095cbc9be9558dfae:903,22,1364
8634,8634,5,PortScan,0.9880724137187,"{""DDoS"": 0.006482568294333889, ""Normal"": 0.005445017986967172, ""PortScan"": 0.9880724137187}",2026-09-17 09:42:28.813794+00,2026-09-17 09:42:28.813794+00,,RUNTIME,monitoring:22:11:579c4709b39b5d3a2a71c153b5df412242d1fc0eaf71fbc095cbc9be9558dfae:904,22,1364
8635,8635,5,PortScan,0.9907723294453185,"{""DDoS"": 0.006077337496813229, ""Normal"": 0.003150333057869539, ""PortScan"": 0.9907723294453185}",2026-09-17 09:42:28.813795+00,2026-09-17 09:42:28.813795+00,,RUNTIME,monitoring:22:11:579c4709b39b5d3a2a71c153b5df412242d1fc0eaf71fbc095cbc9be9558dfae:905,22,1364
8636,8636,5,PortScan,0.9907723294453185,"{""DDoS"": 0.006077337496813229, ""Normal"": 0.003150333057869539, ""PortScan"": 0.9907723294453185}",2026-09-17 09:42:28.813795+00,2026-09-17 09:42:28.813795+00,,RUNTIME,monitoring:22:11:579c4709b39b5d3a2a71c153b5df412242d1fc0eaf71fbc095cbc9be9558dfae:906,22,1364
8637,8637,5,PortScan,0.9908097856182583,"{""DDoS"": 0.00603988132387339, ""Normal"": 0.003150333057869539, ""PortScan"": 0.9908097856182583}",2026-09-17 09:42:28.813795+00,2026-09-17 09:42:28.813796+00,,RUNTIME,monitoring:22:11:579c4709b39b5d3a2a71c153b5df412242d1fc0eaf71fbc095cbc9be9558dfae:907,22,1364
8638,8638,5,PortScan,0.9907723294453185,"{""DDoS"": 0.006077337496813229, ""Normal"": 0.003150333057869539, ""PortScan"": 0.9907723294453185}",2026-09-17 09:42:28.813796+00,2026-09-17 09:42:28.813796+00,,RUNTIME,monitoring:22:11:579c4709b39b5d3a2a71c153b5df412242d1fc0eaf71fbc095cbc9be9558dfae:908,22,1364
8639,8639,5,PortScan,0.9908097856182583,"{""DDoS"": 0.00603988132387339, ""Normal"": 0.003150333057869539, ""PortScan"": 0.9908097856182583}",2026-09-17 09:42:28.813796+00,2026-09-17 09:42:28.813796+00,,RUNTIME,monitoring:22:11:579c4709b39b5d3a2a71c153b5df412242d1fc0eaf71fbc095cbc9be9558dfae:909,22,1364
8640,8640,5,PortScan,0.9858572377752948,"{""DDoS"": 0.011025379037612469, ""Normal"": 0.0031173831870937837, ""PortScan"": 0.9858572377752948}",2026-09-17 09:42:28.813797+00,2026-09-17 09:42:28.813797+00,,RUNTIME,monitoring:22:11:579c4709b39b5d3a2a71c153b5df412242d1fc0eaf71fbc095cbc9be9558dfae:910,22,1364
8641,8641,5,PortScan,0.9858572377752948,"{""DDoS"": 0.011025379037612469, ""Normal"": 0.0031173831870937837, ""PortScan"": 0.9858572377752948}",2026-09-17 09:42:28.813797+00,2026-09-17 09:42:28.813797+00,,RUNTIME,monitoring:22:11:579c4709b39b5d3a2a71c153b5df412242d1fc0eaf71fbc095cbc9be9558dfae:911,22,1364
8642,8642,5,PortScan,0.9858572377752948,"{""DDoS"": 0.011025379037612469, ""Normal"": 0.0031173831870937837, ""PortScan"": 0.9858572377752948}",2026-09-17 09:42:28.813797+00,2026-09-17 09:42:28.813797+00,,RUNTIME,monitoring:22:11:579c4709b39b5d3a2a71c153b5df412242d1fc0eaf71fbc095cbc9be9558dfae:912,22,1364
8643,8643,5,PortScan,0.991078245591263,"{""DDoS"": 0.005947894303711483, ""Normal"": 0.0029738601050267365, ""PortScan"": 0.991078245591263}",2026-09-17 09:42:28.813798+00,2026-09-17 09:42:28.813798+00,,RUNTIME,monitoring:22:11:579c4709b39b5d3a2a71c153b5df412242d1fc0eaf71fbc095cbc9be9558dfae:913,22,1364
8644,8644,5,PortScan,0.9858572377752948,"{""DDoS"": 0.011025379037612469, ""Normal"": 0.0031173831870937837, ""PortScan"": 0.9858572377752948}",2026-09-17 09:42:28.813798+00,2026-09-17 09:42:28.813798+00,,RUNTIME,monitoring:22:11:579c4709b39b5d3a2a71c153b5df412242d1fc0eaf71fbc095cbc9be9558dfae:914,22,1364
8645,8645,5,PortScan,0.9849763504032812,"{""DDoS"": 0.01190626640962612, ""Normal"": 0.0031173831870937837, ""PortScan"": 0.9849763504032812}",2026-09-17 09:42:28.813798+00,2026-09-17 09:42:28.813799+00,,RUNTIME,monitoring:22:11:579c4709b39b5d3a2a71c153b5df412242d1fc0eaf71fbc095cbc9be9558dfae:915,22,1364
8646,8646,5,PortScan,0.9907723294453185,"{""DDoS"": 0.006077337496813229, ""Normal"": 0.003150333057869539, ""PortScan"": 0.9907723294453185}",2026-09-17 09:42:28.813799+00,2026-09-17 09:42:28.813799+00,,RUNTIME,monitoring:22:11:579c4709b39b5d3a2a71c153b5df412242d1fc0eaf71fbc095cbc9be9558dfae:916,22,1364
8647,8647,5,PortScan,0.9858572377752948,"{""DDoS"": 0.011025379037612469, ""Normal"": 0.0031173831870937837, ""PortScan"": 0.9858572377752948}",2026-09-17 09:42:28.813799+00,2026-09-17 09:42:28.813799+00,,RUNTIME,monitoring:22:11:579c4709b39b5d3a2a71c153b5df412242d1fc0eaf71fbc095cbc9be9558dfae:917,22,1364
8648,8648,5,PortScan,0.9907723294453185,"{""DDoS"": 0.006077337496813229, ""Normal"": 0.003150333057869539, ""PortScan"": 0.9907723294453185}",2026-09-17 09:42:28.8138+00,2026-09-17 09:42:28.8138+00,,RUNTIME,monitoring:22:11:579c4709b39b5d3a2a71c153b5df412242d1fc0eaf71fbc095cbc9be9558dfae:918,22,1364
8649,8649,5,PortScan,0.9907723294453185,"{""DDoS"": 0.006077337496813229, ""Normal"": 0.003150333057869539, ""PortScan"": 0.9907723294453185}",2026-09-17 09:42:28.8138+00,2026-09-17 09:42:28.8138+00,,RUNTIME,monitoring:22:11:579c4709b39b5d3a2a71c153b5df412242d1fc0eaf71fbc095cbc9be9558dfae:919,22,1364
8650,8650,5,PortScan,0.9907723294453185,"{""DDoS"": 0.006077337496813229, ""Normal"": 0.003150333057869539, ""PortScan"": 0.9907723294453185}",2026-09-17 09:42:28.8138+00,2026-09-17 09:42:28.8138+00,,RUNTIME,monitoring:22:11:579c4709b39b5d3a2a71c153b5df412242d1fc0eaf71fbc095cbc9be9558dfae:920,22,1364
8651,8651,5,PortScan,0.9907723294453185,"{""DDoS"": 0.006077337496813229, ""Normal"": 0.003150333057869539, ""PortScan"": 0.9907723294453185}",2026-09-17 09:42:28.813801+00,2026-09-17 09:42:28.813801+00,,RUNTIME,monitoring:22:11:579c4709b39b5d3a2a71c153b5df412242d1fc0eaf71fbc095cbc9be9558dfae:921,22,1364
8652,8652,5,PortScan,0.9908097856182583,"{""DDoS"": 0.00603988132387339, ""Normal"": 0.003150333057869539, ""PortScan"": 0.9908097856182583}",2026-09-17 09:42:28.813801+00,2026-09-17 09:42:28.813801+00,,RUNTIME,monitoring:22:11:579c4709b39b5d3a2a71c153b5df412242d1fc0eaf71fbc095cbc9be9558dfae:922,22,1364
8653,8653,5,PortScan,0.9907723294453185,"{""DDoS"": 0.006077337496813229, ""Normal"": 0.003150333057869539, ""PortScan"": 0.9907723294453185}",2026-09-17 09:42:28.813801+00,2026-09-17 09:42:28.813802+00,,RUNTIME,monitoring:22:11:579c4709b39b5d3a2a71c153b5df412242d1fc0eaf71fbc095cbc9be9558dfae:923,22,1364
8654,8654,5,PortScan,0.9907723294453185,"{""DDoS"": 0.006077337496813229, ""Normal"": 0.003150333057869539, ""PortScan"": 0.9907723294453185}",2026-09-17 09:42:28.813802+00,2026-09-17 09:42:28.813802+00,,RUNTIME,monitoring:22:11:579c4709b39b5d3a2a71c153b5df412242d1fc0eaf71fbc095cbc9be9558dfae:924,22,1364
8655,8655,5,PortScan,0.9907723294453185,"{""DDoS"": 0.006077337496813229, ""Normal"": 0.003150333057869539, ""PortScan"": 0.9907723294453185}",2026-09-17 09:42:28.813802+00,2026-09-17 09:42:28.813802+00,,RUNTIME,monitoring:22:11:579c4709b39b5d3a2a71c153b5df412242d1fc0eaf71fbc095cbc9be9558dfae:925,22,1364
8656,8656,5,PortScan,0.9907723294453185,"{""DDoS"": 0.006077337496813229, ""Normal"": 0.003150333057869539, ""PortScan"": 0.9907723294453185}",2026-09-17 09:42:28.813802+00,2026-09-17 09:42:28.813803+00,,RUNTIME,monitoring:22:11:579c4709b39b5d3a2a71c153b5df412242d1fc0eaf71fbc095cbc9be9558dfae:926,22,1364
8657,8657,5,PortScan,0.9791093185758278,"{""DDoS"": 0.011626769718498485, ""Normal"": 0.009263911705674609, ""PortScan"": 0.9791093185758278}",2026-09-17 09:42:28.813803+00,2026-09-17 09:42:28.813803+00,,RUNTIME,monitoring:22:11:579c4709b39b5d3a2a71c153b5df412242d1fc0eaf71fbc095cbc9be9558dfae:927,22,1364
8658,8658,5,PortScan,0.9858572377752948,"{""DDoS"": 0.011025379037612469, ""Normal"": 0.0031173831870937837, ""PortScan"": 0.9858572377752948}",2026-09-17 09:42:28.813803+00,2026-09-17 09:42:28.813803+00,,RUNTIME,monitoring:22:11:579c4709b39b5d3a2a71c153b5df412242d1fc0eaf71fbc095cbc9be9558dfae:928,22,1364
8659,8659,5,PortScan,0.9908097856182583,"{""DDoS"": 0.00603988132387339, ""Normal"": 0.003150333057869539, ""PortScan"": 0.9908097856182583}",2026-09-17 09:42:28.813804+00,2026-09-17 09:42:28.813804+00,,RUNTIME,monitoring:22:11:579c4709b39b5d3a2a71c153b5df412242d1fc0eaf71fbc095cbc9be9558dfae:929,22,1364
8660,8660,5,PortScan,0.9907723294453185,"{""DDoS"": 0.006077337496813229, ""Normal"": 0.003150333057869539, ""PortScan"": 0.9907723294453185}",2026-09-17 09:42:28.813804+00,2026-09-17 09:42:28.813804+00,,RUNTIME,monitoring:22:11:579c4709b39b5d3a2a71c153b5df412242d1fc0eaf71fbc095cbc9be9558dfae:930,22,1364
8661,8661,5,PortScan,0.9858572377752948,"{""DDoS"": 0.011025379037612469, ""Normal"": 0.0031173831870937837, ""PortScan"": 0.9858572377752948}",2026-09-17 09:42:28.813804+00,2026-09-17 09:42:28.813805+00,,RUNTIME,monitoring:22:11:579c4709b39b5d3a2a71c153b5df412242d1fc0eaf71fbc095cbc9be9558dfae:931,22,1364
8662,8662,5,PortScan,0.991078245591263,"{""DDoS"": 0.005947894303711483, ""Normal"": 0.0029738601050267365, ""PortScan"": 0.991078245591263}",2026-09-17 09:42:28.813805+00,2026-09-17 09:42:28.813805+00,,RUNTIME,monitoring:22:11:579c4709b39b5d3a2a71c153b5df412242d1fc0eaf71fbc095cbc9be9558dfae:932,22,1364
8663,8663,5,PortScan,0.9849763504032812,"{""DDoS"": 0.01190626640962612, ""Normal"": 0.0031173831870937837, ""PortScan"": 0.9849763504032812}",2026-09-17 09:42:28.813805+00,2026-09-17 09:42:28.813805+00,,RUNTIME,monitoring:22:11:579c4709b39b5d3a2a71c153b5df412242d1fc0eaf71fbc095cbc9be9558dfae:933,22,1364
8664,8664,5,PortScan,0.9858572377752948,"{""DDoS"": 0.011025379037612469, ""Normal"": 0.0031173831870937837, ""PortScan"": 0.9858572377752948}",2026-09-17 09:42:28.813805+00,2026-09-17 09:42:28.813806+00,,RUNTIME,monitoring:22:11:579c4709b39b5d3a2a71c153b5df412242d1fc0eaf71fbc095cbc9be9558dfae:934,22,1364
8665,8665,5,PortScan,0.9907723294453185,"{""DDoS"": 0.006077337496813229, ""Normal"": 0.003150333057869539, ""PortScan"": 0.9907723294453185}",2026-09-17 09:42:28.813806+00,2026-09-17 09:42:28.813806+00,,RUNTIME,monitoring:22:11:579c4709b39b5d3a2a71c153b5df412242d1fc0eaf71fbc095cbc9be9558dfae:935,22,1364
8666,8666,5,PortScan,0.9907723294453185,"{""DDoS"": 0.006077337496813229, ""Normal"": 0.003150333057869539, ""PortScan"": 0.9907723294453185}",2026-09-17 09:42:28.813806+00,2026-09-17 09:42:28.813806+00,,RUNTIME,monitoring:22:11:579c4709b39b5d3a2a71c153b5df412242d1fc0eaf71fbc095cbc9be9558dfae:936,22,1364
8667,8667,5,PortScan,0.9907723294453185,"{""DDoS"": 0.006077337496813229, ""Normal"": 0.003150333057869539, ""PortScan"": 0.9907723294453185}",2026-09-17 09:42:28.813807+00,2026-09-17 09:42:28.813807+00,,RUNTIME,monitoring:22:11:579c4709b39b5d3a2a71c153b5df412242d1fc0eaf71fbc095cbc9be9558dfae:937,22,1364
8668,8668,5,PortScan,0.9858572377752948,"{""DDoS"": 0.011025379037612469, ""Normal"": 0.0031173831870937837, ""PortScan"": 0.9858572377752948}",2026-09-17 09:42:28.813807+00,2026-09-17 09:42:28.813807+00,,RUNTIME,monitoring:22:11:579c4709b39b5d3a2a71c153b5df412242d1fc0eaf71fbc095cbc9be9558dfae:938,22,1364
8669,8669,5,PortScan,0.9907723294453185,"{""DDoS"": 0.006077337496813229, ""Normal"": 0.003150333057869539, ""PortScan"": 0.9907723294453185}",2026-09-17 09:42:28.813807+00,2026-09-17 09:42:28.813807+00,,RUNTIME,monitoring:22:11:579c4709b39b5d3a2a71c153b5df412242d1fc0eaf71fbc095cbc9be9558dfae:939,22,1364
8670,8670,5,PortScan,0.9908097856182583,"{""DDoS"": 0.00603988132387339, ""Normal"": 0.003150333057869539, ""PortScan"": 0.9908097856182583}",2026-09-17 09:42:28.813808+00,2026-09-17 09:42:28.813808+00,,RUNTIME,monitoring:22:11:579c4709b39b5d3a2a71c153b5df412242d1fc0eaf71fbc095cbc9be9558dfae:940,22,1364
8671,8671,5,PortScan,0.9858572377752948,"{""DDoS"": 0.011025379037612469, ""Normal"": 0.0031173831870937837, ""PortScan"": 0.9858572377752948}",2026-09-17 09:42:28.813808+00,2026-09-17 09:42:28.813808+00,,RUNTIME,monitoring:22:11:579c4709b39b5d3a2a71c153b5df412242d1fc0eaf71fbc095cbc9be9558dfae:941,22,1364
8672,8672,5,PortScan,0.9880724137187,"{""DDoS"": 0.006482568294333889, ""Normal"": 0.005445017986967172, ""PortScan"": 0.9880724137187}",2026-09-17 09:42:28.813808+00,2026-09-17 09:42:28.813809+00,,RUNTIME,monitoring:22:11:579c4709b39b5d3a2a71c153b5df412242d1fc0eaf71fbc095cbc9be9558dfae:942,22,1364
8673,8673,5,PortScan,0.9849763504032812,"{""DDoS"": 0.01190626640962612, ""Normal"": 0.0031173831870937837, ""PortScan"": 0.9849763504032812}",2026-09-17 09:42:28.813809+00,2026-09-17 09:42:28.813809+00,,RUNTIME,monitoring:22:11:579c4709b39b5d3a2a71c153b5df412242d1fc0eaf71fbc095cbc9be9558dfae:943,22,1364
8674,8674,5,PortScan,0.9907723294453185,"{""DDoS"": 0.006077337496813229, ""Normal"": 0.003150333057869539, ""PortScan"": 0.9907723294453185}",2026-09-17 09:42:28.813809+00,2026-09-17 09:42:28.813809+00,,RUNTIME,monitoring:22:11:579c4709b39b5d3a2a71c153b5df412242d1fc0eaf71fbc095cbc9be9558dfae:944,22,1364
8675,8675,5,PortScan,0.9858572377752948,"{""DDoS"": 0.011025379037612469, ""Normal"": 0.0031173831870937837, ""PortScan"": 0.9858572377752948}",2026-09-17 09:42:28.81381+00,2026-09-17 09:42:28.81381+00,,RUNTIME,monitoring:22:11:579c4709b39b5d3a2a71c153b5df412242d1fc0eaf71fbc095cbc9be9558dfae:945,22,1364
8676,8676,5,PortScan,0.9849763504032812,"{""DDoS"": 0.01190626640962612, ""Normal"": 0.0031173831870937837, ""PortScan"": 0.9849763504032812}",2026-09-17 09:42:28.81381+00,2026-09-17 09:42:28.81381+00,,RUNTIME,monitoring:22:11:579c4709b39b5d3a2a71c153b5df412242d1fc0eaf71fbc095cbc9be9558dfae:946,22,1364
8677,8677,5,PortScan,0.9858572377752948,"{""DDoS"": 0.011025379037612469, ""Normal"": 0.0031173831870937837, ""PortScan"": 0.9858572377752948}",2026-09-17 09:42:28.81381+00,2026-09-17 09:42:28.813811+00,,RUNTIME,monitoring:22:11:579c4709b39b5d3a2a71c153b5df412242d1fc0eaf71fbc095cbc9be9558dfae:947,22,1364
8678,8678,5,PortScan,0.9907723294453185,"{""DDoS"": 0.006077337496813229, ""Normal"": 0.003150333057869539, ""PortScan"": 0.9907723294453185}",2026-09-17 09:42:28.813811+00,2026-09-17 09:42:28.813811+00,,RUNTIME,monitoring:22:11:579c4709b39b5d3a2a71c153b5df412242d1fc0eaf71fbc095cbc9be9558dfae:948,22,1364
8679,8679,5,PortScan,0.9858572377752948,"{""DDoS"": 0.011025379037612469, ""Normal"": 0.0031173831870937837, ""PortScan"": 0.9858572377752948}",2026-09-17 09:42:28.813811+00,2026-09-17 09:42:28.813811+00,,RUNTIME,monitoring:22:11:579c4709b39b5d3a2a71c153b5df412242d1fc0eaf71fbc095cbc9be9558dfae:949,22,1364
8680,8680,5,PortScan,0.9849763504032812,"{""DDoS"": 0.01190626640962612, ""Normal"": 0.0031173831870937837, ""PortScan"": 0.9849763504032812}",2026-09-17 09:42:28.813811+00,2026-09-17 09:42:28.813812+00,,RUNTIME,monitoring:22:11:579c4709b39b5d3a2a71c153b5df412242d1fc0eaf71fbc095cbc9be9558dfae:950,22,1364
8681,8681,5,PortScan,0.9907723294453185,"{""DDoS"": 0.006077337496813229, ""Normal"": 0.003150333057869539, ""PortScan"": 0.9907723294453185}",2026-09-17 09:42:28.813812+00,2026-09-17 09:42:28.813812+00,,RUNTIME,monitoring:22:11:579c4709b39b5d3a2a71c153b5df412242d1fc0eaf71fbc095cbc9be9558dfae:951,22,1364
8682,8682,5,PortScan,0.9907723294453185,"{""DDoS"": 0.006077337496813229, ""Normal"": 0.003150333057869539, ""PortScan"": 0.9907723294453185}",2026-09-17 09:42:28.813812+00,2026-09-17 09:42:28.813812+00,,RUNTIME,monitoring:22:11:579c4709b39b5d3a2a71c153b5df412242d1fc0eaf71fbc095cbc9be9558dfae:952,22,1364
8683,8683,5,PortScan,0.9858572377752948,"{""DDoS"": 0.011025379037612469, ""Normal"": 0.0031173831870937837, ""PortScan"": 0.9858572377752948}",2026-09-17 09:42:28.813813+00,2026-09-17 09:42:28.813813+00,,RUNTIME,monitoring:22:11:579c4709b39b5d3a2a71c153b5df412242d1fc0eaf71fbc095cbc9be9558dfae:953,22,1364
8684,8684,5,PortScan,0.9908097856182583,"{""DDoS"": 0.00603988132387339, ""Normal"": 0.003150333057869539, ""PortScan"": 0.9908097856182583}",2026-09-17 09:42:28.813813+00,2026-09-17 09:42:28.813813+00,,RUNTIME,monitoring:22:11:579c4709b39b5d3a2a71c153b5df412242d1fc0eaf71fbc095cbc9be9558dfae:954,22,1364
8685,8685,5,PortScan,0.9880724137187,"{""DDoS"": 0.006482568294333889, ""Normal"": 0.005445017986967172, ""PortScan"": 0.9880724137187}",2026-09-17 09:42:28.813813+00,2026-09-17 09:42:28.813813+00,,RUNTIME,monitoring:22:11:579c4709b39b5d3a2a71c153b5df412242d1fc0eaf71fbc095cbc9be9558dfae:955,22,1364
8686,8686,5,PortScan,0.9849763504032812,"{""DDoS"": 0.01190626640962612, ""Normal"": 0.0031173831870937837, ""PortScan"": 0.9849763504032812}",2026-09-17 09:42:28.813814+00,2026-09-17 09:42:28.813814+00,,RUNTIME,monitoring:22:11:579c4709b39b5d3a2a71c153b5df412242d1fc0eaf71fbc095cbc9be9558dfae:956,22,1364
8687,8687,5,PortScan,0.991078245591263,"{""DDoS"": 0.005947894303711483, ""Normal"": 0.0029738601050267365, ""PortScan"": 0.991078245591263}",2026-09-17 09:42:28.813814+00,2026-09-17 09:42:28.813814+00,,RUNTIME,monitoring:22:11:579c4709b39b5d3a2a71c153b5df412242d1fc0eaf71fbc095cbc9be9558dfae:957,22,1364
8688,8688,5,PortScan,0.9858572377752948,"{""DDoS"": 0.011025379037612469, ""Normal"": 0.0031173831870937837, ""PortScan"": 0.9858572377752948}",2026-09-17 09:42:28.813814+00,2026-09-17 09:42:28.813815+00,,RUNTIME,monitoring:22:11:579c4709b39b5d3a2a71c153b5df412242d1fc0eaf71fbc095cbc9be9558dfae:958,22,1364
8689,8689,5,PortScan,0.9880724137187,"{""DDoS"": 0.006482568294333889, ""Normal"": 0.005445017986967172, ""PortScan"": 0.9880724137187}",2026-09-17 09:42:28.813815+00,2026-09-17 09:42:28.813815+00,,RUNTIME,monitoring:22:11:579c4709b39b5d3a2a71c153b5df412242d1fc0eaf71fbc095cbc9be9558dfae:959,22,1364
8690,8690,5,PortScan,0.9858572377752948,"{""DDoS"": 0.011025379037612469, ""Normal"": 0.0031173831870937837, ""PortScan"": 0.9858572377752948}",2026-09-17 09:42:28.813815+00,2026-09-17 09:42:28.813815+00,,RUNTIME,monitoring:22:11:579c4709b39b5d3a2a71c153b5df412242d1fc0eaf71fbc095cbc9be9558dfae:960,22,1364
8691,8691,5,PortScan,0.9908097856182583,"{""DDoS"": 0.00603988132387339, ""Normal"": 0.003150333057869539, ""PortScan"": 0.9908097856182583}",2026-09-17 09:42:28.813815+00,2026-09-17 09:42:28.813816+00,,RUNTIME,monitoring:22:11:579c4709b39b5d3a2a71c153b5df412242d1fc0eaf71fbc095cbc9be9558dfae:961,22,1364
8692,8692,5,PortScan,0.991078245591263,"{""DDoS"": 0.005947894303711483, ""Normal"": 0.0029738601050267365, ""PortScan"": 0.991078245591263}",2026-09-17 09:42:28.813816+00,2026-09-17 09:42:28.813816+00,,RUNTIME,monitoring:22:11:579c4709b39b5d3a2a71c153b5df412242d1fc0eaf71fbc095cbc9be9558dfae:962,22,1364
8693,8693,5,PortScan,0.9858572377752948,"{""DDoS"": 0.011025379037612469, ""Normal"": 0.0031173831870937837, ""PortScan"": 0.9858572377752948}",2026-09-17 09:42:28.813816+00,2026-09-17 09:42:28.813816+00,,RUNTIME,monitoring:22:11:579c4709b39b5d3a2a71c153b5df412242d1fc0eaf71fbc095cbc9be9558dfae:963,22,1364
8694,8694,5,PortScan,0.9858572377752948,"{""DDoS"": 0.011025379037612469, ""Normal"": 0.0031173831870937837, ""PortScan"": 0.9858572377752948}",2026-09-17 09:42:28.813817+00,2026-09-17 09:42:28.813817+00,,RUNTIME,monitoring:22:11:579c4709b39b5d3a2a71c153b5df412242d1fc0eaf71fbc095cbc9be9558dfae:964,22,1364
8695,8695,5,PortScan,0.9907723294453185,"{""DDoS"": 0.006077337496813229, ""Normal"": 0.003150333057869539, ""PortScan"": 0.9907723294453185}",2026-09-17 09:42:28.813817+00,2026-09-17 09:42:28.813817+00,,RUNTIME,monitoring:22:11:579c4709b39b5d3a2a71c153b5df412242d1fc0eaf71fbc095cbc9be9558dfae:965,22,1364
8696,8696,5,PortScan,0.9907723294453185,"{""DDoS"": 0.006077337496813229, ""Normal"": 0.003150333057869539, ""PortScan"": 0.9907723294453185}",2026-09-17 09:42:28.813817+00,2026-09-17 09:42:28.813817+00,,RUNTIME,monitoring:22:11:579c4709b39b5d3a2a71c153b5df412242d1fc0eaf71fbc095cbc9be9558dfae:966,22,1364
8697,8697,5,PortScan,0.991078245591263,"{""DDoS"": 0.005947894303711483, ""Normal"": 0.0029738601050267365, ""PortScan"": 0.991078245591263}",2026-09-17 09:42:28.813818+00,2026-09-17 09:42:28.813818+00,,RUNTIME,monitoring:22:11:579c4709b39b5d3a2a71c153b5df412242d1fc0eaf71fbc095cbc9be9558dfae:967,22,1364
8698,8698,5,PortScan,0.9907723294453185,"{""DDoS"": 0.006077337496813229, ""Normal"": 0.003150333057869539, ""PortScan"": 0.9907723294453185}",2026-09-17 09:42:28.813818+00,2026-09-17 09:42:28.813818+00,,RUNTIME,monitoring:22:11:579c4709b39b5d3a2a71c153b5df412242d1fc0eaf71fbc095cbc9be9558dfae:968,22,1364
8699,8699,5,PortScan,0.9858572377752948,"{""DDoS"": 0.011025379037612469, ""Normal"": 0.0031173831870937837, ""PortScan"": 0.9858572377752948}",2026-09-17 09:42:28.813819+00,2026-09-17 09:42:28.813819+00,,RUNTIME,monitoring:22:11:579c4709b39b5d3a2a71c153b5df412242d1fc0eaf71fbc095cbc9be9558dfae:969,22,1364
8700,8700,5,PortScan,0.9907723294453185,"{""DDoS"": 0.006077337496813229, ""Normal"": 0.003150333057869539, ""PortScan"": 0.9907723294453185}",2026-09-17 09:42:28.813819+00,2026-09-17 09:42:28.813819+00,,RUNTIME,monitoring:22:11:579c4709b39b5d3a2a71c153b5df412242d1fc0eaf71fbc095cbc9be9558dfae:970,22,1364
8701,8701,5,PortScan,0.9908097856182583,"{""DDoS"": 0.006039881323873392, ""Normal"": 0.003150333057869539, ""PortScan"": 0.9908097856182583}",2026-09-17 09:42:28.813819+00,2026-09-17 09:42:28.81382+00,,RUNTIME,monitoring:22:11:579c4709b39b5d3a2a71c153b5df412242d1fc0eaf71fbc095cbc9be9558dfae:971,22,1364
8702,8702,5,PortScan,0.9907723294453185,"{""DDoS"": 0.006077337496813229, ""Normal"": 0.003150333057869539, ""PortScan"": 0.9907723294453185}",2026-09-17 09:42:28.81382+00,2026-09-17 09:42:28.81382+00,,RUNTIME,monitoring:22:11:579c4709b39b5d3a2a71c153b5df412242d1fc0eaf71fbc095cbc9be9558dfae:972,22,1364
8703,8703,5,PortScan,0.9907723294453185,"{""DDoS"": 0.006077337496813229, ""Normal"": 0.003150333057869539, ""PortScan"": 0.9907723294453185}",2026-09-17 09:42:28.81382+00,2026-09-17 09:42:28.81382+00,,RUNTIME,monitoring:22:11:579c4709b39b5d3a2a71c153b5df412242d1fc0eaf71fbc095cbc9be9558dfae:973,22,1364
8704,8704,5,PortScan,0.9907723294453185,"{""DDoS"": 0.006077337496813229, ""Normal"": 0.003150333057869539, ""PortScan"": 0.9907723294453185}",2026-09-17 09:42:28.81382+00,2026-09-17 09:42:28.813821+00,,RUNTIME,monitoring:22:11:579c4709b39b5d3a2a71c153b5df412242d1fc0eaf71fbc095cbc9be9558dfae:974,22,1364
8705,8705,5,PortScan,0.9849763504032812,"{""DDoS"": 0.01190626640962612, ""Normal"": 0.0031173831870937837, ""PortScan"": 0.9849763504032812}",2026-09-17 09:42:28.813821+00,2026-09-17 09:42:28.813821+00,,RUNTIME,monitoring:22:11:579c4709b39b5d3a2a71c153b5df412242d1fc0eaf71fbc095cbc9be9558dfae:975,22,1364
8706,8706,5,PortScan,0.9907723294453185,"{""DDoS"": 0.006077337496813229, ""Normal"": 0.003150333057869539, ""PortScan"": 0.9907723294453185}",2026-09-17 09:42:28.813821+00,2026-09-17 09:42:28.813821+00,,RUNTIME,monitoring:22:11:579c4709b39b5d3a2a71c153b5df412242d1fc0eaf71fbc095cbc9be9558dfae:976,22,1364
8707,8707,5,PortScan,0.9907723294453185,"{""DDoS"": 0.006077337496813229, ""Normal"": 0.003150333057869539, ""PortScan"": 0.9907723294453185}",2026-09-17 09:42:28.813822+00,2026-09-17 09:42:28.813822+00,,RUNTIME,monitoring:22:11:579c4709b39b5d3a2a71c153b5df412242d1fc0eaf71fbc095cbc9be9558dfae:977,22,1364
8708,8708,5,PortScan,0.9907723294453185,"{""DDoS"": 0.006077337496813229, ""Normal"": 0.003150333057869539, ""PortScan"": 0.9907723294453185}",2026-09-17 09:42:28.813822+00,2026-09-17 09:42:28.813822+00,,RUNTIME,monitoring:22:11:579c4709b39b5d3a2a71c153b5df412242d1fc0eaf71fbc095cbc9be9558dfae:978,22,1364
8709,8709,5,PortScan,0.9880724137187,"{""DDoS"": 0.006482568294333889, ""Normal"": 0.005445017986967172, ""PortScan"": 0.9880724137187}",2026-09-17 09:42:28.813822+00,2026-09-17 09:42:28.813823+00,,RUNTIME,monitoring:22:11:579c4709b39b5d3a2a71c153b5df412242d1fc0eaf71fbc095cbc9be9558dfae:979,22,1364
8710,8710,5,PortScan,0.9858572377752948,"{""DDoS"": 0.011025379037612469, ""Normal"": 0.0031173831870937837, ""PortScan"": 0.9858572377752948}",2026-09-17 09:42:28.813823+00,2026-09-17 09:42:28.813823+00,,RUNTIME,monitoring:22:11:579c4709b39b5d3a2a71c153b5df412242d1fc0eaf71fbc095cbc9be9558dfae:980,22,1364
8711,8711,5,PortScan,0.9849763504032812,"{""DDoS"": 0.01190626640962612, ""Normal"": 0.0031173831870937837, ""PortScan"": 0.9849763504032812}",2026-09-17 09:42:28.813823+00,2026-09-17 09:42:28.813823+00,,RUNTIME,monitoring:22:11:579c4709b39b5d3a2a71c153b5df412242d1fc0eaf71fbc095cbc9be9558dfae:981,22,1364
8712,8712,5,PortScan,0.9849763504032812,"{""DDoS"": 0.01190626640962612, ""Normal"": 0.0031173831870937837, ""PortScan"": 0.9849763504032812}",2026-09-17 09:42:28.813823+00,2026-09-17 09:42:28.813824+00,,RUNTIME,monitoring:22:11:579c4709b39b5d3a2a71c153b5df412242d1fc0eaf71fbc095cbc9be9558dfae:982,22,1364
8713,8713,5,PortScan,0.9907723294453185,"{""DDoS"": 0.006077337496813229, ""Normal"": 0.003150333057869539, ""PortScan"": 0.9907723294453185}",2026-09-17 09:42:28.813824+00,2026-09-17 09:42:28.813824+00,,RUNTIME,monitoring:22:11:579c4709b39b5d3a2a71c153b5df412242d1fc0eaf71fbc095cbc9be9558dfae:983,22,1364
8714,8714,5,PortScan,0.9907723294453185,"{""DDoS"": 0.006077337496813229, ""Normal"": 0.003150333057869539, ""PortScan"": 0.9907723294453185}",2026-09-17 09:42:28.813824+00,2026-09-17 09:42:28.813824+00,,RUNTIME,monitoring:22:11:579c4709b39b5d3a2a71c153b5df412242d1fc0eaf71fbc095cbc9be9558dfae:984,22,1364
8715,8715,5,PortScan,0.9849763504032812,"{""DDoS"": 0.01190626640962612, ""Normal"": 0.0031173831870937837, ""PortScan"": 0.9849763504032812}",2026-09-17 09:42:28.813825+00,2026-09-17 09:42:28.813825+00,,RUNTIME,monitoring:22:11:579c4709b39b5d3a2a71c153b5df412242d1fc0eaf71fbc095cbc9be9558dfae:985,22,1364
8716,8716,5,PortScan,0.9907723294453185,"{""DDoS"": 0.006077337496813229, ""Normal"": 0.003150333057869539, ""PortScan"": 0.9907723294453185}",2026-09-17 09:42:28.813825+00,2026-09-17 09:42:28.813825+00,,RUNTIME,monitoring:22:11:579c4709b39b5d3a2a71c153b5df412242d1fc0eaf71fbc095cbc9be9558dfae:986,22,1364
8717,8717,5,PortScan,0.9858572377752948,"{""DDoS"": 0.011025379037612469, ""Normal"": 0.003117383187093783, ""PortScan"": 0.9858572377752948}",2026-09-17 09:42:28.813825+00,2026-09-17 09:42:28.813825+00,,RUNTIME,monitoring:22:11:579c4709b39b5d3a2a71c153b5df412242d1fc0eaf71fbc095cbc9be9558dfae:987,22,1364
8718,8718,5,PortScan,0.991078245591263,"{""DDoS"": 0.005947894303711483, ""Normal"": 0.0029738601050267365, ""PortScan"": 0.991078245591263}",2026-09-17 09:42:28.813826+00,2026-09-17 09:42:28.813826+00,,RUNTIME,monitoring:22:11:579c4709b39b5d3a2a71c153b5df412242d1fc0eaf71fbc095cbc9be9558dfae:988,22,1364
8719,8719,5,PortScan,0.9907723294453185,"{""DDoS"": 0.006077337496813229, ""Normal"": 0.003150333057869539, ""PortScan"": 0.9907723294453185}",2026-09-17 09:42:28.813826+00,2026-09-17 09:42:28.813826+00,,RUNTIME,monitoring:22:11:579c4709b39b5d3a2a71c153b5df412242d1fc0eaf71fbc095cbc9be9558dfae:989,22,1364
8720,8720,5,PortScan,0.9880724137187,"{""DDoS"": 0.006482568294333889, ""Normal"": 0.005445017986967171, ""PortScan"": 0.9880724137187}",2026-09-17 09:42:28.813826+00,2026-09-17 09:42:28.813827+00,,RUNTIME,monitoring:22:11:579c4709b39b5d3a2a71c153b5df412242d1fc0eaf71fbc095cbc9be9558dfae:990,22,1364
8721,8721,5,PortScan,0.9907723294453185,"{""DDoS"": 0.006077337496813229, ""Normal"": 0.003150333057869539, ""PortScan"": 0.9907723294453185}",2026-09-17 09:42:28.813827+00,2026-09-17 09:42:28.813827+00,,RUNTIME,monitoring:22:11:579c4709b39b5d3a2a71c153b5df412242d1fc0eaf71fbc095cbc9be9558dfae:991,22,1364
8722,8722,5,PortScan,0.9907723294453185,"{""DDoS"": 0.006077337496813229, ""Normal"": 0.003150333057869539, ""PortScan"": 0.9907723294453185}",2026-09-17 09:42:28.813827+00,2026-09-17 09:42:28.813827+00,,RUNTIME,monitoring:22:11:579c4709b39b5d3a2a71c153b5df412242d1fc0eaf71fbc095cbc9be9558dfae:992,22,1364
8723,8723,5,PortScan,0.9858572377752948,"{""DDoS"": 0.011025379037612469, ""Normal"": 0.0031173831870937837, ""PortScan"": 0.9858572377752948}",2026-09-17 09:42:28.813827+00,2026-09-17 09:42:28.813828+00,,RUNTIME,monitoring:22:11:579c4709b39b5d3a2a71c153b5df412242d1fc0eaf71fbc095cbc9be9558dfae:993,22,1364
8724,8724,5,PortScan,0.9907723294453185,"{""DDoS"": 0.006077337496813229, ""Normal"": 0.003150333057869539, ""PortScan"": 0.9907723294453185}",2026-09-17 09:42:28.813828+00,2026-09-17 09:42:28.813828+00,,RUNTIME,monitoring:22:11:579c4709b39b5d3a2a71c153b5df412242d1fc0eaf71fbc095cbc9be9558dfae:994,22,1364
8725,8725,5,PortScan,0.9907723294453185,"{""DDoS"": 0.006077337496813229, ""Normal"": 0.003150333057869539, ""PortScan"": 0.9907723294453185}",2026-09-17 09:42:28.813828+00,2026-09-17 09:42:28.813828+00,,RUNTIME,monitoring:22:11:579c4709b39b5d3a2a71c153b5df412242d1fc0eaf71fbc095cbc9be9558dfae:995,22,1364
8726,8726,5,PortScan,0.9907723294453185,"{""DDoS"": 0.006077337496813229, ""Normal"": 0.003150333057869539, ""PortScan"": 0.9907723294453185}",2026-09-17 09:42:28.813829+00,2026-09-17 09:42:28.813829+00,,RUNTIME,monitoring:22:11:579c4709b39b5d3a2a71c153b5df412242d1fc0eaf71fbc095cbc9be9558dfae:996,22,1364
8727,8727,5,PortScan,0.9858572377752948,"{""DDoS"": 0.011025379037612469, ""Normal"": 0.0031173831870937837, ""PortScan"": 0.9858572377752948}",2026-09-17 09:42:28.813829+00,2026-09-17 09:42:28.813829+00,,RUNTIME,monitoring:22:11:579c4709b39b5d3a2a71c153b5df412242d1fc0eaf71fbc095cbc9be9558dfae:997,22,1364
8728,8728,5,PortScan,0.9858572377752948,"{""DDoS"": 0.011025379037612469, ""Normal"": 0.0031173831870937837, ""PortScan"": 0.9858572377752948}",2026-09-17 09:42:28.813829+00,2026-09-17 09:42:28.813829+00,,RUNTIME,monitoring:22:11:579c4709b39b5d3a2a71c153b5df412242d1fc0eaf71fbc095cbc9be9558dfae:998,22,1364
8729,8729,5,PortScan,0.9880724137187,"{""DDoS"": 0.006482568294333889, ""Normal"": 0.005445017986967172, ""PortScan"": 0.9880724137187}",2026-09-17 09:42:28.81383+00,2026-09-17 09:42:28.81383+00,,RUNTIME,monitoring:22:11:579c4709b39b5d3a2a71c153b5df412242d1fc0eaf71fbc095cbc9be9558dfae:999,22,1364
8730,8730,5,PortScan,0.991078245591263,"{""DDoS"": 0.005947894303711483, ""Normal"": 0.0029738601050267365, ""PortScan"": 0.991078245591263}",2026-09-17 09:42:28.81383+00,2026-09-17 09:42:28.81383+00,,RUNTIME,monitoring:22:11:579c4709b39b5d3a2a71c153b5df412242d1fc0eaf71fbc095cbc9be9558dfae:1000,22,1364
