destination_port,flow_duration,total_fwd_packets,total_backward_packets,total_length_of_fwd_packets,total_length_of_bwd_packets,fwd_packet_length_max,fwd_packet_length_min,fwd_packet_length_mean,fwd_packet_length_std,bwd_packet_length_max,bwd_packet_length_min,bwd_packet_length_mean,bwd_packet_length_std,flow_bytes_s,flow_packets_s,flow_iat_mean,flow_iat_std,flow_iat_max,flow_iat_min,fwd_iat_total,fwd_iat_mean,fwd_iat_std,fwd_iat_max,fwd_iat_min,bwd_iat_total,bwd_iat_mean,bwd_iat_std,bwd_iat_max,bwd_iat_min,fwd_psh_flags,bwd_psh_flags,fwd_urg_flags,bwd_urg_flags,fwd_header_length,bwd_header_length,fwd_packets_s,bwd_packets_s,min_packet_length,max_packet_length,packet_length_mean,packet_length_std,packet_length_variance,fin_flag_count,syn_flag_count,rst_flag_count,psh_flag_count,ack_flag_count,urg_flag_count,cwe_flag_count,ece_flag_count,down_up_ratio,average_packet_size,avg_fwd_segment_size,avg_bwd_segment_size,fwd_header_length.1,fwd_avg_bytes_bulk,fwd_avg_packets_bulk,fwd_avg_bulk_rate,bwd_avg_bytes_bulk,bwd_avg_packets_bulk,bwd_avg_bulk_rate,subflow_fwd_packets,subflow_fwd_bytes,subflow_bwd_packets,subflow_bwd_bytes,init_win_bytes_forward,init_win_bytes_backward,act_data_pkt_fwd,min_seg_size_forward,active_mean,active_std,active_max,active_min,idle_mean,idle_std,idle_max,idle_min
8080.0,6641.0,3.0,4.0,156.0,220.0,156.0,0.0,52.0,90.06664,185.0,0.0,55.0,88.223206,56617.98,1054.0581,1106.8334,1972.0485,5095.0,0.0,1214.0,607.0,728.32,1122.0,92.0,5870.0,1956.6666,2745.3613,5095.0,0.0,0.0,0.0,0.0,0.0,104.0,136.0,451.7392,602.3189,0.0,185.0,47.0,77.56472,6016.2856,0.0,0.0,0.0,1.0,0.0,0.0,0.0,0.0,1.0,53.714287,52.0,55.0,104.0,0.0,0.0,0.0,0.0,0.0,0.0,3.0,156.0,4.0,220.0,64240.0,254.0,1.0,32.0,0.0,0.0,0.0,0.0,0.0,0.0,0.0,0.0
8080.0,248.0,2.0,0.0,0.0,0.0,0.0,0.0,0.0,0.0,0.0,0.0,0.0,0.0,0.0,8064.516,248.0,0.0,248.0,248.0,248.0,248.0,0.0,248.0,248.0,0.0,0.0,0.0,0.0,0.0,0.0,0.0,0.0,0.0,64.0,0.0,8064.516,0.0,0.0,0.0,0.0,0.0,0.0,0.0,0.0,0.0,0.0,1.0,0.0,0.0,0.0,0.0,0.0,0.0,0.0,64.0,0.0,0.0,0.0,0.0,0.0,0.0,2.0,0.0,0.0,0.0,251.0,-1.0,0.0,32.0,0.0,0.0,0.0,0.0,0.0,0.0,0.0,0.0
8080.0,5800.0,3.0,4.0,156.0,220.0,156.0,0.0,52.0,90.06664,185.0,0.0,55.0,88.223206,64827.586,1206.8966,966.6667,880.31647,2676.0,185.0,2152.0,1076.0,910.75354,1720.0,432.0,4917.0,1639.0,1296.7987,2676.0,185.0,0.0,0.0,0.0,0.0,104.0,136.0,517.2414,689.65515,0.0,185.0,47.0,77.56472,6016.2856,0.0,0.0,0.0,1.0,0.0,0.0,0.0,0.0,1.0,53.714287,52.0,55.0,104.0,0.0,0.0,0.0,0.0,0.0,0.0,3.0,156.0,4.0,220.0,64240.0,254.0,1.0,32.0,0.0,0.0,0.0,0.0,0.0,0.0,0.0,0.0
8080.0,1006.0,2.0,0.0,0.0,0.0,0.0,0.0,0.0,0.0,0.0,0.0,0.0,0.0,0.0,1988.0715,1006.0,0.0,1006.0,1006.0,1006.0,1006.0,0.0,1006.0,1006.0,0.0,0.0,0.0,0.0,0.0,0.0,0.0,0.0,0.0,64.0,0.0,1988.0715,0.0,0.0,0.0,0.0,0.0,0.0,0.0,0.0,0.0,0.0,1.0,0.0,0.0,0.0,0.0,0.0,0.0,0.0,64.0,0.0,0.0,0.0,0.0,0.0,0.0,2.0,0.0,0.0,0.0,251.0,-1.0,0.0,32.0,0.0,0.0,0.0,0.0,0.0,0.0,0.0,0.0
8080.0,4851.0,3.0,4.0,156.0,220.0,156.0,0.0,52.0,90.06664,185.0,0.0,55.0,88.223206,77509.79,1443.0015,808.5,789.6741,2289.0,0.0,1944.0,972.0,917.8246,1621.0,323.0,4027.0,1342.3334,1194.6942,2289.0,0.0,0.0,0.0,0.0,0.0,104.0,136.0,618.4292,824.57227,0.0,185.0,47.0,77.56472,6016.2856,0.0,0.0,0.0,1.0,0.0,0.0,0.0,0.0,1.0,53.714287,52.0,55.0,104.0,0.0,0.0,0.0,0.0,0.0,0.0,3.0,156.0,4.0,220.0,64240.0,254.0,1.0,32.0,0.0,0.0,0.0,0.0,0.0,0.0,0.0,0.0
8080.0,1843.0,2.0,0.0,0.0,0.0,0.0,0.0,0.0,0.0,0.0,0.0,0.0,0.0,0.0,1085.1871,1843.0,0.0,1843.0,1843.0,1843.0,1843.0,0.0,1843.0,1843.0,0.0,0.0,0.0,0.0,0.0,0.0,0.0,0.0,0.0,64.0,0.0,1085.1871,0.0,0.0,0.0,0.0,0.0,0.0,0.0,0.0,0.0,0.0,1.0,0.0,0.0,0.0,0.0,0.0,0.0,0.0,64.0,0.0,0.0,0.0,0.0,0.0,0.0,2.0,0.0,0.0,0.0,251.0,-1.0,0.0,32.0,0.0,0.0,0.0,0.0,0.0,0.0,0.0,0.0
8080.0,5219.0,3.0,4.0,156.0,220.0,156.0,0.0,52.0,90.06664,185.0,0.0,55.0,88.223206,72044.45,1341.2532,869.8333,489.40143,1725.0,389.0,2228.0,1114.0,1004.0916,1824.0,404.0,4392.0,1464.0,971.1699,2278.0,389.0,0.0,0.0,0.0,0.0,104.0,136.0,574.82275,766.43036,0.0,185.0,47.0,77.56472,6016.2856,0.0,0.0,0.0,1.0,0.0,0.0,0.0,0.0,1.0,53.714287,52.0,55.0,104.0,0.0,0.0,0.0,0.0,0.0,0.0,3.0,156.0,4.0,220.0,64240.0,254.0,1.0,32.0,0.0,0.0,0.0,0.0,0.0,0.0,0.0,0.0
8080.0,1234.0,2.0,0.0,0.0,0.0,0.0,0.0,0.0,0.0,0.0,0.0,0.0,0.0,0.0,1620.7455,1234.0,0.0,1234.0,1234.0,1234.0,1234.0,0.0,1234.0,1234.0,0.0,0.0,0.0,0.0,0.0,0.0,0.0,0.0,0.0,64.0,0.0,1620.7455,0.0,0.0,0.0,0.0,0.0,0.0,0.0,0.0,0.0,0.0,1.0,0.0,0.0,0.0,0.0,0.0,0.0,0.0,64.0,0.0,0.0,0.0,0.0,0.0,0.0,2.0,0.0,0.0,0.0,251.0,-1.0,0.0,32.0,0.0,0.0,0.0,0.0,0.0,0.0,0.0,0.0
8080.0,2371.0,3.0,4.0,156.0,220.0,156.0,0.0,52.0,90.06664,185.0,0.0,55.0,88.223206,158582.88,2952.3408,395.16666,421.5113,1202.0,1.0,906.0,453.0,401.63666,737.0,169.0,1926.0,642.0,604.5833,1202.0,1.0,0.0,0.0,0.0,0.0,104.0,136.0,1265.289,1687.0519,0.0,185.0,47.0,77.56472,6016.2856,0.0,0.0,0.0,1.0,0.0,0.0,0.0,0.0,1.0,53.714287,52.0,55.0,104.0,0.0,0.0,0.0,0.0,0.0,0.0,3.0,156.0,4.0,220.0,64240.0,254.0,1.0,32.0,0.0,0.0,0.0,0.0,0.0,0.0,0.0,0.0
8080.0,1071.0,2.0,0.0,0.0,0.0,0.0,0.0,0.0,0.0,0.0,0.0,0.0,0.0,0.0,1867.4136,1071.0,0.0,1071.0,1071.0,1071.0,1071.0,0.0,1071.0,1071.0,0.0,0.0,0.0,0.0,0.0,0.0,0.0,0.0,0.0,64.0,0.0,1867.4136,0.0,0.0,0.0,0.0,0.0,0.0,0.0,0.0,0.0,0.0,1.0,0.0,0.0,0.0,0.0,0.0,0.0,0.0,64.0,0.0,0.0,0.0,0.0,0.0,0.0,2.0,0.0,0.0,0.0,251.0,-1.0,0.0,32.0,0.0,0.0,0.0,0.0,0.0,0.0,0.0,0.0
8080.0,2948.0,3.0,4.0,156.0,220.0,156.0,0.0,52.0,90.06664,185.0,0.0,55.0,88.223206,127544.1,2374.4912,491.33334,365.94025,1184.0,132.0,1074.0,537.0,572.7565,942.0,132.0,2393.0,797.6667,447.71234,1184.0,307.0,0.0,0.0,0.0,0.0,104.0,136.0,1017.6391,1356.852,0.0,185.0,47.0,77.56472,6016.2856,0.0,0.0,0.0,1.0,0.0,0.0,0.0,0.0,1.0,53.714287,52.0,55.0,104.0,0.0,0.0,0.0,0.0,0.0,0.0,3.0,156.0,4.0,220.0,64240.0,254.0,1.0,32.0,0.0,0.0,0.0,0.0,0.0,0.0,0.0,0.0
8080.0,832.0,2.0,0.0,0.0,0.0,0.0,0.0,0.0,0.0,0.0,0.0,0.0,0.0,0.0,2403.8462,832.0,0.0,832.0,832.0,832.0,832.0,0.0,832.0,832.0,0.0,0.0,0.0,0.0,0.0,0.0,0.0,0.0,0.0,64.0,0.0,2403.8462,0.0,0.0,0.0,0.0,0.0,0.0,0.0,0.0,0.0,0.0,1.0,0.0,0.0,0.0,0.0,0.0,0.0,0.0,64.0,0.0,0.0,0.0,0.0,0.0,0.0,2.0,0.0,0.0,0.0,251.0,-1.0,0.0,32.0,0.0,0.0,0.0,0.0,0.0,0.0,0.0,0.0
8080.0,4255.0,3.0,4.0,156.0,220.0,156.0,0.0,52.0,90.06664,185.0,0.0,55.0,88.223206,88366.625,1645.1234,709.1667,724.85236,1986.0,0.0,2749.0,1374.5,1644.0233,2537.0,212.0,2269.0,756.3333,657.0254,1186.0,0.0,0.0,0.0,0.0,0.0,104.0,136.0,705.05286,940.0705,0.0,185.0,47.0,77.56472,6016.2856,0.0,0.0,0.0,1.0,0.0,0.0,0.0,0.0,1.0,53.714287,52.0,55.0,104.0,0.0,0.0,0.0,0.0,0.0,0.0,3.0,156.0,4.0,220.0,64240.0,254.0,1.0,32.0,0.0,0.0,0.0,0.0,0.0,0.0,0.0,0.0
8080.0,585.0,2.0,0.0,0.0,0.0,0.0,0.0,0.0,0.0,0.0,0.0,0.0,0.0,0.0,3418.8035,585.0,0.0,585.0,585.0,585.0,585.0,0.0,585.0,585.0,0.0,0.0,0.0,0.0,0.0,0.0,0.0,0.0,0.0,64.0,0.0,3418.8035,0.0,0.0,0.0,0.0,0.0,0.0,0.0,0.0,0.0,0.0,1.0,0.0,0.0,0.0,0.0,0.0,0.0,0.0,64.0,0.0,0.0,0.0,0.0,0.0,0.0,2.0,0.0,0.0,0.0,251.0,-1.0,0.0,32.0,0.0,0.0,0.0,0.0,0.0,0.0,0.0,0.0
8080.0,5441.0,3.0,4.0,156.0,220.0,156.0,0.0,52.0,90.06664,185.0,0.0,55.0,88.223206,69104.945,1286.5282,906.8333,1029.212,2909.0,1.0,1821.0,910.5,886.0048,1537.0,284.0,4639.0,1546.3334,1462.5803,2909.0,1.0,0.0,0.0,0.0,0.0,104.0,136.0,551.36926,735.159,0.0,185.0,47.0,77.56472,6016.2856,0.0,0.0,0.0,1.0,0.0,0.0,0.0,0.0,1.0,53.714287,52.0,55.0,104.0,0.0,0.0,0.0,0.0,0.0,0.0,3.0,156.0,4.0,220.0,64240.0,254.0,1.0,32.0,0.0,0.0,0.0,0.0,0.0,0.0,0.0,0.0
8080.0,820.0,2.0,0.0,0.0,0.0,0.0,0.0,0.0,0.0,0.0,0.0,0.0,0.0,0.0,2439.0244,820.0,0.0,820.0,820.0,820.0,820.0,0.0,820.0,820.0,0.0,0.0,0.0,0.0,0.0,0.0,0.0,0.0,0.0,64.0,0.0,2439.0244,0.0,0.0,0.0,0.0,0.0,0.0,0.0,0.0,0.0,0.0,1.0,0.0,0.0,0.0,0.0,0.0,0.0,0.0,64.0,0.0,0.0,0.0,0.0,0.0,0.0,2.0,0.0,0.0,0.0,251.0,-1.0,0.0,32.0,0.0,0.0,0.0,0.0,0.0,0.0,0.0,0.0
8080.0,3383.0,3.0,4.0,156.0,220.0,156.0,0.0,52.0,90.06664,185.0,0.0,55.0,88.223206,111143.95,2069.1694,563.8333,460.7574,1264.0,1.0,1766.0,883.0,941.8662,1549.0,217.0,2592.0,864.0,748.04346,1327.0,1.0,0.0,0.0,0.0,0.0,104.0,136.0,886.78687,1182.3824,0.0,185.0,47.0,77.56472,6016.2856,0.0,0.0,0.0,1.0,0.0,0.0,0.0,0.0,1.0,53.714287,52.0,55.0,104.0,0.0,0.0,0.0,0.0,0.0,0.0,3.0,156.0,4.0,220.0,64240.0,254.0,1.0,32.0,0.0,0.0,0.0,0.0,0.0,0.0,0.0,0.0
8080.0,568.0,2.0,0.0,0.0,0.0,0.0,0.0,0.0,0.0,0.0,0.0,0.0,0.0,0.0,3521.1267,568.0,0.0,568.0,568.0,568.0,568.0,0.0,568.0,568.0,0.0,0.0,0.0,0.0,0.0,0.0,0.0,0.0,0.0,64.0,0.0,3521.1267,0.0,0.0,0.0,0.0,0.0,0.0,0.0,0.0,0.0,0.0,1.0,0.0,0.0,0.0,0.0,0.0,0.0,0.0,64.0,0.0,0.0,0.0,0.0,0.0,0.0,2.0,0.0,0.0,0.0,251.0,-1.0,0.0,32.0,0.0,0.0,0.0,0.0,0.0,0.0,0.0,0.0
8080.0,3789.0,3.0,4.0,156.0,220.0,156.0,0.0,52.0,90.06664,185.0,0.0,55.0,88.223206,99234.625,1847.4531,631.5,685.84625,1864.0,1.0,1476.0,738.0,1018.23376,1458.0,18.0,3004.0,1001.3333,939.0987,1864.0,1.0,0.0,0.0,0.0,0.0,104.0,136.0,791.7656,1055.6875,0.0,185.0,47.0,77.56472,6016.2856,0.0,0.0,0.0,1.0,0.0,0.0,0.0,0.0,1.0,53.714287,52.0,55.0,104.0,0.0,0.0,0.0,0.0,0.0,0.0,3.0,156.0,4.0,220.0,64240.0,254.0,1.0,32.0,0.0,0.0,0.0,0.0,0.0,0.0,0.0,0.0
8080.0,695.0,2.0,0.0,0.0,0.0,0.0,0.0,0.0,0.0,0.0,0.0,0.0,0.0,0.0,2877.6978,695.0,0.0,695.0,695.0,695.0,695.0,0.0,695.0,695.0,0.0,0.0,0.0,0.0,0.0,0.0,0.0,0.0,0.0,64.0,0.0,2877.6978,0.0,0.0,0.0,0.0,0.0,0.0,0.0,0.0,0.0,0.0,1.0,0.0,0.0,0.0,0.0,0.0,0.0,0.0,64.0,0.0,0.0,0.0,0.0,0.0,0.0,2.0,0.0,0.0,0.0,251.0,-1.0,0.0,32.0,0.0,0.0,0.0,0.0,0.0,0.0,0.0,0.0
8080.0,5515.0,3.0,4.0,156.0,220.0,156.0,0.0,52.0,90.06664,185.0,0.0,55.0,88.223206,68177.695,1269.2656,919.1667,546.58264,1828.0,413.0,2377.0,1188.5,1096.7227,1964.0,413.0,4896.0,1632.0,911.9364,2430.0,638.0,0.0,0.0,0.0,0.0,104.0,136.0,543.971,725.2947,0.0,185.0,47.0,77.56472,6016.2856,0.0,0.0,0.0,1.0,0.0,0.0,0.0,0.0,1.0,53.714287,52.0,55.0,104.0,0.0,0.0,0.0,0.0,0.0,0.0,3.0,156.0,4.0,220.0,64240.0,254.0,1.0,32.0,0.0,0.0,0.0,0.0,0.0,0.0,0.0,0.0
8080.0,542.0,2.0,0.0,0.0,0.0,0.0,0.0,0.0,0.0,0.0,0.0,0.0,0.0,0.0,3690.0369,542.0,0.0,542.0,542.0,542.0,542.0,0.0,542.0,542.0,0.0,0.0,0.0,0.0,0.0,0.0,0.0,0.0,0.0,64.0,0.0,3690.0369,0.0,0.0,0.0,0.0,0.0,0.0,0.0,0.0,0.0,0.0,1.0,0.0,0.0,0.0,0.0,0.0,0.0,0.0,64.0,0.0,0.0,0.0,0.0,0.0,0.0,2.0,0.0,0.0,0.0,251.0,-1.0,0.0,32.0,0.0,0.0,0.0,0.0,0.0,0.0,0.0,0.0
8080.0,3411.0,3.0,4.0,156.0,220.0,156.0,0.0,52.0,90.06664,185.0,0.0,55.0,88.223206,110231.6,2052.184,568.5,526.00714,1532.0,0.0,1275.0,637.5,603.1621,1064.0,211.0,2870.0,956.6667,834.1567,1532.0,0.0,0.0,0.0,0.0,0.0,104.0,136.0,879.50745,1172.6766,0.0,185.0,47.0,77.56472,6016.2856,0.0,0.0,0.0,1.0,0.0,0.0,0.0,0.0,1.0,53.714287,52.0,55.0,104.0,0.0,0.0,0.0,0.0,0.0,0.0,3.0,156.0,4.0,220.0,64240.0,254.0,1.0,32.0,0.0,0.0,0.0,0.0,0.0,0.0,0.0,0.0
8080.0,805.0,2.0,0.0,0.0,0.0,0.0,0.0,0.0,0.0,0.0,0.0,0.0,0.0,0.0,2484.4722,805.0,0.0,805.0,805.0,805.0,805.0,0.0,805.0,805.0,0.0,0.0,0.0,0.0,0.0,0.0,0.0,0.0,0.0,64.0,0.0,2484.4722,0.0,0.0,0.0,0.0,0.0,0.0,0.0,0.0,0.0,0.0,1.0,0.0,0.0,0.0,0.0,0.0,0.0,0.0,64.0,0.0,0.0,0.0,0.0,0.0,0.0,2.0,0.0,0.0,0.0,251.0,-1.0,0.0,32.0,0.0,0.0,0.0,0.0,0.0,0.0,0.0,0.0
8080.0,3557.0,3.0,4.0,156.0,220.0,156.0,0.0,52.0,90.06664,185.0,0.0,55.0,88.223206,105707.055,1967.9506,592.8333,572.7242,1619.0,0.0,1584.0,792.0,729.7342,1308.0,276.0,2715.0,905.0,826.227,1619.0,0.0,0.0,0.0,0.0,0.0,104.0,136.0,843.40735,1124.5432,0.0,185.0,47.0,77.56472,6016.2856,0.0,0.0,0.0,1.0,0.0,0.0,0.0,0.0,1.0,53.714287,52.0,55.0,104.0,0.0,0.0,0.0,0.0,0.0,0.0,3.0,156.0,4.0,220.0,64240.0,254.0,1.0,32.0,0.0,0.0,0.0,0.0,0.0,0.0,0.0,0.0
8080.0,844.0,2.0,0.0,0.0,0.0,0.0,0.0,0.0,0.0,0.0,0.0,0.0,0.0,0.0,2369.6682,844.0,0.0,844.0,844.0,844.0,844.0,0.0,844.0,844.0,0.0,0.0,0.0,0.0,0.0,0.0,0.0,0.0,0.0,64.0,0.0,2369.6682,0.0,0.0,0.0,0.0,0.0,0.0,0.0,0.0,0.0,0.0,1.0,0.0,0.0,0.0,0.0,0.0,0.0,0.0,64.0,0.0,0.0,0.0,0.0,0.0,0.0,2.0,0.0,0.0,0.0,251.0,-1.0,0.0,32.0,0.0,0.0,0.0,0.0,0.0,0.0,0.0,0.0
8080.0,4220.0,3.0,4.0,156.0,220.0,156.0,0.0,52.0,90.06664,185.0,0.0,55.0,88.223206,89099.52,1658.7678,703.3333,545.9076,1566.0,1.0,2085.0,1042.5,1027.4261,1769.0,316.0,3239.0,1079.6666,935.655,1672.0,1.0,0.0,0.0,0.0,0.0,104.0,136.0,710.90045,947.8673,0.0,185.0,47.0,77.56472,6016.2856,0.0,0.0,0.0,1.0,0.0,0.0,0.0,0.0,1.0,53.714287,52.0,55.0,104.0,0.0,0.0,0.0,0.0,0.0,0.0,3.0,156.0,4.0,220.0,64240.0,254.0,1.0,32.0,0.0,0.0,0.0,0.0,0.0,0.0,0.0,0.0
8080.0,1047.0,2.0,0.0,0.0,0.0,0.0,0.0,0.0,0.0,0.0,0.0,0.0,0.0,0.0,1910.2197,1047.0,0.0,1047.0,1047.0,1047.0,1047.0,0.0,1047.0,1047.0,0.0,0.0,0.0,0.0,0.0,0.0,0.0,0.0,0.0,64.0,0.0,1910.2197,0.0,0.0,0.0,0.0,0.0,0.0,0.0,0.0,0.0,0.0,1.0,0.0,0.0,0.0,0.0,0.0,0.0,0.0,64.0,0.0,0.0,0.0,0.0,0.0,0.0,2.0,0.0,0.0,0.0,251.0,-1.0,0.0,32.0,0.0,0.0,0.0,0.0,0.0,0.0,0.0,0.0
8080.0,7604.0,3.0,4.0,156.0,220.0,156.0,0.0,52.0,90.06664,185.0,0.0,55.0,88.223206,49447.66,920.5681,1267.3334,1730.3999,4736.0,0.0,2290.0,1145.0,882.46924,1769.0,521.0,6655.0,2218.3333,2382.147,4736.0,0.0,0.0,0.0,0.0,0.0,104.0,136.0,394.5292,526.03894,0.0,185.0,47.0,77.56472,6016.2856,0.0,0.0,0.0,1.0,0.0,0.0,0.0,0.0,1.0,53.714287,52.0,55.0,104.0,0.0,0.0,0.0,0.0,0.0,0.0,3.0,156.0,4.0,220.0,64240.0,254.0,1.0,32.0,0.0,0.0,0.0,0.0,0.0,0.0,0.0,0.0
8080.0,915.0,2.0,0.0,0.0,0.0,0.0,0.0,0.0,0.0,0.0,0.0,0.0,0.0,0.0,2185.7922,915.0,0.0,915.0,915.0,915.0,915.0,0.0,915.0,915.0,0.0,0.0,0.0,0.0,0.0,0.0,0.0,0.0,0.0,64.0,0.0,2185.7922,0.0,0.0,0.0,0.0,0.0,0.0,0.0,0.0,0.0,0.0,1.0,0.0,0.0,0.0,0.0,0.0,0.0,0.0,64.0,0.0,0.0,0.0,0.0,0.0,0.0,2.0,0.0,0.0,0.0,251.0,-1.0,0.0,32.0,0.0,0.0,0.0,0.0,0.0,0.0,0.0,0.0
8080.0,5203.0,3.0,4.0,156.0,220.0,156.0,0.0,52.0,90.06664,185.0,0.0,55.0,88.223206,72266.0,1345.3777,867.1667,541.43494,1909.0,356.0,2014.0,1007.0,920.653,1658.0,356.0,4366.0,1455.3334,775.4046,1909.0,560.0,0.0,0.0,0.0,0.0,104.0,136.0,576.59045,768.78723,0.0,185.0,47.0,77.56472,6016.2856,0.0,0.0,0.0,1.0,0.0,0.0,0.0,0.0,1.0,53.714287,52.0,55.0,104.0,0.0,0.0,0.0,0.0,0.0,0.0,3.0,156.0,4.0,220.0,64240.0,254.0,1.0,32.0,0.0,0.0,0.0,0.0,0.0,0.0,0.0,0.0
8080.0,1212.0,2.0,0.0,0.0,0.0,0.0,0.0,0.0,0.0,0.0,0.0,0.0,0.0,0.0,1650.165,1212.0,0.0,1212.0,1212.0,1212.0,1212.0,0.0,1212.0,1212.0,0.0,0.0,0.0,0.0,0.0,0.0,0.0,0.0,0.0,64.0,0.0,1650.165,0.0,0.0,0.0,0.0,0.0,0.0,0.0,0.0,0.0,0.0,1.0,0.0,0.0,0.0,0.0,0.0,0.0,0.0,64.0,0.0,0.0,0.0,0.0,0.0,0.0,2.0,0.0,0.0,0.0,251.0,-1.0,0.0,32.0,0.0,0.0,0.0,0.0,0.0,0.0,0.0,0.0
8080.0,2798.0,3.0,4.0,156.0,220.0,156.0,0.0,52.0,90.06664,185.0,0.0,55.0,88.223206,134381.7,2501.787,466.33334,469.47147,1333.0,0.0,1128.0,564.0,605.2834,992.0,136.0,2248.0,749.3333,681.7671,1333.0,0.0,0.0,0.0,0.0,0.0,104.0,136.0,1072.1945,1429.5925,0.0,185.0,47.0,77.56472,6016.2856,0.0,0.0,0.0,1.0,0.0,0.0,0.0,0.0,1.0,53.714287,52.0,55.0,104.0,0.0,0.0,0.0,0.0,0.0,0.0,3.0,156.0,4.0,220.0,64240.0,254.0,1.0,32.0,0.0,0.0,0.0,0.0,0.0,0.0,0.0,0.0
8080.0,696.0,2.0,0.0,0.0,0.0,0.0,0.0,0.0,0.0,0.0,0.0,0.0,0.0,0.0,2873.5632,696.0,0.0,696.0,696.0,696.0,696.0,0.0,696.0,696.0,0.0,0.0,0.0,0.0,0.0,0.0,0.0,0.0,0.0,64.0,0.0,2873.5632,0.0,0.0,0.0,0.0,0.0,0.0,0.0,0.0,0.0,0.0,1.0,0.0,0.0,0.0,0.0,0.0,0.0,0.0,64.0,0.0,0.0,0.0,0.0,0.0,0.0,2.0,0.0,0.0,0.0,251.0,-1.0,0.0,32.0,0.0,0.0,0.0,0.0,0.0,0.0,0.0,0.0
8080.0,4654.0,3.0,4.0,156.0,220.0,156.0,0.0,52.0,90.06664,185.0,0.0,55.0,88.223206,80790.72,1504.0825,775.6667,575.0324,1875.0,281.0,1790.0,895.0,868.32715,1509.0,281.0,3812.0,1270.6666,786.81024,1875.0,381.0,0.0,0.0,0.0,0.0,104.0,136.0,644.6068,859.4757,0.0,185.0,47.0,77.56472,6016.2856,0.0,0.0,0.0,1.0,0.0,0.0,0.0,0.0,1.0,53.714287,52.0,55.0,104.0,0.0,0.0,0.0,0.0,0.0,0.0,3.0,156.0,4.0,220.0,64240.0,254.0,1.0,32.0,0.0,0.0,0.0,0.0,0.0,0.0,0.0,0.0
8080.0,777.0,2.0,0.0,0.0,0.0,0.0,0.0,0.0,0.0,0.0,0.0,0.0,0.0,0.0,2574.0027,777.0,0.0,777.0,777.0,777.0,777.0,0.0,777.0,777.0,0.0,0.0,0.0,0.0,0.0,0.0,0.0,0.0,0.0,64.0,0.0,2574.0027,0.0,0.0,0.0,0.0,0.0,0.0,0.0,0.0,0.0,0.0,1.0,0.0,0.0,0.0,0.0,0.0,0.0,0.0,64.0,0.0,0.0,0.0,0.0,0.0,0.0,2.0,0.0,0.0,0.0,251.0,-1.0,0.0,32.0,0.0,0.0,0.0,0.0,0.0,0.0,0.0,0.0
8080.0,7410.0,3.0,4.0,156.0,220.0,156.0,0.0,52.0,90.06664,185.0,0.0,55.0,88.223206,50742.24,944.6694,1235.0,857.71045,2380.0,0.0,4052.0,2026.0,1978.4847,3425.0,627.0,5030.0,1676.6666,1608.0701,3206.0,0.0,0.0,0.0,0.0,0.0,104.0,136.0,404.8583,539.8111,0.0,185.0,47.0,77.56472,6016.2856,0.0,0.0,0.0,1.0,0.0,0.0,0.0,0.0,1.0,53.714287,52.0,55.0,104.0,0.0,0.0,0.0,0.0,0.0,0.0,3.0,156.0,4.0,220.0,64240.0,254.0,1.0,32.0,0.0,0.0,0.0,0.0,0.0,0.0,0.0,0.0
8080.0,921.0,2.0,0.0,0.0,0.0,0.0,0.0,0.0,0.0,0.0,0.0,0.0,0.0,0.0,2171.5527,921.0,0.0,921.0,921.0,921.0,921.0,0.0,921.0,921.0,0.0,0.0,0.0,0.0,0.0,0.0,0.0,0.0,0.0,64.0,0.0,2171.5527,0.0,0.0,0.0,0.0,0.0,0.0,0.0,0.0,0.0,0.0,1.0,0.0,0.0,0.0,0.0,0.0,0.0,0.0,64.0,0.0,0.0,0.0,0.0,0.0,0.0,2.0,0.0,0.0,0.0,251.0,-1.0,0.0,32.0,0.0,0.0,0.0,0.0,0.0,0.0,0.0,0.0
8080.0,6702.0,3.0,4.0,156.0,220.0,156.0,0.0,52.0,90.06664,185.0,0.0,55.0,88.223206,56102.656,1044.4644,1117.0,886.7532,2581.0,98.0,3595.0,1797.5,287.79245,2001.0,1594.0,5803.0,1934.3334,1613.3203,3124.0,98.0,0.0,0.0,0.0,0.0,104.0,136.0,447.62756,596.8368,0.0,185.0,47.0,77.56472,6016.2856,0.0,0.0,0.0,1.0,0.0,0.0,0.0,0.0,1.0,53.714287,52.0,55.0,104.0,0.0,0.0,0.0,0.0,0.0,0.0,3.0,156.0,4.0,220.0,64240.0,254.0,1.0,32.0,0.0,0.0,0.0,0.0,0.0,0.0,0.0,0.0
8080.0,1109.0,2.0,0.0,0.0,0.0,0.0,0.0,0.0,0.0,0.0,0.0,0.0,0.0,0.0,1803.4265,1109.0,0.0,1109.0,1109.0,1109.0,1109.0,0.0,1109.0,1109.0,0.0,0.0,0.0,0.0,0.0,0.0,0.0,0.0,0.0,64.0,0.0,1803.4265,0.0,0.0,0.0,0.0,0.0,0.0,0.0,0.0,0.0,0.0,1.0,0.0,0.0,0.0,0.0,0.0,0.0,0.0,64.0,0.0,0.0,0.0,0.0,0.0,0.0,2.0,0.0,0.0,0.0,251.0,-1.0,0.0,32.0,0.0,0.0,0.0,0.0,0.0,0.0,0.0,0.0
8080.0,8582.0,3.0,4.0,156.0,220.0,156.0,0.0,52.0,90.06664,185.0,0.0,55.0,88.223206,43812.633,815.6607,1430.3334,2254.4097,5998.0,129.0,1587.0,793.5,712.0565,1297.0,290.0,8022.0,2674.0,3011.0498,5998.0,129.0,0.0,0.0,0.0,0.0,104.0,136.0,349.56888,466.09183,0.0,185.0,47.0,77.56472,6016.2856,0.0,0.0,0.0,1.0,0.0,0.0,0.0,0.0,1.0,53.714287,52.0,55.0,104.0,0.0,0.0,0.0,0.0,0.0,0.0,3.0,156.0,4.0,220.0,64240.0,254.0,1.0,32.0,0.0,0.0,0.0,0.0,0.0,0.0,0.0,0.0
8080.0,653.0,2.0,0.0,0.0,0.0,0.0,0.0,0.0,0.0,0.0,0.0,0.0,0.0,0.0,3062.787,653.0,0.0,653.0,653.0,653.0,653.0,0.0,653.0,653.0,0.0,0.0,0.0,0.0,0.0,0.0,0.0,0.0,0.0,64.0,0.0,3062.787,0.0,0.0,0.0,0.0,0.0,0.0,0.0,0.0,0.0,0.0,1.0,0.0,0.0,0.0,0.0,0.0,0.0,0.0,64.0,0.0,0.0,0.0,0.0,0.0,0.0,2.0,0.0,0.0,0.0,251.0,-1.0,0.0,32.0,0.0,0.0,0.0,0.0,0.0,0.0,0.0,0.0
8080.0,7371.0,3.0,4.0,156.0,220.0,156.0,0.0,52.0,90.06664,185.0,0.0,55.0,88.223206,51010.72,949.6676,1228.5,1687.976,4597.0,0.0,2157.0,1078.5,1054.2963,1824.0,333.0,6543.0,2181.0,2307.4924,4597.0,0.0,0.0,0.0,0.0,0.0,104.0,136.0,407.0004,542.66724,0.0,185.0,47.0,77.56472,6016.2856,0.0,0.0,0.0,1.0,0.0,0.0,0.0,0.0,1.0,53.714287,52.0,55.0,104.0,0.0,0.0,0.0,0.0,0.0,0.0,3.0,156.0,4.0,220.0,64240.0,254.0,1.0,32.0,0.0,0.0,0.0,0.0,0.0,0.0,0.0,0.0
8080.0,942.0,2.0,0.0,0.0,0.0,0.0,0.0,0.0,0.0,0.0,0.0,0.0,0.0,0.0,2123.1423,942.0,0.0,942.0,942.0,942.0,942.0,0.0,942.0,942.0,0.0,0.0,0.0,0.0,0.0,0.0,0.0,0.0,0.0,64.0,0.0,2123.1423,0.0,0.0,0.0,0.0,0.0,0.0,0.0,0.0,0.0,0.0,1.0,0.0,0.0,0.0,0.0,0.0,0.0,0.0,64.0,0.0,0.0,0.0,0.0,0.0,0.0,2.0,0.0,0.0,0.0,251.0,-1.0,0.0,32.0,0.0,0.0,0.0,0.0,0.0,0.0,0.0,0.0
8080.0,8503.0,3.0,4.0,156.0,220.0,156.0,0.0,52.0,90.06664,185.0,0.0,55.0,88.223206,44219.688,823.23883,1417.1666,2551.1934,6585.0,0.0,1583.0,791.5,809.63727,1364.0,219.0,7556.0,2518.6667,3554.8572,6585.0,0.0,0.0,0.0,0.0,0.0,104.0,136.0,352.81665,470.4222,0.0,185.0,47.0,77.56472,6016.2856,0.0,0.0,0.0,1.0,0.0,0.0,0.0,0.0,1.0,53.714287,52.0,55.0,104.0,0.0,0.0,0.0,0.0,0.0,0.0,3.0,156.0,4.0,220.0,64240.0,254.0,1.0,32.0,0.0,0.0,0.0,0.0,0.0,0.0,0.0,0.0
8080.0,862.0,2.0,0.0,0.0,0.0,0.0,0.0,0.0,0.0,0.0,0.0,0.0,0.0,0.0,2320.1855,862.0,0.0,862.0,862.0,862.0,862.0,0.0,862.0,862.0,0.0,0.0,0.0,0.0,0.0,0.0,0.0,0.0,0.0,64.0,0.0,2320.1855,0.0,0.0,0.0,0.0,0.0,0.0,0.0,0.0,0.0,0.0,1.0,0.0,0.0,0.0,0.0,0.0,0.0,0.0,64.0,0.0,0.0,0.0,0.0,0.0,0.0,2.0,0.0,0.0,0.0,251.0,-1.0,0.0,32.0,0.0,0.0,0.0,0.0,0.0,0.0,0.0,0.0
8080.0,9319.0,3.0,4.0,156.0,220.0,156.0,0.0,52.0,90.06664,185.0,0.0,55.0,88.223206,40347.676,751.15356,1553.1666,2672.5554,6978.0,1.0,1587.0,793.5,688.0149,1280.0,307.0,8596.0,2865.3333,3652.1753,6978.0,1.0,0.0,0.0,0.0,0.0,104.0,136.0,321.92294,429.2306,0.0,185.0,47.0,77.56472,6016.2856,0.0,0.0,0.0,1.0,0.0,0.0,0.0,0.0,1.0,53.714287,52.0,55.0,104.0,0.0,0.0,0.0,0.0,0.0,0.0,3.0,156.0,4.0,220.0,64240.0,254.0,1.0,32.0,0.0,0.0,0.0,0.0,0.0,0.0,0.0,0.0
8080.0,821.0,2.0,0.0,0.0,0.0,0.0,0.0,0.0,0.0,0.0,0.0,0.0,0.0,0.0,2436.0537,821.0,0.0,821.0,821.0,821.0,821.0,0.0,821.0,821.0,0.0,0.0,0.0,0.0,0.0,0.0,0.0,0.0,0.0,64.0,0.0,2436.0537,0.0,0.0,0.0,0.0,0.0,0.0,0.0,0.0,0.0,0.0,1.0,0.0,0.0,0.0,0.0,0.0,0.0,0.0,64.0,0.0,0.0,0.0,0.0,0.0,0.0,2.0,0.0,0.0,0.0,251.0,-1.0,0.0,32.0,0.0,0.0,0.0,0.0,0.0,0.0,0.0,0.0
8080.0,4452.0,3.0,4.0,156.0,220.0,156.0,0.0,52.0,90.06664,185.0,0.0,55.0,88.223206,84456.42,1572.327,742.0,642.9299,1867.0,0.0,2112.0,1056.0,978.6358,1748.0,364.0,3594.0,1198.0,1039.8572,1867.0,0.0,0.0,0.0,0.0,0.0,104.0,136.0,673.85443,898.4726,0.0,185.0,47.0,77.56472,6016.2856,0.0,0.0,0.0,1.0,0.0,0.0,0.0,0.0,1.0,53.714287,52.0,55.0,104.0,0.0,0.0,0.0,0.0,0.0,0.0,3.0,156.0,4.0,220.0,64240.0,254.0,1.0,32.0,0.0,0.0,0.0,0.0,0.0,0.0,0.0,0.0
8080.0,508.0,2.0,0.0,0.0,0.0,0.0,0.0,0.0,0.0,0.0,0.0,0.0,0.0,0.0,3937.0078,508.0,0.0,508.0,508.0,508.0,508.0,0.0,508.0,508.0,0.0,0.0,0.0,0.0,0.0,0.0,0.0,0.0,0.0,64.0,0.0,3937.0078,0.0,0.0,0.0,0.0,0.0,0.0,0.0,0.0,0.0,0.0,1.0,0.0,0.0,0.0,0.0,0.0,0.0,0.0,64.0,0.0,0.0,0.0,0.0,0.0,0.0,2.0,0.0,0.0,0.0,251.0,-1.0,0.0,32.0,0.0,0.0,0.0,0.0,0.0,0.0,0.0,0.0
8080.0,2976.0,3.0,4.0,156.0,220.0,156.0,0.0,52.0,90.06664,185.0,0.0,55.0,88.223206,126344.086,2352.1506,496.0,343.69464,1086.0,89.0,1359.0,679.5,591.8484,1098.0,261.0,2346.0,782.0,601.65857,1171.0,89.0,0.0,0.0,0.0,0.0,104.0,136.0,1008.0645,1344.086,0.0,185.0,47.0,77.56472,6016.2856,0.0,0.0,0.0,1.0,0.0,0.0,0.0,0.0,1.0,53.714287,52.0,55.0,104.0,0.0,0.0,0.0,0.0,0.0,0.0,3.0,156.0,4.0,220.0,64240.0,254.0,1.0,32.0,0.0,0.0,0.0,0.0,0.0,0.0,0.0,0.0
8080.0,574.0,2.0,0.0,0.0,0.0,0.0,0.0,0.0,0.0,0.0,0.0,0.0,0.0,0.0,3484.3206,574.0,0.0,574.0,574.0,574.0,574.0,0.0,574.0,574.0,0.0,0.0,0.0,0.0,0.0,0.0,0.0,0.0,0.0,64.0,0.0,3484.3206,0.0,0.0,0.0,0.0,0.0,0.0,0.0,0.0,0.0,0.0,1.0,0.0,0.0,0.0,0.0,0.0,0.0,0.0,64.0,0.0,0.0,0.0,0.0,0.0,0.0,2.0,0.0,0.0,0.0,251.0,-1.0,0.0,32.0,0.0,0.0,0.0,0.0,0.0,0.0,0.0,0.0
8080.0,8879.0,3.0,4.0,156.0,220.0,156.0,0.0,52.0,90.06664,185.0,0.0,55.0,88.223206,42347.11,788.3771,1479.8334,2492.714,6530.0,1.0,1793.0,896.5,919.9459,1547.0,246.0,8078.0,2692.6667,3411.9458,6530.0,1.0,0.0,0.0,0.0,0.0,104.0,136.0,337.8759,450.5012,0.0,185.0,47.0,77.56472,6016.2856,0.0,0.0,0.0,1.0,0.0,0.0,0.0,0.0,1.0,53.714287,52.0,55.0,104.0,0.0,0.0,0.0,0.0,0.0,0.0,3.0,156.0,4.0,220.0,64240.0,254.0,1.0,32.0,0.0,0.0,0.0,0.0,0.0,0.0,0.0,0.0
8080.0,926.0,2.0,0.0,0.0,0.0,0.0,0.0,0.0,0.0,0.0,0.0,0.0,0.0,0.0,2159.8271,926.0,0.0,926.0,926.0,926.0,926.0,0.0,926.0,926.0,0.0,0.0,0.0,0.0,0.0,0.0,0.0,0.0,0.0,64.0,0.0,2159.8271,0.0,0.0,0.0,0.0,0.0,0.0,0.0,0.0,0.0,0.0,1.0,0.0,0.0,0.0,0.0,0.0,0.0,0.0,64.0,0.0,0.0,0.0,0.0,0.0,0.0,2.0,0.0,0.0,0.0,251.0,-1.0,0.0,32.0,0.0,0.0,0.0,0.0,0.0,0.0,0.0,0.0
8080.0,7080.0,3.0,4.0,156.0,220.0,156.0,0.0,52.0,90.06664,185.0,0.0,55.0,88.223206,53107.344,988.70056,1180.0,1697.632,4605.0,135.0,1850.0,925.0,847.11395,1524.0,326.0,6191.0,2063.6667,2297.1167,4605.0,135.0,0.0,0.0,0.0,0.0,104.0,136.0,423.72882,564.97174,0.0,185.0,47.0,77.56472,6016.2856,0.0,0.0,0.0,1.0,0.0,0.0,0.0,0.0,1.0,53.714287,52.0,55.0,104.0,0.0,0.0,0.0,0.0,0.0,0.0,3.0,156.0,4.0,220.0,64240.0,254.0,1.0,32.0,0.0,0.0,0.0,0.0,0.0,0.0,0.0,0.0
8080.0,1198.0,2.0,0.0,0.0,0.0,0.0,0.0,0.0,0.0,0.0,0.0,0.0,0.0,0.0,1669.4491,1198.0,0.0,1198.0,1198.0,1198.0,1198.0,0.0,1198.0,1198.0,0.0,0.0,0.0,0.0,0.0,0.0,0.0,0.0,0.0,64.0,0.0,1669.4491,0.0,0.0,0.0,0.0,0.0,0.0,0.0,0.0,0.0,0.0,1.0,0.0,0.0,0.0,0.0,0.0,0.0,0.0,64.0,0.0,0.0,0.0,0.0,0.0,0.0,2.0,0.0,0.0,0.0,251.0,-1.0,0.0,32.0,0.0,0.0,0.0,0.0,0.0,0.0,0.0,0.0
8080.0,6445.0,3.0,4.0,156.0,220.0,156.0,0.0,52.0,90.06664,185.0,0.0,55.0,88.223206,58339.797,1086.1133,1074.1666,1265.9099,3595.0,188.0,1884.0,942.0,943.28046,1609.0,275.0,5619.0,1873.0,1703.8014,3595.0,188.0,0.0,0.0,0.0,0.0,104.0,136.0,465.4771,620.63617,0.0,185.0,47.0,77.56472,6016.2856,0.0,0.0,0.0,1.0,0.0,0.0,0.0,0.0,1.0,53.714287,52.0,55.0,104.0,0.0,0.0,0.0,0.0,0.0,0.0,3.0,156.0,4.0,220.0,64240.0,254.0,1.0,32.0,0.0,0.0,0.0,0.0,0.0,0.0,0.0,0.0
8080.0,2537.0,2.0,0.0,0.0,0.0,0.0,0.0,0.0,0.0,0.0,0.0,0.0,0.0,0.0,788.3327,2537.0,0.0,2537.0,2537.0,2537.0,2537.0,0.0,2537.0,2537.0,0.0,0.0,0.0,0.0,0.0,0.0,0.0,0.0,0.0,64.0,0.0,788.3327,0.0,0.0,0.0,0.0,0.0,0.0,0.0,0.0,0.0,0.0,1.0,0.0,0.0,0.0,0.0,0.0,0.0,0.0,64.0,0.0,0.0,0.0,0.0,0.0,0.0,2.0,0.0,0.0,0.0,251.0,-1.0,0.0,32.0,0.0,0.0,0.0,0.0,0.0,0.0,0.0,0.0
8080.0,6142.0,3.0,4.0,156.0,220.0,156.0,0.0,52.0,90.06664,185.0,0.0,55.0,88.223206,61217.844,1139.694,1023.6667,1548.6335,4140.0,1.0,1396.0,698.0,729.7342,1214.0,182.0,5496.0,1832.0,2110.3262,4140.0,1.0,0.0,0.0,0.0,0.0,104.0,136.0,488.44025,651.25366,0.0,185.0,47.0,77.56472,6016.2856,0.0,0.0,0.0,1.0,0.0,0.0,0.0,0.0,1.0,53.714287,52.0,55.0,104.0,0.0,0.0,0.0,0.0,0.0,0.0,3.0,156.0,4.0,220.0,64240.0,254.0,1.0,32.0,0.0,0.0,0.0,0.0,0.0,0.0,0.0,0.0
8080.0,773.0,2.0,0.0,0.0,0.0,0.0,0.0,0.0,0.0,0.0,0.0,0.0,0.0,0.0,2587.322,773.0,0.0,773.0,773.0,773.0,773.0,0.0,773.0,773.0,0.0,0.0,0.0,0.0,0.0,0.0,0.0,0.0,0.0,64.0,0.0,2587.322,0.0,0.0,0.0,0.0,0.0,0.0,0.0,0.0,0.0,0.0,1.0,0.0,0.0,0.0,0.0,0.0,0.0,0.0,64.0,0.0,0.0,0.0,0.0,0.0,0.0,2.0,0.0,0.0,0.0,251.0,-1.0,0.0,32.0,0.0,0.0,0.0,0.0,0.0,0.0,0.0,0.0
8080.0,9620.0,3.0,4.0,156.0,220.0,156.0,0.0,52.0,90.06664,185.0,0.0,55.0,88.223206,39085.24,727.65076,1603.3334,2331.6533,6239.0,0.0,2620.0,1310.0,1415.6278,2311.0,309.0,8054.0,2684.6667,3209.1309,6239.0,0.0,0.0,0.0,0.0,0.0,104.0,136.0,311.8503,415.8004,0.0,185.0,47.0,77.56472,6016.2856,0.0,0.0,0.0,1.0,0.0,0.0,0.0,0.0,1.0,53.714287,52.0,55.0,104.0,0.0,0.0,0.0,0.0,0.0,0.0,3.0,156.0,4.0,220.0,64240.0,254.0,1.0,32.0,0.0,0.0,0.0,0.0,0.0,0.0,0.0,0.0
8080.0,815.0,2.0,0.0,0.0,0.0,0.0,0.0,0.0,0.0,0.0,0.0,0.0,0.0,0.0,2453.9878,815.0,0.0,815.0,815.0,815.0,815.0,0.0,815.0,815.0,0.0,0.0,0.0,0.0,0.0,0.0,0.0,0.0,0.0,64.0,0.0,2453.9878,0.0,0.0,0.0,0.0,0.0,0.0,0.0,0.0,0.0,0.0,1.0,0.0,0.0,0.0,0.0,0.0,0.0,0.0,64.0,0.0,0.0,0.0,0.0,0.0,0.0,2.0,0.0,0.0,0.0,251.0,-1.0,0.0,32.0,0.0,0.0,0.0,0.0,0.0,0.0,0.0,0.0
8080.0,7822.0,3.0,4.0,156.0,220.0,156.0,0.0,52.0,90.06664,185.0,0.0,55.0,88.223206,48069.547,894.9118,1303.6666,2311.883,5999.0,0.0,1116.0,558.0,367.69553,818.0,298.0,7342.0,2447.3333,3148.2795,5999.0,0.0,0.0,0.0,0.0,0.0,104.0,136.0,383.53363,511.37817,0.0,185.0,47.0,77.56472,6016.2856,0.0,0.0,0.0,1.0,0.0,0.0,0.0,0.0,1.0,53.714287,52.0,55.0,104.0,0.0,0.0,0.0,0.0,0.0,0.0,3.0,156.0,4.0,220.0,64240.0,254.0,1.0,32.0,0.0,0.0,0.0,0.0,0.0,0.0,0.0,0.0
8080.0,666.0,2.0,0.0,0.0,0.0,0.0,0.0,0.0,0.0,0.0,0.0,0.0,0.0,0.0,3003.003,666.0,0.0,666.0,666.0,666.0,666.0,0.0,666.0,666.0,0.0,0.0,0.0,0.0,0.0,0.0,0.0,0.0,0.0,64.0,0.0,3003.003,0.0,0.0,0.0,0.0,0.0,0.0,0.0,0.0,0.0,0.0,1.0,0.0,0.0,0.0,0.0,0.0,0.0,0.0,64.0,0.0,0.0,0.0,0.0,0.0,0.0,2.0,0.0,0.0,0.0,251.0,-1.0,0.0,32.0,0.0,0.0,0.0,0.0,0.0,0.0,0.0,0.0
8080.0,3882.0,3.0,4.0,156.0,220.0,156.0,0.0,52.0,90.06664,185.0,0.0,55.0,88.223206,96857.29,1803.1942,647.0,614.61536,1775.0,1.0,1417.0,708.5,680.94385,1190.0,227.0,3199.0,1066.3334,939.243,1775.0,1.0,0.0,0.0,0.0,0.0,104.0,136.0,772.79755,1030.3967,0.0,185.0,47.0,77.56472,6016.2856,0.0,0.0,0.0,1.0,0.0,0.0,0.0,0.0,1.0,53.714287,52.0,55.0,104.0,0.0,0.0,0.0,0.0,0.0,0.0,3.0,156.0,4.0,220.0,64240.0,254.0,1.0,32.0,0.0,0.0,0.0,0.0,0.0,0.0,0.0,0.0
8080.0,1647.0,2.0,0.0,0.0,0.0,0.0,0.0,0.0,0.0,0.0,0.0,0.0,0.0,0.0,1214.3291,1647.0,0.0,1647.0,1647.0,1647.0,1647.0,0.0,1647.0,1647.0,0.0,0.0,0.0,0.0,0.0,0.0,0.0,0.0,0.0,64.0,0.0,1214.3291,0.0,0.0,0.0,0.0,0.0,0.0,0.0,0.0,0.0,0.0,1.0,0.0,0.0,0.0,0.0,0.0,0.0,0.0,64.0,0.0,0.0,0.0,0.0,0.0,0.0,2.0,0.0,0.0,0.0,251.0,-1.0,0.0,32.0,0.0,0.0,0.0,0.0,0.0,0.0,0.0,0.0
8080.0,5418.0,3.0,4.0,156.0,220.0,156.0,0.0,52.0,90.06664,185.0,0.0,55.0,88.223206,69398.305,1291.9896,903.0,1119.606,3099.0,0.0,1663.0,831.5,900.1469,1468.0,195.0,4612.0,1537.3334,1549.6433,3099.0,0.0,0.0,0.0,0.0,0.0,104.0,136.0,553.70984,738.2798,0.0,185.0,47.0,77.56472,6016.2856,0.0,0.0,0.0,1.0,0.0,0.0,0.0,0.0,1.0,53.714287,52.0,55.0,104.0,0.0,0.0,0.0,0.0,0.0,0.0,3.0,156.0,4.0,220.0,64240.0,254.0,1.0,32.0,0.0,0.0,0.0,0.0,0.0,0.0,0.0,0.0
8080.0,981.0,2.0,0.0,0.0,0.0,0.0,0.0,0.0,0.0,0.0,0.0,0.0,0.0,0.0,2038.736,981.0,0.0,981.0,981.0,981.0,981.0,0.0,981.0,981.0,0.0,0.0,0.0,0.0,0.0,0.0,0.0,0.0,0.0,64.0,0.0,2038.736,0.0,0.0,0.0,0.0,0.0,0.0,0.0,0.0,0.0,0.0,1.0,0.0,0.0,0.0,0.0,0.0,0.0,0.0,64.0,0.0,0.0,0.0,0.0,0.0,0.0,2.0,0.0,0.0,0.0,251.0,-1.0,0.0,32.0,0.0,0.0,0.0,0.0,0.0,0.0,0.0,0.0
8080.0,4295.0,3.0,4.0,156.0,220.0,156.0,0.0,52.0,90.06664,185.0,0.0,55.0,88.223206,87543.66,1629.8021,715.8333,546.467,1628.0,1.0,2014.0,1007.0,892.3688,1638.0,376.0,3408.0,1136.0,985.83417,1779.0,1.0,0.0,0.0,0.0,0.0,104.0,136.0,698.48663,931.3155,0.0,185.0,47.0,77.56472,6016.2856,0.0,0.0,0.0,1.0,0.0,0.0,0.0,0.0,1.0,53.714287,52.0,55.0,104.0,0.0,0.0,0.0,0.0,0.0,0.0,3.0,156.0,4.0,220.0,64240.0,254.0,1.0,32.0,0.0,0.0,0.0,0.0,0.0,0.0,0.0,0.0
8080.0,1057.0,2.0,0.0,0.0,0.0,0.0,0.0,0.0,0.0,0.0,0.0,0.0,0.0,0.0,1892.1476,1057.0,0.0,1057.0,1057.0,1057.0,1057.0,0.0,1057.0,1057.0,0.0,0.0,0.0,0.0,0.0,0.0,0.0,0.0,0.0,64.0,0.0,1892.1476,0.0,0.0,0.0,0.0,0.0,0.0,0.0,0.0,0.0,0.0,1.0,0.0,0.0,0.0,0.0,0.0,0.0,0.0,64.0,0.0,0.0,0.0,0.0,0.0,0.0,2.0,0.0,0.0,0.0,251.0,-1.0,0.0,32.0,0.0,0.0,0.0,0.0,0.0,0.0,0.0,0.0
8080.0,2676.0,3.0,4.0,156.0,220.0,156.0,0.0,52.0,90.06664,185.0,0.0,55.0,88.223206,140508.22,2615.8445,446.0,435.2181,1241.0,0.0,899.0,449.5,410.82904,740.0,159.0,2222.0,740.6667,654.4772,1241.0,0.0,0.0,0.0,0.0,0.0,104.0,136.0,1121.0763,1494.7683,0.0,185.0,47.0,77.56472,6016.2856,0.0,0.0,0.0,1.0,0.0,0.0,0.0,0.0,1.0,53.714287,52.0,55.0,104.0,0.0,0.0,0.0,0.0,0.0,0.0,3.0,156.0,4.0,220.0,64240.0,254.0,1.0,32.0,0.0,0.0,0.0,0.0,0.0,0.0,0.0,0.0
8080.0,1121.0,2.0,0.0,0.0,0.0,0.0,0.0,0.0,0.0,0.0,0.0,0.0,0.0,0.0,1784.1213,1121.0,0.0,1121.0,1121.0,1121.0,1121.0,0.0,1121.0,1121.0,0.0,0.0,0.0,0.0,0.0,0.0,0.0,0.0,0.0,64.0,0.0,1784.1213,0.0,0.0,0.0,0.0,0.0,0.0,0.0,0.0,0.0,0.0,1.0,0.0,0.0,0.0,0.0,0.0,0.0,0.0,64.0,0.0,0.0,0.0,0.0,0.0,0.0,2.0,0.0,0.0,0.0,251.0,-1.0,0.0,32.0,0.0,0.0,0.0,0.0,0.0,0.0,0.0,0.0
8080.0,5415.0,4.0,5.0,156.0,220.0,156.0,0.0,39.0,78.0,185.0,0.0,44.0,80.26518,69436.75,1662.0498,676.875,451.53784,1706.0,346.0,4556.0,1518.6666,1265.7782,2947.0,536.0,4758.0,1189.5,547.38745,1706.0,416.0,0.0,0.0,0.0,0.0,136.0,168.0,738.68884,923.361,0.0,185.0,37.6,71.218285,5072.0444,0.0,0.0,0.0,1.0,0.0,0.0,0.0,0.0,1.0,41.77778,39.0,44.0,136.0,0.0,0.0,0.0,0.0,0.0,0.0,4.0,156.0,5.0,220.0,64240.0,254.0,1.0,32.0,0.0,0.0,0.0,0.0,0.0,0.0,0.0,0.0
8080.0,3606.0,4.0,4.0,156.0,220.0,156.0,0.0,39.0,78.0,185.0,0.0,55.0,88.223206,104270.66,2218.5247,515.1429,380.67633,1340.0,198.0,3359.0,1119.6666,1055.411,2271.0,198.0,3143.0,1047.6666,331.17416,1340.0,688.0,0.0,0.0,0.0,0.0,136.0,136.0,1109.2623,1109.2623,0.0,185.0,41.77778,74.22732,5509.6943,0.0,0.0,0.0,1.0,0.0,0.0,0.0,0.0,1.0,47.0,39.0,55.0,136.0,0.0,0.0,0.0,0.0,0.0,0.0,4.0,156.0,4.0,220.0,64240.0,254.0,1.0,32.0,0.0,0.0,0.0,0.0,0.0,0.0,0.0,0.0
8080.0,10.0,2.0,0.0,0.0,0.0,0.0,0.0,0.0,0.0,0.0,0.0,0.0,0.0,0.0,200000.0,10.0,0.0,10.0,10.0,10.0,10.0,0.0,10.0,10.0,0.0,0.0,0.0,0.0,0.0,0.0,0.0,0.0,0.0,64.0,0.0,200000.0,0.0,0.0,0.0,0.0,0.0,0.0,0.0,0.0,0.0,0.0,1.0,0.0,0.0,0.0,0.0,0.0,0.0,0.0,64.0,0.0,0.0,0.0,0.0,0.0,0.0,2.0,0.0,0.0,0.0,251.0,-1.0,0.0,32.0,0.0,0.0,0.0,0.0,0.0,0.0,0.0,0.0
8080.0,4845.0,3.0,4.0,156.0,220.0,156.0,0.0,52.0,90.06664,185.0,0.0,55.0,88.223206,77605.78,1444.7885,807.5,724.3134,2157.0,1.0,2015.0,1007.5,788.4241,1565.0,450.0,4017.0,1339.0,1168.2825,2157.0,1.0,0.0,0.0,0.0,0.0,104.0,136.0,619.19507,825.5934,0.0,185.0,47.0,77.56472,6016.2856,0.0,0.0,0.0,1.0,0.0,0.0,0.0,0.0,1.0,53.714287,52.0,55.0,104.0,0.0,0.0,0.0,0.0,0.0,0.0,3.0,156.0,4.0,220.0,64240.0,254.0,1.0,32.0,0.0,0.0,0.0,0.0,0.0,0.0,0.0,0.0
8080.0,1084.0,2.0,0.0,0.0,0.0,0.0,0.0,0.0,0.0,0.0,0.0,0.0,0.0,0.0,1845.0184,1084.0,0.0,1084.0,1084.0,1084.0,1084.0,0.0,1084.0,1084.0,0.0,0.0,0.0,0.0,0.0,0.0,0.0,0.0,0.0,64.0,0.0,1845.0184,0.0,0.0,0.0,0.0,0.0,0.0,0.0,0.0,0.0,0.0,1.0,0.0,0.0,0.0,0.0,0.0,0.0,0.0,64.0,0.0,0.0,0.0,0.0,0.0,0.0,2.0,0.0,0.0,0.0,251.0,-1.0,0.0,32.0,0.0,0.0,0.0,0.0,0.0,0.0,0.0,0.0
8080.0,5021.0,3.0,4.0,156.0,220.0,156.0,0.0,52.0,90.06664,185.0,0.0,55.0,88.223206,74885.484,1394.1447,836.8333,822.7414,2379.0,1.0,1992.0,996.0,963.0794,1677.0,315.0,4186.0,1395.3334,1241.0505,2379.0,1.0,0.0,0.0,0.0,0.0,104.0,136.0,597.49054,796.65405,0.0,185.0,47.0,77.56472,6016.2856,0.0,0.0,0.0,1.0,0.0,0.0,0.0,0.0,1.0,53.714287,52.0,55.0,104.0,0.0,0.0,0.0,0.0,0.0,0.0,3.0,156.0,4.0,220.0,64240.0,254.0,1.0,32.0,0.0,0.0,0.0,0.0,0.0,0.0,0.0,0.0
8080.0,843.0,2.0,0.0,0.0,0.0,0.0,0.0,0.0,0.0,0.0,0.0,0.0,0.0,0.0,2372.4792,843.0,0.0,843.0,843.0,843.0,843.0,0.0,843.0,843.0,0.0,0.0,0.0,0.0,0.0,0.0,0.0,0.0,0.0,64.0,0.0,2372.4792,0.0,0.0,0.0,0.0,0.0,0.0,0.0,0.0,0.0,0.0,1.0,0.0,0.0,0.0,0.0,0.0,0.0,0.0,64.0,0.0,0.0,0.0,0.0,0.0,0.0,2.0,0.0,0.0,0.0,251.0,-1.0,0.0,32.0,0.0,0.0,0.0,0.0,0.0,0.0,0.0,0.0
8080.0,4214.0,3.0,4.0,156.0,220.0,156.0,0.0,52.0,90.06664,185.0,0.0,55.0,88.223206,89226.39,1661.1295,702.3333,501.89508,1385.0,0.0,2119.0,1059.5,1113.6932,1847.0,272.0,3383.0,1127.6666,1023.5557,1998.0,0.0,0.0,0.0,0.0,0.0,104.0,136.0,711.91266,949.2169,0.0,185.0,47.0,77.56472,6016.2856,0.0,0.0,0.0,1.0,0.0,0.0,0.0,0.0,1.0,53.714287,52.0,55.0,104.0,0.0,0.0,0.0,0.0,0.0,0.0,3.0,156.0,4.0,220.0,64240.0,254.0,1.0,32.0,0.0,0.0,0.0,0.0,0.0,0.0,0.0,0.0
8080.0,644.0,2.0,0.0,0.0,0.0,0.0,0.0,0.0,0.0,0.0,0.0,0.0,0.0,0.0,3105.59,644.0,0.0,644.0,644.0,644.0,644.0,0.0,644.0,644.0,0.0,0.0,0.0,0.0,0.0,0.0,0.0,0.0,0.0,64.0,0.0,3105.59,0.0,0.0,0.0,0.0,0.0,0.0,0.0,0.0,0.0,0.0,1.0,0.0,0.0,0.0,0.0,0.0,0.0,0.0,64.0,0.0,0.0,0.0,0.0,0.0,0.0,2.0,0.0,0.0,0.0,251.0,-1.0,0.0,32.0,0.0,0.0,0.0,0.0,0.0,0.0,0.0,0.0
8080.0,3471.0,3.0,4.0,156.0,220.0,156.0,0.0,52.0,90.06664,185.0,0.0,55.0,88.223206,108326.13,2016.7098,578.5,495.28488,1440.0,0.0,1553.0,776.5,779.9388,1328.0,225.0,2809.0,936.3333,811.66516,1440.0,0.0,0.0,0.0,0.0,0.0,104.0,136.0,864.30426,1152.4056,0.0,185.0,47.0,77.56472,6016.2856,0.0,0.0,0.0,1.0,0.0,0.0,0.0,0.0,1.0,53.714287,52.0,55.0,104.0,0.0,0.0,0.0,0.0,0.0,0.0,3.0,156.0,4.0,220.0,64240.0,254.0,1.0,32.0,0.0,0.0,0.0,0.0,0.0,0.0,0.0,0.0
8080.0,932.0,2.0,0.0,0.0,0.0,0.0,0.0,0.0,0.0,0.0,0.0,0.0,0.0,0.0,2145.9229,932.0,0.0,932.0,932.0,932.0,932.0,0.0,932.0,932.0,0.0,0.0,0.0,0.0,0.0,0.0,0.0,0.0,0.0,64.0,0.0,2145.9229,0.0,0.0,0.0,0.0,0.0,0.0,0.0,0.0,0.0,0.0,1.0,0.0,0.0,0.0,0.0,0.0,0.0,0.0,64.0,0.0,0.0,0.0,0.0,0.0,0.0,2.0,0.0,0.0,0.0,251.0,-1.0,0.0,32.0,0.0,0.0,0.0,0.0,0.0,0.0,0.0,0.0
8080.0,3724.0,3.0,4.0,156.0,220.0,156.0,0.0,52.0,90.06664,185.0,0.0,55.0,88.223206,100966.7,1879.6992,620.6667,461.98383,1401.0,0.0,1692.0,846.0,663.2662,1315.0,377.0,3140.0,1046.6666,922.0598,1739.0,0.0,0.0,0.0,0.0,0.0,104.0,136.0,805.5854,1074.1139,0.0,185.0,47.0,77.56472,6016.2856,0.0,0.0,0.0,1.0,0.0,0.0,0.0,0.0,1.0,53.714287,52.0,55.0,104.0,0.0,0.0,0.0,0.0,0.0,0.0,3.0,156.0,4.0,220.0,64240.0,254.0,1.0,32.0,0.0,0.0,0.0,0.0,0.0,0.0,0.0,0.0
8080.0,557.0,2.0,0.0,0.0,0.0,0.0,0.0,0.0,0.0,0.0,0.0,0.0,0.0,0.0,3590.6643,557.0,0.0,557.0,557.0,557.0,557.0,0.0,557.0,557.0,0.0,0.0,0.0,0.0,0.0,0.0,0.0,0.0,0.0,64.0,0.0,3590.6643,0.0,0.0,0.0,0.0,0.0,0.0,0.0,0.0,0.0,0.0,1.0,0.0,0.0,0.0,0.0,0.0,0.0,0.0,64.0,0.0,0.0,0.0,0.0,0.0,0.0,2.0,0.0,0.0,0.0,251.0,-1.0,0.0,32.0,0.0,0.0,0.0,0.0,0.0,0.0,0.0,0.0
8080.0,4084.0,3.0,4.0,156.0,220.0,156.0,0.0,52.0,90.06664,185.0,0.0,55.0,88.223206,92066.6,1714.0059,680.6667,1179.6368,3076.0,0.0,682.0,341.0,296.98486,551.0,131.0,3792.0,1264.0,1609.5565,3076.0,0.0,0.0,0.0,0.0,0.0,104.0,136.0,734.574,979.43195,0.0,185.0,47.0,77.56472,6016.2856,0.0,0.0,0.0,1.0,0.0,0.0,0.0,0.0,1.0,53.714287,52.0,55.0,104.0,0.0,0.0,0.0,0.0,0.0,0.0,3.0,156.0,4.0,220.0,64240.0,254.0,1.0,32.0,0.0,0.0,0.0,0.0,0.0,0.0,0.0,0.0
8080.0,483.0,2.0,0.0,0.0,0.0,0.0,0.0,0.0,0.0,0.0,0.0,0.0,0.0,0.0,4140.7866,483.0,0.0,483.0,483.0,483.0,483.0,0.0,483.0,483.0,0.0,0.0,0.0,0.0,0.0,0.0,0.0,0.0,0.0,64.0,0.0,4140.7866,0.0,0.0,0.0,0.0,0.0,0.0,0.0,0.0,0.0,0.0,1.0,0.0,0.0,0.0,0.0,0.0,0.0,0.0,64.0,0.0,0.0,0.0,0.0,0.0,0.0,2.0,0.0,0.0,0.0,251.0,-1.0,0.0,32.0,0.0,0.0,0.0,0.0,0.0,0.0,0.0,0.0
8080.0,20032.0,4.0,4.0,156.0,220.0,156.0,0.0,39.0,78.0,185.0,0.0,55.0,88.223206,18769.969,399.36102,2861.7144,4866.253,13707.0,315.0,17004.0,5668.0,8304.814,15235.0,315.0,19271.0,6423.6665,6369.1963,13707.0,1898.0,0.0,0.0,0.0,0.0,136.0,136.0,199.68051,199.68051,0.0,185.0,41.77778,74.22732,5509.6943,0.0,0.0,0.0,1.0,0.0,0.0,0.0,0.0,1.0,47.0,39.0,55.0,136.0,0.0,0.0,0.0,0.0,0.0,0.0,4.0,156.0,4.0,220.0,64240.0,254.0,1.0,32.0,0.0,0.0,0.0,0.0,0.0,0.0,0.0,0.0
8080.0,7260.0,3.0,4.0,156.0,220.0,156.0,0.0,52.0,90.06664,185.0,0.0,55.0,88.223206,51790.633,964.1873,1210.0,1073.4036,2991.0,191.0,3164.0,1582.0,1824.3354,2872.0,292.0,5315.0,1771.6666,1434.5457,2991.0,191.0,0.0,0.0,0.0,0.0,104.0,136.0,413.22314,550.9642,0.0,185.0,47.0,77.56472,6016.2856,0.0,0.0,0.0,1.0,0.0,0.0,0.0,0.0,1.0,53.714287,52.0,55.0,104.0,0.0,0.0,0.0,0.0,0.0,0.0,3.0,156.0,4.0,220.0,64240.0,254.0,1.0,32.0,0.0,0.0,0.0,0.0,0.0,0.0,0.0,0.0
8080.0,2580.0,2.0,0.0,0.0,0.0,0.0,0.0,0.0,0.0,0.0,0.0,0.0,0.0,0.0,775.1938,2580.0,0.0,2580.0,2580.0,2580.0,2580.0,0.0,2580.0,2580.0,0.0,0.0,0.0,0.0,0.0,0.0,0.0,0.0,0.0,64.0,0.0,775.1938,0.0,0.0,0.0,0.0,0.0,0.0,0.0,0.0,0.0,0.0,1.0,0.0,0.0,0.0,0.0,0.0,0.0,0.0,64.0,0.0,0.0,0.0,0.0,0.0,0.0,2.0,0.0,0.0,0.0,251.0,-1.0,0.0,32.0,0.0,0.0,0.0,0.0,0.0,0.0,0.0,0.0
8080.0,2296.0,3.0,4.0,156.0,220.0,156.0,0.0,52.0,90.06664,185.0,0.0,55.0,88.223206,163763.06,3048.7805,382.66666,441.06674,1238.0,1.0,843.0,421.5,372.64526,685.0,158.0,1872.0,624.0,618.54913,1238.0,1.0,0.0,0.0,0.0,0.0,104.0,136.0,1306.6202,1742.1603,0.0,185.0,47.0,77.56472,6016.2856,0.0,0.0,0.0,1.0,0.0,0.0,0.0,0.0,1.0,53.714287,52.0,55.0,104.0,0.0,0.0,0.0,0.0,0.0,0.0,3.0,156.0,4.0,220.0,64240.0,254.0,1.0,32.0,0.0,0.0,0.0,0.0,0.0,0.0,0.0,0.0
8080.0,224.0,2.0,0.0,0.0,0.0,0.0,0.0,0.0,0.0,0.0,0.0,0.0,0.0,0.0,8928.571,224.0,0.0,224.0,224.0,224.0,224.0,0.0,224.0,224.0,0.0,0.0,0.0,0.0,0.0,0.0,0.0,0.0,0.0,64.0,0.0,8928.571,0.0,0.0,0.0,0.0,0.0,0.0,0.0,0.0,0.0,0.0,1.0,0.0,0.0,0.0,0.0,0.0,0.0,0.0,64.0,0.0,0.0,0.0,0.0,0.0,0.0,2.0,0.0,0.0,0.0,251.0,-1.0,0.0,32.0,0.0,0.0,0.0,0.0,0.0,0.0,0.0,0.0
8080.0,2460.0,3.0,4.0,156.0,220.0,156.0,0.0,52.0,90.06664,185.0,0.0,55.0,88.223206,152845.53,2845.5286,410.0,476.36414,1359.0,108.0,746.0,373.0,337.99704,612.0,134.0,2058.0,686.0,630.88745,1359.0,108.0,0.0,0.0,0.0,0.0,104.0,136.0,1219.5122,1626.0162,0.0,185.0,47.0,77.56472,6016.2856,0.0,0.0,0.0,1.0,0.0,0.0,0.0,0.0,1.0,53.714287,52.0,55.0,104.0,0.0,0.0,0.0,0.0,0.0,0.0,3.0,156.0,4.0,220.0,64240.0,254.0,1.0,32.0,0.0,0.0,0.0,0.0,0.0,0.0,0.0,0.0
8080.0,305.0,2.0,0.0,0.0,0.0,0.0,0.0,0.0,0.0,0.0,0.0,0.0,0.0,0.0,6557.377,305.0,0.0,305.0,305.0,305.0,305.0,0.0,305.0,305.0,0.0,0.0,0.0,0.0,0.0,0.0,0.0,0.0,0.0,64.0,0.0,6557.377,0.0,0.0,0.0,0.0,0.0,0.0,0.0,0.0,0.0,0.0,1.0,0.0,0.0,0.0,0.0,0.0,0.0,0.0,64.0,0.0,0.0,0.0,0.0,0.0,0.0,2.0,0.0,0.0,0.0,251.0,-1.0,0.0,32.0,0.0,0.0,0.0,0.0,0.0,0.0,0.0,0.0
8080.0,3645.0,3.0,4.0,156.0,220.0,156.0,0.0,52.0,90.06664,185.0,0.0,55.0,88.223206,103155.01,1920.439,607.5,675.50775,1895.0,0.0,1310.0,655.0,739.63367,1178.0,132.0,3056.0,1018.6667,955.4844,1895.0,0.0,0.0,0.0,0.0,0.0,104.0,136.0,823.0453,1097.3937,0.0,185.0,47.0,77.56472,6016.2856,0.0,0.0,0.0,1.0,0.0,0.0,0.0,0.0,1.0,53.714287,52.0,55.0,104.0,0.0,0.0,0.0,0.0,0.0,0.0,3.0,156.0,4.0,220.0,64240.0,254.0,1.0,32.0,0.0,0.0,0.0,0.0,0.0,0.0,0.0,0.0
8080.0,663.0,2.0,0.0,0.0,0.0,0.0,0.0,0.0,0.0,0.0,0.0,0.0,0.0,0.0,3016.5913,663.0,0.0,663.0,663.0,663.0,663.0,0.0,663.0,663.0,0.0,0.0,0.0,0.0,0.0,0.0,0.0,0.0,0.0,64.0,0.0,3016.5913,0.0,0.0,0.0,0.0,0.0,0.0,0.0,0.0,0.0,0.0,1.0,0.0,0.0,0.0,0.0,0.0,0.0,0.0,64.0,0.0,0.0,0.0,0.0,0.0,0.0,2.0,0.0,0.0,0.0,251.0,-1.0,0.0,32.0,0.0,0.0,0.0,0.0,0.0,0.0,0.0,0.0
8080.0,5376.0,3.0,4.0,156.0,220.0,156.0,0.0,52.0,90.06664,185.0,0.0,55.0,88.223206,69940.48,1302.0834,896.0,971.6446,2684.0,0.0,1772.0,886.0,1179.4541,1720.0,52.0,4567.0,1522.3334,1377.8695,2684.0,0.0,0.0,0.0,0.0,0.0,104.0,136.0,558.0357,744.0476,0.0,185.0,47.0,77.56472,6016.2856,0.0,0.0,0.0,1.0,0.0,0.0,0.0,0.0,1.0,53.714287,52.0,55.0,104.0,0.0,0.0,0.0,0.0,0.0,0.0,3.0,156.0,4.0,220.0,64240.0,254.0,1.0,32.0,0.0,0.0,0.0,0.0,0.0,0.0,0.0,0.0
8080.0,1041.0,2.0,0.0,0.0,0.0,0.0,0.0,0.0,0.0,0.0,0.0,0.0,0.0,0.0,1921.2296,1041.0,0.0,1041.0,1041.0,1041.0,1041.0,0.0,1041.0,1041.0,0.0,0.0,0.0,0.0,0.0,0.0,0.0,0.0,0.0,64.0,0.0,1921.2296,0.0,0.0,0.0,0.0,0.0,0.0,0.0,0.0,0.0,0.0,1.0,0.0,0.0,0.0,0.0,0.0,0.0,0.0,64.0,0.0,0.0,0.0,0.0,0.0,0.0,2.0,0.0,0.0,0.0,251.0,-1.0,0.0,32.0,0.0,0.0,0.0,0.0,0.0,0.0,0.0,0.0
8080.0,4042.0,3.0,4.0,156.0,220.0,156.0,0.0,52.0,90.06664,185.0,0.0,55.0,88.223206,93023.26,1731.8159,673.6667,887.1991,2463.0,131.0,1129.0,564.5,512.6524,927.0,202.0,3541.0,1180.3334,1183.3805,2463.0,131.0,0.0,0.0,0.0,0.0,104.0,136.0,742.20685,989.60913,0.0,185.0,47.0,77.56472,6016.2856,0.0,0.0,0.0,1.0,0.0,0.0,0.0,0.0,1.0,53.714287,52.0,55.0,104.0,0.0,0.0,0.0,0.0,0.0,0.0,3.0,156.0,4.0,220.0,64240.0,254.0,1.0,32.0,0.0,0.0,0.0,0.0,0.0,0.0,0.0,0.0
8080.0,914.0,2.0,0.0,0.0,0.0,0.0,0.0,0.0,0.0,0.0,0.0,0.0,0.0,0.0,2188.1838,914.0,0.0,914.0,914.0,914.0,914.0,0.0,914.0,914.0,0.0,0.0,0.0,0.0,0.0,0.0,0.0,0.0,0.0,64.0,0.0,2188.1838,0.0,0.0,0.0,0.0,0.0,0.0,0.0,0.0,0.0,0.0,1.0,0.0,0.0,0.0,0.0,0.0,0.0,0.0,64.0,0.0,0.0,0.0,0.0,0.0,0.0,2.0,0.0,0.0,0.0,251.0,-1.0,0.0,32.0,0.0,0.0,0.0,0.0,0.0,0.0,0.0,0.0
8080.0,2861.0,3.0,4.0,156.0,220.0,156.0,0.0,52.0,90.06664,185.0,0.0,55.0,88.223206,131422.58,2446.697,476.83334,536.51447,1515.0,0.0,1034.0,517.0,493.56055,866.0,168.0,2366.0,788.6667,759.4211,1515.0,0.0,0.0,0.0,0.0,0.0,104.0,136.0,1048.5844,1398.1125,0.0,185.0,47.0,77.56472,6016.2856,0.0,0.0,0.0,1.0,0.0,0.0,0.0,0.0,1.0,53.714287,52.0,55.0,104.0,0.0,0.0,0.0,0.0,0.0,0.0,3.0,156.0,4.0,220.0,64240.0,254.0,1.0,32.0,0.0,0.0,0.0,0.0,0.0,0.0,0.0,0.0
8080.0,775.0,2.0,0.0,0.0,0.0,0.0,0.0,0.0,0.0,0.0,0.0,0.0,0.0,0.0,2580.6453,775.0,0.0,775.0,775.0,775.0,775.0,0.0,775.0,775.0,0.0,0.0,0.0,0.0,0.0,0.0,0.0,0.0,0.0,64.0,0.0,2580.6453,0.0,0.0,0.0,0.0,0.0,0.0,0.0,0.0,0.0,0.0,1.0,0.0,0.0,0.0,0.0,0.0,0.0,0.0,64.0,0.0,0.0,0.0,0.0,0.0,0.0,2.0,0.0,0.0,0.0,251.0,-1.0,0.0,32.0,0.0,0.0,0.0,0.0,0.0,0.0,0.0,0.0
8080.0,4249.0,3.0,4.0,156.0,220.0,156.0,0.0,52.0,90.06664,185.0,0.0,55.0,88.223206,88491.41,1647.4464,708.1667,734.7202,1971.0,0.0,1802.0,901.0,1248.7506,1784.0,18.0,3307.0,1102.3334,1006.06177,1971.0,0.0,0.0,0.0,0.0,0.0,104.0,136.0,706.04846,941.39795,0.0,185.0,47.0,77.56472,6016.2856,0.0,0.0,0.0,1.0,0.0,0.0,0.0,0.0,1.0,53.714287,52.0,55.0,104.0,0.0,0.0,0.0,0.0,0.0,0.0,3.0,156.0,4.0,220.0,64240.0,254.0,1.0,32.0,0.0,0.0,0.0,0.0,0.0,0.0,0.0,0.0
8080.0,569.0,2.0,0.0,0.0,0.0,0.0,0.0,0.0,0.0,0.0,0.0,0.0,0.0,0.0,3514.9385,569.0,0.0,569.0,569.0,569.0,569.0,0.0,569.0,569.0,0.0,0.0,0.0,0.0,0.0,0.0,0.0,0.0,0.0,64.0,0.0,3514.9385,0.0,0.0,0.0,0.0,0.0,0.0,0.0,0.0,0.0,0.0,1.0,0.0,0.0,0.0,0.0,0.0,0.0,0.0,64.0,0.0,0.0,0.0,0.0,0.0,0.0,2.0,0.0,0.0,0.0,251.0,-1.0,0.0,32.0,0.0,0.0,0.0,0.0,0.0,0.0,0.0,0.0
8080.0,10570.0,3.0,4.0,156.0,220.0,156.0,0.0,52.0,90.06664,185.0,0.0,55.0,88.223206,35572.375,662.25165,1761.6666,2907.0125,7669.0,153.0,2348.0,1174.0,779.2317,1725.0,623.0,9735.0,3245.0,3931.0598,7669.0,153.0,0.0,0.0,0.0,0.0,104.0,136.0,283.82214,378.4295,0.0,185.0,47.0,77.56472,6016.2856,0.0,0.0,0.0,1.0,0.0,0.0,0.0,0.0,1.0,53.714287,52.0,55.0,104.0,0.0,0.0,0.0,0.0,0.0,0.0,3.0,156.0,4.0,220.0,64240.0,254.0,1.0,32.0,0.0,0.0,0.0,0.0,0.0,0.0,0.0,0.0
8080.0,1335.0,2.0,0.0,0.0,0.0,0.0,0.0,0.0,0.0,0.0,0.0,0.0,0.0,0.0,1498.1273,1335.0,0.0,1335.0,1335.0,1335.0,1335.0,0.0,1335.0,1335.0,0.0,0.0,0.0,0.0,0.0,0.0,0.0,0.0,0.0,64.0,0.0,1498.1273,0.0,0.0,0.0,0.0,0.0,0.0,0.0,0.0,0.0,0.0,1.0,0.0,0.0,0.0,0.0,0.0,0.0,0.0,64.0,0.0,0.0,0.0,0.0,0.0,0.0,2.0,0.0,0.0,0.0,251.0,-1.0,0.0,32.0,0.0,0.0,0.0,0.0,0.0,0.0,0.0,0.0
8080.0,6945.0,3.0,4.0,156.0,220.0,156.0,0.0,52.0,90.06664,185.0,0.0,55.0,88.223206,54139.668,1007.9194,1157.5,1996.3573,5204.0,0.0,1432.0,716.0,678.8225,1196.0,236.0,6252.0,2084.0,2752.34,5204.0,0.0,0.0,0.0,0.0,0.0,104.0,136.0,431.96545,575.9539,0.0,185.0,47.0,77.56472,6016.2856,0.0,0.0,0.0,1.0,0.0,0.0,0.0,0.0,1.0,53.714287,52.0,55.0,104.0,0.0,0.0,0.0,0.0,0.0,0.0,3.0,156.0,4.0,220.0,64240.0,254.0,1.0,32.0,0.0,0.0,0.0,0.0,0.0,0.0,0.0,0.0
8080.0,946.0,2.0,0.0,0.0,0.0,0.0,0.0,0.0,0.0,0.0,0.0,0.0,0.0,0.0,2114.1648,946.0,0.0,946.0,946.0,946.0,946.0,0.0,946.0,946.0,0.0,0.0,0.0,0.0,0.0,0.0,0.0,0.0,0.0,64.0,0.0,2114.1648,0.0,0.0,0.0,0.0,0.0,0.0,0.0,0.0,0.0,0.0,1.0,0.0,0.0,0.0,0.0,0.0,0.0,0.0,64.0,0.0,0.0,0.0,0.0,0.0,0.0,2.0,0.0,0.0,0.0,251.0,-1.0,0.0,32.0,0.0,0.0,0.0,0.0,0.0,0.0,0.0,0.0
8080.0,4659.0,3.0,4.0,156.0,220.0,156.0,0.0,52.0,90.06664,185.0,0.0,55.0,88.223206,80704.016,1502.4684,776.5,899.98193,2413.0,0.0,1859.0,929.5,1035.9114,1662.0,197.0,3457.0,1152.3334,1210.1423,2413.0,0.0,0.0,0.0,0.0,0.0,104.0,136.0,643.915,858.55334,0.0,185.0,47.0,77.56472,6016.2856,0.0,0.0,0.0,1.0,0.0,0.0,0.0,0.0,1.0,53.714287,52.0,55.0,104.0,0.0,0.0,0.0,0.0,0.0,0.0,3.0,156.0,4.0,220.0,64240.0,254.0,1.0,32.0,0.0,0.0,0.0,0.0,0.0,0.0,0.0,0.0
8080.0,1058.0,2.0,0.0,0.0,0.0,0.0,0.0,0.0,0.0,0.0,0.0,0.0,0.0,0.0,1890.3591,1058.0,0.0,1058.0,1058.0,1058.0,1058.0,0.0,1058.0,1058.0,0.0,0.0,0.0,0.0,0.0,0.0,0.0,0.0,0.0,64.0,0.0,1890.3591,0.0,0.0,0.0,0.0,0.0,0.0,0.0,0.0,0.0,0.0,1.0,0.0,0.0,0.0,0.0,0.0,0.0,0.0,64.0,0.0,0.0,0.0,0.0,0.0,0.0,2.0,0.0,0.0,0.0,251.0,-1.0,0.0,32.0,0.0,0.0,0.0,0.0,0.0,0.0,0.0,0.0
8080.0,3651.0,3.0,4.0,156.0,220.0,156.0,0.0,52.0,90.06664,185.0,0.0,55.0,88.223206,102985.484,1917.283,608.5,369.4638,1199.0,191.0,1433.0,716.5,589.01996,1133.0,300.0,3005.0,1001.6667,732.22217,1615.0,191.0,0.0,0.0,0.0,0.0,104.0,136.0,821.6927,1095.5902,0.0,185.0,47.0,77.56472,6016.2856,0.0,0.0,0.0,1.0,0.0,0.0,0.0,0.0,1.0,53.714287,52.0,55.0,104.0,0.0,0.0,0.0,0.0,0.0,0.0,3.0,156.0,4.0,220.0,64240.0,254.0,1.0,32.0,0.0,0.0,0.0,0.0,0.0,0.0,0.0,0.0
8080.0,1060.0,2.0,0.0,0.0,0.0,0.0,0.0,0.0,0.0,0.0,0.0,0.0,0.0,0.0,1886.7925,1060.0,0.0,1060.0,1060.0,1060.0,1060.0,0.0,1060.0,1060.0,0.0,0.0,0.0,0.0,0.0,0.0,0.0,0.0,0.0,64.0,0.0,1886.7925,0.0,0.0,0.0,0.0,0.0,0.0,0.0,0.0,0.0,0.0,1.0,0.0,0.0,0.0,0.0,0.0,0.0,0.0,64.0,0.0,0.0,0.0,0.0,0.0,0.0,2.0,0.0,0.0,0.0,251.0,-1.0,0.0,32.0,0.0,0.0,0.0,0.0,0.0,0.0,0.0,0.0
8080.0,6524.0,3.0,4.0,156.0,220.0,156.0,0.0,52.0,90.06664,185.0,0.0,55.0,88.223206,57633.355,1072.9614,1087.3334,1762.8849,4666.0,142.0,1163.0,581.5,621.5469,1021.0,142.0,5816.0,1938.6666,2373.6018,4666.0,340.0,0.0,0.0,0.0,0.0,104.0,136.0,459.84058,613.1208,0.0,185.0,47.0,77.56472,6016.2856,0.0,0.0,0.0,1.0,0.0,0.0,0.0,0.0,1.0,53.714287,52.0,55.0,104.0,0.0,0.0,0.0,0.0,0.0,0.0,3.0,156.0,4.0,220.0,64240.0,254.0,1.0,32.0,0.0,0.0,0.0,0.0,0.0,0.0,0.0,0.0
8080.0,1474.0,2.0,0.0,0.0,0.0,0.0,0.0,0.0,0.0,0.0,0.0,0.0,0.0,0.0,1356.852,1474.0,0.0,1474.0,1474.0,1474.0,1474.0,0.0,1474.0,1474.0,0.0,0.0,0.0,0.0,0.0,0.0,0.0,0.0,0.0,64.0,0.0,1356.852,0.0,0.0,0.0,0.0,0.0,0.0,0.0,0.0,0.0,0.0,1.0,0.0,0.0,0.0,0.0,0.0,0.0,0.0,64.0,0.0,0.0,0.0,0.0,0.0,0.0,2.0,0.0,0.0,0.0,251.0,-1.0,0.0,32.0,0.0,0.0,0.0,0.0,0.0,0.0,0.0,0.0
8080.0,3049.0,3.0,4.0,156.0,220.0,156.0,0.0,52.0,90.06664,185.0,0.0,55.0,88.223206,123319.12,2295.8347,508.16666,493.16425,1405.0,0.0,1269.0,634.5,645.5885,1091.0,178.0,2394.0,798.0,721.7112,1405.0,0.0,0.0,0.0,0.0,0.0,104.0,136.0,983.92914,1311.9055,0.0,185.0,47.0,77.56472,6016.2856,0.0,0.0,0.0,1.0,0.0,0.0,0.0,0.0,1.0,53.714287,52.0,55.0,104.0,0.0,0.0,0.0,0.0,0.0,0.0,3.0,156.0,4.0,220.0,64240.0,254.0,1.0,32.0,0.0,0.0,0.0,0.0,0.0,0.0,0.0,0.0
8080.0,658.0,2.0,0.0,0.0,0.0,0.0,0.0,0.0,0.0,0.0,0.0,0.0,0.0,0.0,3039.5137,658.0,0.0,658.0,658.0,658.0,658.0,0.0,658.0,658.0,0.0,0.0,0.0,0.0,0.0,0.0,0.0,0.0,0.0,64.0,0.0,3039.5137,0.0,0.0,0.0,0.0,0.0,0.0,0.0,0.0,0.0,0.0,1.0,0.0,0.0,0.0,0.0,0.0,0.0,0.0,64.0,0.0,0.0,0.0,0.0,0.0,0.0,2.0,0.0,0.0,0.0,251.0,-1.0,0.0,32.0,0.0,0.0,0.0,0.0,0.0,0.0,0.0,0.0
8080.0,3898.0,3.0,4.0,156.0,220.0,156.0,0.0,52.0,90.06664,185.0,0.0,55.0,88.223206,96459.73,1795.7927,649.6667,822.23663,2272.0,1.0,1279.0,639.5,610.23315,1071.0,208.0,3278.0,1092.6666,1138.0353,2272.0,1.0,0.0,0.0,0.0,0.0,104.0,136.0,769.6254,1026.1672,0.0,185.0,47.0,77.56472,6016.2856,0.0,0.0,0.0,1.0,0.0,0.0,0.0,0.0,1.0,53.714287,52.0,55.0,104.0,0.0,0.0,0.0,0.0,0.0,0.0,3.0,156.0,4.0,220.0,64240.0,254.0,1.0,32.0,0.0,0.0,0.0,0.0,0.0,0.0,0.0,0.0
8080.0,1169.0,2.0,0.0,0.0,0.0,0.0,0.0,0.0,0.0,0.0,0.0,0.0,0.0,0.0,1710.864,1169.0,0.0,1169.0,1169.0,1169.0,1169.0,0.0,1169.0,1169.0,0.0,0.0,0.0,0.0,0.0,0.0,0.0,0.0,0.0,64.0,0.0,1710.864,0.0,0.0,0.0,0.0,0.0,0.0,0.0,0.0,0.0,0.0,1.0,0.0,0.0,0.0,0.0,0.0,0.0,0.0,64.0,0.0,0.0,0.0,0.0,0.0,0.0,2.0,0.0,0.0,0.0,251.0,-1.0,0.0,32.0,0.0,0.0,0.0,0.0,0.0,0.0,0.0,0.0
8080.0,9148.0,3.0,4.0,156.0,220.0,156.0,0.0,52.0,90.06664,185.0,0.0,55.0,88.223206,41101.88,765.1946,1524.6666,2771.5593,7161.0,0.0,1295.0,647.5,523.9661,1018.0,277.0,8668.0,2889.3333,3775.3296,7161.0,0.0,0.0,0.0,0.0,0.0,104.0,136.0,327.94052,437.25406,0.0,185.0,47.0,77.56472,6016.2856,0.0,0.0,0.0,1.0,0.0,0.0,0.0,0.0,1.0,53.714287,52.0,55.0,104.0,0.0,0.0,0.0,0.0,0.0,0.0,3.0,156.0,4.0,220.0,64240.0,254.0,1.0,32.0,0.0,0.0,0.0,0.0,0.0,0.0,0.0,0.0
8080.0,855.0,2.0,0.0,0.0,0.0,0.0,0.0,0.0,0.0,0.0,0.0,0.0,0.0,0.0,2339.1814,855.0,0.0,855.0,855.0,855.0,855.0,0.0,855.0,855.0,0.0,0.0,0.0,0.0,0.0,0.0,0.0,0.0,0.0,64.0,0.0,2339.1814,0.0,0.0,0.0,0.0,0.0,0.0,0.0,0.0,0.0,0.0,1.0,0.0,0.0,0.0,0.0,0.0,0.0,0.0,64.0,0.0,0.0,0.0,0.0,0.0,0.0,2.0,0.0,0.0,0.0,251.0,-1.0,0.0,32.0,0.0,0.0,0.0,0.0,0.0,0.0,0.0,0.0
8080.0,3992.0,3.0,4.0,156.0,220.0,156.0,0.0,52.0,90.06664,185.0,0.0,55.0,88.223206,94188.375,1753.507,665.3333,771.3699,2165.0,0.0,1618.0,809.0,234.75945,975.0,643.0,3429.0,1143.0,1801.7677,3220.0,0.0,0.0,0.0,0.0,0.0,104.0,136.0,751.503,1002.004,0.0,185.0,47.0,77.56472,6016.2856,0.0,0.0,0.0,1.0,0.0,0.0,0.0,0.0,1.0,53.714287,52.0,55.0,104.0,0.0,0.0,0.0,0.0,0.0,0.0,3.0,156.0,4.0,220.0,64240.0,254.0,1.0,32.0,0.0,0.0,0.0,0.0,0.0,0.0,0.0,0.0
8080.0,828.0,2.0,0.0,0.0,0.0,0.0,0.0,0.0,0.0,0.0,0.0,0.0,0.0,0.0,2415.459,828.0,0.0,828.0,828.0,828.0,828.0,0.0,828.0,828.0,0.0,0.0,0.0,0.0,0.0,0.0,0.0,0.0,0.0,64.0,0.0,2415.459,0.0,0.0,0.0,0.0,0.0,0.0,0.0,0.0,0.0,0.0,1.0,0.0,0.0,0.0,0.0,0.0,0.0,0.0,64.0,0.0,0.0,0.0,0.0,0.0,0.0,2.0,0.0,0.0,0.0,251.0,-1.0,0.0,32.0,0.0,0.0,0.0,0.0,0.0,0.0,0.0,0.0
8080.0,6929.0,3.0,4.0,156.0,220.0,156.0,0.0,52.0,90.06664,185.0,0.0,55.0,88.223206,54264.684,1010.24677,1154.8334,1272.6892,3598.0,50.0,2703.0,1351.5,1344.21,2302.0,401.0,5715.0,1905.0,1779.539,3598.0,50.0,0.0,0.0,0.0,0.0,104.0,136.0,432.96292,577.2839,0.0,185.0,47.0,77.56472,6016.2856,0.0,0.0,0.0,1.0,0.0,0.0,0.0,0.0,1.0,53.714287,52.0,55.0,104.0,0.0,0.0,0.0,0.0,0.0,0.0,3.0,156.0,4.0,220.0,64240.0,254.0,1.0,32.0,0.0,0.0,0.0,0.0,0.0,0.0,0.0,0.0
8080.0,1065.0,2.0,0.0,0.0,0.0,0.0,0.0,0.0,0.0,0.0,0.0,0.0,0.0,0.0,1877.9343,1065.0,0.0,1065.0,1065.0,1065.0,1065.0,0.0,1065.0,1065.0,0.0,0.0,0.0,0.0,0.0,0.0,0.0,0.0,0.0,64.0,0.0,1877.9343,0.0,0.0,0.0,0.0,0.0,0.0,0.0,0.0,0.0,0.0,1.0,0.0,0.0,0.0,0.0,0.0,0.0,0.0,64.0,0.0,0.0,0.0,0.0,0.0,0.0,2.0,0.0,0.0,0.0,251.0,-1.0,0.0,32.0,0.0,0.0,0.0,0.0,0.0,0.0,0.0,0.0
8080.0,7901.0,3.0,4.0,156.0,220.0,156.0,0.0,52.0,90.06664,185.0,0.0,55.0,88.223206,47588.914,885.9638,1316.8334,2072.2441,5493.0,122.0,1924.0,962.0,1094.6013,1736.0,188.0,6949.0,2316.3333,2817.0276,5493.0,122.0,0.0,0.0,0.0,0.0,104.0,136.0,379.69876,506.265,0.0,185.0,47.0,77.56472,6016.2856,0.0,0.0,0.0,1.0,0.0,0.0,0.0,0.0,1.0,53.714287,52.0,55.0,104.0,0.0,0.0,0.0,0.0,0.0,0.0,3.0,156.0,4.0,220.0,64240.0,254.0,1.0,32.0,0.0,0.0,0.0,0.0,0.0,0.0,0.0,0.0
8080.0,1388.0,2.0,0.0,0.0,0.0,0.0,0.0,0.0,0.0,0.0,0.0,0.0,0.0,0.0,1440.9222,1388.0,0.0,1388.0,1388.0,1388.0,1388.0,0.0,1388.0,1388.0,0.0,0.0,0.0,0.0,0.0,0.0,0.0,0.0,0.0,64.0,0.0,1440.9222,0.0,0.0,0.0,0.0,0.0,0.0,0.0,0.0,0.0,0.0,1.0,0.0,0.0,0.0,0.0,0.0,0.0,0.0,64.0,0.0,0.0,0.0,0.0,0.0,0.0,2.0,0.0,0.0,0.0,251.0,-1.0,0.0,32.0,0.0,0.0,0.0,0.0,0.0,0.0,0.0,0.0
8080.0,6160.0,3.0,4.0,156.0,220.0,156.0,0.0,52.0,90.06664,185.0,0.0,55.0,88.223206,61038.96,1136.3636,1026.6666,1418.3282,3878.0,1.0,1600.0,800.0,364.8671,1058.0,542.0,5516.0,1838.6666,1946.3516,3878.0,1.0,0.0,0.0,0.0,0.0,104.0,136.0,487.013,649.35065,0.0,185.0,47.0,77.56472,6016.2856,0.0,0.0,0.0,1.0,0.0,0.0,0.0,0.0,1.0,53.714287,52.0,55.0,104.0,0.0,0.0,0.0,0.0,0.0,0.0,3.0,156.0,4.0,220.0,64240.0,254.0,1.0,32.0,0.0,0.0,0.0,0.0,0.0,0.0,0.0,0.0
8080.0,897.0,2.0,0.0,0.0,0.0,0.0,0.0,0.0,0.0,0.0,0.0,0.0,0.0,0.0,2229.6543,897.0,0.0,897.0,897.0,897.0,897.0,0.0,897.0,897.0,0.0,0.0,0.0,0.0,0.0,0.0,0.0,0.0,0.0,64.0,0.0,2229.6543,0.0,0.0,0.0,0.0,0.0,0.0,0.0,0.0,0.0,0.0,1.0,0.0,0.0,0.0,0.0,0.0,0.0,0.0,64.0,0.0,0.0,0.0,0.0,0.0,0.0,2.0,0.0,0.0,0.0,251.0,-1.0,0.0,32.0,0.0,0.0,0.0,0.0,0.0,0.0,0.0,0.0
8080.0,5815.0,3.0,4.0,156.0,220.0,156.0,0.0,52.0,90.06664,185.0,0.0,55.0,88.223206,64660.36,1203.7833,969.1667,1746.2717,4517.0,0.0,1030.0,515.0,510.5311,876.0,154.0,5361.0,1787.0,2401.616,4517.0,0.0,0.0,0.0,0.0,0.0,104.0,136.0,515.90717,687.87616,0.0,185.0,47.0,77.56472,6016.2856,0.0,0.0,0.0,1.0,0.0,0.0,0.0,0.0,1.0,53.714287,52.0,55.0,104.0,0.0,0.0,0.0,0.0,0.0,0.0,3.0,156.0,4.0,220.0,64240.0,254.0,1.0,32.0,0.0,0.0,0.0,0.0,0.0,0.0,0.0,0.0
8080.0,1003.0,2.0,0.0,0.0,0.0,0.0,0.0,0.0,0.0,0.0,0.0,0.0,0.0,0.0,1994.018,1003.0,0.0,1003.0,1003.0,1003.0,1003.0,0.0,1003.0,1003.0,0.0,0.0,0.0,0.0,0.0,0.0,0.0,0.0,0.0,64.0,0.0,1994.018,0.0,0.0,0.0,0.0,0.0,0.0,0.0,0.0,0.0,0.0,1.0,0.0,0.0,0.0,0.0,0.0,0.0,0.0,64.0,0.0,0.0,0.0,0.0,0.0,0.0,2.0,0.0,0.0,0.0,251.0,-1.0,0.0,32.0,0.0,0.0,0.0,0.0,0.0,0.0,0.0,0.0
8080.0,4140.0,3.0,4.0,156.0,220.0,156.0,0.0,52.0,90.06664,185.0,0.0,55.0,88.223206,90821.26,1690.8213,690.0,438.4687,1468.0,242.0,1788.0,894.0,922.06726,1546.0,242.0,3352.0,1117.3334,668.0197,1537.0,347.0,0.0,0.0,0.0,0.0,104.0,136.0,724.6377,966.1836,0.0,185.0,47.0,77.56472,6016.2856,0.0,0.0,0.0,1.0,0.0,0.0,0.0,0.0,1.0,53.714287,52.0,55.0,104.0,0.0,0.0,0.0,0.0,0.0,0.0,3.0,156.0,4.0,220.0,64240.0,254.0,1.0,32.0,0.0,0.0,0.0,0.0,0.0,0.0,0.0,0.0
8080.0,1054.0,2.0,0.0,0.0,0.0,0.0,0.0,0.0,0.0,0.0,0.0,0.0,0.0,0.0,1897.5332,1054.0,0.0,1054.0,1054.0,1054.0,1054.0,0.0,1054.0,1054.0,0.0,0.0,0.0,0.0,0.0,0.0,0.0,0.0,0.0,64.0,0.0,1897.5332,0.0,0.0,0.0,0.0,0.0,0.0,0.0,0.0,0.0,0.0,1.0,0.0,0.0,0.0,0.0,0.0,0.0,0.0,64.0,0.0,0.0,0.0,0.0,0.0,0.0,2.0,0.0,0.0,0.0,251.0,-1.0,0.0,32.0,0.0,0.0,0.0,0.0,0.0,0.0,0.0,0.0
8080.0,6710.0,3.0,4.0,156.0,220.0,156.0,0.0,52.0,90.06664,185.0,0.0,55.0,88.223206,56035.766,1043.2191,1118.3334,1983.1508,5159.0,141.0,1023.0,511.5,523.9661,882.0,141.0,6231.0,2077.0,2686.3467,5159.0,232.0,0.0,0.0,0.0,0.0,104.0,136.0,447.0939,596.1252,0.0,185.0,47.0,77.56472,6016.2856,0.0,0.0,0.0,1.0,0.0,0.0,0.0,0.0,1.0,53.714287,52.0,55.0,104.0,0.0,0.0,0.0,0.0,0.0,0.0,3.0,156.0,4.0,220.0,64240.0,254.0,1.0,32.0,0.0,0.0,0.0,0.0,0.0,0.0,0.0,0.0
8080.0,907.0,2.0,0.0,0.0,0.0,0.0,0.0,0.0,0.0,0.0,0.0,0.0,0.0,0.0,2205.0718,907.0,0.0,907.0,907.0,907.0,907.0,0.0,907.0,907.0,0.0,0.0,0.0,0.0,0.0,0.0,0.0,0.0,0.0,64.0,0.0,2205.0718,0.0,0.0,0.0,0.0,0.0,0.0,0.0,0.0,0.0,0.0,1.0,0.0,0.0,0.0,0.0,0.0,0.0,0.0,64.0,0.0,0.0,0.0,0.0,0.0,0.0,2.0,0.0,0.0,0.0,251.0,-1.0,0.0,32.0,0.0,0.0,0.0,0.0,0.0,0.0,0.0,0.0
8080.0,4186.0,3.0,4.0,156.0,220.0,156.0,0.0,52.0,90.06664,185.0,0.0,55.0,88.223206,89823.22,1672.2408,697.6667,579.5673,1801.0,243.0,1663.0,831.5,832.2647,1420.0,243.0,3430.0,1143.3334,801.20306,1801.0,251.0,0.0,0.0,0.0,0.0,104.0,136.0,716.6746,955.56616,0.0,185.0,47.0,77.56472,6016.2856,0.0,0.0,0.0,1.0,0.0,0.0,0.0,0.0,1.0,53.714287,52.0,55.0,104.0,0.0,0.0,0.0,0.0,0.0,0.0,3.0,156.0,4.0,220.0,64240.0,254.0,1.0,32.0,0.0,0.0,0.0,0.0,0.0,0.0,0.0,0.0
8080.0,1126.0,2.0,0.0,0.0,0.0,0.0,0.0,0.0,0.0,0.0,0.0,0.0,0.0,0.0,1776.199,1126.0,0.0,1126.0,1126.0,1126.0,1126.0,0.0,1126.0,1126.0,0.0,0.0,0.0,0.0,0.0,0.0,0.0,0.0,0.0,64.0,0.0,1776.199,0.0,0.0,0.0,0.0,0.0,0.0,0.0,0.0,0.0,0.0,1.0,0.0,0.0,0.0,0.0,0.0,0.0,0.0,64.0,0.0,0.0,0.0,0.0,0.0,0.0,2.0,0.0,0.0,0.0,251.0,-1.0,0.0,32.0,0.0,0.0,0.0,0.0,0.0,0.0,0.0,0.0
8080.0,3912.0,3.0,4.0,156.0,220.0,156.0,0.0,52.0,90.06664,185.0,0.0,55.0,88.223206,96114.516,1789.3661,652.0,985.1952,2633.0,0.0,992.0,496.0,513.3595,859.0,133.0,3451.0,1150.3334,1347.5928,2633.0,0.0,0.0,0.0,0.0,0.0,104.0,136.0,766.87115,1022.4949,0.0,185.0,47.0,77.56472,6016.2856,0.0,0.0,0.0,1.0,0.0,0.0,0.0,0.0,1.0,53.714287,52.0,55.0,104.0,0.0,0.0,0.0,0.0,0.0,0.0,3.0,156.0,4.0,220.0,64240.0,254.0,1.0,32.0,0.0,0.0,0.0,0.0,0.0,0.0,0.0,0.0
8080.0,716.0,2.0,0.0,0.0,0.0,0.0,0.0,0.0,0.0,0.0,0.0,0.0,0.0,0.0,2793.2961,716.0,0.0,716.0,716.0,716.0,716.0,0.0,716.0,716.0,0.0,0.0,0.0,0.0,0.0,0.0,0.0,0.0,0.0,64.0,0.0,2793.2961,0.0,0.0,0.0,0.0,0.0,0.0,0.0,0.0,0.0,0.0,1.0,0.0,0.0,0.0,0.0,0.0,0.0,0.0,64.0,0.0,0.0,0.0,0.0,0.0,0.0,2.0,0.0,0.0,0.0,251.0,-1.0,0.0,32.0,0.0,0.0,0.0,0.0,0.0,0.0,0.0,0.0
8080.0,3722.0,3.0,4.0,156.0,220.0,156.0,0.0,52.0,90.06664,185.0,0.0,55.0,88.223206,101020.95,1880.7094,620.3333,634.96606,1760.0,78.0,1553.0,776.5,815.2941,1353.0,200.0,2766.0,922.0,841.01605,1760.0,78.0,0.0,0.0,0.0,0.0,104.0,136.0,806.01825,1074.691,0.0,185.0,47.0,77.56472,6016.2856,0.0,0.0,0.0,1.0,0.0,0.0,0.0,0.0,1.0,53.714287,52.0,55.0,104.0,0.0,0.0,0.0,0.0,0.0,0.0,3.0,156.0,4.0,220.0,64240.0,254.0,1.0,32.0,0.0,0.0,0.0,0.0,0.0,0.0,0.0,0.0
8080.0,611.0,2.0,0.0,0.0,0.0,0.0,0.0,0.0,0.0,0.0,0.0,0.0,0.0,0.0,3273.3225,611.0,0.0,611.0,611.0,611.0,611.0,0.0,611.0,611.0,0.0,0.0,0.0,0.0,0.0,0.0,0.0,0.0,0.0,64.0,0.0,3273.3225,0.0,0.0,0.0,0.0,0.0,0.0,0.0,0.0,0.0,0.0,1.0,0.0,0.0,0.0,0.0,0.0,0.0,0.0,64.0,0.0,0.0,0.0,0.0,0.0,0.0,2.0,0.0,0.0,0.0,251.0,-1.0,0.0,32.0,0.0,0.0,0.0,0.0,0.0,0.0,0.0,0.0
8080.0,3300.0,3.0,4.0,156.0,220.0,156.0,0.0,52.0,90.06664,185.0,0.0,55.0,88.223206,113939.39,2121.2122,550.0,398.88644,1173.0,1.0,1544.0,772.0,731.14844,1289.0,255.0,2663.0,887.6667,783.9626,1489.0,1.0,0.0,0.0,0.0,0.0,104.0,136.0,909.0909,1212.1212,0.0,185.0,47.0,77.56472,6016.2856,0.0,0.0,0.0,1.0,0.0,0.0,0.0,0.0,1.0,53.714287,52.0,55.0,104.0,0.0,0.0,0.0,0.0,0.0,0.0,3.0,156.0,4.0,220.0,64240.0,254.0,1.0,32.0,0.0,0.0,0.0,0.0,0.0,0.0,0.0,0.0
8080.0,954.0,2.0,0.0,0.0,0.0,0.0,0.0,0.0,0.0,0.0,0.0,0.0,0.0,0.0,2096.436,954.0,0.0,954.0,954.0,954.0,954.0,0.0,954.0,954.0,0.0,0.0,0.0,0.0,0.0,0.0,0.0,0.0,0.0,64.0,0.0,2096.436,0.0,0.0,0.0,0.0,0.0,0.0,0.0,0.0,0.0,0.0,1.0,0.0,0.0,0.0,0.0,0.0,0.0,0.0,64.0,0.0,0.0,0.0,0.0,0.0,0.0,2.0,0.0,0.0,0.0,251.0,-1.0,0.0,32.0,0.0,0.0,0.0,0.0,0.0,0.0,0.0,0.0
8080.0,5418.0,3.0,4.0,156.0,220.0,156.0,0.0,52.0,90.06664,185.0,0.0,55.0,88.223206,69398.305,1291.9896,903.0,1250.3496,3395.0,1.0,1240.0,620.0,561.4428,1017.0,223.0,4860.0,1620.0,1702.3693,3395.0,1.0,0.0,0.0,0.0,0.0,104.0,136.0,553.70984,738.2798,0.0,185.0,47.0,77.56472,6016.2856,0.0,0.0,0.0,1.0,0.0,0.0,0.0,0.0,1.0,53.714287,52.0,55.0,104.0,0.0,0.0,0.0,0.0,0.0,0.0,3.0,156.0,4.0,220.0,64240.0,254.0,1.0,32.0,0.0,0.0,0.0,0.0,0.0,0.0,0.0,0.0
8080.0,970.0,2.0,0.0,0.0,0.0,0.0,0.0,0.0,0.0,0.0,0.0,0.0,0.0,0.0,2061.8557,970.0,0.0,970.0,970.0,970.0,970.0,0.0,970.0,970.0,0.0,0.0,0.0,0.0,0.0,0.0,0.0,0.0,0.0,64.0,0.0,2061.8557,0.0,0.0,0.0,0.0,0.0,0.0,0.0,0.0,0.0,0.0,1.0,0.0,0.0,0.0,0.0,0.0,0.0,0.0,64.0,0.0,0.0,0.0,0.0,0.0,0.0,2.0,0.0,0.0,0.0,251.0,-1.0,0.0,32.0,0.0,0.0,0.0,0.0,0.0,0.0,0.0,0.0
8080.0,3097.0,3.0,4.0,156.0,220.0,156.0,0.0,52.0,90.06664,185.0,0.0,55.0,88.223206,121407.81,2260.252,516.1667,509.43082,1440.0,0.0,1398.0,699.0,701.44995,1195.0,203.0,2511.0,837.0,747.9753,1440.0,0.0,0.0,0.0,0.0,0.0,104.0,136.0,968.6794,1291.5725,0.0,185.0,47.0,77.56472,6016.2856,0.0,0.0,0.0,1.0,0.0,0.0,0.0,0.0,1.0,53.714287,52.0,55.0,104.0,0.0,0.0,0.0,0.0,0.0,0.0,3.0,156.0,4.0,220.0,64240.0,254.0,1.0,32.0,0.0,0.0,0.0,0.0,0.0,0.0,0.0,0.0
8080.0,720.0,2.0,0.0,0.0,0.0,0.0,0.0,0.0,0.0,0.0,0.0,0.0,0.0,0.0,2777.7778,720.0,0.0,720.0,720.0,720.0,720.0,0.0,720.0,720.0,0.0,0.0,0.0,0.0,0.0,0.0,0.0,0.0,0.0,64.0,0.0,2777.7778,0.0,0.0,0.0,0.0,0.0,0.0,0.0,0.0,0.0,0.0,1.0,0.0,0.0,0.0,0.0,0.0,0.0,0.0,64.0,0.0,0.0,0.0,0.0,0.0,0.0,2.0,0.0,0.0,0.0,251.0,-1.0,0.0,32.0,0.0,0.0,0.0,0.0,0.0,0.0,0.0,0.0
8080.0,8615.0,3.0,4.0,156.0,220.0,156.0,0.0,52.0,90.06664,185.0,0.0,55.0,88.223206,43644.805,812.53625,1435.8334,832.38293,2578.0,380.0,4111.0,2055.5,738.9266,2578.0,1533.0,7462.0,2487.3333,2079.9968,4775.0,710.0,0.0,0.0,0.0,0.0,104.0,136.0,348.22983,464.30643,0.0,185.0,47.0,77.56472,6016.2856,0.0,0.0,0.0,1.0,0.0,0.0,0.0,0.0,1.0,53.714287,52.0,55.0,104.0,0.0,0.0,0.0,0.0,0.0,0.0,3.0,156.0,4.0,220.0,64240.0,254.0,1.0,32.0,0.0,0.0,0.0,0.0,0.0,0.0,0.0,0.0
8080.0,761.0,2.0,0.0,0.0,0.0,0.0,0.0,0.0,0.0,0.0,0.0,0.0,0.0,0.0,2628.1208,761.0,0.0,761.0,761.0,761.0,761.0,0.0,761.0,761.0,0.0,0.0,0.0,0.0,0.0,0.0,0.0,0.0,0.0,64.0,0.0,2628.1208,0.0,0.0,0.0,0.0,0.0,0.0,0.0,0.0,0.0,0.0,1.0,0.0,0.0,0.0,0.0,0.0,0.0,0.0,64.0,0.0,0.0,0.0,0.0,0.0,0.0,2.0,0.0,0.0,0.0,251.0,-1.0,0.0,32.0,0.0,0.0,0.0,0.0,0.0,0.0,0.0,0.0
8080.0,9599.0,3.0,4.0,156.0,220.0,156.0,0.0,52.0,90.06664,185.0,0.0,55.0,88.223206,39170.746,729.2426,1599.8334,2556.0981,6787.0,137.0,1992.0,996.0,922.06726,1648.0,344.0,8769.0,2923.0,3453.5762,6787.0,137.0,0.0,0.0,0.0,0.0,104.0,136.0,312.53256,416.71008,0.0,185.0,47.0,77.56472,6016.2856,0.0,0.0,0.0,1.0,0.0,0.0,0.0,0.0,1.0,53.714287,52.0,55.0,104.0,0.0,0.0,0.0,0.0,0.0,0.0,3.0,156.0,4.0,220.0,64240.0,254.0,1.0,32.0,0.0,0.0,0.0,0.0,0.0,0.0,0.0,0.0
8080.0,1393.0,2.0,0.0,0.0,0.0,0.0,0.0,0.0,0.0,0.0,0.0,0.0,0.0,0.0,1435.7501,1393.0,0.0,1393.0,1393.0,1393.0,1393.0,0.0,1393.0,1393.0,0.0,0.0,0.0,0.0,0.0,0.0,0.0,0.0,0.0,64.0,0.0,1435.7501,0.0,0.0,0.0,0.0,0.0,0.0,0.0,0.0,0.0,0.0,1.0,0.0,0.0,0.0,0.0,0.0,0.0,0.0,64.0,0.0,0.0,0.0,0.0,0.0,0.0,2.0,0.0,0.0,0.0,251.0,-1.0,0.0,32.0,0.0,0.0,0.0,0.0,0.0,0.0,0.0,0.0
8080.0,7983.0,3.0,4.0,156.0,220.0,156.0,0.0,52.0,90.06664,185.0,0.0,55.0,88.223206,47100.086,876.86334,1330.5,2047.9175,5470.0,89.0,1744.0,872.0,903.6825,1511.0,233.0,7182.0,2394.0,2772.115,5470.0,89.0,0.0,0.0,0.0,0.0,104.0,136.0,375.79858,501.06476,0.0,185.0,47.0,77.56472,6016.2856,0.0,0.0,0.0,1.0,0.0,0.0,0.0,0.0,1.0,53.714287,52.0,55.0,104.0,0.0,0.0,0.0,0.0,0.0,0.0,3.0,156.0,4.0,220.0,64240.0,254.0,1.0,32.0,0.0,0.0,0.0,0.0,0.0,0.0,0.0,0.0
8080.0,1006.0,2.0,0.0,0.0,0.0,0.0,0.0,0.0,0.0,0.0,0.0,0.0,0.0,0.0,1988.0715,1006.0,0.0,1006.0,1006.0,1006.0,1006.0,0.0,1006.0,1006.0,0.0,0.0,0.0,0.0,0.0,0.0,0.0,0.0,0.0,64.0,0.0,1988.0715,0.0,0.0,0.0,0.0,0.0,0.0,0.0,0.0,0.0,0.0,1.0,0.0,0.0,0.0,0.0,0.0,0.0,0.0,64.0,0.0,0.0,0.0,0.0,0.0,0.0,2.0,0.0,0.0,0.0,251.0,-1.0,0.0,32.0,0.0,0.0,0.0,0.0,0.0,0.0,0.0,0.0
8080.0,6049.0,3.0,4.0,156.0,220.0,156.0,0.0,52.0,90.06664,185.0,0.0,55.0,88.223206,62159.035,1157.2161,1008.1667,1046.7032,3067.0,309.0,2149.0,1074.5,965.20074,1757.0,392.0,4944.0,1648.0,1296.9121,3067.0,524.0,0.0,0.0,0.0,0.0,104.0,136.0,495.94974,661.2663,0.0,185.0,47.0,77.56472,6016.2856,0.0,0.0,0.0,1.0,0.0,0.0,0.0,0.0,1.0,53.714287,52.0,55.0,104.0,0.0,0.0,0.0,0.0,0.0,0.0,3.0,156.0,4.0,220.0,64240.0,254.0,1.0,32.0,0.0,0.0,0.0,0.0,0.0,0.0,0.0,0.0
8080.0,885.0,2.0,0.0,0.0,0.0,0.0,0.0,0.0,0.0,0.0,0.0,0.0,0.0,0.0,2259.887,885.0,0.0,885.0,885.0,885.0,885.0,0.0,885.0,885.0,0.0,0.0,0.0,0.0,0.0,0.0,0.0,0.0,0.0,64.0,0.0,2259.887,0.0,0.0,0.0,0.0,0.0,0.0,0.0,0.0,0.0,0.0,1.0,0.0,0.0,0.0,0.0,0.0,0.0,0.0,64.0,0.0,0.0,0.0,0.0,0.0,0.0,2.0,0.0,0.0,0.0,251.0,-1.0,0.0,32.0,0.0,0.0,0.0,0.0,0.0,0.0,0.0,0.0
8080.0,5319.0,3.0,4.0,156.0,220.0,156.0,0.0,52.0,90.06664,185.0,0.0,55.0,88.223206,70689.98,1316.0369,886.5,1075.0579,3044.0,143.0,1379.0,689.5,772.86774,1236.0,143.0,4565.0,1521.6666,1343.8691,3044.0,500.0,0.0,0.0,0.0,0.0,104.0,136.0,564.0158,752.02106,0.0,185.0,47.0,77.56472,6016.2856,0.0,0.0,0.0,1.0,0.0,0.0,0.0,0.0,1.0,53.714287,52.0,55.0,104.0,0.0,0.0,0.0,0.0,0.0,0.0,3.0,156.0,4.0,220.0,64240.0,254.0,1.0,32.0,0.0,0.0,0.0,0.0,0.0,0.0,0.0,0.0
8080.0,753.0,2.0,0.0,0.0,0.0,0.0,0.0,0.0,0.0,0.0,0.0,0.0,0.0,0.0,2656.0425,753.0,0.0,753.0,753.0,753.0,753.0,0.0,753.0,753.0,0.0,0.0,0.0,0.0,0.0,0.0,0.0,0.0,0.0,64.0,0.0,2656.0425,0.0,0.0,0.0,0.0,0.0,0.0,0.0,0.0,0.0,0.0,1.0,0.0,0.0,0.0,0.0,0.0,0.0,0.0,64.0,0.0,0.0,0.0,0.0,0.0,0.0,2.0,0.0,0.0,0.0,251.0,-1.0,0.0,32.0,0.0,0.0,0.0,0.0,0.0,0.0,0.0,0.0
8080.0,7052.0,3.0,4.0,156.0,220.0,156.0,0.0,52.0,90.06664,185.0,0.0,55.0,88.223206,53318.207,992.6262,1175.3334,1897.41,5008.0,1.0,1595.0,797.5,730.4413,1314.0,281.0,6577.0,2192.3333,2561.2217,5008.0,1.0,0.0,0.0,0.0,0.0,104.0,136.0,425.41122,567.21497,0.0,185.0,47.0,77.56472,6016.2856,0.0,0.0,0.0,1.0,0.0,0.0,0.0,0.0,1.0,53.714287,52.0,55.0,104.0,0.0,0.0,0.0,0.0,0.0,0.0,3.0,156.0,4.0,220.0,64240.0,254.0,1.0,32.0,0.0,0.0,0.0,0.0,0.0,0.0,0.0,0.0
8080.0,1253.0,2.0,0.0,0.0,0.0,0.0,0.0,0.0,0.0,0.0,0.0,0.0,0.0,0.0,1596.1692,1253.0,0.0,1253.0,1253.0,1253.0,1253.0,0.0,1253.0,1253.0,0.0,0.0,0.0,0.0,0.0,0.0,0.0,0.0,0.0,64.0,0.0,1596.1692,0.0,0.0,0.0,0.0,0.0,0.0,0.0,0.0,0.0,0.0,1.0,0.0,0.0,0.0,0.0,0.0,0.0,0.0,64.0,0.0,0.0,0.0,0.0,0.0,0.0,2.0,0.0,0.0,0.0,251.0,-1.0,0.0,32.0,0.0,0.0,0.0,0.0,0.0,0.0,0.0,0.0
8080.0,3293.0,3.0,4.0,156.0,220.0,156.0,0.0,52.0,90.06664,185.0,0.0,55.0,88.223206,114181.59,2125.7212,548.8333,447.87384,1279.0,0.0,1680.0,840.0,790.5454,1399.0,281.0,2542.0,847.3333,733.8558,1279.0,0.0,0.0,0.0,0.0,0.0,104.0,136.0,911.0234,1214.6979,0.0,185.0,47.0,77.56472,6016.2856,0.0,0.0,0.0,1.0,0.0,0.0,0.0,0.0,1.0,53.714287,52.0,55.0,104.0,0.0,0.0,0.0,0.0,0.0,0.0,3.0,156.0,4.0,220.0,64240.0,254.0,1.0,32.0,0.0,0.0,0.0,0.0,0.0,0.0,0.0,0.0
8080.0,837.0,2.0,0.0,0.0,0.0,0.0,0.0,0.0,0.0,0.0,0.0,0.0,0.0,0.0,2389.4863,837.0,0.0,837.0,837.0,837.0,837.0,0.0,837.0,837.0,0.0,0.0,0.0,0.0,0.0,0.0,0.0,0.0,0.0,64.0,0.0,2389.4863,0.0,0.0,0.0,0.0,0.0,0.0,0.0,0.0,0.0,0.0,1.0,0.0,0.0,0.0,0.0,0.0,0.0,0.0,64.0,0.0,0.0,0.0,0.0,0.0,0.0,2.0,0.0,0.0,0.0,251.0,-1.0,0.0,32.0,0.0,0.0,0.0,0.0,0.0,0.0,0.0,0.0
8080.0,4371.0,3.0,4.0,156.0,220.0,156.0,0.0,52.0,90.06664,185.0,0.0,55.0,88.223206,86021.51,1601.4642,728.5,777.79346,2289.0,168.0,1313.0,656.5,347.18942,902.0,411.0,3873.0,1291.0,1066.0107,2289.0,168.0,0.0,0.0,0.0,0.0,104.0,136.0,686.3418,915.1224,0.0,185.0,47.0,77.56472,6016.2856,0.0,0.0,0.0,1.0,0.0,0.0,0.0,0.0,1.0,53.714287,52.0,55.0,104.0,0.0,0.0,0.0,0.0,0.0,0.0,3.0,156.0,4.0,220.0,64240.0,254.0,1.0,32.0,0.0,0.0,0.0,0.0,0.0,0.0,0.0,0.0
8080.0,730.0,2.0,0.0,0.0,0.0,0.0,0.0,0.0,0.0,0.0,0.0,0.0,0.0,0.0,2739.726,730.0,0.0,730.0,730.0,730.0,730.0,0.0,730.0,730.0,0.0,0.0,0.0,0.0,0.0,0.0,0.0,0.0,0.0,64.0,0.0,2739.726,0.0,0.0,0.0,0.0,0.0,0.0,0.0,0.0,0.0,0.0,1.0,0.0,0.0,0.0,0.0,0.0,0.0,0.0,64.0,0.0,0.0,0.0,0.0,0.0,0.0,2.0,0.0,0.0,0.0,251.0,-1.0,0.0,32.0,0.0,0.0,0.0,0.0,0.0,0.0,0.0,0.0
8080.0,9043.0,3.0,4.0,156.0,220.0,156.0,0.0,52.0,90.06664,185.0,0.0,55.0,88.223206,41579.12,774.0794,1507.1666,2361.7644,6283.0,1.0,2003.0,1001.5,894.49005,1634.0,369.0,8216.0,2738.6667,3217.75,6283.0,1.0,0.0,0.0,0.0,0.0,104.0,136.0,331.74832,442.3311,0.0,185.0,47.0,77.56472,6016.2856,0.0,0.0,0.0,1.0,0.0,0.0,0.0,0.0,1.0,53.714287,52.0,55.0,104.0,0.0,0.0,0.0,0.0,0.0,0.0,3.0,156.0,4.0,220.0,64240.0,254.0,1.0,32.0,0.0,0.0,0.0,0.0,0.0,0.0,0.0,0.0
8080.0,920.0,2.0,0.0,0.0,0.0,0.0,0.0,0.0,0.0,0.0,0.0,0.0,0.0,0.0,2173.913,920.0,0.0,920.0,920.0,920.0,920.0,0.0,920.0,920.0,0.0,0.0,0.0,0.0,0.0,0.0,0.0,0.0,0.0,64.0,0.0,2173.913,0.0,0.0,0.0,0.0,0.0,0.0,0.0,0.0,0.0,0.0,1.0,0.0,0.0,0.0,0.0,0.0,0.0,0.0,64.0,0.0,0.0,0.0,0.0,0.0,0.0,2.0,0.0,0.0,0.0,251.0,-1.0,0.0,32.0,0.0,0.0,0.0,0.0,0.0,0.0,0.0,0.0
8080.0,4284.0,3.0,4.0,156.0,220.0,156.0,0.0,52.0,90.06664,185.0,0.0,55.0,88.223206,87768.44,1633.9869,714.0,754.8404,2053.0,119.0,1856.0,928.0,1016.8196,1647.0,209.0,3134.0,1044.6666,969.6465,2053.0,119.0,0.0,0.0,0.0,0.0,104.0,136.0,700.2801,933.7068,0.0,185.0,47.0,77.56472,6016.2856,0.0,0.0,0.0,1.0,0.0,0.0,0.0,0.0,1.0,53.714287,52.0,55.0,104.0,0.0,0.0,0.0,0.0,0.0,0.0,3.0,156.0,4.0,220.0,64240.0,254.0,1.0,32.0,0.0,0.0,0.0,0.0,0.0,0.0,0.0,0.0
8080.0,550.0,2.0,0.0,0.0,0.0,0.0,0.0,0.0,0.0,0.0,0.0,0.0,0.0,0.0,3636.3635,550.0,0.0,550.0,550.0,550.0,550.0,0.0,550.0,550.0,0.0,0.0,0.0,0.0,0.0,0.0,0.0,0.0,0.0,64.0,0.0,3636.3635,0.0,0.0,0.0,0.0,0.0,0.0,0.0,0.0,0.0,0.0,1.0,0.0,0.0,0.0,0.0,0.0,0.0,0.0,64.0,0.0,0.0,0.0,0.0,0.0,0.0,2.0,0.0,0.0,0.0,251.0,-1.0,0.0,32.0,0.0,0.0,0.0,0.0,0.0,0.0,0.0,0.0
8080.0,4967.0,3.0,4.0,156.0,220.0,156.0,0.0,52.0,90.06664,185.0,0.0,55.0,88.223206,75699.62,1409.3014,827.8333,723.3374,2102.0,1.0,2114.0,1057.0,1081.8734,1822.0,292.0,4025.0,1341.6666,1164.5344,2102.0,1.0,0.0,0.0,0.0,0.0,104.0,136.0,603.9863,805.31506,0.0,185.0,47.0,77.56472,6016.2856,0.0,0.0,0.0,1.0,0.0,0.0,0.0,0.0,1.0,53.714287,52.0,55.0,104.0,0.0,0.0,0.0,0.0,0.0,0.0,3.0,156.0,4.0,220.0,64240.0,254.0,1.0,32.0,0.0,0.0,0.0,0.0,0.0,0.0,0.0,0.0
8080.0,933.0,2.0,0.0,0.0,0.0,0.0,0.0,0.0,0.0,0.0,0.0,0.0,0.0,0.0,2143.6228,933.0,0.0,933.0,933.0,933.0,933.0,0.0,933.0,933.0,0.0,0.0,0.0,0.0,0.0,0.0,0.0,0.0,0.0,64.0,0.0,2143.6228,0.0,0.0,0.0,0.0,0.0,0.0,0.0,0.0,0.0,0.0,1.0,0.0,0.0,0.0,0.0,0.0,0.0,0.0,64.0,0.0,0.0,0.0,0.0,0.0,0.0,2.0,0.0,0.0,0.0,251.0,-1.0,0.0,32.0,0.0,0.0,0.0,0.0,0.0,0.0,0.0,0.0
8080.0,5646.0,3.0,4.0,156.0,220.0,156.0,0.0,52.0,90.06664,185.0,0.0,55.0,88.223206,66595.82,1239.8158,941.0,972.8646,2863.0,265.0,1911.0,955.5,976.51447,1646.0,265.0,4769.0,1589.6666,1282.0879,2863.0,299.0,0.0,0.0,0.0,0.0,104.0,136.0,531.3496,708.4662,0.0,185.0,47.0,77.56472,6016.2856,0.0,0.0,0.0,1.0,0.0,0.0,0.0,0.0,1.0,53.714287,52.0,55.0,104.0,0.0,0.0,0.0,0.0,0.0,0.0,3.0,156.0,4.0,220.0,64240.0,254.0,1.0,32.0,0.0,0.0,0.0,0.0,0.0,0.0,0.0,0.0
8080.0,1260.0,2.0,0.0,0.0,0.0,0.0,0.0,0.0,0.0,0.0,0.0,0.0,0.0,0.0,1587.3016,1260.0,0.0,1260.0,1260.0,1260.0,1260.0,0.0,1260.0,1260.0,0.0,0.0,0.0,0.0,0.0,0.0,0.0,0.0,0.0,64.0,0.0,1587.3016,0.0,0.0,0.0,0.0,0.0,0.0,0.0,0.0,0.0,0.0,1.0,0.0,0.0,0.0,0.0,0.0,0.0,0.0,64.0,0.0,0.0,0.0,0.0,0.0,0.0,2.0,0.0,0.0,0.0,251.0,-1.0,0.0,32.0,0.0,0.0,0.0,0.0,0.0,0.0,0.0,0.0
8080.0,3723.0,3.0,4.0,156.0,220.0,156.0,0.0,52.0,90.06664,185.0,0.0,55.0,88.223206,100993.82,1880.2041,620.5,337.36316,919.0,0.0,2109.0,1054.5,787.0098,1611.0,498.0,2863.0,954.3333,972.4815,1944.0,0.0,0.0,0.0,0.0,0.0,104.0,136.0,805.80176,1074.4023,0.0,185.0,47.0,77.56472,6016.2856,0.0,0.0,0.0,1.0,0.0,0.0,0.0,0.0,1.0,53.714287,52.0,55.0,104.0,0.0,0.0,0.0,0.0,0.0,0.0,3.0,156.0,4.0,220.0,64240.0,254.0,1.0,32.0,0.0,0.0,0.0,0.0,0.0,0.0,0.0,0.0
8080.0,1173.0,2.0,0.0,0.0,0.0,0.0,0.0,0.0,0.0,0.0,0.0,0.0,0.0,0.0,1705.0298,1173.0,0.0,1173.0,1173.0,1173.0,1173.0,0.0,1173.0,1173.0,0.0,0.0,0.0,0.0,0.0,0.0,0.0,0.0,0.0,64.0,0.0,1705.0298,0.0,0.0,0.0,0.0,0.0,0.0,0.0,0.0,0.0,0.0,1.0,0.0,0.0,0.0,0.0,0.0,0.0,0.0,64.0,0.0,0.0,0.0,0.0,0.0,0.0,2.0,0.0,0.0,0.0,251.0,-1.0,0.0,32.0,0.0,0.0,0.0,0.0,0.0,0.0,0.0,0.0
8080.0,3901.0,3.0,4.0,156.0,220.0,156.0,0.0,52.0,90.06664,185.0,0.0,55.0,88.223206,96385.54,1794.4117,650.1667,692.2102,2017.0,201.0,1327.0,663.5,654.0738,1126.0,201.0,3207.0,1069.0,879.7068,2017.0,279.0,0.0,0.0,0.0,0.0,104.0,136.0,769.03357,1025.378,0.0,185.0,47.0,77.56472,6016.2856,0.0,0.0,0.0,1.0,0.0,0.0,0.0,0.0,1.0,53.714287,52.0,55.0,104.0,0.0,0.0,0.0,0.0,0.0,0.0,3.0,156.0,4.0,220.0,64240.0,254.0,1.0,32.0,0.0,0.0,0.0,0.0,0.0,0.0,0.0,0.0
8080.0,908.0,2.0,0.0,0.0,0.0,0.0,0.0,0.0,0.0,0.0,0.0,0.0,0.0,0.0,2202.643,908.0,0.0,908.0,908.0,908.0,908.0,0.0,908.0,908.0,0.0,0.0,0.0,0.0,0.0,0.0,0.0,0.0,0.0,64.0,0.0,2202.643,0.0,0.0,0.0,0.0,0.0,0.0,0.0,0.0,0.0,0.0,1.0,0.0,0.0,0.0,0.0,0.0,0.0,0.0,64.0,0.0,0.0,0.0,0.0,0.0,0.0,2.0,0.0,0.0,0.0,251.0,-1.0,0.0,32.0,0.0,0.0,0.0,0.0,0.0,0.0,0.0,0.0
8080.0,3429.0,3.0,4.0,156.0,220.0,156.0,0.0,52.0,90.06664,185.0,0.0,55.0,88.223206,109652.96,2041.4115,571.5,538.597,1565.0,0.0,1305.0,652.5,605.99054,1081.0,224.0,2805.0,935.0,825.8783,1565.0,0.0,0.0,0.0,0.0,0.0,104.0,136.0,874.8906,1166.5209,0.0,185.0,47.0,77.56472,6016.2856,0.0,0.0,0.0,1.0,0.0,0.0,0.0,0.0,1.0,53.714287,52.0,55.0,104.0,0.0,0.0,0.0,0.0,0.0,0.0,3.0,156.0,4.0,220.0,64240.0,254.0,1.0,32.0,0.0,0.0,0.0,0.0,0.0,0.0,0.0,0.0
8080.0,991.0,2.0,0.0,0.0,0.0,0.0,0.0,0.0,0.0,0.0,0.0,0.0,0.0,0.0,2018.1635,991.0,0.0,991.0,991.0,991.0,991.0,0.0,991.0,991.0,0.0,0.0,0.0,0.0,0.0,0.0,0.0,0.0,0.0,64.0,0.0,2018.1635,0.0,0.0,0.0,0.0,0.0,0.0,0.0,0.0,0.0,0.0,1.0,0.0,0.0,0.0,0.0,0.0,0.0,0.0,64.0,0.0,0.0,0.0,0.0,0.0,0.0,2.0,0.0,0.0,0.0,251.0,-1.0,0.0,32.0,0.0,0.0,0.0,0.0,0.0,0.0,0.0,0.0
8080.0,7040.0,3.0,4.0,156.0,220.0,156.0,0.0,52.0,90.06664,185.0,0.0,55.0,88.223206,53409.09,994.3182,1173.3334,2277.541,5812.0,0.0,893.0,446.5,437.6991,756.0,137.0,6654.0,2218.0,3140.8386,5812.0,0.0,0.0,0.0,0.0,0.0,104.0,136.0,426.13635,568.1818,0.0,185.0,47.0,77.56472,6016.2856,0.0,0.0,0.0,1.0,0.0,0.0,0.0,0.0,1.0,53.714287,52.0,55.0,104.0,0.0,0.0,0.0,0.0,0.0,0.0,3.0,156.0,4.0,220.0,64240.0,254.0,1.0,32.0,0.0,0.0,0.0,0.0,0.0,0.0,0.0,0.0
8080.0,667.0,2.0,0.0,0.0,0.0,0.0,0.0,0.0,0.0,0.0,0.0,0.0,0.0,0.0,2998.5007,667.0,0.0,667.0,667.0,667.0,667.0,0.0,667.0,667.0,0.0,0.0,0.0,0.0,0.0,0.0,0.0,0.0,0.0,64.0,0.0,2998.5007,0.0,0.0,0.0,0.0,0.0,0.0,0.0,0.0,0.0,0.0,1.0,0.0,0.0,0.0,0.0,0.0,0.0,0.0,64.0,0.0,0.0,0.0,0.0,0.0,0.0,2.0,0.0,0.0,0.0,251.0,-1.0,0.0,32.0,0.0,0.0,0.0,0.0,0.0,0.0,0.0,0.0
8080.0,9289.0,3.0,4.0,156.0,220.0,156.0,0.0,52.0,90.06664,185.0,0.0,55.0,88.223206,40477.984,753.5795,1548.1666,2424.9958,6452.0,1.0,2190.0,1095.0,920.653,1746.0,444.0,8324.0,2774.6667,3319.0828,6452.0,1.0,0.0,0.0,0.0,0.0,104.0,136.0,322.96265,430.61685,0.0,185.0,47.0,77.56472,6016.2856,0.0,0.0,0.0,1.0,0.0,0.0,0.0,0.0,1.0,53.714287,52.0,55.0,104.0,0.0,0.0,0.0,0.0,0.0,0.0,3.0,156.0,4.0,220.0,64240.0,254.0,1.0,32.0,0.0,0.0,0.0,0.0,0.0,0.0,0.0,0.0
8080.0,949.0,2.0,0.0,0.0,0.0,0.0,0.0,0.0,0.0,0.0,0.0,0.0,0.0,0.0,2107.4814,949.0,0.0,949.0,949.0,949.0,949.0,0.0,949.0,949.0,0.0,0.0,0.0,0.0,0.0,0.0,0.0,0.0,0.0,64.0,0.0,2107.4814,0.0,0.0,0.0,0.0,0.0,0.0,0.0,0.0,0.0,0.0,1.0,0.0,0.0,0.0,0.0,0.0,0.0,0.0,64.0,0.0,0.0,0.0,0.0,0.0,0.0,2.0,0.0,0.0,0.0,251.0,-1.0,0.0,32.0,0.0,0.0,0.0,0.0,0.0,0.0,0.0,0.0
8080.0,4456.0,3.0,4.0,156.0,220.0,156.0,0.0,52.0,90.06664,185.0,0.0,55.0,88.223206,84380.61,1570.9156,742.6667,1076.1154,2905.0,0.0,1214.0,607.0,557.20013,1001.0,213.0,3971.0,1323.6666,1469.5409,2905.0,0.0,0.0,0.0,0.0,0.0,104.0,136.0,673.2496,897.6661,0.0,185.0,47.0,77.56472,6016.2856,0.0,0.0,0.0,1.0,0.0,0.0,0.0,0.0,1.0,53.714287,52.0,55.0,104.0,0.0,0.0,0.0,0.0,0.0,0.0,3.0,156.0,4.0,220.0,64240.0,254.0,1.0,32.0,0.0,0.0,0.0,0.0,0.0,0.0,0.0,0.0
8080.0,1088.0,2.0,0.0,0.0,0.0,0.0,0.0,0.0,0.0,0.0,0.0,0.0,0.0,0.0,1838.2354,1088.0,0.0,1088.0,1088.0,1088.0,1088.0,0.0,1088.0,1088.0,0.0,0.0,0.0,0.0,0.0,0.0,0.0,0.0,0.0,64.0,0.0,1838.2354,0.0,0.0,0.0,0.0,0.0,0.0,0.0,0.0,0.0,0.0,1.0,0.0,0.0,0.0,0.0,0.0,0.0,0.0,64.0,0.0,0.0,0.0,0.0,0.0,0.0,2.0,0.0,0.0,0.0,251.0,-1.0,0.0,32.0,0.0,0.0,0.0,0.0,0.0,0.0,0.0,0.0
8080.0,2899.0,3.0,4.0,156.0,220.0,156.0,0.0,52.0,90.06664,185.0,0.0,55.0,88.223206,129699.9,2414.6257,483.16666,454.5404,1341.0,0.0,1184.0,592.0,424.26407,892.0,292.0,2532.0,844.0,734.76324,1341.0,0.0,0.0,0.0,0.0,0.0,104.0,136.0,1034.8396,1379.7861,0.0,185.0,47.0,77.56472,6016.2856,0.0,0.0,0.0,1.0,0.0,0.0,0.0,0.0,1.0,53.714287,52.0,55.0,104.0,0.0,0.0,0.0,0.0,0.0,0.0,3.0,156.0,4.0,220.0,64240.0,254.0,1.0,32.0,0.0,0.0,0.0,0.0,0.0,0.0,0.0,0.0
8080.0,550.0,2.0,0.0,0.0,0.0,0.0,0.0,0.0,0.0,0.0,0.0,0.0,0.0,0.0,3636.3635,550.0,0.0,550.0,550.0,550.0,550.0,0.0,550.0,550.0,0.0,0.0,0.0,0.0,0.0,0.0,0.0,0.0,0.0,64.0,0.0,3636.3635,0.0,0.0,0.0,0.0,0.0,0.0,0.0,0.0,0.0,0.0,1.0,0.0,0.0,0.0,0.0,0.0,0.0,0.0,64.0,0.0,0.0,0.0,0.0,0.0,0.0,2.0,0.0,0.0,0.0,251.0,-1.0,0.0,32.0,0.0,0.0,0.0,0.0,0.0,0.0,0.0,0.0
8080.0,2838.0,3.0,4.0,156.0,220.0,156.0,0.0,52.0,90.06664,185.0,0.0,55.0,88.223206,132487.67,2466.5256,473.0,527.0928,1525.0,98.0,842.0,421.0,362.03867,677.0,165.0,2480.0,826.6667,713.9834,1525.0,98.0,0.0,0.0,0.0,0.0,104.0,136.0,1057.0824,1409.4432,0.0,185.0,47.0,77.56472,6016.2856,0.0,0.0,0.0,1.0,0.0,0.0,0.0,0.0,1.0,53.714287,52.0,55.0,104.0,0.0,0.0,0.0,0.0,0.0,0.0,3.0,156.0,4.0,220.0,64240.0,254.0,1.0,32.0,0.0,0.0,0.0,0.0,0.0,0.0,0.0,0.0
8080.0,594.0,2.0,0.0,0.0,0.0,0.0,0.0,0.0,0.0,0.0,0.0,0.0,0.0,0.0,3367.0034,594.0,0.0,594.0,594.0,594.0,594.0,0.0,594.0,594.0,0.0,0.0,0.0,0.0,0.0,0.0,0.0,0.0,0.0,64.0,0.0,3367.0034,0.0,0.0,0.0,0.0,0.0,0.0,0.0,0.0,0.0,0.0,1.0,0.0,0.0,0.0,0.0,0.0,0.0,0.0,64.0,0.0,0.0,0.0,0.0,0.0,0.0,2.0,0.0,0.0,0.0,251.0,-1.0,0.0,32.0,0.0,0.0,0.0,0.0,0.0,0.0,0.0,0.0
8080.0,9018.0,3.0,4.0,156.0,220.0,156.0,0.0,52.0,90.06664,185.0,0.0,55.0,88.223206,41694.39,776.22534,1503.0,1745.5758,4786.0,0.0,3674.0,1837.0,2060.5093,3294.0,380.0,7406.0,2468.6667,2396.5862,4786.0,0.0,0.0,0.0,0.0,0.0,104.0,136.0,332.668,443.55734,0.0,185.0,47.0,77.56472,6016.2856,0.0,0.0,0.0,1.0,0.0,0.0,0.0,0.0,1.0,53.714287,52.0,55.0,104.0,0.0,0.0,0.0,0.0,0.0,0.0,3.0,156.0,4.0,220.0,64240.0,254.0,1.0,32.0,0.0,0.0,0.0,0.0,0.0,0.0,0.0,0.0
8080.0,585.0,2.0,0.0,0.0,0.0,0.0,0.0,0.0,0.0,0.0,0.0,0.0,0.0,0.0,3418.8035,585.0,0.0,585.0,585.0,585.0,585.0,0.0,585.0,585.0,0.0,0.0,0.0,0.0,0.0,0.0,0.0,0.0,0.0,64.0,0.0,3418.8035,0.0,0.0,0.0,0.0,0.0,0.0,0.0,0.0,0.0,0.0,1.0,0.0,0.0,0.0,0.0,0.0,0.0,0.0,64.0,0.0,0.0,0.0,0.0,0.0,0.0,2.0,0.0,0.0,0.0,251.0,-1.0,0.0,32.0,0.0,0.0,0.0,0.0,0.0,0.0,0.0,0.0
8080.0,4403.0,3.0,4.0,156.0,220.0,156.0,0.0,52.0,90.06664,185.0,0.0,55.0,88.223206,85396.32,1589.8251,733.8333,850.93066,2416.0,0.0,1378.0,689.0,393.15137,967.0,411.0,3860.0,1286.6666,1215.66,2416.0,0.0,0.0,0.0,0.0,0.0,104.0,136.0,681.35364,908.4715,0.0,185.0,47.0,77.56472,6016.2856,0.0,0.0,0.0,1.0,0.0,0.0,0.0,0.0,1.0,53.714287,52.0,55.0,104.0,0.0,0.0,0.0,0.0,0.0,0.0,3.0,156.0,4.0,220.0,64240.0,254.0,1.0,32.0,0.0,0.0,0.0,0.0,0.0,0.0,0.0,0.0
8080.0,686.0,2.0,0.0,0.0,0.0,0.0,0.0,0.0,0.0,0.0,0.0,0.0,0.0,0.0,2915.452,686.0,0.0,686.0,686.0,686.0,686.0,0.0,686.0,686.0,0.0,0.0,0.0,0.0,0.0,0.0,0.0,0.0,0.0,64.0,0.0,2915.452,0.0,0.0,0.0,0.0,0.0,0.0,0.0,0.0,0.0,0.0,1.0,0.0,0.0,0.0,0.0,0.0,0.0,0.0,64.0,0.0,0.0,0.0,0.0,0.0,0.0,2.0,0.0,0.0,0.0,251.0,-1.0,0.0,32.0,0.0,0.0,0.0,0.0,0.0,0.0,0.0,0.0
8080.0,4407.0,3.0,4.0,156.0,220.0,156.0,0.0,52.0,90.06664,185.0,0.0,55.0,88.223206,85318.81,1588.3821,734.5,952.75574,2630.0,1.0,1371.0,685.5,621.5469,1125.0,246.0,3818.0,1272.6666,1316.5919,2630.0,1.0,0.0,0.0,0.0,0.0,104.0,136.0,680.73517,907.6469,0.0,185.0,47.0,77.56472,6016.2856,0.0,0.0,0.0,1.0,0.0,0.0,0.0,0.0,1.0,53.714287,52.0,55.0,104.0,0.0,0.0,0.0,0.0,0.0,0.0,3.0,156.0,4.0,220.0,64240.0,254.0,1.0,32.0,0.0,0.0,0.0,0.0,0.0,0.0,0.0,0.0
8080.0,737.0,2.0,0.0,0.0,0.0,0.0,0.0,0.0,0.0,0.0,0.0,0.0,0.0,0.0,2713.704,737.0,0.0,737.0,737.0,737.0,737.0,0.0,737.0,737.0,0.0,0.0,0.0,0.0,0.0,0.0,0.0,0.0,0.0,64.0,0.0,2713.704,0.0,0.0,0.0,0.0,0.0,0.0,0.0,0.0,0.0,0.0,1.0,0.0,0.0,0.0,0.0,0.0,0.0,0.0,64.0,0.0,0.0,0.0,0.0,0.0,0.0,2.0,0.0,0.0,0.0,251.0,-1.0,0.0,32.0,0.0,0.0,0.0,0.0,0.0,0.0,0.0,0.0
8080.0,4101.0,3.0,4.0,156.0,220.0,156.0,0.0,52.0,90.06664,185.0,0.0,55.0,88.223206,91684.95,1706.9008,683.5,753.7779,2127.0,0.0,1254.0,627.0,571.3423,1031.0,223.0,3485.0,1161.6666,1077.0062,2127.0,0.0,0.0,0.0,0.0,0.0,104.0,136.0,731.5289,975.3719,0.0,185.0,47.0,77.56472,6016.2856,0.0,0.0,0.0,1.0,0.0,0.0,0.0,0.0,1.0,53.714287,52.0,55.0,104.0,0.0,0.0,0.0,0.0,0.0,0.0,3.0,156.0,4.0,220.0,64240.0,254.0,1.0,32.0,0.0,0.0,0.0,0.0,0.0,0.0,0.0,0.0
8080.0,674.0,2.0,0.0,0.0,0.0,0.0,0.0,0.0,0.0,0.0,0.0,0.0,0.0,0.0,2967.3591,674.0,0.0,674.0,674.0,674.0,674.0,0.0,674.0,674.0,0.0,0.0,0.0,0.0,0.0,0.0,0.0,0.0,0.0,64.0,0.0,2967.3591,0.0,0.0,0.0,0.0,0.0,0.0,0.0,0.0,0.0,0.0,1.0,0.0,0.0,0.0,0.0,0.0,0.0,0.0,64.0,0.0,0.0,0.0,0.0,0.0,0.0,2.0,0.0,0.0,0.0,251.0,-1.0,0.0,32.0,0.0,0.0,0.0,0.0,0.0,0.0,0.0,0.0
8080.0,6324.0,3.0,4.0,156.0,220.0,156.0,0.0,52.0,90.06664,185.0,0.0,55.0,88.223206,59456.04,1106.8944,1054.0,1621.081,4325.0,0.0,1429.0,714.5,686.6007,1200.0,229.0,5692.0,1897.3334,2210.7344,4325.0,0.0,0.0,0.0,0.0,0.0,104.0,136.0,474.3833,632.51105,0.0,185.0,47.0,77.56472,6016.2856,0.0,0.0,0.0,1.0,0.0,0.0,0.0,0.0,1.0,53.714287,52.0,55.0,104.0,0.0,0.0,0.0,0.0,0.0,0.0,3.0,156.0,4.0,220.0,64240.0,254.0,1.0,32.0,0.0,0.0,0.0,0.0,0.0,0.0,0.0,0.0
8080.0,676.0,2.0,0.0,0.0,0.0,0.0,0.0,0.0,0.0,0.0,0.0,0.0,0.0,0.0,2958.5798,676.0,0.0,676.0,676.0,676.0,676.0,0.0,676.0,676.0,0.0,0.0,0.0,0.0,0.0,0.0,0.0,0.0,0.0,64.0,0.0,2958.5798,0.0,0.0,0.0,0.0,0.0,0.0,0.0,0.0,0.0,0.0,1.0,0.0,0.0,0.0,0.0,0.0,0.0,0.0,64.0,0.0,0.0,0.0,0.0,0.0,0.0,2.0,0.0,0.0,0.0,251.0,-1.0,0.0,32.0,0.0,0.0,0.0,0.0,0.0,0.0,0.0,0.0
8080.0,3312.0,3.0,4.0,156.0,220.0,156.0,0.0,52.0,90.06664,185.0,0.0,55.0,88.223206,113526.57,2113.5266,552.0,590.2593,1679.0,0.0,1065.0,532.5,499.9245,886.0,179.0,2914.0,971.3333,870.0002,1679.0,0.0,0.0,0.0,0.0,0.0,104.0,136.0,905.7971,1207.7295,0.0,185.0,47.0,77.56472,6016.2856,0.0,0.0,0.0,1.0,0.0,0.0,0.0,0.0,1.0,53.714287,52.0,55.0,104.0,0.0,0.0,0.0,0.0,0.0,0.0,3.0,156.0,4.0,220.0,64240.0,254.0,1.0,32.0,0.0,0.0,0.0,0.0,0.0,0.0,0.0,0.0
8080.0,458.0,2.0,0.0,0.0,0.0,0.0,0.0,0.0,0.0,0.0,0.0,0.0,0.0,0.0,4366.812,458.0,0.0,458.0,458.0,458.0,458.0,0.0,458.0,458.0,0.0,0.0,0.0,0.0,0.0,0.0,0.0,0.0,0.0,64.0,0.0,4366.812,0.0,0.0,0.0,0.0,0.0,0.0,0.0,0.0,0.0,0.0,1.0,0.0,0.0,0.0,0.0,0.0,0.0,0.0,64.0,0.0,0.0,0.0,0.0,0.0,0.0,2.0,0.0,0.0,0.0,251.0,-1.0,0.0,32.0,0.0,0.0,0.0,0.0,0.0,0.0,0.0,0.0
8080.0,5619.0,3.0,4.0,156.0,220.0,156.0,0.0,52.0,90.06664,185.0,0.0,55.0,88.223206,66915.82,1245.7733,936.5,981.1299,2814.0,0.0,2126.0,1063.0,999.849,1770.0,356.0,4769.0,1589.6666,1442.1339,2814.0,0.0,0.0,0.0,0.0,0.0,104.0,136.0,533.90283,711.8704,0.0,185.0,47.0,77.56472,6016.2856,0.0,0.0,0.0,1.0,0.0,0.0,0.0,0.0,1.0,53.714287,52.0,55.0,104.0,0.0,0.0,0.0,0.0,0.0,0.0,3.0,156.0,4.0,220.0,64240.0,254.0,1.0,32.0,0.0,0.0,0.0,0.0,0.0,0.0,0.0,0.0
8080.0,1068.0,2.0,0.0,0.0,0.0,0.0,0.0,0.0,0.0,0.0,0.0,0.0,0.0,0.0,1872.6592,1068.0,0.0,1068.0,1068.0,1068.0,1068.0,0.0,1068.0,1068.0,0.0,0.0,0.0,0.0,0.0,0.0,0.0,0.0,0.0,64.0,0.0,1872.6592,0.0,0.0,0.0,0.0,0.0,0.0,0.0,0.0,0.0,0.0,1.0,0.0,0.0,0.0,0.0,0.0,0.0,0.0,64.0,0.0,0.0,0.0,0.0,0.0,0.0,2.0,0.0,0.0,0.0,251.0,-1.0,0.0,32.0,0.0,0.0,0.0,0.0,0.0,0.0,0.0,0.0
8080.0,7554.0,3.0,4.0,156.0,220.0,156.0,0.0,52.0,90.06664,185.0,0.0,55.0,88.223206,49774.953,926.6614,1259.0,2134.9792,5578.0,0.0,1478.0,739.0,769.33215,1283.0,195.0,6715.0,2238.3333,2947.579,5578.0,0.0,0.0,0.0,0.0,0.0,104.0,136.0,397.1406,529.5208,0.0,185.0,47.0,77.56472,6016.2856,0.0,0.0,0.0,1.0,0.0,0.0,0.0,0.0,1.0,53.714287,52.0,55.0,104.0,0.0,0.0,0.0,0.0,0.0,0.0,3.0,156.0,4.0,220.0,64240.0,254.0,1.0,32.0,0.0,0.0,0.0,0.0,0.0,0.0,0.0,0.0
8080.0,825.0,2.0,0.0,0.0,0.0,0.0,0.0,0.0,0.0,0.0,0.0,0.0,0.0,0.0,2424.2424,825.0,0.0,825.0,825.0,825.0,825.0,0.0,825.0,825.0,0.0,0.0,0.0,0.0,0.0,0.0,0.0,0.0,0.0,64.0,0.0,2424.2424,0.0,0.0,0.0,0.0,0.0,0.0,0.0,0.0,0.0,0.0,1.0,0.0,0.0,0.0,0.0,0.0,0.0,0.0,64.0,0.0,0.0,0.0,0.0,0.0,0.0,2.0,0.0,0.0,0.0,251.0,-1.0,0.0,32.0,0.0,0.0,0.0,0.0,0.0,0.0,0.0,0.0
8080.0,4457.0,3.0,4.0,156.0,220.0,156.0,0.0,52.0,90.06664,185.0,0.0,55.0,88.223206,84361.68,1570.5631,742.8333,636.20575,1571.0,173.0,1088.0,544.0,524.6732,915.0,173.0,3937.0,1312.3334,412.18604,1571.0,837.0,0.0,0.0,0.0,0.0,104.0,136.0,673.0985,897.46466,0.0,185.0,47.0,77.56472,6016.2856,0.0,0.0,0.0,1.0,0.0,0.0,0.0,0.0,1.0,53.714287,52.0,55.0,104.0,0.0,0.0,0.0,0.0,0.0,0.0,3.0,156.0,4.0,220.0,64240.0,254.0,1.0,32.0,0.0,0.0,0.0,0.0,0.0,0.0,0.0,0.0
8080.0,1158.0,2.0,0.0,0.0,0.0,0.0,0.0,0.0,0.0,0.0,0.0,0.0,0.0,0.0,1727.1157,1158.0,0.0,1158.0,1158.0,1158.0,1158.0,0.0,1158.0,1158.0,0.0,0.0,0.0,0.0,0.0,0.0,0.0,0.0,0.0,64.0,0.0,1727.1157,0.0,0.0,0.0,0.0,0.0,0.0,0.0,0.0,0.0,0.0,1.0,0.0,0.0,0.0,0.0,0.0,0.0,0.0,64.0,0.0,0.0,0.0,0.0,0.0,0.0,2.0,0.0,0.0,0.0,251.0,-1.0,0.0,32.0,0.0,0.0,0.0,0.0,0.0,0.0,0.0,0.0
8080.0,7464.0,3.0,4.0,156.0,220.0,156.0,0.0,52.0,90.06664,185.0,0.0,55.0,88.223206,50375.133,937.83496,1244.0,2200.9817,5693.0,1.0,1484.0,742.0,776.40326,1291.0,193.0,6550.0,2183.3333,3069.3772,5693.0,1.0,0.0,0.0,0.0,0.0,104.0,136.0,401.92926,535.9057,0.0,185.0,47.0,77.56472,6016.2856,0.0,0.0,0.0,1.0,0.0,0.0,0.0,0.0,1.0,53.714287,52.0,55.0,104.0,0.0,0.0,0.0,0.0,0.0,0.0,3.0,156.0,4.0,220.0,64240.0,254.0,1.0,32.0,0.0,0.0,0.0,0.0,0.0,0.0,0.0,0.0
8080.0,835.0,2.0,0.0,0.0,0.0,0.0,0.0,0.0,0.0,0.0,0.0,0.0,0.0,0.0,2395.2095,835.0,0.0,835.0,835.0,835.0,835.0,0.0,835.0,835.0,0.0,0.0,0.0,0.0,0.0,0.0,0.0,0.0,0.0,64.0,0.0,2395.2095,0.0,0.0,0.0,0.0,0.0,0.0,0.0,0.0,0.0,0.0,1.0,0.0,0.0,0.0,0.0,0.0,0.0,0.0,64.0,0.0,0.0,0.0,0.0,0.0,0.0,2.0,0.0,0.0,0.0,251.0,-1.0,0.0,32.0,0.0,0.0,0.0,0.0,0.0,0.0,0.0,0.0
8080.0,4252.0,3.0,4.0,156.0,220.0,156.0,0.0,52.0,90.06664,185.0,0.0,55.0,88.223206,88428.98,1646.284,708.6667,991.41345,2674.0,0.0,1261.0,630.5,685.18646,1115.0,146.0,3564.0,1188.0,1361.6798,2674.0,0.0,0.0,0.0,0.0,0.0,104.0,136.0,705.55035,940.73376,0.0,185.0,47.0,77.56472,6016.2856,0.0,0.0,0.0,1.0,0.0,0.0,0.0,0.0,1.0,53.714287,52.0,55.0,104.0,0.0,0.0,0.0,0.0,0.0,0.0,3.0,156.0,4.0,220.0,64240.0,254.0,1.0,32.0,0.0,0.0,0.0,0.0,0.0,0.0,0.0,0.0
8080.0,977.0,2.0,0.0,0.0,0.0,0.0,0.0,0.0,0.0,0.0,0.0,0.0,0.0,0.0,2047.0829,977.0,0.0,977.0,977.0,977.0,977.0,0.0,977.0,977.0,0.0,0.0,0.0,0.0,0.0,0.0,0.0,0.0,0.0,64.0,0.0,2047.0829,0.0,0.0,0.0,0.0,0.0,0.0,0.0,0.0,0.0,0.0,1.0,0.0,0.0,0.0,0.0,0.0,0.0,0.0,64.0,0.0,0.0,0.0,0.0,0.0,0.0,2.0,0.0,0.0,0.0,251.0,-1.0,0.0,32.0,0.0,0.0,0.0,0.0,0.0,0.0,0.0,0.0
8080.0,3998.0,3.0,4.0,156.0,220.0,156.0,0.0,52.0,90.06664,185.0,0.0,55.0,88.223206,94047.02,1750.8755,666.3333,573.68304,1476.0,0.0,2128.0,1064.0,1271.378,1963.0,165.0,3121.0,1040.3334,904.909,1645.0,0.0,0.0,0.0,0.0,0.0,104.0,136.0,750.3752,1000.50024,0.0,185.0,47.0,77.56472,6016.2856,0.0,0.0,0.0,1.0,0.0,0.0,0.0,0.0,1.0,53.714287,52.0,55.0,104.0,0.0,0.0,0.0,0.0,0.0,0.0,3.0,156.0,4.0,220.0,64240.0,254.0,1.0,32.0,0.0,0.0,0.0,0.0,0.0,0.0,0.0,0.0
8080.0,1161.0,2.0,0.0,0.0,0.0,0.0,0.0,0.0,0.0,0.0,0.0,0.0,0.0,0.0,1722.6528,1161.0,0.0,1161.0,1161.0,1161.0,1161.0,0.0,1161.0,1161.0,0.0,0.0,0.0,0.0,0.0,0.0,0.0,0.0,0.0,64.0,0.0,1722.6528,0.0,0.0,0.0,0.0,0.0,0.0,0.0,0.0,0.0,0.0,1.0,0.0,0.0,0.0,0.0,0.0,0.0,0.0,64.0,0.0,0.0,0.0,0.0,0.0,0.0,2.0,0.0,0.0,0.0,251.0,-1.0,0.0,32.0,0.0,0.0,0.0,0.0,0.0,0.0,0.0,0.0
8080.0,9012.0,3.0,4.0,156.0,220.0,156.0,0.0,52.0,90.06664,185.0,0.0,55.0,88.223206,41722.15,776.7421,1502.0,2240.7095,6018.0,1.0,2310.0,1155.0,995.6063,1859.0,451.0,7969.0,2656.3333,3070.0574,6018.0,1.0,0.0,0.0,0.0,0.0,104.0,136.0,332.8895,443.85263,0.0,185.0,47.0,77.56472,6016.2856,0.0,0.0,0.0,1.0,0.0,0.0,0.0,0.0,1.0,53.714287,52.0,55.0,104.0,0.0,0.0,0.0,0.0,0.0,0.0,3.0,156.0,4.0,220.0,64240.0,254.0,1.0,32.0,0.0,0.0,0.0,0.0,0.0,0.0,0.0,0.0
8080.0,914.0,2.0,0.0,0.0,0.0,0.0,0.0,0.0,0.0,0.0,0.0,0.0,0.0,0.0,2188.1838,914.0,0.0,914.0,914.0,914.0,914.0,0.0,914.0,914.0,0.0,0.0,0.0,0.0,0.0,0.0,0.0,0.0,0.0,64.0,0.0,2188.1838,0.0,0.0,0.0,0.0,0.0,0.0,0.0,0.0,0.0,0.0,1.0,0.0,0.0,0.0,0.0,0.0,0.0,0.0,64.0,0.0,0.0,0.0,0.0,0.0,0.0,2.0,0.0,0.0,0.0,251.0,-1.0,0.0,32.0,0.0,0.0,0.0,0.0,0.0,0.0,0.0,0.0
8080.0,3092.0,3.0,4.0,156.0,220.0,156.0,0.0,52.0,90.06664,185.0,0.0,55.0,88.223206,121604.14,2263.9067,515.3333,541.59564,1546.0,71.0,1222.0,611.0,642.053,1065.0,157.0,2492.0,830.6667,738.4987,1546.0,71.0,0.0,0.0,0.0,0.0,104.0,136.0,970.2458,1293.661,0.0,185.0,47.0,77.56472,6016.2856,0.0,0.0,0.0,1.0,0.0,0.0,0.0,0.0,1.0,53.714287,52.0,55.0,104.0,0.0,0.0,0.0,0.0,0.0,0.0,3.0,156.0,4.0,220.0,64240.0,254.0,1.0,32.0,0.0,0.0,0.0,0.0,0.0,0.0,0.0,0.0
8080.0,662.0,2.0,0.0,0.0,0.0,0.0,0.0,0.0,0.0,0.0,0.0,0.0,0.0,0.0,3021.148,662.0,0.0,662.0,662.0,662.0,662.0,0.0,662.0,662.0,0.0,0.0,0.0,0.0,0.0,0.0,0.0,0.0,0.0,64.0,0.0,3021.148,0.0,0.0,0.0,0.0,0.0,0.0,0.0,0.0,0.0,0.0,1.0,0.0,0.0,0.0,0.0,0.0,0.0,0.0,64.0,0.0,0.0,0.0,0.0,0.0,0.0,2.0,0.0,0.0,0.0,251.0,-1.0,0.0,32.0,0.0,0.0,0.0,0.0,0.0,0.0,0.0,0.0
8080.0,2610.0,3.0,4.0,156.0,220.0,156.0,0.0,52.0,90.06664,185.0,0.0,55.0,88.223206,144061.3,2681.9924,435.0,326.53085,1056.0,127.0,981.0,490.5,514.06665,854.0,127.0,2138.0,712.6667,362.86682,1056.0,333.0,0.0,0.0,0.0,0.0,104.0,136.0,1149.4253,1532.567,0.0,185.0,47.0,77.56472,6016.2856,0.0,0.0,0.0,1.0,0.0,0.0,0.0,0.0,1.0,53.714287,52.0,55.0,104.0,0.0,0.0,0.0,0.0,0.0,0.0,3.0,156.0,4.0,220.0,64240.0,254.0,1.0,32.0,0.0,0.0,0.0,0.0,0.0,0.0,0.0,0.0
8080.0,789.0,2.0,0.0,0.0,0.0,0.0,0.0,0.0,0.0,0.0,0.0,0.0,0.0,0.0,2534.8542,789.0,0.0,789.0,789.0,789.0,789.0,0.0,789.0,789.0,0.0,0.0,0.0,0.0,0.0,0.0,0.0,0.0,0.0,64.0,0.0,2534.8542,0.0,0.0,0.0,0.0,0.0,0.0,0.0,0.0,0.0,0.0,1.0,0.0,0.0,0.0,0.0,0.0,0.0,0.0,64.0,0.0,0.0,0.0,0.0,0.0,0.0,2.0,0.0,0.0,0.0,251.0,-1.0,0.0,32.0,0.0,0.0,0.0,0.0,0.0,0.0,0.0,0.0
8080.0,3009.0,3.0,4.0,156.0,220.0,156.0,0.0,52.0,90.06664,185.0,0.0,55.0,88.223206,124958.46,2326.3542,501.5,492.51874,1407.0,0.0,1023.0,511.5,484.36813,854.0,169.0,2665.0,888.3333,772.9181,1407.0,0.0,0.0,0.0,0.0,0.0,104.0,136.0,997.009,1329.3453,0.0,185.0,47.0,77.56472,6016.2856,0.0,0.0,0.0,1.0,0.0,0.0,0.0,0.0,1.0,53.714287,52.0,55.0,104.0,0.0,0.0,0.0,0.0,0.0,0.0,3.0,156.0,4.0,220.0,64240.0,254.0,1.0,32.0,0.0,0.0,0.0,0.0,0.0,0.0,0.0,0.0
8080.0,515.0,2.0,0.0,0.0,0.0,0.0,0.0,0.0,0.0,0.0,0.0,0.0,0.0,0.0,3883.495,515.0,0.0,515.0,515.0,515.0,515.0,0.0,515.0,515.0,0.0,0.0,0.0,0.0,0.0,0.0,0.0,0.0,0.0,64.0,0.0,3883.495,0.0,0.0,0.0,0.0,0.0,0.0,0.0,0.0,0.0,0.0,1.0,0.0,0.0,0.0,0.0,0.0,0.0,0.0,64.0,0.0,0.0,0.0,0.0,0.0,0.0,2.0,0.0,0.0,0.0,251.0,-1.0,0.0,32.0,0.0,0.0,0.0,0.0,0.0,0.0,0.0,0.0
8080.0,3642.0,3.0,4.0,156.0,220.0,156.0,0.0,52.0,90.06664,185.0,0.0,55.0,88.223206,103239.98,1922.0209,607.0,734.10406,2070.0,145.0,1103.0,551.5,574.8778,958.0,145.0,3076.0,1025.3334,972.2306,2070.0,147.0,0.0,0.0,0.0,0.0,104.0,136.0,823.7232,1098.2976,0.0,185.0,47.0,77.56472,6016.2856,0.0,0.0,0.0,1.0,0.0,0.0,0.0,0.0,1.0,53.714287,52.0,55.0,104.0,0.0,0.0,0.0,0.0,0.0,0.0,3.0,156.0,4.0,220.0,64240.0,254.0,1.0,32.0,0.0,0.0,0.0,0.0,0.0,0.0,0.0,0.0
8080.0,754.0,2.0,0.0,0.0,0.0,0.0,0.0,0.0,0.0,0.0,0.0,0.0,0.0,0.0,2652.5198,754.0,0.0,754.0,754.0,754.0,754.0,0.0,754.0,754.0,0.0,0.0,0.0,0.0,0.0,0.0,0.0,0.0,0.0,64.0,0.0,2652.5198,0.0,0.0,0.0,0.0,0.0,0.0,0.0,0.0,0.0,0.0,1.0,0.0,0.0,0.0,0.0,0.0,0.0,0.0,64.0,0.0,0.0,0.0,0.0,0.0,0.0,2.0,0.0,0.0,0.0,251.0,-1.0,0.0,32.0,0.0,0.0,0.0,0.0,0.0,0.0,0.0,0.0
8080.0,4784.0,3.0,4.0,156.0,220.0,156.0,0.0,52.0,90.06664,185.0,0.0,55.0,88.223206,78595.32,1463.2107,797.3333,1317.6559,3466.0,0.0,994.0,497.0,470.9331,830.0,164.0,4314.0,1438.0,1806.7551,3466.0,0.0,0.0,0.0,0.0,0.0,104.0,136.0,627.0903,836.1204,0.0,185.0,47.0,77.56472,6016.2856,0.0,0.0,0.0,1.0,0.0,0.0,0.0,0.0,1.0,53.714287,52.0,55.0,104.0,0.0,0.0,0.0,0.0,0.0,0.0,3.0,156.0,4.0,220.0,64240.0,254.0,1.0,32.0,0.0,0.0,0.0,0.0,0.0,0.0,0.0,0.0
8080.0,846.0,2.0,0.0,0.0,0.0,0.0,0.0,0.0,0.0,0.0,0.0,0.0,0.0,0.0,2364.0662,846.0,0.0,846.0,846.0,846.0,846.0,0.0,846.0,846.0,0.0,0.0,0.0,0.0,0.0,0.0,0.0,0.0,0.0,64.0,0.0,2364.0662,0.0,0.0,0.0,0.0,0.0,0.0,0.0,0.0,0.0,0.0,1.0,0.0,0.0,0.0,0.0,0.0,0.0,0.0,64.0,0.0,0.0,0.0,0.0,0.0,0.0,2.0,0.0,0.0,0.0,251.0,-1.0,0.0,32.0,0.0,0.0,0.0,0.0,0.0,0.0,0.0,0.0
8080.0,8029.0,3.0,4.0,156.0,220.0,156.0,0.0,52.0,90.06664,185.0,0.0,55.0,88.223206,46830.242,871.8396,1338.1666,2560.621,6554.0,1.0,1214.0,607.0,347.89655,853.0,361.0,7527.0,2509.0,3536.5562,6554.0,1.0,0.0,0.0,0.0,0.0,104.0,136.0,373.64554,498.19406,0.0,185.0,47.0,77.56472,6016.2856,0.0,0.0,0.0,1.0,0.0,0.0,0.0,0.0,1.0,53.714287,52.0,55.0,104.0,0.0,0.0,0.0,0.0,0.0,0.0,3.0,156.0,4.0,220.0,64240.0,254.0,1.0,32.0,0.0,0.0,0.0,0.0,0.0,0.0,0.0,0.0
8080.0,500.0,2.0,0.0,0.0,0.0,0.0,0.0,0.0,0.0,0.0,0.0,0.0,0.0,0.0,4000.0,500.0,0.0,500.0,500.0,500.0,500.0,0.0,500.0,500.0,0.0,0.0,0.0,0.0,0.0,0.0,0.0,0.0,0.0,64.0,0.0,4000.0,0.0,0.0,0.0,0.0,0.0,0.0,0.0,0.0,0.0,0.0,1.0,0.0,0.0,0.0,0.0,0.0,0.0,0.0,64.0,0.0,0.0,0.0,0.0,0.0,0.0,2.0,0.0,0.0,0.0,251.0,-1.0,0.0,32.0,0.0,0.0,0.0,0.0,0.0,0.0,0.0,0.0
8080.0,7683.0,3.0,4.0,156.0,220.0,156.0,0.0,52.0,90.06664,185.0,0.0,55.0,88.223206,48939.215,911.1024,1280.5,1909.9203,5157.0,255.0,1721.0,860.5,818.12256,1439.0,282.0,6963.0,2321.0,2540.0938,5157.0,255.0,0.0,0.0,0.0,0.0,104.0,136.0,390.47247,520.62994,0.0,185.0,47.0,77.56472,6016.2856,0.0,0.0,0.0,1.0,0.0,0.0,0.0,0.0,1.0,53.714287,52.0,55.0,104.0,0.0,0.0,0.0,0.0,0.0,0.0,3.0,156.0,4.0,220.0,64240.0,254.0,1.0,32.0,0.0,0.0,0.0,0.0,0.0,0.0,0.0,0.0
8080.0,905.0,2.0,0.0,0.0,0.0,0.0,0.0,0.0,0.0,0.0,0.0,0.0,0.0,0.0,2209.9448,905.0,0.0,905.0,905.0,905.0,905.0,0.0,905.0,905.0,0.0,0.0,0.0,0.0,0.0,0.0,0.0,0.0,0.0,64.0,0.0,2209.9448,0.0,0.0,0.0,0.0,0.0,0.0,0.0,0.0,0.0,0.0,1.0,0.0,0.0,0.0,0.0,0.0,0.0,0.0,64.0,0.0,0.0,0.0,0.0,0.0,0.0,2.0,0.0,0.0,0.0,251.0,-1.0,0.0,32.0,0.0,0.0,0.0,0.0,0.0,0.0,0.0,0.0
8080.0,2205.0,3.0,4.0,156.0,220.0,156.0,0.0,52.0,90.06664,185.0,0.0,55.0,88.223206,170521.55,3174.6033,367.5,426.19092,1195.0,0.0,752.0,376.0,383.25186,647.0,105.0,1839.0,613.0,598.10284,1195.0,0.0,0.0,0.0,0.0,0.0,104.0,136.0,1360.5442,1814.059,0.0,185.0,47.0,77.56472,6016.2856,0.0,0.0,0.0,1.0,0.0,0.0,0.0,0.0,1.0,53.714287,52.0,55.0,104.0,0.0,0.0,0.0,0.0,0.0,0.0,3.0,156.0,4.0,220.0,64240.0,254.0,1.0,32.0,0.0,0.0,0.0,0.0,0.0,0.0,0.0,0.0
8080.0,873.0,2.0,0.0,0.0,0.0,0.0,0.0,0.0,0.0,0.0,0.0,0.0,0.0,0.0,2290.9507,873.0,0.0,873.0,873.0,873.0,873.0,0.0,873.0,873.0,0.0,0.0,0.0,0.0,0.0,0.0,0.0,0.0,0.0,64.0,0.0,2290.9507,0.0,0.0,0.0,0.0,0.0,0.0,0.0,0.0,0.0,0.0,1.0,0.0,0.0,0.0,0.0,0.0,0.0,0.0,64.0,0.0,0.0,0.0,0.0,0.0,0.0,2.0,0.0,0.0,0.0,251.0,-1.0,0.0,32.0,0.0,0.0,0.0,0.0,0.0,0.0,0.0,0.0
8080.0,3331.0,3.0,4.0,156.0,220.0,156.0,0.0,52.0,90.06664,185.0,0.0,55.0,88.223206,112879.016,2101.471,555.1667,546.7052,1545.0,0.0,1158.0,579.0,606.69763,1008.0,150.0,2953.0,984.3333,855.20544,1545.0,0.0,0.0,0.0,0.0,0.0,104.0,136.0,900.63043,1200.8406,0.0,185.0,47.0,77.56472,6016.2856,0.0,0.0,0.0,1.0,0.0,0.0,0.0,0.0,1.0,53.714287,52.0,55.0,104.0,0.0,0.0,0.0,0.0,0.0,0.0,3.0,156.0,4.0,220.0,64240.0,254.0,1.0,32.0,0.0,0.0,0.0,0.0,0.0,0.0,0.0,0.0
8080.0,709.0,2.0,0.0,0.0,0.0,0.0,0.0,0.0,0.0,0.0,0.0,0.0,0.0,0.0,2820.8745,709.0,0.0,709.0,709.0,709.0,709.0,0.0,709.0,709.0,0.0,0.0,0.0,0.0,0.0,0.0,0.0,0.0,0.0,64.0,0.0,2820.8745,0.0,0.0,0.0,0.0,0.0,0.0,0.0,0.0,0.0,0.0,1.0,0.0,0.0,0.0,0.0,0.0,0.0,0.0,64.0,0.0,0.0,0.0,0.0,0.0,0.0,2.0,0.0,0.0,0.0,251.0,-1.0,0.0,32.0,0.0,0.0,0.0,0.0,0.0,0.0,0.0,0.0
8080.0,2404.0,3.0,4.0,156.0,220.0,156.0,0.0,52.0,90.06664,185.0,0.0,55.0,88.223206,156405.98,2911.8137,400.66666,385.51093,1114.0,0.0,1038.0,519.0,468.10468,850.0,188.0,1928.0,642.6667,576.4246,1114.0,0.0,0.0,0.0,0.0,0.0,104.0,136.0,1247.9202,1663.8936,0.0,185.0,47.0,77.56472,6016.2856,0.0,0.0,0.0,1.0,0.0,0.0,0.0,0.0,1.0,53.714287,52.0,55.0,104.0,0.0,0.0,0.0,0.0,0.0,0.0,3.0,156.0,4.0,220.0,64240.0,254.0,1.0,32.0,0.0,0.0,0.0,0.0,0.0,0.0,0.0,0.0
8080.0,3448.0,2.0,0.0,0.0,0.0,0.0,0.0,0.0,0.0,0.0,0.0,0.0,0.0,0.0,580.0464,3448.0,0.0,3448.0,3448.0,3448.0,3448.0,0.0,3448.0,3448.0,0.0,0.0,0.0,0.0,0.0,0.0,0.0,0.0,0.0,64.0,0.0,580.0464,0.0,0.0,0.0,0.0,0.0,0.0,0.0,0.0,0.0,0.0,1.0,0.0,0.0,0.0,0.0,0.0,0.0,0.0,64.0,0.0,0.0,0.0,0.0,0.0,0.0,2.0,0.0,0.0,0.0,251.0,-1.0,0.0,32.0,0.0,0.0,0.0,0.0,0.0,0.0,0.0,0.0
8080.0,4764.0,3.0,4.0,156.0,220.0,156.0,0.0,52.0,90.06664,185.0,0.0,55.0,88.223206,78925.27,1469.3535,794.0,828.8597,2135.0,68.0,851.0,425.5,505.58136,783.0,68.0,4347.0,1449.0,717.3221,2135.0,704.0,0.0,0.0,0.0,0.0,104.0,136.0,629.7229,839.63055,0.0,185.0,47.0,77.56472,6016.2856,0.0,0.0,0.0,1.0,0.0,0.0,0.0,0.0,1.0,53.714287,52.0,55.0,104.0,0.0,0.0,0.0,0.0,0.0,0.0,3.0,156.0,4.0,220.0,64240.0,254.0,1.0,32.0,0.0,0.0,0.0,0.0,0.0,0.0,0.0,0.0
8080.0,1034.0,2.0,0.0,0.0,0.0,0.0,0.0,0.0,0.0,0.0,0.0,0.0,0.0,0.0,1934.236,1034.0,0.0,1034.0,1034.0,1034.0,1034.0,0.0,1034.0,1034.0,0.0,0.0,0.0,0.0,0.0,0.0,0.0,0.0,0.0,64.0,0.0,1934.236,0.0,0.0,0.0,0.0,0.0,0.0,0.0,0.0,0.0,0.0,1.0,0.0,0.0,0.0,0.0,0.0,0.0,0.0,64.0,0.0,0.0,0.0,0.0,0.0,0.0,2.0,0.0,0.0,0.0,251.0,-1.0,0.0,32.0,0.0,0.0,0.0,0.0,0.0,0.0,0.0,0.0
8080.0,8365.0,3.0,4.0,156.0,220.0,156.0,0.0,52.0,90.06664,185.0,0.0,55.0,88.223206,44949.19,836.82007,1394.1666,2656.5815,6801.0,1.0,1218.0,609.0,581.24176,1020.0,198.0,7762.0,2587.3333,3680.511,6801.0,1.0,0.0,0.0,0.0,0.0,104.0,136.0,358.63718,478.1829,0.0,185.0,47.0,77.56472,6016.2856,0.0,0.0,0.0,1.0,0.0,0.0,0.0,0.0,1.0,53.714287,52.0,55.0,104.0,0.0,0.0,0.0,0.0,0.0,0.0,3.0,156.0,4.0,220.0,64240.0,254.0,1.0,32.0,0.0,0.0,0.0,0.0,0.0,0.0,0.0,0.0
8080.0,900.0,2.0,0.0,0.0,0.0,0.0,0.0,0.0,0.0,0.0,0.0,0.0,0.0,0.0,2222.2222,900.0,0.0,900.0,900.0,900.0,900.0,0.0,900.0,900.0,0.0,0.0,0.0,0.0,0.0,0.0,0.0,0.0,0.0,64.0,0.0,2222.2222,0.0,0.0,0.0,0.0,0.0,0.0,0.0,0.0,0.0,0.0,1.0,0.0,0.0,0.0,0.0,0.0,0.0,0.0,64.0,0.0,0.0,0.0,0.0,0.0,0.0,2.0,0.0,0.0,0.0,251.0,-1.0,0.0,32.0,0.0,0.0,0.0,0.0,0.0,0.0,0.0,0.0
8080.0,9304.0,3.0,4.0,156.0,220.0,156.0,0.0,52.0,90.06664,185.0,0.0,55.0,88.223206,40412.727,752.36456,1550.6666,2304.0298,6192.0,1.0,2408.0,1204.0,1043.6896,1942.0,466.0,8206.0,2735.3333,3158.076,6192.0,1.0,0.0,0.0,0.0,0.0,104.0,136.0,322.44196,429.9226,0.0,185.0,47.0,77.56472,6016.2856,0.0,0.0,0.0,1.0,0.0,0.0,0.0,0.0,1.0,53.714287,52.0,55.0,104.0,0.0,0.0,0.0,0.0,0.0,0.0,3.0,156.0,4.0,220.0,64240.0,254.0,1.0,32.0,0.0,0.0,0.0,0.0,0.0,0.0,0.0,0.0
8080.0,796.0,2.0,0.0,0.0,0.0,0.0,0.0,0.0,0.0,0.0,0.0,0.0,0.0,0.0,2512.5627,796.0,0.0,796.0,796.0,796.0,796.0,0.0,796.0,796.0,0.0,0.0,0.0,0.0,0.0,0.0,0.0,0.0,0.0,64.0,0.0,2512.5627,0.0,0.0,0.0,0.0,0.0,0.0,0.0,0.0,0.0,0.0,1.0,0.0,0.0,0.0,0.0,0.0,0.0,0.0,64.0,0.0,0.0,0.0,0.0,0.0,0.0,2.0,0.0,0.0,0.0,251.0,-1.0,0.0,32.0,0.0,0.0,0.0,0.0,0.0,0.0,0.0,0.0
8080.0,4055.0,3.0,4.0,156.0,220.0,156.0,0.0,52.0,90.06664,185.0,0.0,55.0,88.223206,92725.03,1726.2639,675.8333,822.5921,2305.0,1.0,1386.0,693.0,526.08746,1065.0,321.0,3456.0,1152.0,1152.0013,2305.0,1.0,0.0,0.0,0.0,0.0,104.0,136.0,739.8274,986.4365,0.0,185.0,47.0,77.56472,6016.2856,0.0,0.0,0.0,1.0,0.0,0.0,0.0,0.0,1.0,53.714287,52.0,55.0,104.0,0.0,0.0,0.0,0.0,0.0,0.0,3.0,156.0,4.0,220.0,64240.0,254.0,1.0,32.0,0.0,0.0,0.0,0.0,0.0,0.0,0.0,0.0
8080.0,1698.0,2.0,0.0,0.0,0.0,0.0,0.0,0.0,0.0,0.0,0.0,0.0,0.0,0.0,1177.8563,1698.0,0.0,1698.0,1698.0,1698.0,1698.0,0.0,1698.0,1698.0,0.0,0.0,0.0,0.0,0.0,0.0,0.0,0.0,0.0,64.0,0.0,1177.8563,0.0,0.0,0.0,0.0,0.0,0.0,0.0,0.0,0.0,0.0,1.0,0.0,0.0,0.0,0.0,0.0,0.0,0.0,64.0,0.0,0.0,0.0,0.0,0.0,0.0,2.0,0.0,0.0,0.0,251.0,-1.0,0.0,32.0,0.0,0.0,0.0,0.0,0.0,0.0,0.0,0.0
8080.0,9153.0,3.0,4.0,156.0,220.0,156.0,0.0,52.0,90.06664,185.0,0.0,55.0,88.223206,41079.426,764.77655,1525.5,2268.0623,6047.0,131.0,1170.0,585.0,642.053,1039.0,131.0,8588.0,2862.6667,2772.0437,6047.0,989.0,0.0,0.0,0.0,0.0,104.0,136.0,327.76138,437.0152,0.0,185.0,47.0,77.56472,6016.2856,0.0,0.0,0.0,1.0,0.0,0.0,0.0,0.0,1.0,53.714287,52.0,55.0,104.0,0.0,0.0,0.0,0.0,0.0,0.0,3.0,156.0,4.0,220.0,64240.0,254.0,1.0,32.0,0.0,0.0,0.0,0.0,0.0,0.0,0.0,0.0
8080.0,1028.0,2.0,0.0,0.0,0.0,0.0,0.0,0.0,0.0,0.0,0.0,0.0,0.0,0.0,1945.5253,1028.0,0.0,1028.0,1028.0,1028.0,1028.0,0.0,1028.0,1028.0,0.0,0.0,0.0,0.0,0.0,0.0,0.0,0.0,0.0,64.0,0.0,1945.5253,0.0,0.0,0.0,0.0,0.0,0.0,0.0,0.0,0.0,0.0,1.0,0.0,0.0,0.0,0.0,0.0,0.0,0.0,64.0,0.0,0.0,0.0,0.0,0.0,0.0,2.0,0.0,0.0,0.0,251.0,-1.0,0.0,32.0,0.0,0.0,0.0,0.0,0.0,0.0,0.0,0.0
8080.0,4372.0,3.0,4.0,156.0,220.0,156.0,0.0,52.0,90.06664,185.0,0.0,55.0,88.223206,86001.83,1601.0979,728.6667,887.4885,2472.0,0.0,1361.0,680.5,686.6007,1166.0,195.0,3740.0,1246.6666,1236.1381,2472.0,0.0,0.0,0.0,0.0,0.0,104.0,136.0,686.1848,914.9131,0.0,185.0,47.0,77.56472,6016.2856,0.0,0.0,0.0,1.0,0.0,0.0,0.0,0.0,1.0,53.714287,52.0,55.0,104.0,0.0,0.0,0.0,0.0,0.0,0.0,3.0,156.0,4.0,220.0,64240.0,254.0,1.0,32.0,0.0,0.0,0.0,0.0,0.0,0.0,0.0,0.0
8080.0,981.0,2.0,0.0,0.0,0.0,0.0,0.0,0.0,0.0,0.0,0.0,0.0,0.0,0.0,2038.736,981.0,0.0,981.0,981.0,981.0,981.0,0.0,981.0,981.0,0.0,0.0,0.0,0.0,0.0,0.0,0.0,0.0,0.0,64.0,0.0,2038.736,0.0,0.0,0.0,0.0,0.0,0.0,0.0,0.0,0.0,0.0,1.0,0.0,0.0,0.0,0.0,0.0,0.0,0.0,64.0,0.0,0.0,0.0,0.0,0.0,0.0,2.0,0.0,0.0,0.0,251.0,-1.0,0.0,32.0,0.0,0.0,0.0,0.0,0.0,0.0,0.0,0.0
8080.0,3894.0,3.0,4.0,156.0,220.0,156.0,0.0,52.0,90.06664,185.0,0.0,55.0,88.223206,96558.805,1797.6375,649.0,714.2957,1991.0,0.0,1544.0,772.0,817.41547,1350.0,194.0,3354.0,1118.0,1017.86,1991.0,0.0,0.0,0.0,0.0,0.0,104.0,136.0,770.416,1027.2213,0.0,185.0,47.0,77.56472,6016.2856,0.0,0.0,0.0,1.0,0.0,0.0,0.0,0.0,1.0,53.714287,52.0,55.0,104.0,0.0,0.0,0.0,0.0,0.0,0.0,3.0,156.0,4.0,220.0,64240.0,254.0,1.0,32.0,0.0,0.0,0.0,0.0,0.0,0.0,0.0,0.0
8080.0,538.0,2.0,0.0,0.0,0.0,0.0,0.0,0.0,0.0,0.0,0.0,0.0,0.0,0.0,3717.4722,538.0,0.0,538.0,538.0,538.0,538.0,0.0,538.0,538.0,0.0,0.0,0.0,0.0,0.0,0.0,0.0,0.0,0.0,64.0,0.0,3717.4722,0.0,0.0,0.0,0.0,0.0,0.0,0.0,0.0,0.0,0.0,1.0,0.0,0.0,0.0,0.0,0.0,0.0,0.0,64.0,0.0,0.0,0.0,0.0,0.0,0.0,2.0,0.0,0.0,0.0,251.0,-1.0,0.0,32.0,0.0,0.0,0.0,0.0,0.0,0.0,0.0,0.0
8080.0,5116.0,3.0,4.0,156.0,220.0,156.0,0.0,52.0,90.06664,185.0,0.0,55.0,88.223206,73494.914,1368.2565,852.6667,1430.225,3751.0,0.0,1086.0,543.0,478.00418,881.0,205.0,4598.0,1532.6666,1967.258,3751.0,0.0,0.0,0.0,0.0,0.0,104.0,136.0,586.3956,781.86084,0.0,185.0,47.0,77.56472,6016.2856,0.0,0.0,0.0,1.0,0.0,0.0,0.0,0.0,1.0,53.714287,52.0,55.0,104.0,0.0,0.0,0.0,0.0,0.0,0.0,3.0,156.0,4.0,220.0,64240.0,254.0,1.0,32.0,0.0,0.0,0.0,0.0,0.0,0.0,0.0,0.0
8080.0,2584.0,2.0,0.0,0.0,0.0,0.0,0.0,0.0,0.0,0.0,0.0,0.0,0.0,0.0,773.99384,2584.0,0.0,2584.0,2584.0,2584.0,2584.0,0.0,2584.0,2584.0,0.0,0.0,0.0,0.0,0.0,0.0,0.0,0.0,0.0,64.0,0.0,773.99384,0.0,0.0,0.0,0.0,0.0,0.0,0.0,0.0,0.0,0.0,1.0,0.0,0.0,0.0,0.0,0.0,0.0,0.0,64.0,0.0,0.0,0.0,0.0,0.0,0.0,2.0,0.0,0.0,0.0,251.0,-1.0,0.0,32.0,0.0,0.0,0.0,0.0,0.0,0.0,0.0,0.0
8080.0,4026.0,3.0,4.0,156.0,220.0,156.0,0.0,52.0,90.06664,185.0,0.0,55.0,88.223206,93392.945,1738.6985,671.0,723.2087,2091.0,147.0,1128.0,564.0,550.1291,953.0,175.0,3515.0,1171.6666,976.2711,2091.0,147.0,0.0,0.0,0.0,0.0,104.0,136.0,745.1565,993.542,0.0,185.0,47.0,77.56472,6016.2856,0.0,0.0,0.0,1.0,0.0,0.0,0.0,0.0,1.0,53.714287,52.0,55.0,104.0,0.0,0.0,0.0,0.0,0.0,0.0,3.0,156.0,4.0,220.0,64240.0,254.0,1.0,32.0,0.0,0.0,0.0,0.0,0.0,0.0,0.0,0.0
8080.0,584.0,2.0,0.0,0.0,0.0,0.0,0.0,0.0,0.0,0.0,0.0,0.0,0.0,0.0,3424.6575,584.0,0.0,584.0,584.0,584.0,584.0,0.0,584.0,584.0,0.0,0.0,0.0,0.0,0.0,0.0,0.0,0.0,0.0,64.0,0.0,3424.6575,0.0,0.0,0.0,0.0,0.0,0.0,0.0,0.0,0.0,0.0,1.0,0.0,0.0,0.0,0.0,0.0,0.0,0.0,64.0,0.0,0.0,0.0,0.0,0.0,0.0,2.0,0.0,0.0,0.0,251.0,-1.0,0.0,32.0,0.0,0.0,0.0,0.0,0.0,0.0,0.0,0.0
8080.0,7867.0,4.0,4.0,156.0,220.0,156.0,0.0,39.0,78.0,185.0,0.0,55.0,88.223206,47794.586,1016.90607,1123.8572,1571.0957,4674.0,356.0,7393.0,2464.3333,3043.748,5974.0,548.0,7352.0,2450.6667,1926.6636,4674.0,1271.0,0.0,0.0,0.0,0.0,136.0,136.0,508.45303,508.45303,0.0,185.0,41.77778,74.22732,5509.6943,0.0,0.0,0.0,1.0,0.0,0.0,0.0,0.0,1.0,47.0,39.0,55.0,136.0,0.0,0.0,0.0,0.0,0.0,0.0,4.0,156.0,4.0,220.0,64240.0,254.0,1.0,32.0,0.0,0.0,0.0,0.0,0.0,0.0,0.0,0.0
8080.0,8658.0,3.0,4.0,156.0,220.0,156.0,0.0,52.0,90.06664,185.0,0.0,55.0,88.223206,43428.043,808.5008,1443.0,2748.0789,7029.0,1.0,918.0,459.0,494.97476,809.0,109.0,8214.0,2738.0,3762.8955,7029.0,1.0,0.0,0.0,0.0,0.0,104.0,136.0,346.50034,462.00046,0.0,185.0,47.0,77.56472,6016.2856,0.0,0.0,0.0,1.0,0.0,0.0,0.0,0.0,1.0,53.714287,52.0,55.0,104.0,0.0,0.0,0.0,0.0,0.0,0.0,3.0,156.0,4.0,220.0,64240.0,254.0,1.0,32.0,0.0,0.0,0.0,0.0,0.0,0.0,0.0,0.0
8080.0,500.0,2.0,0.0,0.0,0.0,0.0,0.0,0.0,0.0,0.0,0.0,0.0,0.0,0.0,4000.0,500.0,0.0,500.0,500.0,500.0,500.0,0.0,500.0,500.0,0.0,0.0,0.0,0.0,0.0,0.0,0.0,0.0,0.0,64.0,0.0,4000.0,0.0,0.0,0.0,0.0,0.0,0.0,0.0,0.0,0.0,0.0,1.0,0.0,0.0,0.0,0.0,0.0,0.0,0.0,64.0,0.0,0.0,0.0,0.0,0.0,0.0,2.0,0.0,0.0,0.0,251.0,-1.0,0.0,32.0,0.0,0.0,0.0,0.0,0.0,0.0,0.0,0.0
8080.0,2447.0,3.0,4.0,156.0,220.0,156.0,0.0,52.0,90.06664,185.0,0.0,55.0,88.223206,153657.55,2860.6458,407.83334,369.57025,1037.0,0.0,1151.0,575.5,569.22095,978.0,173.0,1835.0,611.6667,543.0307,1037.0,0.0,0.0,0.0,0.0,0.0,104.0,136.0,1225.991,1634.6547,0.0,185.0,47.0,77.56472,6016.2856,0.0,0.0,0.0,1.0,0.0,0.0,0.0,0.0,1.0,53.714287,52.0,55.0,104.0,0.0,0.0,0.0,0.0,0.0,0.0,3.0,156.0,4.0,220.0,64240.0,254.0,1.0,32.0,0.0,0.0,0.0,0.0,0.0,0.0,0.0,0.0
8080.0,483.0,2.0,0.0,0.0,0.0,0.0,0.0,0.0,0.0,0.0,0.0,0.0,0.0,0.0,4140.7866,483.0,0.0,483.0,483.0,483.0,483.0,0.0,483.0,483.0,0.0,0.0,0.0,0.0,0.0,0.0,0.0,0.0,0.0,64.0,0.0,4140.7866,0.0,0.0,0.0,0.0,0.0,0.0,0.0,0.0,0.0,0.0,1.0,0.0,0.0,0.0,0.0,0.0,0.0,0.0,64.0,0.0,0.0,0.0,0.0,0.0,0.0,2.0,0.0,0.0,0.0,251.0,-1.0,0.0,32.0,0.0,0.0,0.0,0.0,0.0,0.0,0.0,0.0
8080.0,7210.0,3.0,4.0,156.0,220.0,156.0,0.0,52.0,90.06664,185.0,0.0,55.0,88.223206,52149.793,970.8738,1201.6666,1645.6749,4455.0,1.0,1985.0,992.5,1201.3744,1842.0,143.0,6131.0,2043.6666,2249.77,4455.0,1.0,0.0,0.0,0.0,0.0,104.0,136.0,416.08878,554.78503,0.0,185.0,47.0,77.56472,6016.2856,0.0,0.0,0.0,1.0,0.0,0.0,0.0,0.0,1.0,53.714287,52.0,55.0,104.0,0.0,0.0,0.0,0.0,0.0,0.0,3.0,156.0,4.0,220.0,64240.0,254.0,1.0,32.0,0.0,0.0,0.0,0.0,0.0,0.0,0.0,0.0
8080.0,860.0,2.0,0.0,0.0,0.0,0.0,0.0,0.0,0.0,0.0,0.0,0.0,0.0,0.0,2325.5813,860.0,0.0,860.0,860.0,860.0,860.0,0.0,860.0,860.0,0.0,0.0,0.0,0.0,0.0,0.0,0.0,0.0,0.0,64.0,0.0,2325.5813,0.0,0.0,0.0,0.0,0.0,0.0,0.0,0.0,0.0,0.0,1.0,0.0,0.0,0.0,0.0,0.0,0.0,0.0,64.0,0.0,0.0,0.0,0.0,0.0,0.0,2.0,0.0,0.0,0.0,251.0,-1.0,0.0,32.0,0.0,0.0,0.0,0.0,0.0,0.0,0.0,0.0
8080.0,7344.0,3.0,4.0,156.0,220.0,156.0,0.0,52.0,90.06664,185.0,0.0,55.0,88.223206,51198.258,953.15906,1224.0,2170.9888,5632.0,0.0,1282.0,641.0,643.46716,1096.0,186.0,6708.0,2236.0,2989.8254,5632.0,0.0,0.0,0.0,0.0,0.0,104.0,136.0,408.49673,544.6623,0.0,185.0,47.0,77.56472,6016.2856,0.0,0.0,0.0,1.0,0.0,0.0,0.0,0.0,1.0,53.714287,52.0,55.0,104.0,0.0,0.0,0.0,0.0,0.0,0.0,3.0,156.0,4.0,220.0,64240.0,254.0,1.0,32.0,0.0,0.0,0.0,0.0,0.0,0.0,0.0,0.0
8080.0,858.0,2.0,0.0,0.0,0.0,0.0,0.0,0.0,0.0,0.0,0.0,0.0,0.0,0.0,2331.0024,858.0,0.0,858.0,858.0,858.0,858.0,0.0,858.0,858.0,0.0,0.0,0.0,0.0,0.0,0.0,0.0,0.0,0.0,64.0,0.0,2331.0024,0.0,0.0,0.0,0.0,0.0,0.0,0.0,0.0,0.0,0.0,1.0,0.0,0.0,0.0,0.0,0.0,0.0,0.0,64.0,0.0,0.0,0.0,0.0,0.0,0.0,2.0,0.0,0.0,0.0,251.0,-1.0,0.0,32.0,0.0,0.0,0.0,0.0,0.0,0.0,0.0,0.0
8080.0,5101.0,3.0,4.0,156.0,220.0,156.0,0.0,52.0,90.06664,185.0,0.0,55.0,88.223206,73711.04,1372.2799,850.1667,1392.2764,3664.0,1.0,1166.0,583.0,562.857,981.0,185.0,4522.0,1507.3334,1916.14,3664.0,1.0,0.0,0.0,0.0,0.0,104.0,136.0,588.12,784.16,0.0,185.0,47.0,77.56472,6016.2856,0.0,0.0,0.0,1.0,0.0,0.0,0.0,0.0,1.0,53.714287,52.0,55.0,104.0,0.0,0.0,0.0,0.0,0.0,0.0,3.0,156.0,4.0,220.0,64240.0,254.0,1.0,32.0,0.0,0.0,0.0,0.0,0.0,0.0,0.0,0.0
8080.0,1172.0,2.0,0.0,0.0,0.0,0.0,0.0,0.0,0.0,0.0,0.0,0.0,0.0,0.0,1706.4846,1172.0,0.0,1172.0,1172.0,1172.0,1172.0,0.0,1172.0,1172.0,0.0,0.0,0.0,0.0,0.0,0.0,0.0,0.0,0.0,64.0,0.0,1706.4846,0.0,0.0,0.0,0.0,0.0,0.0,0.0,0.0,0.0,0.0,1.0,0.0,0.0,0.0,0.0,0.0,0.0,0.0,64.0,0.0,0.0,0.0,0.0,0.0,0.0,2.0,0.0,0.0,0.0,251.0,-1.0,0.0,32.0,0.0,0.0,0.0,0.0,0.0,0.0,0.0,0.0
8080.0,3587.0,3.0,4.0,156.0,220.0,156.0,0.0,52.0,90.06664,185.0,0.0,55.0,88.223206,104822.97,1951.4915,597.8333,425.365,1362.0,182.0,1700.0,850.0,721.2489,1360.0,340.0,2869.0,956.3333,670.8475,1362.0,182.0,0.0,0.0,0.0,0.0,104.0,136.0,836.3535,1115.138,0.0,185.0,47.0,77.56472,6016.2856,0.0,0.0,0.0,1.0,0.0,0.0,0.0,0.0,1.0,53.714287,52.0,55.0,104.0,0.0,0.0,0.0,0.0,0.0,0.0,3.0,156.0,4.0,220.0,64240.0,254.0,1.0,32.0,0.0,0.0,0.0,0.0,0.0,0.0,0.0,0.0
8080.0,1046.0,2.0,0.0,0.0,0.0,0.0,0.0,0.0,0.0,0.0,0.0,0.0,0.0,0.0,1912.0459,1046.0,0.0,1046.0,1046.0,1046.0,1046.0,0.0,1046.0,1046.0,0.0,0.0,0.0,0.0,0.0,0.0,0.0,0.0,0.0,64.0,0.0,1912.0459,0.0,0.0,0.0,0.0,0.0,0.0,0.0,0.0,0.0,0.0,1.0,0.0,0.0,0.0,0.0,0.0,0.0,0.0,64.0,0.0,0.0,0.0,0.0,0.0,0.0,2.0,0.0,0.0,0.0,251.0,-1.0,0.0,32.0,0.0,0.0,0.0,0.0,0.0,0.0,0.0,0.0
8080.0,7313.0,3.0,4.0,156.0,220.0,156.0,0.0,52.0,90.06664,185.0,0.0,55.0,88.223206,51415.29,957.1995,1218.8334,1434.7467,3973.0,198.0,2598.0,1299.0,1363.3019,2263.0,335.0,5727.0,1909.0,1912.0964,3973.0,198.0,0.0,0.0,0.0,0.0,104.0,136.0,410.22836,546.9711,0.0,185.0,47.0,77.56472,6016.2856,0.0,0.0,0.0,1.0,0.0,0.0,0.0,0.0,1.0,53.714287,52.0,55.0,104.0,0.0,0.0,0.0,0.0,0.0,0.0,3.0,156.0,4.0,220.0,64240.0,254.0,1.0,32.0,0.0,0.0,0.0,0.0,0.0,0.0,0.0,0.0
8080.0,808.0,2.0,0.0,0.0,0.0,0.0,0.0,0.0,0.0,0.0,0.0,0.0,0.0,0.0,2475.2476,808.0,0.0,808.0,808.0,808.0,808.0,0.0,808.0,808.0,0.0,0.0,0.0,0.0,0.0,0.0,0.0,0.0,0.0,64.0,0.0,2475.2476,0.0,0.0,0.0,0.0,0.0,0.0,0.0,0.0,0.0,0.0,1.0,0.0,0.0,0.0,0.0,0.0,0.0,0.0,64.0,0.0,0.0,0.0,0.0,0.0,0.0,2.0,0.0,0.0,0.0,251.0,-1.0,0.0,32.0,0.0,0.0,0.0,0.0,0.0,0.0,0.0,0.0
8080.0,6282.0,3.0,4.0,156.0,220.0,156.0,0.0,52.0,90.06664,185.0,0.0,55.0,88.223206,59853.55,1114.2948,1047.0,1636.151,4345.0,1.0,1505.0,752.5,789.83826,1311.0,194.0,5612.0,1870.6666,2234.2336,4345.0,1.0,0.0,0.0,0.0,0.0,104.0,136.0,477.55493,636.73987,0.0,185.0,47.0,77.56472,6016.2856,0.0,0.0,0.0,1.0,0.0,0.0,0.0,0.0,1.0,53.714287,52.0,55.0,104.0,0.0,0.0,0.0,0.0,0.0,0.0,3.0,156.0,4.0,220.0,64240.0,254.0,1.0,32.0,0.0,0.0,0.0,0.0,0.0,0.0,0.0,0.0
8080.0,675.0,2.0,0.0,0.0,0.0,0.0,0.0,0.0,0.0,0.0,0.0,0.0,0.0,0.0,2962.963,675.0,0.0,675.0,675.0,675.0,675.0,0.0,675.0,675.0,0.0,0.0,0.0,0.0,0.0,0.0,0.0,0.0,0.0,64.0,0.0,2962.963,0.0,0.0,0.0,0.0,0.0,0.0,0.0,0.0,0.0,0.0,1.0,0.0,0.0,0.0,0.0,0.0,0.0,0.0,64.0,0.0,0.0,0.0,0.0,0.0,0.0,2.0,0.0,0.0,0.0,251.0,-1.0,0.0,32.0,0.0,0.0,0.0,0.0,0.0,0.0,0.0,0.0
8080.0,4274.0,3.0,4.0,156.0,220.0,156.0,0.0,52.0,90.06664,185.0,0.0,55.0,88.223206,87973.8,1637.81,712.3333,625.54315,1812.0,0.0,2208.0,1104.0,687.3078,1590.0,618.0,3419.0,1139.6666,992.28845,1812.0,0.0,0.0,0.0,0.0,0.0,104.0,136.0,701.9186,935.8914,0.0,185.0,47.0,77.56472,6016.2856,0.0,0.0,0.0,1.0,0.0,0.0,0.0,0.0,1.0,53.714287,52.0,55.0,104.0,0.0,0.0,0.0,0.0,0.0,0.0,3.0,156.0,4.0,220.0,64240.0,254.0,1.0,32.0,0.0,0.0,0.0,0.0,0.0,0.0,0.0,0.0
8080.0,1193.0,2.0,0.0,0.0,0.0,0.0,0.0,0.0,0.0,0.0,0.0,0.0,0.0,0.0,1676.4459,1193.0,0.0,1193.0,1193.0,1193.0,1193.0,0.0,1193.0,1193.0,0.0,0.0,0.0,0.0,0.0,0.0,0.0,0.0,0.0,64.0,0.0,1676.4459,0.0,0.0,0.0,0.0,0.0,0.0,0.0,0.0,0.0,0.0,1.0,0.0,0.0,0.0,0.0,0.0,0.0,0.0,64.0,0.0,0.0,0.0,0.0,0.0,0.0,2.0,0.0,0.0,0.0,251.0,-1.0,0.0,32.0,0.0,0.0,0.0,0.0,0.0,0.0,0.0,0.0
8080.0,3331.0,3.0,4.0,156.0,220.0,156.0,0.0,52.0,90.06664,185.0,0.0,55.0,88.223206,112879.016,2101.471,555.1667,205.25926,745.0,288.0,1684.0,842.0,783.4743,1396.0,288.0,2680.0,893.3333,675.56226,1634.0,311.0,0.0,0.0,0.0,0.0,104.0,136.0,900.63043,1200.8406,0.0,185.0,47.0,77.56472,6016.2856,0.0,0.0,0.0,1.0,0.0,0.0,0.0,0.0,1.0,53.714287,52.0,55.0,104.0,0.0,0.0,0.0,0.0,0.0,0.0,3.0,156.0,4.0,220.0,64240.0,254.0,1.0,32.0,0.0,0.0,0.0,0.0,0.0,0.0,0.0,0.0
8080.0,511.0,2.0,0.0,0.0,0.0,0.0,0.0,0.0,0.0,0.0,0.0,0.0,0.0,0.0,3913.8943,511.0,0.0,511.0,511.0,511.0,511.0,0.0,511.0,511.0,0.0,0.0,0.0,0.0,0.0,0.0,0.0,0.0,0.0,64.0,0.0,3913.8943,0.0,0.0,0.0,0.0,0.0,0.0,0.0,0.0,0.0,0.0,1.0,0.0,0.0,0.0,0.0,0.0,0.0,0.0,64.0,0.0,0.0,0.0,0.0,0.0,0.0,2.0,0.0,0.0,0.0,251.0,-1.0,0.0,32.0,0.0,0.0,0.0,0.0,0.0,0.0,0.0,0.0
8080.0,2106.0,3.0,4.0,156.0,220.0,156.0,0.0,52.0,90.06664,185.0,0.0,55.0,88.223206,178537.52,3323.8367,351.0,316.571,905.0,0.0,897.0,448.5,494.26764,798.0,99.0,1689.0,563.0,491.31152,905.0,0.0,0.0,0.0,0.0,0.0,104.0,136.0,1424.5015,1899.3352,0.0,185.0,47.0,77.56472,6016.2856,0.0,0.0,0.0,1.0,0.0,0.0,0.0,0.0,1.0,53.714287,52.0,55.0,104.0,0.0,0.0,0.0,0.0,0.0,0.0,3.0,156.0,4.0,220.0,64240.0,254.0,1.0,32.0,0.0,0.0,0.0,0.0,0.0,0.0,0.0,0.0
8080.0,695.0,2.0,0.0,0.0,0.0,0.0,0.0,0.0,0.0,0.0,0.0,0.0,0.0,0.0,2877.6978,695.0,0.0,695.0,695.0,695.0,695.0,0.0,695.0,695.0,0.0,0.0,0.0,0.0,0.0,0.0,0.0,0.0,0.0,64.0,0.0,2877.6978,0.0,0.0,0.0,0.0,0.0,0.0,0.0,0.0,0.0,0.0,1.0,0.0,0.0,0.0,0.0,0.0,0.0,0.0,64.0,0.0,0.0,0.0,0.0,0.0,0.0,2.0,0.0,0.0,0.0,251.0,-1.0,0.0,32.0,0.0,0.0,0.0,0.0,0.0,0.0,0.0,0.0
8080.0,4282.0,3.0,4.0,156.0,220.0,156.0,0.0,52.0,90.06664,185.0,0.0,55.0,88.223206,87809.44,1634.7501,713.6667,602.3443,1775.0,1.0,2127.0,1063.5,792.6667,1624.0,503.0,3425.0,1141.6666,989.8532,1775.0,1.0,0.0,0.0,0.0,0.0,104.0,136.0,700.6072,934.14294,0.0,185.0,47.0,77.56472,6016.2856,0.0,0.0,0.0,1.0,0.0,0.0,0.0,0.0,1.0,53.714287,52.0,55.0,104.0,0.0,0.0,0.0,0.0,0.0,0.0,3.0,156.0,4.0,220.0,64240.0,254.0,1.0,32.0,0.0,0.0,0.0,0.0,0.0,0.0,0.0,0.0
8080.0,899.0,2.0,0.0,0.0,0.0,0.0,0.0,0.0,0.0,0.0,0.0,0.0,0.0,0.0,2224.694,899.0,0.0,899.0,899.0,899.0,899.0,0.0,899.0,899.0,0.0,0.0,0.0,0.0,0.0,0.0,0.0,0.0,0.0,64.0,0.0,2224.694,0.0,0.0,0.0,0.0,0.0,0.0,0.0,0.0,0.0,0.0,1.0,0.0,0.0,0.0,0.0,0.0,0.0,0.0,64.0,0.0,0.0,0.0,0.0,0.0,0.0,2.0,0.0,0.0,0.0,251.0,-1.0,0.0,32.0,0.0,0.0,0.0,0.0,0.0,0.0,0.0,0.0
8080.0,3856.0,3.0,4.0,156.0,220.0,156.0,0.0,52.0,90.06664,185.0,0.0,55.0,88.223206,97510.375,1815.3527,642.6667,302.4716,999.0,185.0,2004.0,1002.0,859.84186,1610.0,394.0,2997.0,999.0,814.0,1813.0,185.0,0.0,0.0,0.0,0.0,104.0,136.0,778.0083,1037.3444,0.0,185.0,47.0,77.56472,6016.2856,0.0,0.0,0.0,1.0,0.0,0.0,0.0,0.0,1.0,53.714287,52.0,55.0,104.0,0.0,0.0,0.0,0.0,0.0,0.0,3.0,156.0,4.0,220.0,64240.0,254.0,1.0,32.0,0.0,0.0,0.0,0.0,0.0,0.0,0.0,0.0
8080.0,708.0,2.0,0.0,0.0,0.0,0.0,0.0,0.0,0.0,0.0,0.0,0.0,0.0,0.0,2824.8586,708.0,0.0,708.0,708.0,708.0,708.0,0.0,708.0,708.0,0.0,0.0,0.0,0.0,0.0,0.0,0.0,0.0,0.0,64.0,0.0,2824.8586,0.0,0.0,0.0,0.0,0.0,0.0,0.0,0.0,0.0,0.0,1.0,0.0,0.0,0.0,0.0,0.0,0.0,0.0,64.0,0.0,0.0,0.0,0.0,0.0,0.0,2.0,0.0,0.0,0.0,251.0,-1.0,0.0,32.0,0.0,0.0,0.0,0.0,0.0,0.0,0.0,0.0
8080.0,5372.0,3.0,4.0,156.0,220.0,156.0,0.0,52.0,90.06664,185.0,0.0,55.0,88.223206,69992.555,1303.0529,895.3333,1490.2756,3886.0,1.0,1263.0,631.5,683.7723,1115.0,148.0,4569.0,1523.0,2074.5522,3886.0,1.0,0.0,0.0,0.0,0.0,104.0,136.0,558.45123,744.6016,0.0,185.0,47.0,77.56472,6016.2856,0.0,0.0,0.0,1.0,0.0,0.0,0.0,0.0,1.0,53.714287,52.0,55.0,104.0,0.0,0.0,0.0,0.0,0.0,0.0,3.0,156.0,4.0,220.0,64240.0,254.0,1.0,32.0,0.0,0.0,0.0,0.0,0.0,0.0,0.0,0.0
8080.0,1126.0,2.0,0.0,0.0,0.0,0.0,0.0,0.0,0.0,0.0,0.0,0.0,0.0,0.0,1776.199,1126.0,0.0,1126.0,1126.0,1126.0,1126.0,0.0,1126.0,1126.0,0.0,0.0,0.0,0.0,0.0,0.0,0.0,0.0,0.0,64.0,0.0,1776.199,0.0,0.0,0.0,0.0,0.0,0.0,0.0,0.0,0.0,0.0,1.0,0.0,0.0,0.0,0.0,0.0,0.0,0.0,64.0,0.0,0.0,0.0,0.0,0.0,0.0,2.0,0.0,0.0,0.0,251.0,-1.0,0.0,32.0,0.0,0.0,0.0,0.0,0.0,0.0,0.0,0.0
8080.0,4348.0,3.0,4.0,156.0,220.0,156.0,0.0,52.0,90.06664,185.0,0.0,55.0,88.223206,86476.54,1609.9355,724.6667,337.63867,1236.0,332.0,2106.0,1053.0,941.8662,1719.0,387.0,3462.0,1154.0,784.2219,1894.0,332.0,0.0,0.0,0.0,0.0,104.0,136.0,689.9724,919.9632,0.0,185.0,47.0,77.56472,6016.2856,0.0,0.0,0.0,1.0,0.0,0.0,0.0,0.0,1.0,53.714287,52.0,55.0,104.0,0.0,0.0,0.0,0.0,0.0,0.0,3.0,156.0,4.0,220.0,64240.0,254.0,1.0,32.0,0.0,0.0,0.0,0.0,0.0,0.0,0.0,0.0
8080.0,1138.0,2.0,0.0,0.0,0.0,0.0,0.0,0.0,0.0,0.0,0.0,0.0,0.0,0.0,1757.4692,1138.0,0.0,1138.0,1138.0,1138.0,1138.0,0.0,1138.0,1138.0,0.0,0.0,0.0,0.0,0.0,0.0,0.0,0.0,0.0,64.0,0.0,1757.4692,0.0,0.0,0.0,0.0,0.0,0.0,0.0,0.0,0.0,0.0,1.0,0.0,0.0,0.0,0.0,0.0,0.0,0.0,64.0,0.0,0.0,0.0,0.0,0.0,0.0,2.0,0.0,0.0,0.0,251.0,-1.0,0.0,32.0,0.0,0.0,0.0,0.0,0.0,0.0,0.0,0.0
8080.0,4671.0,3.0,4.0,156.0,220.0,156.0,0.0,52.0,90.06664,185.0,0.0,55.0,88.223206,80496.68,1498.6084,778.5,474.76764,1660.0,343.0,1916.0,958.0,869.74133,1573.0,343.0,3823.0,1274.3334,762.5381,1767.0,396.0,0.0,0.0,0.0,0.0,104.0,136.0,642.26074,856.34766,0.0,185.0,47.0,77.56472,6016.2856,0.0,0.0,0.0,1.0,0.0,0.0,0.0,0.0,1.0,53.714287,52.0,55.0,104.0,0.0,0.0,0.0,0.0,0.0,0.0,3.0,156.0,4.0,220.0,64240.0,254.0,1.0,32.0,0.0,0.0,0.0,0.0,0.0,0.0,0.0,0.0
8080.0,815.0,2.0,0.0,0.0,0.0,0.0,0.0,0.0,0.0,0.0,0.0,0.0,0.0,0.0,2453.9878,815.0,0.0,815.0,815.0,815.0,815.0,0.0,815.0,815.0,0.0,0.0,0.0,0.0,0.0,0.0,0.0,0.0,0.0,64.0,0.0,2453.9878,0.0,0.0,0.0,0.0,0.0,0.0,0.0,0.0,0.0,0.0,1.0,0.0,0.0,0.0,0.0,0.0,0.0,0.0,64.0,0.0,0.0,0.0,0.0,0.0,0.0,2.0,0.0,0.0,0.0,251.0,-1.0,0.0,32.0,0.0,0.0,0.0,0.0,0.0,0.0,0.0,0.0
8080.0,3780.0,3.0,4.0,156.0,220.0,156.0,0.0,52.0,90.06664,185.0,0.0,55.0,88.223206,99470.9,1851.8518,630.0,433.39313,1285.0,0.0,1860.0,930.0,824.4865,1513.0,347.0,3000.0,1000.0,892.3144,1715.0,0.0,0.0,0.0,0.0,0.0,104.0,136.0,793.6508,1058.201,0.0,185.0,47.0,77.56472,6016.2856,0.0,0.0,0.0,1.0,0.0,0.0,0.0,0.0,1.0,53.714287,52.0,55.0,104.0,0.0,0.0,0.0,0.0,0.0,0.0,3.0,156.0,4.0,220.0,64240.0,254.0,1.0,32.0,0.0,0.0,0.0,0.0,0.0,0.0,0.0,0.0
8080.0,815.0,2.0,0.0,0.0,0.0,0.0,0.0,0.0,0.0,0.0,0.0,0.0,0.0,0.0,2453.9878,815.0,0.0,815.0,815.0,815.0,815.0,0.0,815.0,815.0,0.0,0.0,0.0,0.0,0.0,0.0,0.0,0.0,0.0,64.0,0.0,2453.9878,0.0,0.0,0.0,0.0,0.0,0.0,0.0,0.0,0.0,0.0,1.0,0.0,0.0,0.0,0.0,0.0,0.0,0.0,64.0,0.0,0.0,0.0,0.0,0.0,0.0,2.0,0.0,0.0,0.0,251.0,-1.0,0.0,32.0,0.0,0.0,0.0,0.0,0.0,0.0,0.0,0.0
8080.0,4994.0,3.0,4.0,156.0,220.0,156.0,0.0,52.0,90.06664,185.0,0.0,55.0,88.223206,75290.35,1401.682,832.3333,1424.1702,3718.0,0.0,835.0,417.5,408.0006,706.0,129.0,4557.0,1519.0,1950.0464,3718.0,0.0,0.0,0.0,0.0,0.0,104.0,136.0,600.7209,800.9612,0.0,185.0,47.0,77.56472,6016.2856,0.0,0.0,0.0,1.0,0.0,0.0,0.0,0.0,1.0,53.714287,52.0,55.0,104.0,0.0,0.0,0.0,0.0,0.0,0.0,3.0,156.0,4.0,220.0,64240.0,254.0,1.0,32.0,0.0,0.0,0.0,0.0,0.0,0.0,0.0,0.0
8080.0,755.0,2.0,0.0,0.0,0.0,0.0,0.0,0.0,0.0,0.0,0.0,0.0,0.0,0.0,2649.0066,755.0,0.0,755.0,755.0,755.0,755.0,0.0,755.0,755.0,0.0,0.0,0.0,0.0,0.0,0.0,0.0,0.0,0.0,64.0,0.0,2649.0066,0.0,0.0,0.0,0.0,0.0,0.0,0.0,0.0,0.0,0.0,1.0,0.0,0.0,0.0,0.0,0.0,0.0,0.0,64.0,0.0,0.0,0.0,0.0,0.0,0.0,2.0,0.0,0.0,0.0,251.0,-1.0,0.0,32.0,0.0,0.0,0.0,0.0,0.0,0.0,0.0,0.0
8080.0,2678.0,3.0,4.0,156.0,220.0,156.0,0.0,52.0,90.06664,185.0,0.0,55.0,88.223206,140403.28,2613.8909,446.33334,393.27835,1105.0,0.0,1270.0,635.0,677.4083,1114.0,156.0,2047.0,682.3333,596.5118,1105.0,0.0,0.0,0.0,0.0,0.0,104.0,136.0,1120.239,1493.652,0.0,185.0,47.0,77.56472,6016.2856,0.0,0.0,0.0,1.0,0.0,0.0,0.0,0.0,1.0,53.714287,52.0,55.0,104.0,0.0,0.0,0.0,0.0,0.0,0.0,3.0,156.0,4.0,220.0,64240.0,254.0,1.0,32.0,0.0,0.0,0.0,0.0,0.0,0.0,0.0,0.0
8080.0,531.0,2.0,0.0,0.0,0.0,0.0,0.0,0.0,0.0,0.0,0.0,0.0,0.0,0.0,3766.4783,531.0,0.0,531.0,531.0,531.0,531.0,0.0,531.0,531.0,0.0,0.0,0.0,0.0,0.0,0.0,0.0,0.0,0.0,64.0,0.0,3766.4783,0.0,0.0,0.0,0.0,0.0,0.0,0.0,0.0,0.0,0.0,1.0,0.0,0.0,0.0,0.0,0.0,0.0,0.0,64.0,0.0,0.0,0.0,0.0,0.0,0.0,2.0,0.0,0.0,0.0,251.0,-1.0,0.0,32.0,0.0,0.0,0.0,0.0,0.0,0.0,0.0,0.0
8080.0,3770.0,3.0,4.0,156.0,220.0,156.0,0.0,52.0,90.06664,185.0,0.0,55.0,88.223206,99734.75,1856.7639,628.3333,855.9198,2346.0,0.0,1126.0,563.0,362.03867,819.0,307.0,3291.0,1097.0,1180.363,2346.0,0.0,0.0,0.0,0.0,0.0,104.0,136.0,795.756,1061.0079,0.0,185.0,47.0,77.56472,6016.2856,0.0,0.0,0.0,1.0,0.0,0.0,0.0,0.0,1.0,53.714287,52.0,55.0,104.0,0.0,0.0,0.0,0.0,0.0,0.0,3.0,156.0,4.0,220.0,64240.0,254.0,1.0,32.0,0.0,0.0,0.0,0.0,0.0,0.0,0.0,0.0
8080.0,1141.0,2.0,0.0,0.0,0.0,0.0,0.0,0.0,0.0,0.0,0.0,0.0,0.0,0.0,1752.8484,1141.0,0.0,1141.0,1141.0,1141.0,1141.0,0.0,1141.0,1141.0,0.0,0.0,0.0,0.0,0.0,0.0,0.0,0.0,0.0,64.0,0.0,1752.8484,0.0,0.0,0.0,0.0,0.0,0.0,0.0,0.0,0.0,0.0,1.0,0.0,0.0,0.0,0.0,0.0,0.0,0.0,64.0,0.0,0.0,0.0,0.0,0.0,0.0,2.0,0.0,0.0,0.0,251.0,-1.0,0.0,32.0,0.0,0.0,0.0,0.0,0.0,0.0,0.0,0.0
8080.0,8661.0,3.0,4.0,156.0,220.0,156.0,0.0,52.0,90.06664,185.0,0.0,55.0,88.223206,43413.0,808.22076,1443.5,2511.5327,6524.0,1.0,1789.0,894.5,1040.154,1630.0,159.0,7799.0,2599.6667,3457.6619,6524.0,1.0,0.0,0.0,0.0,0.0,104.0,136.0,346.38034,461.84042,0.0,185.0,47.0,77.56472,6016.2856,0.0,0.0,0.0,1.0,0.0,0.0,0.0,0.0,1.0,53.714287,52.0,55.0,104.0,0.0,0.0,0.0,0.0,0.0,0.0,3.0,156.0,4.0,220.0,64240.0,254.0,1.0,32.0,0.0,0.0,0.0,0.0,0.0,0.0,0.0,0.0
8080.0,921.0,2.0,0.0,0.0,0.0,0.0,0.0,0.0,0.0,0.0,0.0,0.0,0.0,0.0,2171.5527,921.0,0.0,921.0,921.0,921.0,921.0,0.0,921.0,921.0,0.0,0.0,0.0,0.0,0.0,0.0,0.0,0.0,0.0,64.0,0.0,2171.5527,0.0,0.0,0.0,0.0,0.0,0.0,0.0,0.0,0.0,0.0,1.0,0.0,0.0,0.0,0.0,0.0,0.0,0.0,64.0,0.0,0.0,0.0,0.0,0.0,0.0,2.0,0.0,0.0,0.0,251.0,-1.0,0.0,32.0,0.0,0.0,0.0,0.0,0.0,0.0,0.0,0.0
8080.0,2903.0,3.0,4.0,156.0,220.0,156.0,0.0,52.0,90.06664,185.0,0.0,55.0,88.223206,129521.19,2411.2986,483.83334,461.7993,1316.0,0.0,1255.0,627.5,666.8017,1099.0,156.0,2337.0,779.0,690.57007,1316.0,0.0,0.0,0.0,0.0,0.0,104.0,136.0,1033.4137,1377.8849,0.0,185.0,47.0,77.56472,6016.2856,0.0,0.0,0.0,1.0,0.0,0.0,0.0,0.0,1.0,53.714287,52.0,55.0,104.0,0.0,0.0,0.0,0.0,0.0,0.0,3.0,156.0,4.0,220.0,64240.0,254.0,1.0,32.0,0.0,0.0,0.0,0.0,0.0,0.0,0.0,0.0
8080.0,674.0,2.0,0.0,0.0,0.0,0.0,0.0,0.0,0.0,0.0,0.0,0.0,0.0,0.0,2967.3591,674.0,0.0,674.0,674.0,674.0,674.0,0.0,674.0,674.0,0.0,0.0,0.0,0.0,0.0,0.0,0.0,0.0,0.0,64.0,0.0,2967.3591,0.0,0.0,0.0,0.0,0.0,0.0,0.0,0.0,0.0,0.0,1.0,0.0,0.0,0.0,0.0,0.0,0.0,0.0,64.0,0.0,0.0,0.0,0.0,0.0,0.0,2.0,0.0,0.0,0.0,251.0,-1.0,0.0,32.0,0.0,0.0,0.0,0.0,0.0,0.0,0.0,0.0
8080.0,2880.0,3.0,4.0,156.0,220.0,156.0,0.0,52.0,90.06664,185.0,0.0,55.0,88.223206,130555.555,2430.5557,480.0,342.67593,1123.0,195.0,1184.0,592.0,534.57275,970.0,214.0,2320.0,773.3333,504.49216,1123.0,195.0,0.0,0.0,0.0,0.0,104.0,136.0,1041.6666,1388.8889,0.0,185.0,47.0,77.56472,6016.2856,0.0,0.0,0.0,1.0,0.0,0.0,0.0,0.0,1.0,53.714287,52.0,55.0,104.0,0.0,0.0,0.0,0.0,0.0,0.0,3.0,156.0,4.0,220.0,64240.0,254.0,1.0,32.0,0.0,0.0,0.0,0.0,0.0,0.0,0.0,0.0
8080.0,574.0,2.0,0.0,0.0,0.0,0.0,0.0,0.0,0.0,0.0,0.0,0.0,0.0,0.0,3484.3206,574.0,0.0,574.0,574.0,574.0,574.0,0.0,574.0,574.0,0.0,0.0,0.0,0.0,0.0,0.0,0.0,0.0,0.0,64.0,0.0,3484.3206,0.0,0.0,0.0,0.0,0.0,0.0,0.0,0.0,0.0,0.0,1.0,0.0,0.0,0.0,0.0,0.0,0.0,0.0,64.0,0.0,0.0,0.0,0.0,0.0,0.0,2.0,0.0,0.0,0.0,251.0,-1.0,0.0,32.0,0.0,0.0,0.0,0.0,0.0,0.0,0.0,0.0
8080.0,3085.0,3.0,4.0,156.0,220.0,156.0,0.0,52.0,90.06664,185.0,0.0,55.0,88.223206,121880.06,2269.0437,514.1667,598.79193,1678.0,0.0,1044.0,522.0,533.1585,899.0,145.0,2579.0,859.6667,839.76324,1678.0,0.0,0.0,0.0,0.0,0.0,104.0,136.0,972.4473,1296.5964,0.0,185.0,47.0,77.56472,6016.2856,0.0,0.0,0.0,1.0,0.0,0.0,0.0,0.0,1.0,53.714287,52.0,55.0,104.0,0.0,0.0,0.0,0.0,0.0,0.0,3.0,156.0,4.0,220.0,64240.0,254.0,1.0,32.0,0.0,0.0,0.0,0.0,0.0,0.0,0.0,0.0
8080.0,437.0,2.0,0.0,0.0,0.0,0.0,0.0,0.0,0.0,0.0,0.0,0.0,0.0,0.0,4576.659,437.0,0.0,437.0,437.0,437.0,437.0,0.0,437.0,437.0,0.0,0.0,0.0,0.0,0.0,0.0,0.0,0.0,0.0,64.0,0.0,4576.659,0.0,0.0,0.0,0.0,0.0,0.0,0.0,0.0,0.0,0.0,1.0,0.0,0.0,0.0,0.0,0.0,0.0,0.0,64.0,0.0,0.0,0.0,0.0,0.0,0.0,2.0,0.0,0.0,0.0,251.0,-1.0,0.0,32.0,0.0,0.0,0.0,0.0,0.0,0.0,0.0,0.0
8080.0,4371.0,3.0,4.0,156.0,220.0,156.0,0.0,52.0,90.06664,185.0,0.0,55.0,88.223206,86021.51,1601.4642,728.5,399.05527,1429.0,341.0,1925.0,962.5,861.9632,1572.0,353.0,3535.0,1178.3334,744.35834,1765.0,341.0,0.0,0.0,0.0,0.0,104.0,136.0,686.3418,915.1224,0.0,185.0,47.0,77.56472,6016.2856,0.0,0.0,0.0,1.0,0.0,0.0,0.0,0.0,1.0,53.714287,52.0,55.0,104.0,0.0,0.0,0.0,0.0,0.0,0.0,3.0,156.0,4.0,220.0,64240.0,254.0,1.0,32.0,0.0,0.0,0.0,0.0,0.0,0.0,0.0,0.0
8080.0,1015.0,2.0,0.0,0.0,0.0,0.0,0.0,0.0,0.0,0.0,0.0,0.0,0.0,0.0,1970.4434,1015.0,0.0,1015.0,1015.0,1015.0,1015.0,0.0,1015.0,1015.0,0.0,0.0,0.0,0.0,0.0,0.0,0.0,0.0,0.0,64.0,0.0,1970.4434,0.0,0.0,0.0,0.0,0.0,0.0,0.0,0.0,0.0,0.0,1.0,0.0,0.0,0.0,0.0,0.0,0.0,0.0,64.0,0.0,0.0,0.0,0.0,0.0,0.0,2.0,0.0,0.0,0.0,251.0,-1.0,0.0,32.0,0.0,0.0,0.0,0.0,0.0,0.0,0.0,0.0
8080.0,4151.0,3.0,4.0,156.0,220.0,156.0,0.0,52.0,90.06664,185.0,0.0,55.0,88.223206,90580.586,1686.3407,691.8333,502.49115,1423.0,0.0,2061.0,1030.5,1028.8403,1758.0,303.0,3155.0,1051.6666,923.78156,1732.0,0.0,0.0,0.0,0.0,0.0,104.0,136.0,722.7174,963.6232,0.0,185.0,47.0,77.56472,6016.2856,0.0,0.0,0.0,1.0,0.0,0.0,0.0,0.0,1.0,53.714287,52.0,55.0,104.0,0.0,0.0,0.0,0.0,0.0,0.0,3.0,156.0,4.0,220.0,64240.0,254.0,1.0,32.0,0.0,0.0,0.0,0.0,0.0,0.0,0.0,0.0
8080.0,845.0,2.0,0.0,0.0,0.0,0.0,0.0,0.0,0.0,0.0,0.0,0.0,0.0,0.0,2366.864,845.0,0.0,845.0,845.0,845.0,845.0,0.0,845.0,845.0,0.0,0.0,0.0,0.0,0.0,0.0,0.0,0.0,0.0,64.0,0.0,2366.864,0.0,0.0,0.0,0.0,0.0,0.0,0.0,0.0,0.0,0.0,1.0,0.0,0.0,0.0,0.0,0.0,0.0,0.0,64.0,0.0,0.0,0.0,0.0,0.0,0.0,2.0,0.0,0.0,0.0,251.0,-1.0,0.0,32.0,0.0,0.0,0.0,0.0,0.0,0.0,0.0,0.0
8080.0,4849.0,3.0,4.0,156.0,220.0,156.0,0.0,52.0,90.06664,185.0,0.0,55.0,88.223206,77541.76,1443.5966,808.1667,317.60693,1316.0,353.0,2024.0,1012.0,931.96674,1671.0,353.0,3925.0,1308.3334,640.5344,1945.0,664.0,0.0,0.0,0.0,0.0,104.0,136.0,618.68427,824.91235,0.0,185.0,47.0,77.56472,6016.2856,0.0,0.0,0.0,1.0,0.0,0.0,0.0,0.0,1.0,53.714287,52.0,55.0,104.0,0.0,0.0,0.0,0.0,0.0,0.0,3.0,156.0,4.0,220.0,64240.0,254.0,1.0,32.0,0.0,0.0,0.0,0.0,0.0,0.0,0.0,0.0
8080.0,740.0,2.0,0.0,0.0,0.0,0.0,0.0,0.0,0.0,0.0,0.0,0.0,0.0,0.0,2702.7026,740.0,0.0,740.0,740.0,740.0,740.0,0.0,740.0,740.0,0.0,0.0,0.0,0.0,0.0,0.0,0.0,0.0,0.0,64.0,0.0,2702.7026,0.0,0.0,0.0,0.0,0.0,0.0,0.0,0.0,0.0,0.0,1.0,0.0,0.0,0.0,0.0,0.0,0.0,0.0,64.0,0.0,0.0,0.0,0.0,0.0,0.0,2.0,0.0,0.0,0.0,251.0,-1.0,0.0,32.0,0.0,0.0,0.0,0.0,0.0,0.0,0.0,0.0
8080.0,4620.0,3.0,4.0,156.0,220.0,156.0,0.0,52.0,90.06664,185.0,0.0,55.0,88.223206,81385.28,1515.1515,770.0,564.93646,1750.0,213.0,1988.0,994.0,1104.5007,1775.0,213.0,3551.0,1183.6666,734.3108,1750.0,354.0,0.0,0.0,0.0,0.0,104.0,136.0,649.35065,865.80084,0.0,185.0,47.0,77.56472,6016.2856,0.0,0.0,0.0,1.0,0.0,0.0,0.0,0.0,1.0,53.714287,52.0,55.0,104.0,0.0,0.0,0.0,0.0,0.0,0.0,3.0,156.0,4.0,220.0,64240.0,254.0,1.0,32.0,0.0,0.0,0.0,0.0,0.0,0.0,0.0,0.0
8080.0,1161.0,2.0,0.0,0.0,0.0,0.0,0.0,0.0,0.0,0.0,0.0,0.0,0.0,0.0,1722.6528,1161.0,0.0,1161.0,1161.0,1161.0,1161.0,0.0,1161.0,1161.0,0.0,0.0,0.0,0.0,0.0,0.0,0.0,0.0,0.0,64.0,0.0,1722.6528,0.0,0.0,0.0,0.0,0.0,0.0,0.0,0.0,0.0,0.0,1.0,0.0,0.0,0.0,0.0,0.0,0.0,0.0,64.0,0.0,0.0,0.0,0.0,0.0,0.0,2.0,0.0,0.0,0.0,251.0,-1.0,0.0,32.0,0.0,0.0,0.0,0.0,0.0,0.0,0.0,0.0
8080.0,391.0,1.0,1.0,0.0,0.0,0.0,0.0,0.0,0.0,0.0,0.0,0.0,0.0,0.0,5115.0894,391.0,0.0,391.0,391.0,0.0,0.0,0.0,0.0,0.0,0.0,0.0,0.0,0.0,0.0,0.0,0.0,0.0,0.0,32.0,32.0,2557.5447,2557.5447,0.0,0.0,0.0,0.0,0.0,0.0,0.0,0.0,0.0,1.0,1.0,0.0,0.0,1.0,0.0,0.0,0.0,32.0,0.0,0.0,0.0,0.0,0.0,0.0,1.0,0.0,1.0,0.0,251.0,254.0,0.0,32.0,0.0,0.0,0.0,0.0,0.0,0.0,0.0,0.0
8080.0,185.0,1.0,1.0,0.0,0.0,0.0,0.0,0.0,0.0,0.0,0.0,0.0,0.0,0.0,10810.811,185.0,0.0,185.0,185.0,0.0,0.0,0.0,0.0,0.0,0.0,0.0,0.0,0.0,0.0,0.0,0.0,0.0,0.0,32.0,32.0,5405.4053,5405.4053,0.0,0.0,0.0,0.0,0.0,0.0,0.0,0.0,0.0,1.0,0.0,0.0,0.0,1.0,0.0,0.0,0.0,32.0,0.0,0.0,0.0,0.0,0.0,0.0,1.0,0.0,1.0,0.0,251.0,254.0,0.0,32.0,0.0,0.0,0.0,0.0,0.0,0.0,0.0,0.0
8080.0,558.0,1.0,1.0,0.0,0.0,0.0,0.0,0.0,0.0,0.0,0.0,0.0,0.0,0.0,3584.2295,558.0,0.0,558.0,558.0,0.0,0.0,0.0,0.0,0.0,0.0,0.0,0.0,0.0,0.0,0.0,0.0,0.0,0.0,32.0,32.0,1792.1147,1792.1147,0.0,0.0,0.0,0.0,0.0,0.0,0.0,0.0,0.0,1.0,1.0,0.0,0.0,1.0,0.0,0.0,0.0,32.0,0.0,0.0,0.0,0.0,0.0,0.0,1.0,0.0,1.0,0.0,251.0,254.0,0.0,32.0,0.0,0.0,0.0,0.0,0.0,0.0,0.0,0.0
8080.0,999.0,1.0,1.0,0.0,0.0,0.0,0.0,0.0,0.0,0.0,0.0,0.0,0.0,0.0,2002.002,999.0,0.0,999.0,999.0,0.0,0.0,0.0,0.0,0.0,0.0,0.0,0.0,0.0,0.0,0.0,0.0,0.0,0.0,32.0,32.0,1001.001,1001.001,0.0,0.0,0.0,0.0,0.0,0.0,0.0,0.0,0.0,1.0,1.0,0.0,0.0,1.0,0.0,0.0,0.0,32.0,0.0,0.0,0.0,0.0,0.0,0.0,1.0,0.0,1.0,0.0,251.0,254.0,0.0,32.0,0.0,0.0,0.0,0.0,0.0,0.0,0.0,0.0
