destination_port,flow_duration,total_fwd_packets,total_backward_packets,total_length_of_fwd_packets,total_length_of_bwd_packets,fwd_packet_length_max,fwd_packet_length_min,fwd_packet_length_mean,fwd_packet_length_std,bwd_packet_length_max,bwd_packet_length_min,bwd_packet_length_mean,bwd_packet_length_std,flow_bytes_s,flow_packets_s,flow_iat_mean,flow_iat_std,flow_iat_max,flow_iat_min,fwd_iat_total,fwd_iat_mean,fwd_iat_std,fwd_iat_max,fwd_iat_min,bwd_iat_total,bwd_iat_mean,bwd_iat_std,bwd_iat_max,bwd_iat_min,fwd_psh_flags,bwd_psh_flags,fwd_urg_flags,bwd_urg_flags,fwd_header_length,bwd_header_length,fwd_packets_s,bwd_packets_s,min_packet_length,max_packet_length,packet_length_mean,packet_length_std,packet_length_variance,fin_flag_count,syn_flag_count,rst_flag_count,psh_flag_count,ack_flag_count,urg_flag_count,cwe_flag_count,ece_flag_count,down_up_ratio,average_packet_size,avg_fwd_segment_size,avg_bwd_segment_size,fwd_header_length.1,fwd_avg_bytes_bulk,fwd_avg_packets_bulk,fwd_avg_bulk_rate,bwd_avg_bytes_bulk,bwd_avg_packets_bulk,bwd_avg_bulk_rate,subflow_fwd_packets,subflow_fwd_bytes,subflow_bwd_packets,subflow_bwd_bytes,init_win_bytes_forward,init_win_bytes_backward,act_data_pkt_fwd,min_seg_size_forward,active_mean,active_std,active_max,active_min,idle_mean,idle_std,idle_max,idle_min
8080.0,5244.0,3.0,4.0,156.0,220.0,156.0,0.0,52.0,90.06664,185.0,0.0,55.0,88.223206,71700.99,1334.8589,874.0,1365.483,3633.0,121.0,1010.0,505.0,543.058,889.0,121.0,4573.0,1524.3334,1843.7386,3633.0,216.0,0.0,0.0,0.0,0.0,104.0,136.0,572.0824,762.7765,0.0,185.0,47.0,77.56472,6016.2856,0.0,0.0,0.0,1.0,0.0,0.0,0.0,0.0,1.0,53.714287,52.0,55.0,104.0,0.0,0.0,0.0,0.0,0.0,0.0,3.0,156.0,4.0,220.0,64240.0,254.0,1.0,32.0,0.0,0.0,0.0,0.0,0.0,0.0,0.0,0.0
8080.0,458.0,2.0,0.0,0.0,0.0,0.0,0.0,0.0,0.0,0.0,0.0,0.0,0.0,0.0,4366.812,458.0,0.0,458.0,458.0,458.0,458.0,0.0,458.0,458.0,0.0,0.0,0.0,0.0,0.0,0.0,0.0,0.0,0.0,64.0,0.0,4366.812,0.0,0.0,0.0,0.0,0.0,0.0,0.0,0.0,0.0,0.0,1.0,0.0,0.0,0.0,0.0,0.0,0.0,0.0,64.0,0.0,0.0,0.0,0.0,0.0,0.0,2.0,0.0,0.0,0.0,251.0,-1.0,0.0,32.0,0.0,0.0,0.0,0.0,0.0,0.0,0.0,0.0
8080.0,4785.0,3.0,4.0,156.0,220.0,156.0,0.0,52.0,90.06664,185.0,0.0,55.0,88.223206,78578.89,1462.9049,797.5,514.88904,1780.0,360.0,2012.0,1006.0,824.4865,1589.0,423.0,3963.0,1321.0,832.5281,1823.0,360.0,0.0,0.0,0.0,0.0,104.0,136.0,626.9592,835.9457,0.0,185.0,47.0,77.56472,6016.2856,0.0,0.0,0.0,1.0,0.0,0.0,0.0,0.0,1.0,53.714287,52.0,55.0,104.0,0.0,0.0,0.0,0.0,0.0,0.0,3.0,156.0,4.0,220.0,64240.0,254.0,1.0,32.0,0.0,0.0,0.0,0.0,0.0,0.0,0.0,0.0
8080.0,1215.0,2.0,0.0,0.0,0.0,0.0,0.0,0.0,0.0,0.0,0.0,0.0,0.0,0.0,1646.0906,1215.0,0.0,1215.0,1215.0,1215.0,1215.0,0.0,1215.0,1215.0,0.0,0.0,0.0,0.0,0.0,0.0,0.0,0.0,0.0,64.0,0.0,1646.0906,0.0,0.0,0.0,0.0,0.0,0.0,0.0,0.0,0.0,0.0,1.0,0.0,0.0,0.0,0.0,0.0,0.0,0.0,64.0,0.0,0.0,0.0,0.0,0.0,0.0,2.0,0.0,0.0,0.0,251.0,-1.0,0.0,32.0,0.0,0.0,0.0,0.0,0.0,0.0,0.0,0.0
8080.0,6975.0,3.0,4.0,156.0,220.0,156.0,0.0,52.0,90.06664,185.0,0.0,55.0,88.223206,53906.81,1003.5842,1162.5,1661.7651,4495.0,0.0,1847.0,923.5,847.82104,1523.0,324.0,6063.0,2021.0,2281.4827,4495.0,0.0,0.0,0.0,0.0,0.0,104.0,136.0,430.1075,573.4767,0.0,185.0,47.0,77.56472,6016.2856,0.0,0.0,0.0,1.0,0.0,0.0,0.0,0.0,1.0,53.714287,52.0,55.0,104.0,0.0,0.0,0.0,0.0,0.0,0.0,3.0,156.0,4.0,220.0,64240.0,254.0,1.0,32.0,0.0,0.0,0.0,0.0,0.0,0.0,0.0,0.0
8080.0,777.0,2.0,0.0,0.0,0.0,0.0,0.0,0.0,0.0,0.0,0.0,0.0,0.0,0.0,2574.0027,777.0,0.0,777.0,777.0,777.0,777.0,0.0,777.0,777.0,0.0,0.0,0.0,0.0,0.0,0.0,0.0,0.0,0.0,64.0,0.0,2574.0027,0.0,0.0,0.0,0.0,0.0,0.0,0.0,0.0,0.0,0.0,1.0,0.0,0.0,0.0,0.0,0.0,0.0,0.0,64.0,0.0,0.0,0.0,0.0,0.0,0.0,2.0,0.0,0.0,0.0,251.0,-1.0,0.0,32.0,0.0,0.0,0.0,0.0,0.0,0.0,0.0,0.0
8080.0,4422.0,3.0,4.0,156.0,220.0,156.0,0.0,52.0,90.06664,185.0,0.0,55.0,88.223206,85029.4,1582.9941,737.0,499.68912,1669.0,240.0,1708.0,854.0,868.32715,1468.0,240.0,3613.0,1204.3334,698.5538,1669.0,401.0,0.0,0.0,0.0,0.0,104.0,136.0,678.426,904.56805,0.0,185.0,47.0,77.56472,6016.2856,0.0,0.0,0.0,1.0,0.0,0.0,0.0,0.0,1.0,53.714287,52.0,55.0,104.0,0.0,0.0,0.0,0.0,0.0,0.0,3.0,156.0,4.0,220.0,64240.0,254.0,1.0,32.0,0.0,0.0,0.0,0.0,0.0,0.0,0.0,0.0
8080.0,962.0,2.0,0.0,0.0,0.0,0.0,0.0,0.0,0.0,0.0,0.0,0.0,0.0,0.0,2079.0022,962.0,0.0,962.0,962.0,962.0,962.0,0.0,962.0,962.0,0.0,0.0,0.0,0.0,0.0,0.0,0.0,0.0,0.0,64.0,0.0,2079.0022,0.0,0.0,0.0,0.0,0.0,0.0,0.0,0.0,0.0,0.0,1.0,0.0,0.0,0.0,0.0,0.0,0.0,0.0,64.0,0.0,0.0,0.0,0.0,0.0,0.0,2.0,0.0,0.0,0.0,251.0,-1.0,0.0,32.0,0.0,0.0,0.0,0.0,0.0,0.0,0.0,0.0
8080.0,6836.0,3.0,4.0,156.0,220.0,156.0,0.0,52.0,90.06664,185.0,0.0,55.0,88.223206,55002.926,1023.99066,1139.3334,1289.0961,3684.0,277.0,2383.0,1191.5,81.31728,1249.0,1134.0,6226.0,2075.3333,1711.4006,3684.0,277.0,0.0,0.0,0.0,0.0,104.0,136.0,438.85312,585.1375,0.0,185.0,47.0,77.56472,6016.2856,0.0,0.0,0.0,1.0,0.0,0.0,0.0,0.0,1.0,53.714287,52.0,55.0,104.0,0.0,0.0,0.0,0.0,0.0,0.0,3.0,156.0,4.0,220.0,64240.0,254.0,1.0,32.0,0.0,0.0,0.0,0.0,0.0,0.0,0.0,0.0
8080.0,798.0,2.0,0.0,0.0,0.0,0.0,0.0,0.0,0.0,0.0,0.0,0.0,0.0,0.0,2506.2656,798.0,0.0,798.0,798.0,798.0,798.0,0.0,798.0,798.0,0.0,0.0,0.0,0.0,0.0,0.0,0.0,0.0,0.0,64.0,0.0,2506.2656,0.0,0.0,0.0,0.0,0.0,0.0,0.0,0.0,0.0,0.0,1.0,0.0,0.0,0.0,0.0,0.0,0.0,0.0,64.0,0.0,0.0,0.0,0.0,0.0,0.0,2.0,0.0,0.0,0.0,251.0,-1.0,0.0,32.0,0.0,0.0,0.0,0.0,0.0,0.0,0.0,0.0
8080.0,4821.0,3.0,4.0,156.0,220.0,156.0,0.0,52.0,90.06664,185.0,0.0,55.0,88.223206,77992.12,1451.981,803.5,509.20792,1414.0,1.0,2433.0,1216.5,1065.6099,1970.0,463.0,3650.0,1216.6666,1129.9974,2235.0,1.0,0.0,0.0,0.0,0.0,104.0,136.0,622.2775,829.70337,0.0,185.0,47.0,77.56472,6016.2856,0.0,0.0,0.0,1.0,0.0,0.0,0.0,0.0,1.0,53.714287,52.0,55.0,104.0,0.0,0.0,0.0,0.0,0.0,0.0,3.0,156.0,4.0,220.0,64240.0,254.0,1.0,32.0,0.0,0.0,0.0,0.0,0.0,0.0,0.0,0.0
8080.0,1057.0,2.0,0.0,0.0,0.0,0.0,0.0,0.0,0.0,0.0,0.0,0.0,0.0,0.0,1892.1476,1057.0,0.0,1057.0,1057.0,1057.0,1057.0,0.0,1057.0,1057.0,0.0,0.0,0.0,0.0,0.0,0.0,0.0,0.0,0.0,64.0,0.0,1892.1476,0.0,0.0,0.0,0.0,0.0,0.0,0.0,0.0,0.0,0.0,1.0,0.0,0.0,0.0,0.0,0.0,0.0,0.0,64.0,0.0,0.0,0.0,0.0,0.0,0.0,2.0,0.0,0.0,0.0,251.0,-1.0,0.0,32.0,0.0,0.0,0.0,0.0,0.0,0.0,0.0,0.0
8080.0,4191.0,3.0,4.0,156.0,220.0,156.0,0.0,52.0,90.06664,185.0,0.0,55.0,88.223206,89716.055,1670.2457,698.5,422.7925,1493.0,307.0,1784.0,892.0,711.3494,1395.0,389.0,3443.0,1147.6666,731.8916,1643.0,307.0,0.0,0.0,0.0,0.0,104.0,136.0,715.81964,954.42615,0.0,185.0,47.0,77.56472,6016.2856,0.0,0.0,0.0,1.0,0.0,0.0,0.0,0.0,1.0,53.714287,52.0,55.0,104.0,0.0,0.0,0.0,0.0,0.0,0.0,3.0,156.0,4.0,220.0,64240.0,254.0,1.0,32.0,0.0,0.0,0.0,0.0,0.0,0.0,0.0,0.0
8080.0,765.0,2.0,0.0,0.0,0.0,0.0,0.0,0.0,0.0,0.0,0.0,0.0,0.0,0.0,2614.3792,765.0,0.0,765.0,765.0,765.0,765.0,0.0,765.0,765.0,0.0,0.0,0.0,0.0,0.0,0.0,0.0,0.0,0.0,64.0,0.0,2614.3792,0.0,0.0,0.0,0.0,0.0,0.0,0.0,0.0,0.0,0.0,1.0,0.0,0.0,0.0,0.0,0.0,0.0,0.0,64.0,0.0,0.0,0.0,0.0,0.0,0.0,2.0,0.0,0.0,0.0,251.0,-1.0,0.0,32.0,0.0,0.0,0.0,0.0,0.0,0.0,0.0,0.0
8080.0,5774.0,3.0,4.0,156.0,220.0,156.0,0.0,52.0,90.06664,185.0,0.0,55.0,88.223206,65119.5,1212.3312,962.3333,469.89688,1885.0,629.0,2548.0,1274.0,803.2733,1842.0,706.0,4783.0,1594.3334,857.76764,2269.0,629.0,0.0,0.0,0.0,0.0,104.0,136.0,519.5705,692.7607,0.0,185.0,47.0,77.56472,6016.2856,0.0,0.0,0.0,1.0,0.0,0.0,0.0,0.0,1.0,53.714287,52.0,55.0,104.0,0.0,0.0,0.0,0.0,0.0,0.0,3.0,156.0,4.0,220.0,64240.0,254.0,1.0,32.0,0.0,0.0,0.0,0.0,0.0,0.0,0.0,0.0
8080.0,1150.0,2.0,0.0,0.0,0.0,0.0,0.0,0.0,0.0,0.0,0.0,0.0,0.0,0.0,1739.1305,1150.0,0.0,1150.0,1150.0,1150.0,1150.0,0.0,1150.0,1150.0,0.0,0.0,0.0,0.0,0.0,0.0,0.0,0.0,0.0,64.0,0.0,1739.1305,0.0,0.0,0.0,0.0,0.0,0.0,0.0,0.0,0.0,0.0,1.0,0.0,0.0,0.0,0.0,0.0,0.0,0.0,64.0,0.0,0.0,0.0,0.0,0.0,0.0,2.0,0.0,0.0,0.0,251.0,-1.0,0.0,32.0,0.0,0.0,0.0,0.0,0.0,0.0,0.0,0.0
8080.0,4056.0,3.0,4.0,156.0,220.0,156.0,0.0,52.0,90.06664,185.0,0.0,55.0,88.223206,92702.17,1725.8383,676.0,547.9799,1599.0,0.0,1889.0,944.5,905.8038,1585.0,304.0,3176.0,1058.6666,916.8982,1599.0,0.0,0.0,0.0,0.0,0.0,104.0,136.0,739.64496,986.1933,0.0,185.0,47.0,77.56472,6016.2856,0.0,0.0,0.0,1.0,0.0,0.0,0.0,0.0,1.0,53.714287,52.0,55.0,104.0,0.0,0.0,0.0,0.0,0.0,0.0,3.0,156.0,4.0,220.0,64240.0,254.0,1.0,32.0,0.0,0.0,0.0,0.0,0.0,0.0,0.0,0.0
8080.0,852.0,2.0,0.0,0.0,0.0,0.0,0.0,0.0,0.0,0.0,0.0,0.0,0.0,0.0,2347.4177,852.0,0.0,852.0,852.0,852.0,852.0,0.0,852.0,852.0,0.0,0.0,0.0,0.0,0.0,0.0,0.0,0.0,0.0,64.0,0.0,2347.4177,0.0,0.0,0.0,0.0,0.0,0.0,0.0,0.0,0.0,0.0,1.0,0.0,0.0,0.0,0.0,0.0,0.0,0.0,64.0,0.0,0.0,0.0,0.0,0.0,0.0,2.0,0.0,0.0,0.0,251.0,-1.0,0.0,32.0,0.0,0.0,0.0,0.0,0.0,0.0,0.0,0.0
8080.0,5974.0,3.0,4.0,156.0,220.0,156.0,0.0,52.0,90.06664,185.0,0.0,55.0,88.223206,62939.402,1171.7443,995.6667,758.3866,2366.0,289.0,2268.0,1134.0,1189.3536,1975.0,293.0,5015.0,1671.6666,1197.4282,2366.0,289.0,0.0,0.0,0.0,0.0,104.0,136.0,502.1761,669.5681,0.0,185.0,47.0,77.56472,6016.2856,0.0,0.0,0.0,1.0,0.0,0.0,0.0,0.0,1.0,53.714287,52.0,55.0,104.0,0.0,0.0,0.0,0.0,0.0,0.0,3.0,156.0,4.0,220.0,64240.0,254.0,1.0,32.0,0.0,0.0,0.0,0.0,0.0,0.0,0.0,0.0
8080.0,1535.0,2.0,0.0,0.0,0.0,0.0,0.0,0.0,0.0,0.0,0.0,0.0,0.0,0.0,1302.9316,1535.0,0.0,1535.0,1535.0,1535.0,1535.0,0.0,1535.0,1535.0,0.0,0.0,0.0,0.0,0.0,0.0,0.0,0.0,0.0,64.0,0.0,1302.9316,0.0,0.0,0.0,0.0,0.0,0.0,0.0,0.0,0.0,0.0,1.0,0.0,0.0,0.0,0.0,0.0,0.0,0.0,64.0,0.0,0.0,0.0,0.0,0.0,0.0,2.0,0.0,0.0,0.0,251.0,-1.0,0.0,32.0,0.0,0.0,0.0,0.0,0.0,0.0,0.0,0.0
8080.0,4590.0,3.0,4.0,156.0,220.0,156.0,0.0,52.0,90.06664,185.0,0.0,55.0,88.223206,81917.21,1525.0544,765.0,740.331,2126.0,1.0,1816.0,908.0,934.79517,1569.0,247.0,3702.0,1234.0,1102.777,2126.0,1.0,0.0,0.0,0.0,0.0,104.0,136.0,653.5948,871.4597,0.0,185.0,47.0,77.56472,6016.2856,0.0,0.0,0.0,1.0,0.0,0.0,0.0,0.0,1.0,53.714287,52.0,55.0,104.0,0.0,0.0,0.0,0.0,0.0,0.0,3.0,156.0,4.0,220.0,64240.0,254.0,1.0,32.0,0.0,0.0,0.0,0.0,0.0,0.0,0.0,0.0
8080.0,811.0,2.0,0.0,0.0,0.0,0.0,0.0,0.0,0.0,0.0,0.0,0.0,0.0,0.0,2466.0913,811.0,0.0,811.0,811.0,811.0,811.0,0.0,811.0,811.0,0.0,0.0,0.0,0.0,0.0,0.0,0.0,0.0,0.0,64.0,0.0,2466.0913,0.0,0.0,0.0,0.0,0.0,0.0,0.0,0.0,0.0,0.0,1.0,0.0,0.0,0.0,0.0,0.0,0.0,0.0,64.0,0.0,0.0,0.0,0.0,0.0,0.0,2.0,0.0,0.0,0.0,251.0,-1.0,0.0,32.0,0.0,0.0,0.0,0.0,0.0,0.0,0.0,0.0
8080.0,3553.0,4.0,4.0,156.0,220.0,156.0,0.0,39.0,78.0,185.0,0.0,55.0,88.223206,105826.06,2251.6184,507.57144,328.24274,972.0,17.0,3536.0,1178.6666,941.7623,2043.0,175.0,2774.0,924.6667,310.71585,1209.0,593.0,0.0,0.0,0.0,0.0,136.0,136.0,1125.8092,1125.8092,0.0,185.0,41.77778,74.22732,5509.6943,0.0,0.0,0.0,1.0,0.0,0.0,0.0,0.0,1.0,47.0,39.0,55.0,136.0,0.0,0.0,0.0,0.0,0.0,0.0,4.0,156.0,4.0,220.0,64240.0,254.0,1.0,32.0,0.0,0.0,0.0,0.0,0.0,0.0,0.0,0.0
8080.0,1582.0,3.0,4.0,156.0,220.0,156.0,0.0,52.0,90.06664,185.0,0.0,55.0,88.223206,237673.83,4424.779,263.66666,211.56717,622.0,1.0,668.0,334.0,322.4407,562.0,106.0,1291.0,430.33334,372.52426,668.0,1.0,0.0,0.0,0.0,0.0,104.0,136.0,1896.3337,2528.445,0.0,185.0,47.0,77.56472,6016.2856,0.0,0.0,0.0,1.0,0.0,0.0,0.0,0.0,1.0,53.714287,52.0,55.0,104.0,0.0,0.0,0.0,0.0,0.0,0.0,3.0,156.0,4.0,220.0,64240.0,254.0,1.0,32.0,0.0,0.0,0.0,0.0,0.0,0.0,0.0,0.0
8080.0,343.0,2.0,0.0,0.0,0.0,0.0,0.0,0.0,0.0,0.0,0.0,0.0,0.0,0.0,5830.904,343.0,0.0,343.0,343.0,343.0,343.0,0.0,343.0,343.0,0.0,0.0,0.0,0.0,0.0,0.0,0.0,0.0,0.0,64.0,0.0,5830.904,0.0,0.0,0.0,0.0,0.0,0.0,0.0,0.0,0.0,0.0,1.0,0.0,0.0,0.0,0.0,0.0,0.0,0.0,64.0,0.0,0.0,0.0,0.0,0.0,0.0,2.0,0.0,0.0,0.0,251.0,-1.0,0.0,32.0,0.0,0.0,0.0,0.0,0.0,0.0,0.0,0.0
8080.0,2608.0,3.0,4.0,156.0,220.0,156.0,0.0,52.0,90.06664,185.0,0.0,55.0,88.223206,144171.78,2684.049,434.66666,359.19336,1020.0,0.0,1215.0,607.5,624.3753,1049.0,166.0,1980.0,660.0,572.3635,1020.0,0.0,0.0,0.0,0.0,0.0,104.0,136.0,1150.3068,1533.7423,0.0,185.0,47.0,77.56472,6016.2856,0.0,0.0,0.0,1.0,0.0,0.0,0.0,0.0,1.0,53.714287,52.0,55.0,104.0,0.0,0.0,0.0,0.0,0.0,0.0,3.0,156.0,4.0,220.0,64240.0,254.0,1.0,32.0,0.0,0.0,0.0,0.0,0.0,0.0,0.0,0.0
8080.0,445.0,2.0,0.0,0.0,0.0,0.0,0.0,0.0,0.0,0.0,0.0,0.0,0.0,0.0,4494.382,445.0,0.0,445.0,445.0,445.0,445.0,0.0,445.0,445.0,0.0,0.0,0.0,0.0,0.0,0.0,0.0,0.0,0.0,64.0,0.0,4494.382,0.0,0.0,0.0,0.0,0.0,0.0,0.0,0.0,0.0,0.0,1.0,0.0,0.0,0.0,0.0,0.0,0.0,0.0,64.0,0.0,0.0,0.0,0.0,0.0,0.0,2.0,0.0,0.0,0.0,251.0,-1.0,0.0,32.0,0.0,0.0,0.0,0.0,0.0,0.0,0.0,0.0
8080.0,3714.0,3.0,4.0,156.0,220.0,156.0,0.0,52.0,90.06664,185.0,0.0,55.0,88.223206,101238.555,1884.7604,619.0,364.6582,1051.0,1.0,2192.0,1096.0,708.521,1597.0,595.0,2848.0,949.3333,901.80835,1796.0,1.0,0.0,0.0,0.0,0.0,104.0,136.0,807.75446,1077.006,0.0,185.0,47.0,77.56472,6016.2856,0.0,0.0,0.0,1.0,0.0,0.0,0.0,0.0,1.0,53.714287,52.0,55.0,104.0,0.0,0.0,0.0,0.0,0.0,0.0,3.0,156.0,4.0,220.0,64240.0,254.0,1.0,32.0,0.0,0.0,0.0,0.0,0.0,0.0,0.0,0.0
8080.0,860.0,2.0,0.0,0.0,0.0,0.0,0.0,0.0,0.0,0.0,0.0,0.0,0.0,0.0,2325.5813,860.0,0.0,860.0,860.0,860.0,860.0,0.0,860.0,860.0,0.0,0.0,0.0,0.0,0.0,0.0,0.0,0.0,0.0,64.0,0.0,2325.5813,0.0,0.0,0.0,0.0,0.0,0.0,0.0,0.0,0.0,0.0,1.0,0.0,0.0,0.0,0.0,0.0,0.0,0.0,64.0,0.0,0.0,0.0,0.0,0.0,0.0,2.0,0.0,0.0,0.0,251.0,-1.0,0.0,32.0,0.0,0.0,0.0,0.0,0.0,0.0,0.0,0.0
8080.0,3289.0,3.0,4.0,156.0,220.0,156.0,0.0,52.0,90.06664,185.0,0.0,55.0,88.223206,114320.46,2128.3064,548.1667,400.9047,1210.0,0.0,1651.0,825.5,648.41693,1284.0,367.0,2658.0,886.0,776.4715,1448.0,0.0,0.0,0.0,0.0,0.0,104.0,136.0,912.13135,1216.1752,0.0,185.0,47.0,77.56472,6016.2856,0.0,0.0,0.0,1.0,0.0,0.0,0.0,0.0,1.0,53.714287,52.0,55.0,104.0,0.0,0.0,0.0,0.0,0.0,0.0,3.0,156.0,4.0,220.0,64240.0,254.0,1.0,32.0,0.0,0.0,0.0,0.0,0.0,0.0,0.0,0.0
8080.0,593.0,2.0,0.0,0.0,0.0,0.0,0.0,0.0,0.0,0.0,0.0,0.0,0.0,0.0,3372.6814,593.0,0.0,593.0,593.0,593.0,593.0,0.0,593.0,593.0,0.0,0.0,0.0,0.0,0.0,0.0,0.0,0.0,0.0,64.0,0.0,3372.6814,0.0,0.0,0.0,0.0,0.0,0.0,0.0,0.0,0.0,0.0,1.0,0.0,0.0,0.0,0.0,0.0,0.0,0.0,64.0,0.0,0.0,0.0,0.0,0.0,0.0,2.0,0.0,0.0,0.0,251.0,-1.0,0.0,32.0,0.0,0.0,0.0,0.0,0.0,0.0,0.0,0.0
8080.0,4646.0,3.0,4.0,156.0,220.0,156.0,0.0,52.0,90.06664,185.0,0.0,55.0,88.223206,80929.836,1506.6724,774.3333,641.9918,1942.0,165.0,1974.0,987.0,1029.5475,1715.0,259.0,3751.0,1250.3334,951.6629,1942.0,165.0,0.0,0.0,0.0,0.0,104.0,136.0,645.71674,860.9557,0.0,185.0,47.0,77.56472,6016.2856,0.0,0.0,0.0,1.0,0.0,0.0,0.0,0.0,1.0,53.714287,52.0,55.0,104.0,0.0,0.0,0.0,0.0,0.0,0.0,3.0,156.0,4.0,220.0,64240.0,254.0,1.0,32.0,0.0,0.0,0.0,0.0,0.0,0.0,0.0,0.0
8080.0,1586.0,2.0,0.0,0.0,0.0,0.0,0.0,0.0,0.0,0.0,0.0,0.0,0.0,0.0,1261.034,1586.0,0.0,1586.0,1586.0,1586.0,1586.0,0.0,1586.0,1586.0,0.0,0.0,0.0,0.0,0.0,0.0,0.0,0.0,0.0,64.0,0.0,1261.034,0.0,0.0,0.0,0.0,0.0,0.0,0.0,0.0,0.0,0.0,1.0,0.0,0.0,0.0,0.0,0.0,0.0,0.0,64.0,0.0,0.0,0.0,0.0,0.0,0.0,2.0,0.0,0.0,0.0,251.0,-1.0,0.0,32.0,0.0,0.0,0.0,0.0,0.0,0.0,0.0,0.0
8080.0,3921.0,3.0,4.0,156.0,220.0,156.0,0.0,52.0,90.06664,185.0,0.0,55.0,88.223206,95893.91,1785.2589,653.5,525.31616,1672.0,295.0,1548.0,774.0,671.75146,1249.0,299.0,3184.0,1061.3334,701.57416,1672.0,295.0,0.0,0.0,0.0,0.0,104.0,136.0,765.11096,1020.14795,0.0,185.0,47.0,77.56472,6016.2856,0.0,0.0,0.0,1.0,0.0,0.0,0.0,0.0,1.0,53.714287,52.0,55.0,104.0,0.0,0.0,0.0,0.0,0.0,0.0,3.0,156.0,4.0,220.0,64240.0,254.0,1.0,32.0,0.0,0.0,0.0,0.0,0.0,0.0,0.0,0.0
8080.0,799.0,2.0,0.0,0.0,0.0,0.0,0.0,0.0,0.0,0.0,0.0,0.0,0.0,0.0,2503.129,799.0,0.0,799.0,799.0,799.0,799.0,0.0,799.0,799.0,0.0,0.0,0.0,0.0,0.0,0.0,0.0,0.0,0.0,64.0,0.0,2503.129,0.0,0.0,0.0,0.0,0.0,0.0,0.0,0.0,0.0,0.0,1.0,0.0,0.0,0.0,0.0,0.0,0.0,0.0,64.0,0.0,0.0,0.0,0.0,0.0,0.0,2.0,0.0,0.0,0.0,251.0,-1.0,0.0,32.0,0.0,0.0,0.0,0.0,0.0,0.0,0.0,0.0
8080.0,2420.0,3.0,4.0,156.0,220.0,156.0,0.0,52.0,90.06664,185.0,0.0,55.0,88.223206,155371.9,2892.562,403.33334,372.08313,1081.0,0.0,1070.0,535.0,482.24683,876.0,194.0,1927.0,642.3333,568.5511,1081.0,0.0,0.0,0.0,0.0,0.0,104.0,136.0,1239.6694,1652.8926,0.0,185.0,47.0,77.56472,6016.2856,0.0,0.0,0.0,1.0,0.0,0.0,0.0,0.0,1.0,53.714287,52.0,55.0,104.0,0.0,0.0,0.0,0.0,0.0,0.0,3.0,156.0,4.0,220.0,64240.0,254.0,1.0,32.0,0.0,0.0,0.0,0.0,0.0,0.0,0.0,0.0
8080.0,491.0,2.0,0.0,0.0,0.0,0.0,0.0,0.0,0.0,0.0,0.0,0.0,0.0,0.0,4073.3198,491.0,0.0,491.0,491.0,491.0,491.0,0.0,491.0,491.0,0.0,0.0,0.0,0.0,0.0,0.0,0.0,0.0,0.0,64.0,0.0,4073.3198,0.0,0.0,0.0,0.0,0.0,0.0,0.0,0.0,0.0,0.0,1.0,0.0,0.0,0.0,0.0,0.0,0.0,0.0,64.0,0.0,0.0,0.0,0.0,0.0,0.0,2.0,0.0,0.0,0.0,251.0,-1.0,0.0,32.0,0.0,0.0,0.0,0.0,0.0,0.0,0.0,0.0
8080.0,2515.0,3.0,4.0,156.0,220.0,156.0,0.0,52.0,90.06664,185.0,0.0,55.0,88.223206,149502.98,2783.3003,419.16666,376.2023,1100.0,0.0,1143.0,571.5,505.58136,929.0,214.0,2034.0,678.0,593.0025,1100.0,0.0,0.0,0.0,0.0,0.0,104.0,136.0,1192.8429,1590.4573,0.0,185.0,47.0,77.56472,6016.2856,0.0,0.0,0.0,1.0,0.0,0.0,0.0,0.0,1.0,53.714287,52.0,55.0,104.0,0.0,0.0,0.0,0.0,0.0,0.0,3.0,156.0,4.0,220.0,64240.0,254.0,1.0,32.0,0.0,0.0,0.0,0.0,0.0,0.0,0.0,0.0
8080.0,735.0,2.0,0.0,0.0,0.0,0.0,0.0,0.0,0.0,0.0,0.0,0.0,0.0,0.0,2721.0884,735.0,0.0,735.0,735.0,735.0,735.0,0.0,735.0,735.0,0.0,0.0,0.0,0.0,0.0,0.0,0.0,0.0,0.0,64.0,0.0,2721.0884,0.0,0.0,0.0,0.0,0.0,0.0,0.0,0.0,0.0,0.0,1.0,0.0,0.0,0.0,0.0,0.0,0.0,0.0,64.0,0.0,0.0,0.0,0.0,0.0,0.0,2.0,0.0,0.0,0.0,251.0,-1.0,0.0,32.0,0.0,0.0,0.0,0.0,0.0,0.0,0.0,0.0
8080.0,4993.0,3.0,4.0,156.0,220.0,156.0,0.0,52.0,90.06664,185.0,0.0,55.0,88.223206,75305.43,1401.9628,832.1667,701.1497,2095.0,0.0,2220.0,1110.0,900.85406,1747.0,473.0,4034.0,1344.6666,1167.1248,2095.0,0.0,0.0,0.0,0.0,0.0,104.0,136.0,600.8412,801.1216,0.0,185.0,47.0,77.56472,6016.2856,0.0,0.0,0.0,1.0,0.0,0.0,0.0,0.0,1.0,53.714287,52.0,55.0,104.0,0.0,0.0,0.0,0.0,0.0,0.0,3.0,156.0,4.0,220.0,64240.0,254.0,1.0,32.0,0.0,0.0,0.0,0.0,0.0,0.0,0.0,0.0
8080.0,1068.0,2.0,0.0,0.0,0.0,0.0,0.0,0.0,0.0,0.0,0.0,0.0,0.0,0.0,1872.6592,1068.0,0.0,1068.0,1068.0,1068.0,1068.0,0.0,1068.0,1068.0,0.0,0.0,0.0,0.0,0.0,0.0,0.0,0.0,0.0,64.0,0.0,1872.6592,0.0,0.0,0.0,0.0,0.0,0.0,0.0,0.0,0.0,0.0,1.0,0.0,0.0,0.0,0.0,0.0,0.0,0.0,64.0,0.0,0.0,0.0,0.0,0.0,0.0,2.0,0.0,0.0,0.0,251.0,-1.0,0.0,32.0,0.0,0.0,0.0,0.0,0.0,0.0,0.0,0.0
8080.0,7571.0,3.0,4.0,156.0,220.0,156.0,0.0,52.0,90.06664,185.0,0.0,55.0,88.223206,49663.188,924.5806,1261.8334,2019.1737,5326.0,0.0,1835.0,917.5,1023.18353,1641.0,194.0,6650.0,2216.6667,2772.9424,5326.0,0.0,0.0,0.0,0.0,0.0,104.0,136.0,396.24884,528.3318,0.0,185.0,47.0,77.56472,6016.2856,0.0,0.0,0.0,1.0,0.0,0.0,0.0,0.0,1.0,53.714287,52.0,55.0,104.0,0.0,0.0,0.0,0.0,0.0,0.0,3.0,156.0,4.0,220.0,64240.0,254.0,1.0,32.0,0.0,0.0,0.0,0.0,0.0,0.0,0.0,0.0
8080.0,925.0,2.0,0.0,0.0,0.0,0.0,0.0,0.0,0.0,0.0,0.0,0.0,0.0,0.0,2162.162,925.0,0.0,925.0,925.0,925.0,925.0,0.0,925.0,925.0,0.0,0.0,0.0,0.0,0.0,0.0,0.0,0.0,0.0,64.0,0.0,2162.162,0.0,0.0,0.0,0.0,0.0,0.0,0.0,0.0,0.0,0.0,1.0,0.0,0.0,0.0,0.0,0.0,0.0,0.0,64.0,0.0,0.0,0.0,0.0,0.0,0.0,2.0,0.0,0.0,0.0,251.0,-1.0,0.0,32.0,0.0,0.0,0.0,0.0,0.0,0.0,0.0,0.0
8080.0,7316.0,3.0,4.0,156.0,220.0,156.0,0.0,52.0,90.06664,185.0,0.0,55.0,88.223206,51394.203,956.807,1219.3334,1723.6328,4703.0,230.0,1801.0,900.5,919.9459,1551.0,250.0,6535.0,2178.3333,2291.5176,4703.0,230.0,0.0,0.0,0.0,0.0,104.0,136.0,410.06015,546.7468,0.0,185.0,47.0,77.56472,6016.2856,0.0,0.0,0.0,1.0,0.0,0.0,0.0,0.0,1.0,53.714287,52.0,55.0,104.0,0.0,0.0,0.0,0.0,0.0,0.0,3.0,156.0,4.0,220.0,64240.0,254.0,1.0,32.0,0.0,0.0,0.0,0.0,0.0,0.0,0.0,0.0
8080.0,938.0,2.0,0.0,0.0,0.0,0.0,0.0,0.0,0.0,0.0,0.0,0.0,0.0,0.0,2132.196,938.0,0.0,938.0,938.0,938.0,938.0,0.0,938.0,938.0,0.0,0.0,0.0,0.0,0.0,0.0,0.0,0.0,0.0,64.0,0.0,2132.196,0.0,0.0,0.0,0.0,0.0,0.0,0.0,0.0,0.0,0.0,1.0,0.0,0.0,0.0,0.0,0.0,0.0,0.0,64.0,0.0,0.0,0.0,0.0,0.0,0.0,2.0,0.0,0.0,0.0,251.0,-1.0,0.0,32.0,0.0,0.0,0.0,0.0,0.0,0.0,0.0,0.0
8080.0,7286.0,3.0,4.0,156.0,220.0,156.0,0.0,52.0,90.06664,185.0,0.0,55.0,88.223206,51605.82,960.74664,1214.3334,1730.3546,4700.0,141.0,1906.0,953.0,964.49365,1635.0,271.0,6406.0,2135.3333,2332.398,4700.0,141.0,0.0,0.0,0.0,0.0,104.0,136.0,411.74857,548.9981,0.0,185.0,47.0,77.56472,6016.2856,0.0,0.0,0.0,1.0,0.0,0.0,0.0,0.0,1.0,53.714287,52.0,55.0,104.0,0.0,0.0,0.0,0.0,0.0,0.0,3.0,156.0,4.0,220.0,64240.0,254.0,1.0,32.0,0.0,0.0,0.0,0.0,0.0,0.0,0.0,0.0
8080.0,993.0,2.0,0.0,0.0,0.0,0.0,0.0,0.0,0.0,0.0,0.0,0.0,0.0,0.0,2014.0986,993.0,0.0,993.0,993.0,993.0,993.0,0.0,993.0,993.0,0.0,0.0,0.0,0.0,0.0,0.0,0.0,0.0,0.0,64.0,0.0,2014.0986,0.0,0.0,0.0,0.0,0.0,0.0,0.0,0.0,0.0,0.0,1.0,0.0,0.0,0.0,0.0,0.0,0.0,0.0,64.0,0.0,0.0,0.0,0.0,0.0,0.0,2.0,0.0,0.0,0.0,251.0,-1.0,0.0,32.0,0.0,0.0,0.0,0.0,0.0,0.0,0.0,0.0
8080.0,4395.0,3.0,4.0,156.0,220.0,156.0,0.0,52.0,90.06664,185.0,0.0,55.0,88.223206,85551.766,1592.719,732.5,529.69794,1615.0,1.0,2114.0,1057.0,828.7291,1643.0,471.0,3584.0,1194.6666,1048.7051,1968.0,1.0,0.0,0.0,0.0,0.0,104.0,136.0,682.5939,910.1251,0.0,185.0,47.0,77.56472,6016.2856,0.0,0.0,0.0,1.0,0.0,0.0,0.0,0.0,1.0,53.714287,52.0,55.0,104.0,0.0,0.0,0.0,0.0,0.0,0.0,3.0,156.0,4.0,220.0,64240.0,254.0,1.0,32.0,0.0,0.0,0.0,0.0,0.0,0.0,0.0,0.0
8080.0,1196.0,2.0,0.0,0.0,0.0,0.0,0.0,0.0,0.0,0.0,0.0,0.0,0.0,0.0,1672.2408,1196.0,0.0,1196.0,1196.0,1196.0,1196.0,0.0,1196.0,1196.0,0.0,0.0,0.0,0.0,0.0,0.0,0.0,0.0,0.0,64.0,0.0,1672.2408,0.0,0.0,0.0,0.0,0.0,0.0,0.0,0.0,0.0,0.0,1.0,0.0,0.0,0.0,0.0,0.0,0.0,0.0,64.0,0.0,0.0,0.0,0.0,0.0,0.0,2.0,0.0,0.0,0.0,251.0,-1.0,0.0,32.0,0.0,0.0,0.0,0.0,0.0,0.0,0.0,0.0
8080.0,4874.0,3.0,4.0,156.0,220.0,156.0,0.0,52.0,90.06664,185.0,0.0,55.0,88.223206,77144.03,1436.192,812.3333,638.5335,2046.0,260.0,1826.0,913.0,923.48145,1566.0,260.0,4066.0,1355.3334,843.6767,2046.0,415.0,0.0,0.0,0.0,0.0,104.0,136.0,615.51086,820.68115,0.0,185.0,47.0,77.56472,6016.2856,0.0,0.0,0.0,1.0,0.0,0.0,0.0,0.0,1.0,53.714287,52.0,55.0,104.0,0.0,0.0,0.0,0.0,0.0,0.0,3.0,156.0,4.0,220.0,64240.0,254.0,1.0,32.0,0.0,0.0,0.0,0.0,0.0,0.0,0.0,0.0
8080.0,775.0,2.0,0.0,0.0,0.0,0.0,0.0,0.0,0.0,0.0,0.0,0.0,0.0,0.0,2580.6453,775.0,0.0,775.0,775.0,775.0,775.0,0.0,775.0,775.0,0.0,0.0,0.0,0.0,0.0,0.0,0.0,0.0,0.0,64.0,0.0,2580.6453,0.0,0.0,0.0,0.0,0.0,0.0,0.0,0.0,0.0,0.0,1.0,0.0,0.0,0.0,0.0,0.0,0.0,0.0,64.0,0.0,0.0,0.0,0.0,0.0,0.0,2.0,0.0,0.0,0.0,251.0,-1.0,0.0,32.0,0.0,0.0,0.0,0.0,0.0,0.0,0.0,0.0
8080.0,5758.0,3.0,4.0,156.0,220.0,156.0,0.0,52.0,90.06664,185.0,0.0,55.0,88.223206,65300.453,1215.7,959.6667,993.85126,2686.0,0.0,3702.0,1851.0,2262.7417,3451.0,251.0,3072.0,1024.0,886.92053,1550.0,0.0,0.0,0.0,0.0,0.0,104.0,136.0,521.0142,694.68567,0.0,185.0,47.0,77.56472,6016.2856,0.0,0.0,0.0,1.0,0.0,0.0,0.0,0.0,1.0,53.714287,52.0,55.0,104.0,0.0,0.0,0.0,0.0,0.0,0.0,3.0,156.0,4.0,220.0,64240.0,254.0,1.0,32.0,0.0,0.0,0.0,0.0,0.0,0.0,0.0,0.0
8080.0,920.0,2.0,0.0,0.0,0.0,0.0,0.0,0.0,0.0,0.0,0.0,0.0,0.0,0.0,2173.913,920.0,0.0,920.0,920.0,920.0,920.0,0.0,920.0,920.0,0.0,0.0,0.0,0.0,0.0,0.0,0.0,0.0,0.0,64.0,0.0,2173.913,0.0,0.0,0.0,0.0,0.0,0.0,0.0,0.0,0.0,0.0,1.0,0.0,0.0,0.0,0.0,0.0,0.0,0.0,64.0,0.0,0.0,0.0,0.0,0.0,0.0,2.0,0.0,0.0,0.0,251.0,-1.0,0.0,32.0,0.0,0.0,0.0,0.0,0.0,0.0,0.0,0.0
8080.0,4577.0,3.0,4.0,156.0,220.0,156.0,0.0,52.0,90.06664,185.0,0.0,55.0,88.223206,82149.88,1529.3861,762.8333,471.1133,1444.0,123.0,2266.0,1133.0,1070.5597,1890.0,376.0,3532.0,1177.3334,949.5127,1965.0,123.0,0.0,0.0,0.0,0.0,104.0,136.0,655.4512,873.9349,0.0,185.0,47.0,77.56472,6016.2856,0.0,0.0,0.0,1.0,0.0,0.0,0.0,0.0,1.0,53.714287,52.0,55.0,104.0,0.0,0.0,0.0,0.0,0.0,0.0,3.0,156.0,4.0,220.0,64240.0,254.0,1.0,32.0,0.0,0.0,0.0,0.0,0.0,0.0,0.0,0.0
8080.0,890.0,2.0,0.0,0.0,0.0,0.0,0.0,0.0,0.0,0.0,0.0,0.0,0.0,0.0,2247.191,890.0,0.0,890.0,890.0,890.0,890.0,0.0,890.0,890.0,0.0,0.0,0.0,0.0,0.0,0.0,0.0,0.0,0.0,64.0,0.0,2247.191,0.0,0.0,0.0,0.0,0.0,0.0,0.0,0.0,0.0,0.0,1.0,0.0,0.0,0.0,0.0,0.0,0.0,0.0,64.0,0.0,0.0,0.0,0.0,0.0,0.0,2.0,0.0,0.0,0.0,251.0,-1.0,0.0,32.0,0.0,0.0,0.0,0.0,0.0,0.0,0.0,0.0
8080.0,4494.0,3.0,4.0,156.0,220.0,156.0,0.0,52.0,90.06664,185.0,0.0,55.0,88.223206,83667.11,1557.6324,749.0,495.8673,1510.0,0.0,2148.0,1074.0,823.07227,1656.0,492.0,3626.0,1208.6666,1089.7089,2116.0,0.0,0.0,0.0,0.0,0.0,104.0,136.0,667.55676,890.0757,0.0,185.0,47.0,77.56472,6016.2856,0.0,0.0,0.0,1.0,0.0,0.0,0.0,0.0,1.0,53.714287,52.0,55.0,104.0,0.0,0.0,0.0,0.0,0.0,0.0,3.0,156.0,4.0,220.0,64240.0,254.0,1.0,32.0,0.0,0.0,0.0,0.0,0.0,0.0,0.0,0.0
8080.0,1088.0,2.0,0.0,0.0,0.0,0.0,0.0,0.0,0.0,0.0,0.0,0.0,0.0,0.0,1838.2354,1088.0,0.0,1088.0,1088.0,1088.0,1088.0,0.0,1088.0,1088.0,0.0,0.0,0.0,0.0,0.0,0.0,0.0,0.0,0.0,64.0,0.0,1838.2354,0.0,0.0,0.0,0.0,0.0,0.0,0.0,0.0,0.0,0.0,1.0,0.0,0.0,0.0,0.0,0.0,0.0,0.0,64.0,0.0,0.0,0.0,0.0,0.0,0.0,2.0,0.0,0.0,0.0,251.0,-1.0,0.0,32.0,0.0,0.0,0.0,0.0,0.0,0.0,0.0,0.0
8080.0,3638.0,3.0,4.0,156.0,220.0,156.0,0.0,52.0,90.06664,185.0,0.0,55.0,88.223206,103353.49,1924.1342,606.3333,394.43665,1290.0,152.0,1529.0,764.5,866.2058,1377.0,152.0,2884.0,961.3333,519.8474,1290.0,362.0,0.0,0.0,0.0,0.0,104.0,136.0,824.6289,1099.5052,0.0,185.0,47.0,77.56472,6016.2856,0.0,0.0,0.0,1.0,0.0,0.0,0.0,0.0,1.0,53.714287,52.0,55.0,104.0,0.0,0.0,0.0,0.0,0.0,0.0,3.0,156.0,4.0,220.0,64240.0,254.0,1.0,32.0,0.0,0.0,0.0,0.0,0.0,0.0,0.0,0.0
8080.0,761.0,2.0,0.0,0.0,0.0,0.0,0.0,0.0,0.0,0.0,0.0,0.0,0.0,0.0,2628.1208,761.0,0.0,761.0,761.0,761.0,761.0,0.0,761.0,761.0,0.0,0.0,0.0,0.0,0.0,0.0,0.0,0.0,0.0,64.0,0.0,2628.1208,0.0,0.0,0.0,0.0,0.0,0.0,0.0,0.0,0.0,0.0,1.0,0.0,0.0,0.0,0.0,0.0,0.0,0.0,64.0,0.0,0.0,0.0,0.0,0.0,0.0,2.0,0.0,0.0,0.0,251.0,-1.0,0.0,32.0,0.0,0.0,0.0,0.0,0.0,0.0,0.0,0.0
8080.0,2080.0,3.0,4.0,156.0,220.0,156.0,0.0,52.0,90.06664,185.0,0.0,55.0,88.223206,180769.23,3365.3845,346.66666,223.93184,762.0,134.0,891.0,445.5,383.95898,717.0,174.0,1725.0,575.0,383.3836,829.0,134.0,0.0,0.0,0.0,0.0,104.0,136.0,1442.3077,1923.0769,0.0,185.0,47.0,77.56472,6016.2856,0.0,0.0,0.0,1.0,0.0,0.0,0.0,0.0,1.0,53.714287,52.0,55.0,104.0,0.0,0.0,0.0,0.0,0.0,0.0,3.0,156.0,4.0,220.0,64240.0,254.0,1.0,32.0,0.0,0.0,0.0,0.0,0.0,0.0,0.0,0.0
8080.0,455.0,2.0,0.0,0.0,0.0,0.0,0.0,0.0,0.0,0.0,0.0,0.0,0.0,0.0,4395.6045,455.0,0.0,455.0,455.0,455.0,455.0,0.0,455.0,455.0,0.0,0.0,0.0,0.0,0.0,0.0,0.0,0.0,0.0,64.0,0.0,4395.6045,0.0,0.0,0.0,0.0,0.0,0.0,0.0,0.0,0.0,0.0,1.0,0.0,0.0,0.0,0.0,0.0,0.0,0.0,64.0,0.0,0.0,0.0,0.0,0.0,0.0,2.0,0.0,0.0,0.0,251.0,-1.0,0.0,32.0,0.0,0.0,0.0,0.0,0.0,0.0,0.0,0.0
8080.0,5212.0,3.0,4.0,156.0,220.0,156.0,0.0,52.0,90.06664,185.0,0.0,55.0,88.223206,72141.21,1343.0544,868.6667,792.29504,2339.0,1.0,2070.0,1035.0,889.54034,1664.0,406.0,4343.0,1447.6666,1264.0638,2339.0,1.0,0.0,0.0,0.0,0.0,104.0,136.0,575.5948,767.4597,0.0,185.0,47.0,77.56472,6016.2856,0.0,0.0,0.0,1.0,0.0,0.0,0.0,0.0,1.0,53.714287,52.0,55.0,104.0,0.0,0.0,0.0,0.0,0.0,0.0,3.0,156.0,4.0,220.0,64240.0,254.0,1.0,32.0,0.0,0.0,0.0,0.0,0.0,0.0,0.0,0.0
8080.0,999.0,2.0,0.0,0.0,0.0,0.0,0.0,0.0,0.0,0.0,0.0,0.0,0.0,0.0,2002.002,999.0,0.0,999.0,999.0,999.0,999.0,0.0,999.0,999.0,0.0,0.0,0.0,0.0,0.0,0.0,0.0,0.0,0.0,64.0,0.0,2002.002,0.0,0.0,0.0,0.0,0.0,0.0,0.0,0.0,0.0,0.0,1.0,0.0,0.0,0.0,0.0,0.0,0.0,0.0,64.0,0.0,0.0,0.0,0.0,0.0,0.0,2.0,0.0,0.0,0.0,251.0,-1.0,0.0,32.0,0.0,0.0,0.0,0.0,0.0,0.0,0.0,0.0
8080.0,5168.0,3.0,4.0,156.0,220.0,156.0,0.0,52.0,90.06664,185.0,0.0,55.0,88.223206,72755.414,1354.4891,861.3333,787.5193,2438.0,288.0,1780.0,890.0,220.61731,1046.0,734.0,4618.0,1539.3334,1117.5443,2438.0,288.0,0.0,0.0,0.0,0.0,104.0,136.0,580.49536,773.99384,0.0,185.0,47.0,77.56472,6016.2856,0.0,0.0,0.0,1.0,0.0,0.0,0.0,0.0,1.0,53.714287,52.0,55.0,104.0,0.0,0.0,0.0,0.0,0.0,0.0,3.0,156.0,4.0,220.0,64240.0,254.0,1.0,32.0,0.0,0.0,0.0,0.0,0.0,0.0,0.0,0.0
8080.0,695.0,2.0,0.0,0.0,0.0,0.0,0.0,0.0,0.0,0.0,0.0,0.0,0.0,0.0,2877.6978,695.0,0.0,695.0,695.0,695.0,695.0,0.0,695.0,695.0,0.0,0.0,0.0,0.0,0.0,0.0,0.0,0.0,0.0,64.0,0.0,2877.6978,0.0,0.0,0.0,0.0,0.0,0.0,0.0,0.0,0.0,0.0,1.0,0.0,0.0,0.0,0.0,0.0,0.0,0.0,64.0,0.0,0.0,0.0,0.0,0.0,0.0,2.0,0.0,0.0,0.0,251.0,-1.0,0.0,32.0,0.0,0.0,0.0,0.0,0.0,0.0,0.0,0.0
8080.0,5806.0,3.0,4.0,156.0,220.0,156.0,0.0,52.0,90.06664,185.0,0.0,55.0,88.223206,64760.594,1205.6493,967.6667,1815.7694,4655.0,1.0,787.0,393.5,487.19656,738.0,49.0,5319.0,1773.0,2517.7378,4655.0,1.0,0.0,0.0,0.0,0.0,104.0,136.0,516.70685,688.94244,0.0,185.0,47.0,77.56472,6016.2856,0.0,0.0,0.0,1.0,0.0,0.0,0.0,0.0,1.0,53.714287,52.0,55.0,104.0,0.0,0.0,0.0,0.0,0.0,0.0,3.0,156.0,4.0,220.0,64240.0,254.0,1.0,32.0,0.0,0.0,0.0,0.0,0.0,0.0,0.0,0.0
8080.0,751.0,2.0,0.0,0.0,0.0,0.0,0.0,0.0,0.0,0.0,0.0,0.0,0.0,0.0,2663.116,751.0,0.0,751.0,751.0,751.0,751.0,0.0,751.0,751.0,0.0,0.0,0.0,0.0,0.0,0.0,0.0,0.0,0.0,64.0,0.0,2663.116,0.0,0.0,0.0,0.0,0.0,0.0,0.0,0.0,0.0,0.0,1.0,0.0,0.0,0.0,0.0,0.0,0.0,0.0,64.0,0.0,0.0,0.0,0.0,0.0,0.0,2.0,0.0,0.0,0.0,251.0,-1.0,0.0,32.0,0.0,0.0,0.0,0.0,0.0,0.0,0.0,0.0
8080.0,1441.0,3.0,4.0,156.0,220.0,156.0,0.0,52.0,90.06664,185.0,0.0,55.0,88.223206,260929.9,4857.738,240.16667,167.45198,488.0,0.0,705.0,352.5,317.49094,577.0,128.0,1109.0,369.66666,326.97452,621.0,0.0,0.0,0.0,0.0,0.0,104.0,136.0,2081.8877,2775.85,0.0,185.0,47.0,77.56472,6016.2856,0.0,0.0,0.0,1.0,0.0,0.0,0.0,0.0,1.0,53.714287,52.0,55.0,104.0,0.0,0.0,0.0,0.0,0.0,0.0,3.0,156.0,4.0,220.0,64240.0,254.0,1.0,32.0,0.0,0.0,0.0,0.0,0.0,0.0,0.0,0.0
8080.0,167.0,2.0,0.0,0.0,0.0,0.0,0.0,0.0,0.0,0.0,0.0,0.0,0.0,0.0,11976.048,167.0,0.0,167.0,167.0,167.0,167.0,0.0,167.0,167.0,0.0,0.0,0.0,0.0,0.0,0.0,0.0,0.0,0.0,64.0,0.0,11976.048,0.0,0.0,0.0,0.0,0.0,0.0,0.0,0.0,0.0,0.0,1.0,0.0,0.0,0.0,0.0,0.0,0.0,0.0,64.0,0.0,0.0,0.0,0.0,0.0,0.0,2.0,0.0,0.0,0.0,251.0,-1.0,0.0,32.0,0.0,0.0,0.0,0.0,0.0,0.0,0.0,0.0
8080.0,2598.0,3.0,4.0,156.0,220.0,156.0,0.0,52.0,90.06664,185.0,0.0,55.0,88.223206,144726.72,2694.3804,433.0,222.40863,804.0,114.0,1314.0,657.0,309.71277,876.0,438.0,2201.0,733.6667,864.2895,1721.0,114.0,0.0,0.0,0.0,0.0,104.0,136.0,1154.7344,1539.6459,0.0,185.0,47.0,77.56472,6016.2856,0.0,0.0,0.0,1.0,0.0,0.0,0.0,0.0,1.0,53.714287,52.0,55.0,104.0,0.0,0.0,0.0,0.0,0.0,0.0,3.0,156.0,4.0,220.0,64240.0,254.0,1.0,32.0,0.0,0.0,0.0,0.0,0.0,0.0,0.0,0.0
8080.0,429.0,2.0,0.0,0.0,0.0,0.0,0.0,0.0,0.0,0.0,0.0,0.0,0.0,0.0,4662.005,429.0,0.0,429.0,429.0,429.0,429.0,0.0,429.0,429.0,0.0,0.0,0.0,0.0,0.0,0.0,0.0,0.0,0.0,64.0,0.0,4662.005,0.0,0.0,0.0,0.0,0.0,0.0,0.0,0.0,0.0,0.0,1.0,0.0,0.0,0.0,0.0,0.0,0.0,0.0,64.0,0.0,0.0,0.0,0.0,0.0,0.0,2.0,0.0,0.0,0.0,251.0,-1.0,0.0,32.0,0.0,0.0,0.0,0.0,0.0,0.0,0.0,0.0
8080.0,2237.0,3.0,4.0,156.0,220.0,156.0,0.0,52.0,90.06664,185.0,0.0,55.0,88.223206,168082.25,3129.191,372.83334,359.82684,791.0,0.0,1225.0,612.5,859.13477,1220.0,5.0,1450.0,483.33334,655.15216,1229.0,0.0,0.0,0.0,0.0,0.0,104.0,136.0,1341.0818,1788.1091,0.0,185.0,47.0,77.56472,6016.2856,0.0,0.0,0.0,1.0,0.0,0.0,0.0,0.0,1.0,53.714287,52.0,55.0,104.0,0.0,0.0,0.0,0.0,0.0,0.0,3.0,156.0,4.0,220.0,64240.0,254.0,1.0,32.0,0.0,0.0,0.0,0.0,0.0,0.0,0.0,0.0
8080.0,555.0,2.0,0.0,0.0,0.0,0.0,0.0,0.0,0.0,0.0,0.0,0.0,0.0,0.0,3603.6035,555.0,0.0,555.0,555.0,555.0,555.0,0.0,555.0,555.0,0.0,0.0,0.0,0.0,0.0,0.0,0.0,0.0,0.0,64.0,0.0,3603.6035,0.0,0.0,0.0,0.0,0.0,0.0,0.0,0.0,0.0,0.0,1.0,0.0,0.0,0.0,0.0,0.0,0.0,0.0,64.0,0.0,0.0,0.0,0.0,0.0,0.0,2.0,0.0,0.0,0.0,251.0,-1.0,0.0,32.0,0.0,0.0,0.0,0.0,0.0,0.0,0.0,0.0
8080.0,2327.0,3.0,4.0,156.0,220.0,156.0,0.0,52.0,90.06664,185.0,0.0,55.0,88.223206,161581.44,3008.165,387.83334,396.7495,1167.0,90.0,791.0,395.5,393.8585,674.0,117.0,1969.0,656.3333,540.6536,1167.0,90.0,0.0,0.0,0.0,0.0,104.0,136.0,1289.2136,1718.9514,0.0,185.0,47.0,77.56472,6016.2856,0.0,0.0,0.0,1.0,0.0,0.0,0.0,0.0,1.0,53.714287,52.0,55.0,104.0,0.0,0.0,0.0,0.0,0.0,0.0,3.0,156.0,4.0,220.0,64240.0,254.0,1.0,32.0,0.0,0.0,0.0,0.0,0.0,0.0,0.0,0.0
8080.0,325.0,2.0,0.0,0.0,0.0,0.0,0.0,0.0,0.0,0.0,0.0,0.0,0.0,0.0,6153.846,325.0,0.0,325.0,325.0,325.0,325.0,0.0,325.0,325.0,0.0,0.0,0.0,0.0,0.0,0.0,0.0,0.0,0.0,64.0,0.0,6153.846,0.0,0.0,0.0,0.0,0.0,0.0,0.0,0.0,0.0,0.0,1.0,0.0,0.0,0.0,0.0,0.0,0.0,0.0,64.0,0.0,0.0,0.0,0.0,0.0,0.0,2.0,0.0,0.0,0.0,251.0,-1.0,0.0,32.0,0.0,0.0,0.0,0.0,0.0,0.0,0.0,0.0
8080.0,2636.0,3.0,4.0,156.0,220.0,156.0,0.0,52.0,90.06664,185.0,0.0,55.0,88.223206,142640.36,2655.5386,439.33334,362.73773,1042.0,0.0,969.0,484.5,412.24326,776.0,193.0,2223.0,741.0,645.47736,1181.0,0.0,0.0,0.0,0.0,0.0,104.0,136.0,1138.088,1517.4507,0.0,185.0,47.0,77.56472,6016.2856,0.0,0.0,0.0,1.0,0.0,0.0,0.0,0.0,1.0,53.714287,52.0,55.0,104.0,0.0,0.0,0.0,0.0,0.0,0.0,3.0,156.0,4.0,220.0,64240.0,254.0,1.0,32.0,0.0,0.0,0.0,0.0,0.0,0.0,0.0,0.0
8080.0,535.0,2.0,0.0,0.0,0.0,0.0,0.0,0.0,0.0,0.0,0.0,0.0,0.0,0.0,3738.3179,535.0,0.0,535.0,535.0,535.0,535.0,0.0,535.0,535.0,0.0,0.0,0.0,0.0,0.0,0.0,0.0,0.0,0.0,64.0,0.0,3738.3179,0.0,0.0,0.0,0.0,0.0,0.0,0.0,0.0,0.0,0.0,1.0,0.0,0.0,0.0,0.0,0.0,0.0,0.0,64.0,0.0,0.0,0.0,0.0,0.0,0.0,2.0,0.0,0.0,0.0,251.0,-1.0,0.0,32.0,0.0,0.0,0.0,0.0,0.0,0.0,0.0,0.0
8080.0,5698.0,3.0,4.0,156.0,220.0,156.0,0.0,52.0,90.06664,185.0,0.0,55.0,88.223206,65988.06,1228.5012,949.6667,1550.0043,4088.0,0.0,1220.0,610.0,574.1707,1016.0,204.0,5157.0,1719.0,2120.097,4088.0,0.0,0.0,0.0,0.0,0.0,104.0,136.0,526.50055,702.00073,0.0,185.0,47.0,77.56472,6016.2856,0.0,0.0,0.0,1.0,0.0,0.0,0.0,0.0,1.0,53.714287,52.0,55.0,104.0,0.0,0.0,0.0,0.0,0.0,0.0,3.0,156.0,4.0,220.0,64240.0,254.0,1.0,32.0,0.0,0.0,0.0,0.0,0.0,0.0,0.0,0.0
8080.0,626.0,2.0,0.0,0.0,0.0,0.0,0.0,0.0,0.0,0.0,0.0,0.0,0.0,0.0,3194.8882,626.0,0.0,626.0,626.0,626.0,626.0,0.0,626.0,626.0,0.0,0.0,0.0,0.0,0.0,0.0,0.0,0.0,0.0,64.0,0.0,3194.8882,0.0,0.0,0.0,0.0,0.0,0.0,0.0,0.0,0.0,0.0,1.0,0.0,0.0,0.0,0.0,0.0,0.0,0.0,64.0,0.0,0.0,0.0,0.0,0.0,0.0,2.0,0.0,0.0,0.0,251.0,-1.0,0.0,32.0,0.0,0.0,0.0,0.0,0.0,0.0,0.0,0.0
8080.0,6853.0,3.0,4.0,156.0,220.0,156.0,0.0,52.0,90.06664,185.0,0.0,55.0,88.223206,54866.48,1021.45044,1142.1666,1045.663,2970.0,288.0,2881.0,1440.5,1629.8811,2593.0,288.0,6046.0,2015.3334,1449.8353,2970.0,347.0,0.0,0.0,0.0,0.0,104.0,136.0,437.7645,583.686,0.0,185.0,47.0,77.56472,6016.2856,0.0,0.0,0.0,1.0,0.0,0.0,0.0,0.0,1.0,53.714287,52.0,55.0,104.0,0.0,0.0,0.0,0.0,0.0,0.0,3.0,156.0,4.0,220.0,64240.0,254.0,1.0,32.0,0.0,0.0,0.0,0.0,0.0,0.0,0.0,0.0
8080.0,1211.0,2.0,0.0,0.0,0.0,0.0,0.0,0.0,0.0,0.0,0.0,0.0,0.0,0.0,1651.5277,1211.0,0.0,1211.0,1211.0,1211.0,1211.0,0.0,1211.0,1211.0,0.0,0.0,0.0,0.0,0.0,0.0,0.0,0.0,0.0,64.0,0.0,1651.5277,0.0,0.0,0.0,0.0,0.0,0.0,0.0,0.0,0.0,0.0,1.0,0.0,0.0,0.0,0.0,0.0,0.0,0.0,64.0,0.0,0.0,0.0,0.0,0.0,0.0,2.0,0.0,0.0,0.0,251.0,-1.0,0.0,32.0,0.0,0.0,0.0,0.0,0.0,0.0,0.0,0.0
8080.0,3692.0,3.0,4.0,156.0,220.0,156.0,0.0,52.0,90.06664,185.0,0.0,55.0,88.223206,101841.82,1895.9913,615.3333,700.57367,1961.0,1.0,1366.0,683.0,722.66315,1194.0,172.0,3043.0,1014.3333,981.6992,1961.0,1.0,0.0,0.0,0.0,0.0,104.0,136.0,812.5677,1083.4236,0.0,185.0,47.0,77.56472,6016.2856,0.0,0.0,0.0,1.0,0.0,0.0,0.0,0.0,1.0,53.714287,52.0,55.0,104.0,0.0,0.0,0.0,0.0,0.0,0.0,3.0,156.0,4.0,220.0,64240.0,254.0,1.0,32.0,0.0,0.0,0.0,0.0,0.0,0.0,0.0,0.0
8080.0,667.0,2.0,0.0,0.0,0.0,0.0,0.0,0.0,0.0,0.0,0.0,0.0,0.0,0.0,2998.5007,667.0,0.0,667.0,667.0,667.0,667.0,0.0,667.0,667.0,0.0,0.0,0.0,0.0,0.0,0.0,0.0,0.0,0.0,64.0,0.0,2998.5007,0.0,0.0,0.0,0.0,0.0,0.0,0.0,0.0,0.0,0.0,1.0,0.0,0.0,0.0,0.0,0.0,0.0,0.0,64.0,0.0,0.0,0.0,0.0,0.0,0.0,2.0,0.0,0.0,0.0,251.0,-1.0,0.0,32.0,0.0,0.0,0.0,0.0,0.0,0.0,0.0,0.0
8080.0,3620.0,3.0,4.0,156.0,220.0,156.0,0.0,52.0,90.06664,185.0,0.0,55.0,88.223206,103867.41,1933.7017,603.3333,612.86597,1661.0,0.0,1652.0,826.0,1012.5769,1542.0,110.0,2786.0,928.6667,847.72656,1661.0,0.0,0.0,0.0,0.0,0.0,104.0,136.0,828.7293,1104.9724,0.0,185.0,47.0,77.56472,6016.2856,0.0,0.0,0.0,1.0,0.0,0.0,0.0,0.0,1.0,53.714287,52.0,55.0,104.0,0.0,0.0,0.0,0.0,0.0,0.0,3.0,156.0,4.0,220.0,64240.0,254.0,1.0,32.0,0.0,0.0,0.0,0.0,0.0,0.0,0.0,0.0
8080.0,756.0,2.0,0.0,0.0,0.0,0.0,0.0,0.0,0.0,0.0,0.0,0.0,0.0,0.0,2645.5027,756.0,0.0,756.0,756.0,756.0,756.0,0.0,756.0,756.0,0.0,0.0,0.0,0.0,0.0,0.0,0.0,0.0,0.0,64.0,0.0,2645.5027,0.0,0.0,0.0,0.0,0.0,0.0,0.0,0.0,0.0,0.0,1.0,0.0,0.0,0.0,0.0,0.0,0.0,0.0,64.0,0.0,0.0,0.0,0.0,0.0,0.0,2.0,0.0,0.0,0.0,251.0,-1.0,0.0,32.0,0.0,0.0,0.0,0.0,0.0,0.0,0.0,0.0
8080.0,4511.0,3.0,4.0,156.0,220.0,156.0,0.0,52.0,90.06664,185.0,0.0,55.0,88.223206,83351.805,1551.7623,751.8333,618.1328,1544.0,0.0,1548.0,774.0,738.2195,1296.0,252.0,3887.0,1295.6666,1191.0769,2343.0,0.0,0.0,0.0,0.0,0.0,104.0,136.0,665.041,886.7214,0.0,185.0,47.0,77.56472,6016.2856,0.0,0.0,0.0,1.0,0.0,0.0,0.0,0.0,1.0,53.714287,52.0,55.0,104.0,0.0,0.0,0.0,0.0,0.0,0.0,3.0,156.0,4.0,220.0,64240.0,254.0,1.0,32.0,0.0,0.0,0.0,0.0,0.0,0.0,0.0,0.0
8080.0,1096.0,2.0,0.0,0.0,0.0,0.0,0.0,0.0,0.0,0.0,0.0,0.0,0.0,0.0,1824.8175,1096.0,0.0,1096.0,1096.0,1096.0,1096.0,0.0,1096.0,1096.0,0.0,0.0,0.0,0.0,0.0,0.0,0.0,0.0,0.0,64.0,0.0,1824.8175,0.0,0.0,0.0,0.0,0.0,0.0,0.0,0.0,0.0,0.0,1.0,0.0,0.0,0.0,0.0,0.0,0.0,0.0,64.0,0.0,0.0,0.0,0.0,0.0,0.0,2.0,0.0,0.0,0.0,251.0,-1.0,0.0,32.0,0.0,0.0,0.0,0.0,0.0,0.0,0.0,0.0
8080.0,6903.0,3.0,4.0,156.0,220.0,156.0,0.0,52.0,90.06664,185.0,0.0,55.0,88.223206,54469.07,1014.0519,1150.5,1846.704,4822.0,0.0,1793.0,896.5,1085.4089,1664.0,129.0,5712.0,1904.0,2565.9438,4822.0,0.0,0.0,0.0,0.0,0.0,104.0,136.0,434.59366,579.4582,0.0,185.0,47.0,77.56472,6016.2856,0.0,0.0,0.0,1.0,0.0,0.0,0.0,0.0,1.0,53.714287,52.0,55.0,104.0,0.0,0.0,0.0,0.0,0.0,0.0,3.0,156.0,4.0,220.0,64240.0,254.0,1.0,32.0,0.0,0.0,0.0,0.0,0.0,0.0,0.0,0.0
8080.0,1065.0,2.0,0.0,0.0,0.0,0.0,0.0,0.0,0.0,0.0,0.0,0.0,0.0,0.0,1877.9343,1065.0,0.0,1065.0,1065.0,1065.0,1065.0,0.0,1065.0,1065.0,0.0,0.0,0.0,0.0,0.0,0.0,0.0,0.0,0.0,64.0,0.0,1877.9343,0.0,0.0,0.0,0.0,0.0,0.0,0.0,0.0,0.0,0.0,1.0,0.0,0.0,0.0,0.0,0.0,0.0,0.0,64.0,0.0,0.0,0.0,0.0,0.0,0.0,2.0,0.0,0.0,0.0,251.0,-1.0,0.0,32.0,0.0,0.0,0.0,0.0,0.0,0.0,0.0,0.0
8080.0,8505.0,3.0,4.0,156.0,220.0,156.0,0.0,52.0,90.06664,185.0,0.0,55.0,88.223206,44209.29,823.0453,1417.5,2322.4858,6129.0,0.0,1789.0,894.5,454.66965,1216.0,573.0,8053.0,2684.3333,3134.444,6129.0,0.0,0.0,0.0,0.0,0.0,104.0,136.0,352.73367,470.31158,0.0,185.0,47.0,77.56472,6016.2856,0.0,0.0,0.0,1.0,0.0,0.0,0.0,0.0,1.0,53.714287,52.0,55.0,104.0,0.0,0.0,0.0,0.0,0.0,0.0,3.0,156.0,4.0,220.0,64240.0,254.0,1.0,32.0,0.0,0.0,0.0,0.0,0.0,0.0,0.0,0.0
8080.0,593.0,2.0,0.0,0.0,0.0,0.0,0.0,0.0,0.0,0.0,0.0,0.0,0.0,0.0,3372.6814,593.0,0.0,593.0,593.0,593.0,593.0,0.0,593.0,593.0,0.0,0.0,0.0,0.0,0.0,0.0,0.0,0.0,0.0,64.0,0.0,3372.6814,0.0,0.0,0.0,0.0,0.0,0.0,0.0,0.0,0.0,0.0,1.0,0.0,0.0,0.0,0.0,0.0,0.0,0.0,64.0,0.0,0.0,0.0,0.0,0.0,0.0,2.0,0.0,0.0,0.0,251.0,-1.0,0.0,32.0,0.0,0.0,0.0,0.0,0.0,0.0,0.0,0.0
8080.0,5716.0,3.0,4.0,156.0,220.0,156.0,0.0,52.0,90.06664,185.0,0.0,55.0,88.223206,65780.266,1224.6326,952.6667,1691.4191,4399.0,141.0,888.0,444.0,428.5067,747.0,141.0,5331.0,1777.0,2292.1895,4399.0,153.0,0.0,0.0,0.0,0.0,104.0,136.0,524.8425,699.79004,0.0,185.0,47.0,77.56472,6016.2856,0.0,0.0,0.0,1.0,0.0,0.0,0.0,0.0,1.0,53.714287,52.0,55.0,104.0,0.0,0.0,0.0,0.0,0.0,0.0,3.0,156.0,4.0,220.0,64240.0,254.0,1.0,32.0,0.0,0.0,0.0,0.0,0.0,0.0,0.0,0.0
8080.0,926.0,2.0,0.0,0.0,0.0,0.0,0.0,0.0,0.0,0.0,0.0,0.0,0.0,0.0,2159.8271,926.0,0.0,926.0,926.0,926.0,926.0,0.0,926.0,926.0,0.0,0.0,0.0,0.0,0.0,0.0,0.0,0.0,0.0,64.0,0.0,2159.8271,0.0,0.0,0.0,0.0,0.0,0.0,0.0,0.0,0.0,0.0,1.0,0.0,0.0,0.0,0.0,0.0,0.0,0.0,64.0,0.0,0.0,0.0,0.0,0.0,0.0,2.0,0.0,0.0,0.0,251.0,-1.0,0.0,32.0,0.0,0.0,0.0,0.0,0.0,0.0,0.0,0.0
8080.0,3450.0,3.0,4.0,156.0,220.0,156.0,0.0,52.0,90.06664,185.0,0.0,55.0,88.223206,108985.51,2028.9855,575.0,468.2448,1139.0,0.0,2038.0,1019.0,1111.5719,1805.0,233.0,2436.0,812.0,707.6362,1297.0,0.0,0.0,0.0,0.0,0.0,104.0,136.0,869.56525,1159.4203,0.0,185.0,47.0,77.56472,6016.2856,0.0,0.0,0.0,1.0,0.0,0.0,0.0,0.0,1.0,53.714287,52.0,55.0,104.0,0.0,0.0,0.0,0.0,0.0,0.0,3.0,156.0,4.0,220.0,64240.0,254.0,1.0,32.0,0.0,0.0,0.0,0.0,0.0,0.0,0.0,0.0
8080.0,548.0,2.0,0.0,0.0,0.0,0.0,0.0,0.0,0.0,0.0,0.0,0.0,0.0,0.0,3649.635,548.0,0.0,548.0,548.0,548.0,548.0,0.0,548.0,548.0,0.0,0.0,0.0,0.0,0.0,0.0,0.0,0.0,0.0,64.0,0.0,3649.635,0.0,0.0,0.0,0.0,0.0,0.0,0.0,0.0,0.0,0.0,1.0,0.0,0.0,0.0,0.0,0.0,0.0,0.0,64.0,0.0,0.0,0.0,0.0,0.0,0.0,2.0,0.0,0.0,0.0,251.0,-1.0,0.0,32.0,0.0,0.0,0.0,0.0,0.0,0.0,0.0,0.0
8080.0,2594.0,3.0,4.0,156.0,220.0,156.0,0.0,52.0,90.06664,185.0,0.0,55.0,88.223206,144949.89,2698.5352,432.33334,380.78952,1088.0,0.0,1236.0,618.0,588.31287,1034.0,202.0,1992.0,664.0,582.3538,1088.0,0.0,0.0,0.0,0.0,0.0,104.0,136.0,1156.515,1542.02,0.0,185.0,47.0,77.56472,6016.2856,0.0,0.0,0.0,1.0,0.0,0.0,0.0,0.0,1.0,53.714287,52.0,55.0,104.0,0.0,0.0,0.0,0.0,0.0,0.0,3.0,156.0,4.0,220.0,64240.0,254.0,1.0,32.0,0.0,0.0,0.0,0.0,0.0,0.0,0.0,0.0
8080.0,733.0,2.0,0.0,0.0,0.0,0.0,0.0,0.0,0.0,0.0,0.0,0.0,0.0,0.0,2728.513,733.0,0.0,733.0,733.0,733.0,733.0,0.0,733.0,733.0,0.0,0.0,0.0,0.0,0.0,0.0,0.0,0.0,0.0,64.0,0.0,2728.513,0.0,0.0,0.0,0.0,0.0,0.0,0.0,0.0,0.0,0.0,1.0,0.0,0.0,0.0,0.0,0.0,0.0,0.0,64.0,0.0,0.0,0.0,0.0,0.0,0.0,2.0,0.0,0.0,0.0,251.0,-1.0,0.0,32.0,0.0,0.0,0.0,0.0,0.0,0.0,0.0,0.0
8080.0,2569.0,3.0,4.0,156.0,220.0,156.0,0.0,52.0,90.06664,185.0,0.0,55.0,88.223206,146360.45,2724.7957,428.16666,332.53235,965.0,0.0,1344.0,672.0,520.4306,1040.0,304.0,1947.0,649.0,562.11475,982.0,0.0,0.0,0.0,0.0,0.0,104.0,136.0,1167.7695,1557.0261,0.0,185.0,47.0,77.56472,6016.2856,0.0,0.0,0.0,1.0,0.0,0.0,0.0,0.0,1.0,53.714287,52.0,55.0,104.0,0.0,0.0,0.0,0.0,0.0,0.0,3.0,156.0,4.0,220.0,64240.0,254.0,1.0,32.0,0.0,0.0,0.0,0.0,0.0,0.0,0.0,0.0
8080.0,746.0,2.0,0.0,0.0,0.0,0.0,0.0,0.0,0.0,0.0,0.0,0.0,0.0,0.0,2680.965,746.0,0.0,746.0,746.0,746.0,746.0,0.0,746.0,746.0,0.0,0.0,0.0,0.0,0.0,0.0,0.0,0.0,0.0,64.0,0.0,2680.965,0.0,0.0,0.0,0.0,0.0,0.0,0.0,0.0,0.0,0.0,1.0,0.0,0.0,0.0,0.0,0.0,0.0,0.0,64.0,0.0,0.0,0.0,0.0,0.0,0.0,2.0,0.0,0.0,0.0,251.0,-1.0,0.0,32.0,0.0,0.0,0.0,0.0,0.0,0.0,0.0,0.0
8080.0,3327.0,3.0,4.0,156.0,220.0,156.0,0.0,52.0,90.06664,185.0,0.0,55.0,88.223206,113014.73,2103.9976,554.5,722.24725,1993.0,0.0,1047.0,523.5,436.28488,832.0,215.0,2855.0,951.6667,999.52106,1993.0,0.0,0.0,0.0,0.0,0.0,104.0,136.0,901.71326,1202.2843,0.0,185.0,47.0,77.56472,6016.2856,0.0,0.0,0.0,1.0,0.0,0.0,0.0,0.0,1.0,53.714287,52.0,55.0,104.0,0.0,0.0,0.0,0.0,0.0,0.0,3.0,156.0,4.0,220.0,64240.0,254.0,1.0,32.0,0.0,0.0,0.0,0.0,0.0,0.0,0.0,0.0
8080.0,619.0,2.0,0.0,0.0,0.0,0.0,0.0,0.0,0.0,0.0,0.0,0.0,0.0,0.0,3231.0178,619.0,0.0,619.0,619.0,619.0,619.0,0.0,619.0,619.0,0.0,0.0,0.0,0.0,0.0,0.0,0.0,0.0,0.0,64.0,0.0,3231.0178,0.0,0.0,0.0,0.0,0.0,0.0,0.0,0.0,0.0,0.0,1.0,0.0,0.0,0.0,0.0,0.0,0.0,0.0,64.0,0.0,0.0,0.0,0.0,0.0,0.0,2.0,0.0,0.0,0.0,251.0,-1.0,0.0,32.0,0.0,0.0,0.0,0.0,0.0,0.0,0.0,0.0
8080.0,3243.0,3.0,4.0,156.0,220.0,156.0,0.0,52.0,90.06664,185.0,0.0,55.0,88.223206,115942.03,2158.495,540.5,493.97116,1503.0,79.0,988.0,494.0,586.8986,909.0,79.0,2712.0,904.0,565.2442,1503.0,380.0,0.0,0.0,0.0,0.0,104.0,136.0,925.0694,1233.4258,0.0,185.0,47.0,77.56472,6016.2856,0.0,0.0,0.0,1.0,0.0,0.0,0.0,0.0,1.0,53.714287,52.0,55.0,104.0,0.0,0.0,0.0,0.0,0.0,0.0,3.0,156.0,4.0,220.0,64240.0,254.0,1.0,32.0,0.0,0.0,0.0,0.0,0.0,0.0,0.0,0.0
8080.0,837.0,2.0,0.0,0.0,0.0,0.0,0.0,0.0,0.0,0.0,0.0,0.0,0.0,0.0,2389.4863,837.0,0.0,837.0,837.0,837.0,837.0,0.0,837.0,837.0,0.0,0.0,0.0,0.0,0.0,0.0,0.0,0.0,0.0,64.0,0.0,2389.4863,0.0,0.0,0.0,0.0,0.0,0.0,0.0,0.0,0.0,0.0,1.0,0.0,0.0,0.0,0.0,0.0,0.0,0.0,64.0,0.0,0.0,0.0,0.0,0.0,0.0,2.0,0.0,0.0,0.0,251.0,-1.0,0.0,32.0,0.0,0.0,0.0,0.0,0.0,0.0,0.0,0.0
8080.0,9282.0,3.0,4.0,156.0,220.0,156.0,0.0,52.0,90.06664,185.0,0.0,55.0,88.223206,40508.51,754.1478,1547.0,2375.836,6335.0,1.0,2158.0,1079.0,1097.4297,1855.0,303.0,8263.0,2754.3333,3247.037,6335.0,1.0,0.0,0.0,0.0,0.0,104.0,136.0,323.2062,430.94162,0.0,185.0,47.0,77.56472,6016.2856,0.0,0.0,0.0,1.0,0.0,0.0,0.0,0.0,1.0,53.714287,52.0,55.0,104.0,0.0,0.0,0.0,0.0,0.0,0.0,3.0,156.0,4.0,220.0,64240.0,254.0,1.0,32.0,0.0,0.0,0.0,0.0,0.0,0.0,0.0,0.0
8080.0,1020.0,2.0,0.0,0.0,0.0,0.0,0.0,0.0,0.0,0.0,0.0,0.0,0.0,0.0,1960.7843,1020.0,0.0,1020.0,1020.0,1020.0,1020.0,0.0,1020.0,1020.0,0.0,0.0,0.0,0.0,0.0,0.0,0.0,0.0,0.0,64.0,0.0,1960.7843,0.0,0.0,0.0,0.0,0.0,0.0,0.0,0.0,0.0,0.0,1.0,0.0,0.0,0.0,0.0,0.0,0.0,0.0,64.0,0.0,0.0,0.0,0.0,0.0,0.0,2.0,0.0,0.0,0.0,251.0,-1.0,0.0,32.0,0.0,0.0,0.0,0.0,0.0,0.0,0.0,0.0
8080.0,3697.0,3.0,4.0,156.0,220.0,156.0,0.0,52.0,90.06664,185.0,0.0,55.0,88.223206,101704.086,1893.4271,616.1667,873.92505,2370.0,0.0,1053.0,526.5,436.28488,835.0,218.0,3214.0,1071.3334,1201.2433,2370.0,0.0,0.0,0.0,0.0,0.0,104.0,136.0,811.46875,1081.9584,0.0,185.0,47.0,77.56472,6016.2856,0.0,0.0,0.0,1.0,0.0,0.0,0.0,0.0,1.0,53.714287,52.0,55.0,104.0,0.0,0.0,0.0,0.0,0.0,0.0,3.0,156.0,4.0,220.0,64240.0,254.0,1.0,32.0,0.0,0.0,0.0,0.0,0.0,0.0,0.0,0.0
8080.0,1088.0,2.0,0.0,0.0,0.0,0.0,0.0,0.0,0.0,0.0,0.0,0.0,0.0,0.0,1838.2354,1088.0,0.0,1088.0,1088.0,1088.0,1088.0,0.0,1088.0,1088.0,0.0,0.0,0.0,0.0,0.0,0.0,0.0,0.0,0.0,64.0,0.0,1838.2354,0.0,0.0,0.0,0.0,0.0,0.0,0.0,0.0,0.0,0.0,1.0,0.0,0.0,0.0,0.0,0.0,0.0,0.0,64.0,0.0,0.0,0.0,0.0,0.0,0.0,2.0,0.0,0.0,0.0,251.0,-1.0,0.0,32.0,0.0,0.0,0.0,0.0,0.0,0.0,0.0,0.0
8080.0,4886.0,3.0,4.0,156.0,220.0,156.0,0.0,52.0,90.06664,185.0,0.0,55.0,88.223206,76954.56,1432.6648,814.3333,889.6039,2588.0,213.0,1403.0,701.5,690.8433,1190.0,213.0,4177.0,1392.3334,1157.5925,2588.0,277.0,0.0,0.0,0.0,0.0,104.0,136.0,613.9992,818.6656,0.0,185.0,47.0,77.56472,6016.2856,0.0,0.0,0.0,1.0,0.0,0.0,0.0,0.0,1.0,53.714287,52.0,55.0,104.0,0.0,0.0,0.0,0.0,0.0,0.0,3.0,156.0,4.0,220.0,64240.0,254.0,1.0,32.0,0.0,0.0,0.0,0.0,0.0,0.0,0.0,0.0
8080.0,5230.0,4.0,5.0,156.0,220.0,156.0,0.0,39.0,78.0,185.0,0.0,44.0,80.26518,71892.92,1720.8413,653.75,382.6101,1338.0,0.0,4552.0,1517.3334,850.0925,2462.0,814.0,4425.0,1106.25,820.9695,1969.0,0.0,0.0,0.0,0.0,0.0,136.0,168.0,764.81836,956.02295,0.0,185.0,37.6,71.218285,5072.0444,0.0,0.0,0.0,1.0,0.0,0.0,0.0,0.0,1.0,41.77778,39.0,44.0,136.0,0.0,0.0,0.0,0.0,0.0,0.0,4.0,156.0,5.0,220.0,64240.0,254.0,1.0,32.0,0.0,0.0,0.0,0.0,0.0,0.0,0.0,0.0
8080.0,512.0,2.0,0.0,0.0,0.0,0.0,0.0,0.0,0.0,0.0,0.0,0.0,0.0,0.0,3906.25,512.0,0.0,512.0,512.0,512.0,512.0,0.0,512.0,512.0,0.0,0.0,0.0,0.0,0.0,0.0,0.0,0.0,0.0,64.0,0.0,3906.25,0.0,0.0,0.0,0.0,0.0,0.0,0.0,0.0,0.0,0.0,1.0,0.0,0.0,0.0,0.0,0.0,0.0,0.0,64.0,0.0,0.0,0.0,0.0,0.0,0.0,2.0,0.0,0.0,0.0,251.0,-1.0,0.0,32.0,0.0,0.0,0.0,0.0,0.0,0.0,0.0,0.0
8080.0,413.0,2.0,0.0,0.0,0.0,0.0,0.0,0.0,0.0,0.0,0.0,0.0,0.0,0.0,4842.615,413.0,0.0,413.0,413.0,413.0,413.0,0.0,413.0,413.0,0.0,0.0,0.0,0.0,0.0,0.0,0.0,0.0,0.0,64.0,0.0,4842.615,0.0,0.0,0.0,0.0,0.0,0.0,0.0,0.0,0.0,0.0,1.0,0.0,0.0,0.0,0.0,0.0,0.0,0.0,64.0,0.0,0.0,0.0,0.0,0.0,0.0,2.0,0.0,0.0,0.0,251.0,-1.0,0.0,32.0,0.0,0.0,0.0,0.0,0.0,0.0,0.0,0.0
8080.0,4736.0,3.0,4.0,156.0,220.0,156.0,0.0,52.0,90.06664,185.0,0.0,55.0,88.223206,79391.89,1478.0405,789.3333,826.9553,2369.0,170.0,964.0,482.0,441.23462,794.0,170.0,4314.0,1438.0,808.3174,2369.0,915.0,0.0,0.0,0.0,0.0,104.0,136.0,633.4459,844.5946,0.0,185.0,47.0,77.56472,6016.2856,0.0,0.0,0.0,1.0,0.0,0.0,0.0,0.0,1.0,53.714287,52.0,55.0,104.0,0.0,0.0,0.0,0.0,0.0,0.0,3.0,156.0,4.0,220.0,64240.0,254.0,1.0,32.0,0.0,0.0,0.0,0.0,0.0,0.0,0.0,0.0
8080.0,2893.0,2.0,0.0,0.0,0.0,0.0,0.0,0.0,0.0,0.0,0.0,0.0,0.0,0.0,691.3239,2893.0,0.0,2893.0,2893.0,2893.0,2893.0,0.0,2893.0,2893.0,0.0,0.0,0.0,0.0,0.0,0.0,0.0,0.0,0.0,64.0,0.0,691.3239,0.0,0.0,0.0,0.0,0.0,0.0,0.0,0.0,0.0,0.0,1.0,0.0,0.0,0.0,0.0,0.0,0.0,0.0,64.0,0.0,0.0,0.0,0.0,0.0,0.0,2.0,0.0,0.0,0.0,251.0,-1.0,0.0,32.0,0.0,0.0,0.0,0.0,0.0,0.0,0.0,0.0
8080.0,5921.0,3.0,4.0,156.0,220.0,156.0,0.0,52.0,90.06664,185.0,0.0,55.0,88.223206,63502.785,1182.2328,986.8333,999.5696,2364.0,0.0,3485.0,1742.5,2407.6985,3445.0,40.0,4840.0,1613.3334,1469.7174,2876.0,0.0,0.0,0.0,0.0,0.0,104.0,136.0,506.67117,675.5616,0.0,185.0,47.0,77.56472,6016.2856,0.0,0.0,0.0,1.0,0.0,0.0,0.0,0.0,1.0,53.714287,52.0,55.0,104.0,0.0,0.0,0.0,0.0,0.0,0.0,3.0,156.0,4.0,220.0,64240.0,254.0,1.0,32.0,0.0,0.0,0.0,0.0,0.0,0.0,0.0,0.0
8080.0,320.0,2.0,0.0,0.0,0.0,0.0,0.0,0.0,0.0,0.0,0.0,0.0,0.0,0.0,6250.0,320.0,0.0,320.0,320.0,320.0,320.0,0.0,320.0,320.0,0.0,0.0,0.0,0.0,0.0,0.0,0.0,0.0,0.0,64.0,0.0,6250.0,0.0,0.0,0.0,0.0,0.0,0.0,0.0,0.0,0.0,0.0,1.0,0.0,0.0,0.0,0.0,0.0,0.0,0.0,64.0,0.0,0.0,0.0,0.0,0.0,0.0,2.0,0.0,0.0,0.0,251.0,-1.0,0.0,32.0,0.0,0.0,0.0,0.0,0.0,0.0,0.0,0.0
8080.0,4531.0,3.0,4.0,156.0,220.0,156.0,0.0,52.0,90.06664,185.0,0.0,55.0,88.223206,82983.89,1544.9128,755.1667,1100.725,2986.0,112.0,880.0,440.0,463.86206,768.0,112.0,4159.0,1386.3334,1437.9883,2986.0,201.0,0.0,0.0,0.0,0.0,104.0,136.0,662.10547,882.8073,0.0,185.0,47.0,77.56472,6016.2856,0.0,0.0,0.0,1.0,0.0,0.0,0.0,0.0,1.0,53.714287,52.0,55.0,104.0,0.0,0.0,0.0,0.0,0.0,0.0,3.0,156.0,4.0,220.0,64240.0,254.0,1.0,32.0,0.0,0.0,0.0,0.0,0.0,0.0,0.0,0.0
8080.0,5457.0,4.0,4.0,156.0,220.0,156.0,0.0,39.0,78.0,185.0,0.0,55.0,88.223206,68902.33,1466.007,779.5714,613.8357,1785.0,25.0,5432.0,1810.6666,1999.37,4105.0,441.0,4959.0,1653.0,278.53903,1841.0,1333.0,0.0,0.0,0.0,0.0,136.0,136.0,733.0035,733.0035,0.0,185.0,41.77778,74.22732,5509.6943,0.0,0.0,0.0,1.0,0.0,0.0,0.0,0.0,1.0,47.0,39.0,55.0,136.0,0.0,0.0,0.0,0.0,0.0,0.0,4.0,156.0,4.0,220.0,64240.0,254.0,1.0,32.0,0.0,0.0,0.0,0.0,0.0,0.0,0.0,0.0
8080.0,1075.0,2.0,0.0,0.0,0.0,0.0,0.0,0.0,0.0,0.0,0.0,0.0,0.0,0.0,1860.4651,1075.0,0.0,1075.0,1075.0,1075.0,1075.0,0.0,1075.0,1075.0,0.0,0.0,0.0,0.0,0.0,0.0,0.0,0.0,0.0,64.0,0.0,1860.4651,0.0,0.0,0.0,0.0,0.0,0.0,0.0,0.0,0.0,0.0,1.0,0.0,0.0,0.0,0.0,0.0,0.0,0.0,64.0,0.0,0.0,0.0,0.0,0.0,0.0,2.0,0.0,0.0,0.0,251.0,-1.0,0.0,32.0,0.0,0.0,0.0,0.0,0.0,0.0,0.0,0.0
8080.0,4788.0,3.0,4.0,156.0,220.0,156.0,0.0,52.0,90.06664,185.0,0.0,55.0,88.223206,78529.66,1461.9883,798.0,720.71326,2214.0,310.0,1741.0,870.5,792.6667,1431.0,310.0,3952.0,1317.3334,953.3191,2214.0,316.0,0.0,0.0,0.0,0.0,104.0,136.0,626.5664,835.4219,0.0,185.0,47.0,77.56472,6016.2856,0.0,0.0,0.0,1.0,0.0,0.0,0.0,0.0,1.0,53.714287,52.0,55.0,104.0,0.0,0.0,0.0,0.0,0.0,0.0,3.0,156.0,4.0,220.0,64240.0,254.0,1.0,32.0,0.0,0.0,0.0,0.0,0.0,0.0,0.0,0.0
8080.0,1068.0,2.0,0.0,0.0,0.0,0.0,0.0,0.0,0.0,0.0,0.0,0.0,0.0,0.0,1872.6592,1068.0,0.0,1068.0,1068.0,1068.0,1068.0,0.0,1068.0,1068.0,0.0,0.0,0.0,0.0,0.0,0.0,0.0,0.0,0.0,64.0,0.0,1872.6592,0.0,0.0,0.0,0.0,0.0,0.0,0.0,0.0,0.0,0.0,1.0,0.0,0.0,0.0,0.0,0.0,0.0,0.0,64.0,0.0,0.0,0.0,0.0,0.0,0.0,2.0,0.0,0.0,0.0,251.0,-1.0,0.0,32.0,0.0,0.0,0.0,0.0,0.0,0.0,0.0,0.0
8080.0,6626.0,3.0,4.0,156.0,220.0,156.0,0.0,52.0,90.06664,185.0,0.0,55.0,88.223206,56746.152,1056.4443,1104.3334,774.4509,2251.0,31.0,2617.0,1308.5,1806.6578,2586.0,31.0,5748.0,1916.0,998.5735,2704.0,793.0,0.0,0.0,0.0,0.0,104.0,136.0,452.76184,603.68243,0.0,185.0,47.0,77.56472,6016.2856,0.0,0.0,0.0,1.0,0.0,0.0,0.0,0.0,1.0,53.714287,52.0,55.0,104.0,0.0,0.0,0.0,0.0,0.0,0.0,3.0,156.0,4.0,220.0,64240.0,254.0,1.0,32.0,0.0,0.0,0.0,0.0,0.0,0.0,0.0,0.0
8080.0,1028.0,2.0,0.0,0.0,0.0,0.0,0.0,0.0,0.0,0.0,0.0,0.0,0.0,0.0,1945.5253,1028.0,0.0,1028.0,1028.0,1028.0,1028.0,0.0,1028.0,1028.0,0.0,0.0,0.0,0.0,0.0,0.0,0.0,0.0,0.0,64.0,0.0,1945.5253,0.0,0.0,0.0,0.0,0.0,0.0,0.0,0.0,0.0,0.0,1.0,0.0,0.0,0.0,0.0,0.0,0.0,0.0,64.0,0.0,0.0,0.0,0.0,0.0,0.0,2.0,0.0,0.0,0.0,251.0,-1.0,0.0,32.0,0.0,0.0,0.0,0.0,0.0,0.0,0.0,0.0
8080.0,3066.0,3.0,4.0,156.0,220.0,156.0,0.0,52.0,90.06664,185.0,0.0,55.0,88.223206,122635.36,2283.105,511.0,550.41113,1549.0,0.0,1216.0,608.0,629.325,1053.0,163.0,2467.0,822.3333,778.9187,1549.0,0.0,0.0,0.0,0.0,0.0,104.0,136.0,978.4736,1304.6315,0.0,185.0,47.0,77.56472,6016.2856,0.0,0.0,0.0,1.0,0.0,0.0,0.0,0.0,1.0,53.714287,52.0,55.0,104.0,0.0,0.0,0.0,0.0,0.0,0.0,3.0,156.0,4.0,220.0,64240.0,254.0,1.0,32.0,0.0,0.0,0.0,0.0,0.0,0.0,0.0,0.0
8080.0,2082.0,2.0,0.0,0.0,0.0,0.0,0.0,0.0,0.0,0.0,0.0,0.0,0.0,0.0,960.6148,2082.0,0.0,2082.0,2082.0,2082.0,2082.0,0.0,2082.0,2082.0,0.0,0.0,0.0,0.0,0.0,0.0,0.0,0.0,0.0,64.0,0.0,960.6148,0.0,0.0,0.0,0.0,0.0,0.0,0.0,0.0,0.0,0.0,1.0,0.0,0.0,0.0,0.0,0.0,0.0,0.0,64.0,0.0,0.0,0.0,0.0,0.0,0.0,2.0,0.0,0.0,0.0,251.0,-1.0,0.0,32.0,0.0,0.0,0.0,0.0,0.0,0.0,0.0,0.0
8080.0,5198.0,3.0,4.0,156.0,220.0,156.0,0.0,52.0,90.06664,185.0,0.0,55.0,88.223206,72335.516,1346.6718,866.3333,731.00085,2151.0,1.0,2361.0,1180.5,1044.3967,1919.0,442.0,4093.0,1364.3334,1185.3411,2151.0,1.0,0.0,0.0,0.0,0.0,104.0,136.0,577.1451,769.52673,0.0,185.0,47.0,77.56472,6016.2856,0.0,0.0,0.0,1.0,0.0,0.0,0.0,0.0,1.0,53.714287,52.0,55.0,104.0,0.0,0.0,0.0,0.0,0.0,0.0,3.0,156.0,4.0,220.0,64240.0,254.0,1.0,32.0,0.0,0.0,0.0,0.0,0.0,0.0,0.0,0.0
8080.0,1042.0,2.0,0.0,0.0,0.0,0.0,0.0,0.0,0.0,0.0,0.0,0.0,0.0,0.0,1919.3857,1042.0,0.0,1042.0,1042.0,1042.0,1042.0,0.0,1042.0,1042.0,0.0,0.0,0.0,0.0,0.0,0.0,0.0,0.0,0.0,64.0,0.0,1919.3857,0.0,0.0,0.0,0.0,0.0,0.0,0.0,0.0,0.0,0.0,1.0,0.0,0.0,0.0,0.0,0.0,0.0,0.0,64.0,0.0,0.0,0.0,0.0,0.0,0.0,2.0,0.0,0.0,0.0,251.0,-1.0,0.0,32.0,0.0,0.0,0.0,0.0,0.0,0.0,0.0,0.0
8080.0,11071.0,3.0,4.0,156.0,220.0,156.0,0.0,52.0,90.06664,185.0,0.0,55.0,88.223206,33962.605,632.28253,1845.1666,2011.9417,5468.0,0.0,4837.0,2418.5,624.3753,2860.0,1977.0,9928.0,3309.3333,2909.9453,5468.0,0.0,0.0,0.0,0.0,0.0,104.0,136.0,270.97824,361.30432,0.0,185.0,47.0,77.56472,6016.2856,0.0,0.0,0.0,1.0,0.0,0.0,0.0,0.0,1.0,53.714287,52.0,55.0,104.0,0.0,0.0,0.0,0.0,0.0,0.0,3.0,156.0,4.0,220.0,64240.0,254.0,1.0,32.0,0.0,0.0,0.0,0.0,0.0,0.0,0.0,0.0
8080.0,7887.0,2.0,0.0,0.0,0.0,0.0,0.0,0.0,0.0,0.0,0.0,0.0,0.0,0.0,253.58185,7887.0,0.0,7887.0,7887.0,7887.0,7887.0,0.0,7887.0,7887.0,0.0,0.0,0.0,0.0,0.0,0.0,0.0,0.0,0.0,64.0,0.0,253.58185,0.0,0.0,0.0,0.0,0.0,0.0,0.0,0.0,0.0,0.0,1.0,0.0,0.0,0.0,0.0,0.0,0.0,0.0,64.0,0.0,0.0,0.0,0.0,0.0,0.0,2.0,0.0,0.0,0.0,251.0,-1.0,0.0,32.0,0.0,0.0,0.0,0.0,0.0,0.0,0.0,0.0
8080.0,9087.0,3.0,4.0,156.0,220.0,156.0,0.0,52.0,90.06664,185.0,0.0,55.0,88.223206,41377.793,770.33124,1514.5,2343.3284,6233.0,1.0,2193.0,1096.5,1069.8525,1853.0,340.0,7937.0,2645.6667,3221.1677,6233.0,1.0,0.0,0.0,0.0,0.0,104.0,136.0,330.14197,440.18927,0.0,185.0,47.0,77.56472,6016.2856,0.0,0.0,0.0,1.0,0.0,0.0,0.0,0.0,1.0,53.714287,52.0,55.0,104.0,0.0,0.0,0.0,0.0,0.0,0.0,3.0,156.0,4.0,220.0,64240.0,254.0,1.0,32.0,0.0,0.0,0.0,0.0,0.0,0.0,0.0,0.0
8080.0,879.0,2.0,0.0,0.0,0.0,0.0,0.0,0.0,0.0,0.0,0.0,0.0,0.0,0.0,2275.3127,879.0,0.0,879.0,879.0,879.0,879.0,0.0,879.0,879.0,0.0,0.0,0.0,0.0,0.0,0.0,0.0,0.0,0.0,64.0,0.0,2275.3127,0.0,0.0,0.0,0.0,0.0,0.0,0.0,0.0,0.0,0.0,1.0,0.0,0.0,0.0,0.0,0.0,0.0,0.0,64.0,0.0,0.0,0.0,0.0,0.0,0.0,2.0,0.0,0.0,0.0,251.0,-1.0,0.0,32.0,0.0,0.0,0.0,0.0,0.0,0.0,0.0,0.0
8080.0,1865.0,3.0,4.0,156.0,220.0,156.0,0.0,52.0,90.06664,185.0,0.0,55.0,88.223206,201608.58,3753.3513,310.83334,271.6405,773.0,0.0,839.0,419.5,460.3265,745.0,94.0,1473.0,491.0,426.78214,773.0,0.0,0.0,0.0,0.0,0.0,104.0,136.0,1608.5791,2144.7722,0.0,185.0,47.0,77.56472,6016.2856,0.0,0.0,0.0,1.0,0.0,0.0,0.0,0.0,1.0,53.714287,52.0,55.0,104.0,0.0,0.0,0.0,0.0,0.0,0.0,3.0,156.0,4.0,220.0,64240.0,254.0,1.0,32.0,0.0,0.0,0.0,0.0,0.0,0.0,0.0,0.0
8080.0,319.0,2.0,0.0,0.0,0.0,0.0,0.0,0.0,0.0,0.0,0.0,0.0,0.0,0.0,6269.5923,319.0,0.0,319.0,319.0,319.0,319.0,0.0,319.0,319.0,0.0,0.0,0.0,0.0,0.0,0.0,0.0,0.0,0.0,64.0,0.0,6269.5923,0.0,0.0,0.0,0.0,0.0,0.0,0.0,0.0,0.0,0.0,1.0,0.0,0.0,0.0,0.0,0.0,0.0,0.0,64.0,0.0,0.0,0.0,0.0,0.0,0.0,2.0,0.0,0.0,0.0,251.0,-1.0,0.0,32.0,0.0,0.0,0.0,0.0,0.0,0.0,0.0,0.0
8080.0,4341.0,3.0,4.0,156.0,220.0,156.0,0.0,52.0,90.06664,185.0,0.0,55.0,88.223206,86615.984,1612.5316,723.5,706.222,2034.0,0.0,2990.0,1495.0,762.2611,2034.0,956.0,3817.0,1272.3334,1477.6212,2893.0,0.0,0.0,0.0,0.0,0.0,104.0,136.0,691.085,921.44666,0.0,185.0,47.0,77.56472,6016.2856,0.0,0.0,0.0,1.0,0.0,0.0,0.0,0.0,1.0,53.714287,52.0,55.0,104.0,0.0,0.0,0.0,0.0,0.0,0.0,3.0,156.0,4.0,220.0,64240.0,254.0,1.0,32.0,0.0,0.0,0.0,0.0,0.0,0.0,0.0,0.0
8080.0,425.0,2.0,0.0,0.0,0.0,0.0,0.0,0.0,0.0,0.0,0.0,0.0,0.0,0.0,4705.8823,425.0,0.0,425.0,425.0,425.0,425.0,0.0,425.0,425.0,0.0,0.0,0.0,0.0,0.0,0.0,0.0,0.0,0.0,64.0,0.0,4705.8823,0.0,0.0,0.0,0.0,0.0,0.0,0.0,0.0,0.0,0.0,1.0,0.0,0.0,0.0,0.0,0.0,0.0,0.0,64.0,0.0,0.0,0.0,0.0,0.0,0.0,2.0,0.0,0.0,0.0,251.0,-1.0,0.0,32.0,0.0,0.0,0.0,0.0,0.0,0.0,0.0,0.0
8080.0,2892.0,3.0,4.0,156.0,220.0,156.0,0.0,52.0,90.06664,185.0,0.0,55.0,88.223206,130013.83,2420.4702,482.0,548.5949,1525.0,1.0,1121.0,560.5,573.4636,966.0,155.0,2303.0,767.6667,762.04285,1525.0,1.0,0.0,0.0,0.0,0.0,104.0,136.0,1037.3444,1383.1259,0.0,185.0,47.0,77.56472,6016.2856,0.0,0.0,0.0,1.0,0.0,0.0,0.0,0.0,1.0,53.714287,52.0,55.0,104.0,0.0,0.0,0.0,0.0,0.0,0.0,3.0,156.0,4.0,220.0,64240.0,254.0,1.0,32.0,0.0,0.0,0.0,0.0,0.0,0.0,0.0,0.0
8080.0,767.0,2.0,0.0,0.0,0.0,0.0,0.0,0.0,0.0,0.0,0.0,0.0,0.0,0.0,2607.562,767.0,0.0,767.0,767.0,767.0,767.0,0.0,767.0,767.0,0.0,0.0,0.0,0.0,0.0,0.0,0.0,0.0,0.0,64.0,0.0,2607.562,0.0,0.0,0.0,0.0,0.0,0.0,0.0,0.0,0.0,0.0,1.0,0.0,0.0,0.0,0.0,0.0,0.0,0.0,64.0,0.0,0.0,0.0,0.0,0.0,0.0,2.0,0.0,0.0,0.0,251.0,-1.0,0.0,32.0,0.0,0.0,0.0,0.0,0.0,0.0,0.0,0.0
8080.0,3984.0,3.0,4.0,156.0,220.0,156.0,0.0,52.0,90.06664,185.0,0.0,55.0,88.223206,94377.51,1757.0281,664.0,553.8415,1657.0,0.0,1978.0,989.0,485.07526,1332.0,646.0,3258.0,1086.0,940.9203,1657.0,0.0,0.0,0.0,0.0,0.0,104.0,136.0,753.012,1004.01605,0.0,185.0,47.0,77.56472,6016.2856,0.0,0.0,0.0,1.0,0.0,0.0,0.0,0.0,1.0,53.714287,52.0,55.0,104.0,0.0,0.0,0.0,0.0,0.0,0.0,3.0,156.0,4.0,220.0,64240.0,254.0,1.0,32.0,0.0,0.0,0.0,0.0,0.0,0.0,0.0,0.0
8080.0,1154.0,2.0,0.0,0.0,0.0,0.0,0.0,0.0,0.0,0.0,0.0,0.0,0.0,0.0,1733.1023,1154.0,0.0,1154.0,1154.0,1154.0,1154.0,0.0,1154.0,1154.0,0.0,0.0,0.0,0.0,0.0,0.0,0.0,0.0,0.0,64.0,0.0,1733.1023,0.0,0.0,0.0,0.0,0.0,0.0,0.0,0.0,0.0,0.0,1.0,0.0,0.0,0.0,0.0,0.0,0.0,0.0,64.0,0.0,0.0,0.0,0.0,0.0,0.0,2.0,0.0,0.0,0.0,251.0,-1.0,0.0,32.0,0.0,0.0,0.0,0.0,0.0,0.0,0.0,0.0
8080.0,3604.0,3.0,4.0,156.0,220.0,156.0,0.0,52.0,90.06664,185.0,0.0,55.0,88.223206,104328.52,1942.2864,600.6667,541.4099,1403.0,0.0,1855.0,927.5,1089.6515,1698.0,157.0,2560.0,853.3333,749.17444,1403.0,0.0,0.0,0.0,0.0,0.0,104.0,136.0,832.40845,1109.8779,0.0,185.0,47.0,77.56472,6016.2856,0.0,0.0,0.0,1.0,0.0,0.0,0.0,0.0,1.0,53.714287,52.0,55.0,104.0,0.0,0.0,0.0,0.0,0.0,0.0,3.0,156.0,4.0,220.0,64240.0,254.0,1.0,32.0,0.0,0.0,0.0,0.0,0.0,0.0,0.0,0.0
8080.0,650.0,2.0,0.0,0.0,0.0,0.0,0.0,0.0,0.0,0.0,0.0,0.0,0.0,0.0,3076.923,650.0,0.0,650.0,650.0,650.0,650.0,0.0,650.0,650.0,0.0,0.0,0.0,0.0,0.0,0.0,0.0,0.0,0.0,64.0,0.0,3076.923,0.0,0.0,0.0,0.0,0.0,0.0,0.0,0.0,0.0,0.0,1.0,0.0,0.0,0.0,0.0,0.0,0.0,0.0,64.0,0.0,0.0,0.0,0.0,0.0,0.0,2.0,0.0,0.0,0.0,251.0,-1.0,0.0,32.0,0.0,0.0,0.0,0.0,0.0,0.0,0.0,0.0
8080.0,4134.0,3.0,4.0,156.0,220.0,156.0,0.0,52.0,90.06664,185.0,0.0,55.0,88.223206,90953.07,1693.2753,689.0,384.85165,1143.0,265.0,1494.0,747.0,681.65094,1229.0,265.0,3394.0,1131.3334,767.5665,1893.0,358.0,0.0,0.0,0.0,0.0,104.0,136.0,725.6894,967.5859,0.0,185.0,47.0,77.56472,6016.2856,0.0,0.0,0.0,1.0,0.0,0.0,0.0,0.0,1.0,53.714287,52.0,55.0,104.0,0.0,0.0,0.0,0.0,0.0,0.0,3.0,156.0,4.0,220.0,64240.0,254.0,1.0,32.0,0.0,0.0,0.0,0.0,0.0,0.0,0.0,0.0
8080.0,19.0,1.0,1.0,0.0,35.0,0.0,0.0,0.0,0.0,35.0,35.0,35.0,0.0,1.8421052e+06,105263.16,19.0,0.0,19.0,19.0,0.0,0.0,0.0,0.0,0.0,0.0,0.0,0.0,0.0,0.0,0.0,0.0,0.0,0.0,32.0,32.0,52631.58,52631.58,0.0,35.0,11.666667,20.20726,408.33334,0.0,0.0,0.0,0.0,1.0,0.0,0.0,0.0,1.0,17.5,0.0,35.0,32.0,0.0,0.0,0.0,0.0,0.0,0.0,1.0,0.0,1.0,35.0,251.0,254.0,0.0,32.0,0.0,0.0,0.0,0.0,0.0,0.0,0.0,0.0
8080.0,10742.0,3.0,4.0,156.0,220.0,156.0,0.0,52.0,90.06664,185.0,0.0,55.0,88.223206,35002.793,651.64777,1790.3334,1329.5209,3968.0,570.0,5034.0,2517.0,2200.5164,4073.0,961.0,7865.0,2621.6667,1805.4701,3968.0,570.0,0.0,0.0,0.0,0.0,104.0,136.0,279.2776,372.37015,0.0,185.0,47.0,77.56472,6016.2856,0.0,0.0,0.0,1.0,0.0,0.0,0.0,0.0,1.0,53.714287,52.0,55.0,104.0,0.0,0.0,0.0,0.0,0.0,0.0,3.0,156.0,4.0,220.0,64240.0,254.0,1.0,32.0,0.0,0.0,0.0,0.0,0.0,0.0,0.0,0.0
8080.0,670.0,2.0,0.0,0.0,0.0,0.0,0.0,0.0,0.0,0.0,0.0,0.0,0.0,0.0,2985.0747,670.0,0.0,670.0,670.0,670.0,670.0,0.0,670.0,670.0,0.0,0.0,0.0,0.0,0.0,0.0,0.0,0.0,0.0,64.0,0.0,2985.0747,0.0,0.0,0.0,0.0,0.0,0.0,0.0,0.0,0.0,0.0,1.0,0.0,0.0,0.0,0.0,0.0,0.0,0.0,64.0,0.0,0.0,0.0,0.0,0.0,0.0,2.0,0.0,0.0,0.0,251.0,-1.0,0.0,32.0,0.0,0.0,0.0,0.0,0.0,0.0,0.0,0.0
8080.0,2652.0,3.0,4.0,156.0,220.0,156.0,0.0,52.0,90.06664,185.0,0.0,55.0,88.223206,141779.78,2639.5173,442.0,411.27072,1202.0,0.0,1148.0,574.0,497.80316,926.0,222.0,2145.0,715.0,632.6049,1202.0,0.0,0.0,0.0,0.0,0.0,104.0,136.0,1131.2217,1508.2957,0.0,185.0,47.0,77.56472,6016.2856,0.0,0.0,0.0,1.0,0.0,0.0,0.0,0.0,1.0,53.714287,52.0,55.0,104.0,0.0,0.0,0.0,0.0,0.0,0.0,3.0,156.0,4.0,220.0,64240.0,254.0,1.0,32.0,0.0,0.0,0.0,0.0,0.0,0.0,0.0,0.0
8080.0,665.0,2.0,0.0,0.0,0.0,0.0,0.0,0.0,0.0,0.0,0.0,0.0,0.0,0.0,3007.5188,665.0,0.0,665.0,665.0,665.0,665.0,0.0,665.0,665.0,0.0,0.0,0.0,0.0,0.0,0.0,0.0,0.0,0.0,64.0,0.0,3007.5188,0.0,0.0,0.0,0.0,0.0,0.0,0.0,0.0,0.0,0.0,1.0,0.0,0.0,0.0,0.0,0.0,0.0,0.0,64.0,0.0,0.0,0.0,0.0,0.0,0.0,2.0,0.0,0.0,0.0,251.0,-1.0,0.0,32.0,0.0,0.0,0.0,0.0,0.0,0.0,0.0,0.0
8080.0,5963.0,3.0,4.0,156.0,220.0,156.0,0.0,52.0,90.06664,185.0,0.0,55.0,88.223206,63055.508,1173.9058,993.8333,1116.1039,3092.0,1.0,1544.0,772.0,598.21234,1195.0,349.0,5373.0,1791.0,1602.4703,3092.0,1.0,0.0,0.0,0.0,0.0,104.0,136.0,503.10248,670.8033,0.0,185.0,47.0,77.56472,6016.2856,0.0,0.0,0.0,1.0,0.0,0.0,0.0,0.0,1.0,53.714287,52.0,55.0,104.0,0.0,0.0,0.0,0.0,0.0,0.0,3.0,156.0,4.0,220.0,64240.0,254.0,1.0,32.0,0.0,0.0,0.0,0.0,0.0,0.0,0.0,0.0
8080.0,132.0,1.0,1.0,0.0,35.0,0.0,0.0,0.0,0.0,35.0,35.0,35.0,0.0,265151.5,15151.516,132.0,0.0,132.0,132.0,0.0,0.0,0.0,0.0,0.0,0.0,0.0,0.0,0.0,0.0,0.0,0.0,0.0,0.0,32.0,32.0,7575.758,7575.758,0.0,35.0,11.666667,20.20726,408.33334,0.0,0.0,0.0,0.0,1.0,0.0,0.0,0.0,1.0,17.5,0.0,35.0,32.0,0.0,0.0,0.0,0.0,0.0,0.0,1.0,0.0,1.0,35.0,251.0,254.0,0.0,32.0,0.0,0.0,0.0,0.0,0.0,0.0,0.0,0.0
8080.0,2503.0,3.0,4.0,156.0,220.0,156.0,0.0,52.0,90.06664,185.0,0.0,55.0,88.223206,150219.73,2796.644,417.16666,370.90884,927.0,0.0,1424.0,712.0,783.4743,1266.0,158.0,2164.0,721.3333,679.7539,1350.0,0.0,0.0,0.0,0.0,0.0,104.0,136.0,1198.5618,1598.0823,0.0,185.0,47.0,77.56472,6016.2856,0.0,0.0,0.0,1.0,0.0,0.0,0.0,0.0,1.0,53.714287,52.0,55.0,104.0,0.0,0.0,0.0,0.0,0.0,0.0,3.0,156.0,4.0,220.0,64240.0,254.0,1.0,32.0,0.0,0.0,0.0,0.0,0.0,0.0,0.0,0.0
8080.0,414.0,2.0,0.0,0.0,0.0,0.0,0.0,0.0,0.0,0.0,0.0,0.0,0.0,0.0,4830.918,414.0,0.0,414.0,414.0,414.0,414.0,0.0,414.0,414.0,0.0,0.0,0.0,0.0,0.0,0.0,0.0,0.0,0.0,64.0,0.0,4830.918,0.0,0.0,0.0,0.0,0.0,0.0,0.0,0.0,0.0,0.0,1.0,0.0,0.0,0.0,0.0,0.0,0.0,0.0,64.0,0.0,0.0,0.0,0.0,0.0,0.0,2.0,0.0,0.0,0.0,251.0,-1.0,0.0,32.0,0.0,0.0,0.0,0.0,0.0,0.0,0.0,0.0
8080.0,4461.0,3.0,4.0,156.0,220.0,156.0,0.0,52.0,90.06664,185.0,0.0,55.0,88.223206,84286.03,1569.1549,743.5,662.8052,1887.0,0.0,1889.0,944.5,1068.4384,1700.0,189.0,3647.0,1215.6666,1054.7115,1887.0,0.0,0.0,0.0,0.0,0.0,104.0,136.0,672.49493,896.6599,0.0,185.0,47.0,77.56472,6016.2856,0.0,0.0,0.0,1.0,0.0,0.0,0.0,0.0,1.0,53.714287,52.0,55.0,104.0,0.0,0.0,0.0,0.0,0.0,0.0,3.0,156.0,4.0,220.0,64240.0,254.0,1.0,32.0,0.0,0.0,0.0,0.0,0.0,0.0,0.0,0.0
8080.0,1062.0,2.0,0.0,0.0,0.0,0.0,0.0,0.0,0.0,0.0,0.0,0.0,0.0,0.0,1883.2391,1062.0,0.0,1062.0,1062.0,1062.0,1062.0,0.0,1062.0,1062.0,0.0,0.0,0.0,0.0,0.0,0.0,0.0,0.0,0.0,64.0,0.0,1883.2391,0.0,0.0,0.0,0.0,0.0,0.0,0.0,0.0,0.0,0.0,1.0,0.0,0.0,0.0,0.0,0.0,0.0,0.0,64.0,0.0,0.0,0.0,0.0,0.0,0.0,2.0,0.0,0.0,0.0,251.0,-1.0,0.0,32.0,0.0,0.0,0.0,0.0,0.0,0.0,0.0,0.0
8080.0,3511.0,3.0,4.0,156.0,220.0,156.0,0.0,52.0,90.06664,185.0,0.0,55.0,88.223206,107092.0,1993.734,585.1667,300.27216,1022.0,116.0,1281.0,640.5,741.755,1165.0,116.0,2860.0,953.3333,441.0276,1356.0,482.0,0.0,0.0,0.0,0.0,104.0,136.0,854.4574,1139.2766,0.0,185.0,47.0,77.56472,6016.2856,0.0,0.0,0.0,1.0,0.0,0.0,0.0,0.0,1.0,53.714287,52.0,55.0,104.0,0.0,0.0,0.0,0.0,0.0,0.0,3.0,156.0,4.0,220.0,64240.0,254.0,1.0,32.0,0.0,0.0,0.0,0.0,0.0,0.0,0.0,0.0
8080.0,640.0,2.0,0.0,0.0,0.0,0.0,0.0,0.0,0.0,0.0,0.0,0.0,0.0,0.0,3125.0,640.0,0.0,640.0,640.0,640.0,640.0,0.0,640.0,640.0,0.0,0.0,0.0,0.0,0.0,0.0,0.0,0.0,0.0,64.0,0.0,3125.0,0.0,0.0,0.0,0.0,0.0,0.0,0.0,0.0,0.0,0.0,1.0,0.0,0.0,0.0,0.0,0.0,0.0,0.0,64.0,0.0,0.0,0.0,0.0,0.0,0.0,2.0,0.0,0.0,0.0,251.0,-1.0,0.0,32.0,0.0,0.0,0.0,0.0,0.0,0.0,0.0,0.0
8080.0,2883.0,3.0,4.0,156.0,220.0,156.0,0.0,52.0,90.06664,185.0,0.0,55.0,88.223206,130419.7,2428.0264,480.5,375.3445,1109.0,0.0,1128.0,564.0,376.18082,830.0,298.0,2400.0,800.0,698.77106,1291.0,0.0,0.0,0.0,0.0,0.0,104.0,136.0,1040.5828,1387.4436,0.0,185.0,47.0,77.56472,6016.2856,0.0,0.0,0.0,1.0,0.0,0.0,0.0,0.0,1.0,53.714287,52.0,55.0,104.0,0.0,0.0,0.0,0.0,0.0,0.0,3.0,156.0,4.0,220.0,64240.0,254.0,1.0,32.0,0.0,0.0,0.0,0.0,0.0,0.0,0.0,0.0
8080.0,469.0,2.0,0.0,0.0,0.0,0.0,0.0,0.0,0.0,0.0,0.0,0.0,0.0,0.0,4264.392,469.0,0.0,469.0,469.0,469.0,469.0,0.0,469.0,469.0,0.0,0.0,0.0,0.0,0.0,0.0,0.0,0.0,0.0,64.0,0.0,4264.392,0.0,0.0,0.0,0.0,0.0,0.0,0.0,0.0,0.0,0.0,1.0,0.0,0.0,0.0,0.0,0.0,0.0,0.0,64.0,0.0,0.0,0.0,0.0,0.0,0.0,2.0,0.0,0.0,0.0,251.0,-1.0,0.0,32.0,0.0,0.0,0.0,0.0,0.0,0.0,0.0,0.0
8080.0,4932.0,3.0,4.0,156.0,220.0,156.0,0.0,52.0,90.06664,185.0,0.0,55.0,88.223206,76236.82,1419.3025,822.0,1096.3147,3023.0,130.0,1357.0,678.5,709.2281,1180.0,177.0,4306.0,1435.3334,1467.0195,3023.0,130.0,0.0,0.0,0.0,0.0,104.0,136.0,608.2725,811.03,0.0,185.0,47.0,77.56472,6016.2856,0.0,0.0,0.0,1.0,0.0,0.0,0.0,0.0,1.0,53.714287,52.0,55.0,104.0,0.0,0.0,0.0,0.0,0.0,0.0,3.0,156.0,4.0,220.0,64240.0,254.0,1.0,32.0,0.0,0.0,0.0,0.0,0.0,0.0,0.0,0.0
8080.0,990.0,2.0,0.0,0.0,0.0,0.0,0.0,0.0,0.0,0.0,0.0,0.0,0.0,0.0,2020.202,990.0,0.0,990.0,990.0,990.0,990.0,0.0,990.0,990.0,0.0,0.0,0.0,0.0,0.0,0.0,0.0,0.0,0.0,64.0,0.0,2020.202,0.0,0.0,0.0,0.0,0.0,0.0,0.0,0.0,0.0,0.0,1.0,0.0,0.0,0.0,0.0,0.0,0.0,0.0,64.0,0.0,0.0,0.0,0.0,0.0,0.0,2.0,0.0,0.0,0.0,251.0,-1.0,0.0,32.0,0.0,0.0,0.0,0.0,0.0,0.0,0.0,0.0
8080.0,2934.0,3.0,4.0,156.0,220.0,156.0,0.0,52.0,90.06664,185.0,0.0,55.0,88.223206,128152.695,2385.8213,489.0,442.87875,1173.0,0.0,1475.0,737.5,853.4779,1341.0,134.0,2121.0,707.0,622.52954,1173.0,0.0,0.0,0.0,0.0,0.0,104.0,136.0,1022.4949,1363.3265,0.0,185.0,47.0,77.56472,6016.2856,0.0,0.0,0.0,1.0,0.0,0.0,0.0,0.0,1.0,53.714287,52.0,55.0,104.0,0.0,0.0,0.0,0.0,0.0,0.0,3.0,156.0,4.0,220.0,64240.0,254.0,1.0,32.0,0.0,0.0,0.0,0.0,0.0,0.0,0.0,0.0
8080.0,510.0,2.0,0.0,0.0,0.0,0.0,0.0,0.0,0.0,0.0,0.0,0.0,0.0,0.0,3921.5686,510.0,0.0,510.0,510.0,510.0,510.0,0.0,510.0,510.0,0.0,0.0,0.0,0.0,0.0,0.0,0.0,0.0,0.0,64.0,0.0,3921.5686,0.0,0.0,0.0,0.0,0.0,0.0,0.0,0.0,0.0,0.0,1.0,0.0,0.0,0.0,0.0,0.0,0.0,0.0,64.0,0.0,0.0,0.0,0.0,0.0,0.0,2.0,0.0,0.0,0.0,251.0,-1.0,0.0,32.0,0.0,0.0,0.0,0.0,0.0,0.0,0.0,0.0
8080.0,3327.0,3.0,4.0,156.0,220.0,156.0,0.0,52.0,90.06664,185.0,0.0,55.0,88.223206,113014.73,2103.9976,554.5,388.48618,1301.0,192.0,1154.0,577.0,544.4722,962.0,192.0,2796.0,932.0,380.47733,1301.0,541.0,0.0,0.0,0.0,0.0,104.0,136.0,901.71326,1202.2843,0.0,185.0,47.0,77.56472,6016.2856,0.0,0.0,0.0,1.0,0.0,0.0,0.0,0.0,1.0,53.714287,52.0,55.0,104.0,0.0,0.0,0.0,0.0,0.0,0.0,3.0,156.0,4.0,220.0,64240.0,254.0,1.0,32.0,0.0,0.0,0.0,0.0,0.0,0.0,0.0,0.0
8080.0,687.0,2.0,0.0,0.0,0.0,0.0,0.0,0.0,0.0,0.0,0.0,0.0,0.0,0.0,2911.2083,687.0,0.0,687.0,687.0,687.0,687.0,0.0,687.0,687.0,0.0,0.0,0.0,0.0,0.0,0.0,0.0,0.0,0.0,64.0,0.0,2911.2083,0.0,0.0,0.0,0.0,0.0,0.0,0.0,0.0,0.0,0.0,1.0,0.0,0.0,0.0,0.0,0.0,0.0,0.0,64.0,0.0,0.0,0.0,0.0,0.0,0.0,2.0,0.0,0.0,0.0,251.0,-1.0,0.0,32.0,0.0,0.0,0.0,0.0,0.0,0.0,0.0,0.0
8080.0,4732.0,3.0,4.0,156.0,220.0,156.0,0.0,52.0,90.06664,185.0,0.0,55.0,88.223206,79459.0,1479.2899,788.6667,560.9491,1866.0,353.0,1730.0,865.0,724.07733,1377.0,353.0,4186.0,1395.3334,873.0002,1932.0,388.0,0.0,0.0,0.0,0.0,104.0,136.0,633.9814,845.30853,0.0,185.0,47.0,77.56472,6016.2856,0.0,0.0,0.0,1.0,0.0,0.0,0.0,0.0,1.0,53.714287,52.0,55.0,104.0,0.0,0.0,0.0,0.0,0.0,0.0,3.0,156.0,4.0,220.0,64240.0,254.0,1.0,32.0,0.0,0.0,0.0,0.0,0.0,0.0,0.0,0.0
8080.0,970.0,2.0,0.0,0.0,0.0,0.0,0.0,0.0,0.0,0.0,0.0,0.0,0.0,0.0,2061.8557,970.0,0.0,970.0,970.0,970.0,970.0,0.0,970.0,970.0,0.0,0.0,0.0,0.0,0.0,0.0,0.0,0.0,0.0,64.0,0.0,2061.8557,0.0,0.0,0.0,0.0,0.0,0.0,0.0,0.0,0.0,0.0,1.0,0.0,0.0,0.0,0.0,0.0,0.0,0.0,64.0,0.0,0.0,0.0,0.0,0.0,0.0,2.0,0.0,0.0,0.0,251.0,-1.0,0.0,32.0,0.0,0.0,0.0,0.0,0.0,0.0,0.0,0.0
8080.0,4818.0,3.0,4.0,156.0,220.0,156.0,0.0,52.0,90.06664,185.0,0.0,55.0,88.223206,78040.68,1452.885,803.0,682.593,2014.0,1.0,2054.0,1027.0,960.25104,1706.0,348.0,3915.0,1305.0,1130.7347,2014.0,1.0,0.0,0.0,0.0,0.0,104.0,136.0,622.665,830.22003,0.0,185.0,47.0,77.56472,6016.2856,0.0,0.0,0.0,1.0,0.0,0.0,0.0,0.0,1.0,53.714287,52.0,55.0,104.0,0.0,0.0,0.0,0.0,0.0,0.0,3.0,156.0,4.0,220.0,64240.0,254.0,1.0,32.0,0.0,0.0,0.0,0.0,0.0,0.0,0.0,0.0
8080.0,665.0,2.0,0.0,0.0,0.0,0.0,0.0,0.0,0.0,0.0,0.0,0.0,0.0,0.0,3007.5188,665.0,0.0,665.0,665.0,665.0,665.0,0.0,665.0,665.0,0.0,0.0,0.0,0.0,0.0,0.0,0.0,0.0,0.0,64.0,0.0,3007.5188,0.0,0.0,0.0,0.0,0.0,0.0,0.0,0.0,0.0,0.0,1.0,0.0,0.0,0.0,0.0,0.0,0.0,0.0,64.0,0.0,0.0,0.0,0.0,0.0,0.0,2.0,0.0,0.0,0.0,251.0,-1.0,0.0,32.0,0.0,0.0,0.0,0.0,0.0,0.0,0.0,0.0
8080.0,3454.0,3.0,4.0,156.0,220.0,156.0,0.0,52.0,90.06664,185.0,0.0,55.0,88.223206,108859.3,2026.6357,575.6667,829.95966,2241.0,0.0,897.0,448.5,447.5986,765.0,132.0,3055.0,1018.3333,1134.3872,2241.0,0.0,0.0,0.0,0.0,0.0,104.0,136.0,868.55817,1158.0776,0.0,185.0,47.0,77.56472,6016.2856,0.0,0.0,0.0,1.0,0.0,0.0,0.0,0.0,1.0,53.714287,52.0,55.0,104.0,0.0,0.0,0.0,0.0,0.0,0.0,3.0,156.0,4.0,220.0,64240.0,254.0,1.0,32.0,0.0,0.0,0.0,0.0,0.0,0.0,0.0,0.0
8080.0,796.0,2.0,0.0,0.0,0.0,0.0,0.0,0.0,0.0,0.0,0.0,0.0,0.0,0.0,2512.5627,796.0,0.0,796.0,796.0,796.0,796.0,0.0,796.0,796.0,0.0,0.0,0.0,0.0,0.0,0.0,0.0,0.0,0.0,64.0,0.0,2512.5627,0.0,0.0,0.0,0.0,0.0,0.0,0.0,0.0,0.0,0.0,1.0,0.0,0.0,0.0,0.0,0.0,0.0,0.0,64.0,0.0,0.0,0.0,0.0,0.0,0.0,2.0,0.0,0.0,0.0,251.0,-1.0,0.0,32.0,0.0,0.0,0.0,0.0,0.0,0.0,0.0,0.0
8080.0,4084.0,3.0,4.0,156.0,220.0,156.0,0.0,52.0,90.06664,185.0,0.0,55.0,88.223206,92066.6,1714.0059,680.6667,626.45465,1510.0,0.0,2180.0,1090.0,1302.4907,2011.0,169.0,2574.0,858.0,749.09814,1382.0,0.0,0.0,0.0,0.0,0.0,104.0,136.0,734.574,979.43195,0.0,185.0,47.0,77.56472,6016.2856,0.0,0.0,0.0,1.0,0.0,0.0,0.0,0.0,1.0,53.714287,52.0,55.0,104.0,0.0,0.0,0.0,0.0,0.0,0.0,3.0,156.0,4.0,220.0,64240.0,254.0,1.0,32.0,0.0,0.0,0.0,0.0,0.0,0.0,0.0,0.0
8080.0,1580.0,2.0,0.0,0.0,0.0,0.0,0.0,0.0,0.0,0.0,0.0,0.0,0.0,0.0,1265.8228,1580.0,0.0,1580.0,1580.0,1580.0,1580.0,0.0,1580.0,1580.0,0.0,0.0,0.0,0.0,0.0,0.0,0.0,0.0,0.0,64.0,0.0,1265.8228,0.0,0.0,0.0,0.0,0.0,0.0,0.0,0.0,0.0,0.0,1.0,0.0,0.0,0.0,0.0,0.0,0.0,0.0,64.0,0.0,0.0,0.0,0.0,0.0,0.0,2.0,0.0,0.0,0.0,251.0,-1.0,0.0,32.0,0.0,0.0,0.0,0.0,0.0,0.0,0.0,0.0
8080.0,3838.0,3.0,4.0,156.0,220.0,156.0,0.0,52.0,90.06664,185.0,0.0,55.0,88.223206,97967.695,1823.8666,639.6667,543.14923,1477.0,1.0,1979.0,989.5,1093.8942,1763.0,216.0,2920.0,973.3333,842.2472,1477.0,1.0,0.0,0.0,0.0,0.0,104.0,136.0,781.6571,1042.2095,0.0,185.0,47.0,77.56472,6016.2856,0.0,0.0,0.0,1.0,0.0,0.0,0.0,0.0,1.0,53.714287,52.0,55.0,104.0,0.0,0.0,0.0,0.0,0.0,0.0,3.0,156.0,4.0,220.0,64240.0,254.0,1.0,32.0,0.0,0.0,0.0,0.0,0.0,0.0,0.0,0.0
8080.0,1007.0,2.0,0.0,0.0,0.0,0.0,0.0,0.0,0.0,0.0,0.0,0.0,0.0,0.0,1986.0973,1007.0,0.0,1007.0,1007.0,1007.0,1007.0,0.0,1007.0,1007.0,0.0,0.0,0.0,0.0,0.0,0.0,0.0,0.0,0.0,64.0,0.0,1986.0973,0.0,0.0,0.0,0.0,0.0,0.0,0.0,0.0,0.0,0.0,1.0,0.0,0.0,0.0,0.0,0.0,0.0,0.0,64.0,0.0,0.0,0.0,0.0,0.0,0.0,2.0,0.0,0.0,0.0,251.0,-1.0,0.0,32.0,0.0,0.0,0.0,0.0,0.0,0.0,0.0,0.0
8080.0,3462.0,3.0,4.0,156.0,220.0,156.0,0.0,52.0,90.06664,185.0,0.0,55.0,88.223206,108607.74,2021.9526,577.0,486.00452,1202.0,1.0,1895.0,947.5,1033.083,1678.0,217.0,2260.0,753.3333,651.5553,1134.0,1.0,0.0,0.0,0.0,0.0,104.0,136.0,866.55115,1155.4015,0.0,185.0,47.0,77.56472,6016.2856,0.0,0.0,0.0,1.0,0.0,0.0,0.0,0.0,1.0,53.714287,52.0,55.0,104.0,0.0,0.0,0.0,0.0,0.0,0.0,3.0,156.0,4.0,220.0,64240.0,254.0,1.0,32.0,0.0,0.0,0.0,0.0,0.0,0.0,0.0,0.0
8080.0,602.0,2.0,0.0,0.0,0.0,0.0,0.0,0.0,0.0,0.0,0.0,0.0,0.0,0.0,3322.259,602.0,0.0,602.0,602.0,602.0,602.0,0.0,602.0,602.0,0.0,0.0,0.0,0.0,0.0,0.0,0.0,0.0,0.0,64.0,0.0,3322.259,0.0,0.0,0.0,0.0,0.0,0.0,0.0,0.0,0.0,0.0,1.0,0.0,0.0,0.0,0.0,0.0,0.0,0.0,64.0,0.0,0.0,0.0,0.0,0.0,0.0,2.0,0.0,0.0,0.0,251.0,-1.0,0.0,32.0,0.0,0.0,0.0,0.0,0.0,0.0,0.0,0.0
8080.0,2817.0,3.0,4.0,156.0,220.0,156.0,0.0,52.0,90.06664,185.0,0.0,55.0,88.223206,133475.33,2484.913,469.5,468.50986,1292.0,0.0,1236.0,618.0,695.7931,1110.0,126.0,2129.0,709.6667,655.3444,1292.0,0.0,0.0,0.0,0.0,0.0,104.0,136.0,1064.9628,1419.9503,0.0,185.0,47.0,77.56472,6016.2856,0.0,0.0,0.0,1.0,0.0,0.0,0.0,0.0,1.0,53.714287,52.0,55.0,104.0,0.0,0.0,0.0,0.0,0.0,0.0,3.0,156.0,4.0,220.0,64240.0,254.0,1.0,32.0,0.0,0.0,0.0,0.0,0.0,0.0,0.0,0.0
8080.0,652.0,2.0,0.0,0.0,0.0,0.0,0.0,0.0,0.0,0.0,0.0,0.0,0.0,0.0,3067.4846,652.0,0.0,652.0,652.0,652.0,652.0,0.0,652.0,652.0,0.0,0.0,0.0,0.0,0.0,0.0,0.0,0.0,0.0,64.0,0.0,3067.4846,0.0,0.0,0.0,0.0,0.0,0.0,0.0,0.0,0.0,0.0,1.0,0.0,0.0,0.0,0.0,0.0,0.0,0.0,64.0,0.0,0.0,0.0,0.0,0.0,0.0,2.0,0.0,0.0,0.0,251.0,-1.0,0.0,32.0,0.0,0.0,0.0,0.0,0.0,0.0,0.0,0.0
8080.0,4170.0,3.0,4.0,156.0,220.0,156.0,0.0,52.0,90.06664,185.0,0.0,55.0,88.223206,90167.87,1678.6571,695.0,519.94116,1652.0,235.0,1692.0,846.0,864.0845,1457.0,235.0,3398.0,1132.6666,775.69604,1652.0,241.0,0.0,0.0,0.0,0.0,104.0,136.0,719.42444,959.2326,0.0,185.0,47.0,77.56472,6016.2856,0.0,0.0,0.0,1.0,0.0,0.0,0.0,0.0,1.0,53.714287,52.0,55.0,104.0,0.0,0.0,0.0,0.0,0.0,0.0,3.0,156.0,4.0,220.0,64240.0,254.0,1.0,32.0,0.0,0.0,0.0,0.0,0.0,0.0,0.0,0.0
8080.0,1396.0,2.0,0.0,0.0,0.0,0.0,0.0,0.0,0.0,0.0,0.0,0.0,0.0,0.0,1432.6648,1396.0,0.0,1396.0,1396.0,1396.0,1396.0,0.0,1396.0,1396.0,0.0,0.0,0.0,0.0,0.0,0.0,0.0,0.0,0.0,64.0,0.0,1432.6648,0.0,0.0,0.0,0.0,0.0,0.0,0.0,0.0,0.0,0.0,1.0,0.0,0.0,0.0,0.0,0.0,0.0,0.0,64.0,0.0,0.0,0.0,0.0,0.0,0.0,2.0,0.0,0.0,0.0,251.0,-1.0,0.0,32.0,0.0,0.0,0.0,0.0,0.0,0.0,0.0,0.0
8080.0,5770.0,3.0,4.0,156.0,220.0,156.0,0.0,52.0,90.06664,185.0,0.0,55.0,88.223206,65164.645,1213.1716,961.6667,899.1878,2388.0,1.0,2797.0,1398.5,1581.7979,2517.0,280.0,4900.0,1633.3334,1414.9792,2511.0,1.0,0.0,0.0,0.0,0.0,104.0,136.0,519.93066,693.2409,0.0,185.0,47.0,77.56472,6016.2856,0.0,0.0,0.0,1.0,0.0,0.0,0.0,0.0,1.0,53.714287,52.0,55.0,104.0,0.0,0.0,0.0,0.0,0.0,0.0,3.0,156.0,4.0,220.0,64240.0,254.0,1.0,32.0,0.0,0.0,0.0,0.0,0.0,0.0,0.0,0.0
8080.0,1037.0,2.0,0.0,0.0,0.0,0.0,0.0,0.0,0.0,0.0,0.0,0.0,0.0,0.0,1928.6403,1037.0,0.0,1037.0,1037.0,1037.0,1037.0,0.0,1037.0,1037.0,0.0,0.0,0.0,0.0,0.0,0.0,0.0,0.0,0.0,64.0,0.0,1928.6403,0.0,0.0,0.0,0.0,0.0,0.0,0.0,0.0,0.0,0.0,1.0,0.0,0.0,0.0,0.0,0.0,0.0,0.0,64.0,0.0,0.0,0.0,0.0,0.0,0.0,2.0,0.0,0.0,0.0,251.0,-1.0,0.0,32.0,0.0,0.0,0.0,0.0,0.0,0.0,0.0,0.0
8080.0,4699.0,3.0,4.0,156.0,220.0,156.0,0.0,52.0,90.06664,185.0,0.0,55.0,88.223206,80017.02,1489.6787,783.1667,512.8616,1719.0,327.0,2028.0,1014.0,971.5647,1701.0,327.0,3819.0,1273.0,799.4917,1750.0,350.0,0.0,0.0,0.0,0.0,104.0,136.0,638.4337,851.24493,0.0,185.0,47.0,77.56472,6016.2856,0.0,0.0,0.0,1.0,0.0,0.0,0.0,0.0,1.0,53.714287,52.0,55.0,104.0,0.0,0.0,0.0,0.0,0.0,0.0,3.0,156.0,4.0,220.0,64240.0,254.0,1.0,32.0,0.0,0.0,0.0,0.0,0.0,0.0,0.0,0.0
8080.0,871.0,2.0,0.0,0.0,0.0,0.0,0.0,0.0,0.0,0.0,0.0,0.0,0.0,0.0,2296.2112,871.0,0.0,871.0,871.0,871.0,871.0,0.0,871.0,871.0,0.0,0.0,0.0,0.0,0.0,0.0,0.0,0.0,0.0,64.0,0.0,2296.2112,0.0,0.0,0.0,0.0,0.0,0.0,0.0,0.0,0.0,0.0,1.0,0.0,0.0,0.0,0.0,0.0,0.0,0.0,64.0,0.0,0.0,0.0,0.0,0.0,0.0,2.0,0.0,0.0,0.0,251.0,-1.0,0.0,32.0,0.0,0.0,0.0,0.0,0.0,0.0,0.0,0.0
8080.0,5239.0,3.0,4.0,156.0,220.0,156.0,0.0,52.0,90.06664,185.0,0.0,55.0,88.223206,71769.42,1336.1328,873.1667,584.4592,1891.0,313.0,2287.0,1143.5,1068.4384,1899.0,388.0,4071.0,1357.0,904.21014,1891.0,313.0,0.0,0.0,0.0,0.0,104.0,136.0,572.62836,763.50446,0.0,185.0,47.0,77.56472,6016.2856,0.0,0.0,0.0,1.0,0.0,0.0,0.0,0.0,1.0,53.714287,52.0,55.0,104.0,0.0,0.0,0.0,0.0,0.0,0.0,3.0,156.0,4.0,220.0,64240.0,254.0,1.0,32.0,0.0,0.0,0.0,0.0,0.0,0.0,0.0,0.0
8080.0,1086.0,2.0,0.0,0.0,0.0,0.0,0.0,0.0,0.0,0.0,0.0,0.0,0.0,0.0,1841.6206,1086.0,0.0,1086.0,1086.0,1086.0,1086.0,0.0,1086.0,1086.0,0.0,0.0,0.0,0.0,0.0,0.0,0.0,0.0,0.0,64.0,0.0,1841.6206,0.0,0.0,0.0,0.0,0.0,0.0,0.0,0.0,0.0,0.0,1.0,0.0,0.0,0.0,0.0,0.0,0.0,0.0,64.0,0.0,0.0,0.0,0.0,0.0,0.0,2.0,0.0,0.0,0.0,251.0,-1.0,0.0,32.0,0.0,0.0,0.0,0.0,0.0,0.0,0.0,0.0
8080.0,3250.0,3.0,4.0,156.0,220.0,156.0,0.0,52.0,90.06664,185.0,0.0,55.0,88.223206,115692.305,2153.8462,541.6667,504.95135,1551.0,160.0,1013.0,506.5,490.025,853.0,160.0,2775.0,925.0,599.9633,1551.0,355.0,0.0,0.0,0.0,0.0,104.0,136.0,923.0769,1230.7693,0.0,185.0,47.0,77.56472,6016.2856,0.0,0.0,0.0,1.0,0.0,0.0,0.0,0.0,1.0,53.714287,52.0,55.0,104.0,0.0,0.0,0.0,0.0,0.0,0.0,3.0,156.0,4.0,220.0,64240.0,254.0,1.0,32.0,0.0,0.0,0.0,0.0,0.0,0.0,0.0,0.0
8080.0,626.0,2.0,0.0,0.0,0.0,0.0,0.0,0.0,0.0,0.0,0.0,0.0,0.0,0.0,3194.8882,626.0,0.0,626.0,626.0,626.0,626.0,0.0,626.0,626.0,0.0,0.0,0.0,0.0,0.0,0.0,0.0,0.0,0.0,64.0,0.0,3194.8882,0.0,0.0,0.0,0.0,0.0,0.0,0.0,0.0,0.0,0.0,1.0,0.0,0.0,0.0,0.0,0.0,0.0,0.0,64.0,0.0,0.0,0.0,0.0,0.0,0.0,2.0,0.0,0.0,0.0,251.0,-1.0,0.0,32.0,0.0,0.0,0.0,0.0,0.0,0.0,0.0,0.0
8080.0,2185.0,3.0,4.0,156.0,220.0,156.0,0.0,52.0,90.06664,185.0,0.0,55.0,88.223206,172082.38,3203.6614,364.16666,244.07246,784.0,130.0,947.0,473.5,485.78235,817.0,130.0,1720.0,573.3333,384.09546,806.0,130.0,0.0,0.0,0.0,0.0,104.0,136.0,1372.9977,1830.6636,0.0,185.0,47.0,77.56472,6016.2856,0.0,0.0,0.0,1.0,0.0,0.0,0.0,0.0,1.0,53.714287,52.0,55.0,104.0,0.0,0.0,0.0,0.0,0.0,0.0,3.0,156.0,4.0,220.0,64240.0,254.0,1.0,32.0,0.0,0.0,0.0,0.0,0.0,0.0,0.0,0.0
8080.0,567.0,2.0,0.0,0.0,0.0,0.0,0.0,0.0,0.0,0.0,0.0,0.0,0.0,0.0,3527.337,567.0,0.0,567.0,567.0,567.0,567.0,0.0,567.0,567.0,0.0,0.0,0.0,0.0,0.0,0.0,0.0,0.0,0.0,64.0,0.0,3527.337,0.0,0.0,0.0,0.0,0.0,0.0,0.0,0.0,0.0,0.0,1.0,0.0,0.0,0.0,0.0,0.0,0.0,0.0,64.0,0.0,0.0,0.0,0.0,0.0,0.0,2.0,0.0,0.0,0.0,251.0,-1.0,0.0,32.0,0.0,0.0,0.0,0.0,0.0,0.0,0.0,0.0
8080.0,5559.0,3.0,4.0,156.0,220.0,156.0,0.0,52.0,90.06664,185.0,0.0,55.0,88.223206,67638.06,1259.2192,926.5,558.073,1945.0,311.0,2262.0,1131.0,1159.6552,1951.0,311.0,4638.0,1546.0,798.1735,2066.0,627.0,0.0,0.0,0.0,0.0,104.0,136.0,539.6654,719.5539,0.0,185.0,47.0,77.56472,6016.2856,0.0,0.0,0.0,1.0,0.0,0.0,0.0,0.0,1.0,53.714287,52.0,55.0,104.0,0.0,0.0,0.0,0.0,0.0,0.0,3.0,156.0,4.0,220.0,64240.0,254.0,1.0,32.0,0.0,0.0,0.0,0.0,0.0,0.0,0.0,0.0
8080.0,1198.0,2.0,0.0,0.0,0.0,0.0,0.0,0.0,0.0,0.0,0.0,0.0,0.0,0.0,1669.4491,1198.0,0.0,1198.0,1198.0,1198.0,1198.0,0.0,1198.0,1198.0,0.0,0.0,0.0,0.0,0.0,0.0,0.0,0.0,0.0,64.0,0.0,1669.4491,0.0,0.0,0.0,0.0,0.0,0.0,0.0,0.0,0.0,0.0,1.0,0.0,0.0,0.0,0.0,0.0,0.0,0.0,64.0,0.0,0.0,0.0,0.0,0.0,0.0,2.0,0.0,0.0,0.0,251.0,-1.0,0.0,32.0,0.0,0.0,0.0,0.0,0.0,0.0,0.0,0.0
8080.0,4635.0,3.0,4.0,156.0,220.0,156.0,0.0,52.0,90.06664,185.0,0.0,55.0,88.223206,81121.9,1510.2482,772.5,585.8617,1774.0,0.0,2183.0,1091.5,869.03424,1706.0,477.0,3722.0,1240.6666,1077.9653,1948.0,0.0,0.0,0.0,0.0,0.0,104.0,136.0,647.2492,862.9989,0.0,185.0,47.0,77.56472,6016.2856,0.0,0.0,0.0,1.0,0.0,0.0,0.0,0.0,1.0,53.714287,52.0,55.0,104.0,0.0,0.0,0.0,0.0,0.0,0.0,3.0,156.0,4.0,220.0,64240.0,254.0,1.0,32.0,0.0,0.0,0.0,0.0,0.0,0.0,0.0,0.0
8080.0,1051.0,2.0,0.0,0.0,0.0,0.0,0.0,0.0,0.0,0.0,0.0,0.0,0.0,0.0,1902.9496,1051.0,0.0,1051.0,1051.0,1051.0,1051.0,0.0,1051.0,1051.0,0.0,0.0,0.0,0.0,0.0,0.0,0.0,0.0,0.0,64.0,0.0,1902.9496,0.0,0.0,0.0,0.0,0.0,0.0,0.0,0.0,0.0,0.0,1.0,0.0,0.0,0.0,0.0,0.0,0.0,0.0,64.0,0.0,0.0,0.0,0.0,0.0,0.0,2.0,0.0,0.0,0.0,251.0,-1.0,0.0,32.0,0.0,0.0,0.0,0.0,0.0,0.0,0.0,0.0
8080.0,4063.0,3.0,4.0,156.0,220.0,156.0,0.0,52.0,90.06664,185.0,0.0,55.0,88.223206,92542.45,1722.8649,677.1667,423.31616,1266.0,0.0,2116.0,1058.0,830.1434,1645.0,471.0,3186.0,1062.0,976.1209,1920.0,0.0,0.0,0.0,0.0,0.0,104.0,136.0,738.37067,984.4942,0.0,185.0,47.0,77.56472,6016.2856,0.0,0.0,0.0,1.0,0.0,0.0,0.0,0.0,1.0,53.714287,52.0,55.0,104.0,0.0,0.0,0.0,0.0,0.0,0.0,3.0,156.0,4.0,220.0,64240.0,254.0,1.0,32.0,0.0,0.0,0.0,0.0,0.0,0.0,0.0,0.0
8080.0,1074.0,2.0,0.0,0.0,0.0,0.0,0.0,0.0,0.0,0.0,0.0,0.0,0.0,0.0,1862.1974,1074.0,0.0,1074.0,1074.0,1074.0,1074.0,0.0,1074.0,1074.0,0.0,0.0,0.0,0.0,0.0,0.0,0.0,0.0,0.0,64.0,0.0,1862.1974,0.0,0.0,0.0,0.0,0.0,0.0,0.0,0.0,0.0,0.0,1.0,0.0,0.0,0.0,0.0,0.0,0.0,0.0,64.0,0.0,0.0,0.0,0.0,0.0,0.0,2.0,0.0,0.0,0.0,251.0,-1.0,0.0,32.0,0.0,0.0,0.0,0.0,0.0,0.0,0.0,0.0
8080.0,5869.0,3.0,4.0,156.0,220.0,156.0,0.0,52.0,90.06664,185.0,0.0,55.0,88.223206,64065.43,1192.7074,978.1667,991.24457,2888.0,1.0,2248.0,1124.0,879.6408,1746.0,502.0,4973.0,1657.6666,1489.9706,2888.0,1.0,0.0,0.0,0.0,0.0,104.0,136.0,511.16034,681.5471,0.0,185.0,47.0,77.56472,6016.2856,0.0,0.0,0.0,1.0,0.0,0.0,0.0,0.0,1.0,53.714287,52.0,55.0,104.0,0.0,0.0,0.0,0.0,0.0,0.0,3.0,156.0,4.0,220.0,64240.0,254.0,1.0,32.0,0.0,0.0,0.0,0.0,0.0,0.0,0.0,0.0
8080.0,1149.0,2.0,0.0,0.0,0.0,0.0,0.0,0.0,0.0,0.0,0.0,0.0,0.0,0.0,1740.644,1149.0,0.0,1149.0,1149.0,1149.0,1149.0,0.0,1149.0,1149.0,0.0,0.0,0.0,0.0,0.0,0.0,0.0,0.0,0.0,64.0,0.0,1740.644,0.0,0.0,0.0,0.0,0.0,0.0,0.0,0.0,0.0,0.0,1.0,0.0,0.0,0.0,0.0,0.0,0.0,0.0,64.0,0.0,0.0,0.0,0.0,0.0,0.0,2.0,0.0,0.0,0.0,251.0,-1.0,0.0,32.0,0.0,0.0,0.0,0.0,0.0,0.0,0.0,0.0
8080.0,2866.0,3.0,4.0,156.0,220.0,156.0,0.0,52.0,90.06664,185.0,0.0,55.0,88.223206,131193.3,2442.4285,477.66666,464.84995,1241.0,0.0,1212.0,606.0,702.86414,1103.0,109.0,2071.0,690.3333,632.179,1241.0,0.0,0.0,0.0,0.0,0.0,104.0,136.0,1046.755,1395.6735,0.0,185.0,47.0,77.56472,6016.2856,0.0,0.0,0.0,1.0,0.0,0.0,0.0,0.0,1.0,53.714287,52.0,55.0,104.0,0.0,0.0,0.0,0.0,0.0,0.0,3.0,156.0,4.0,220.0,64240.0,254.0,1.0,32.0,0.0,0.0,0.0,0.0,0.0,0.0,0.0,0.0
8080.0,665.0,2.0,0.0,0.0,0.0,0.0,0.0,0.0,0.0,0.0,0.0,0.0,0.0,0.0,3007.5188,665.0,0.0,665.0,665.0,665.0,665.0,0.0,665.0,665.0,0.0,0.0,0.0,0.0,0.0,0.0,0.0,0.0,0.0,64.0,0.0,3007.5188,0.0,0.0,0.0,0.0,0.0,0.0,0.0,0.0,0.0,0.0,1.0,0.0,0.0,0.0,0.0,0.0,0.0,0.0,64.0,0.0,0.0,0.0,0.0,0.0,0.0,2.0,0.0,0.0,0.0,251.0,-1.0,0.0,32.0,0.0,0.0,0.0,0.0,0.0,0.0,0.0,0.0
8080.0,9048.0,3.0,4.0,156.0,220.0,156.0,0.0,52.0,90.06664,185.0,0.0,55.0,88.223206,41556.145,773.6516,1508.0,2008.32,5516.0,275.0,2549.0,1274.5,1371.0801,2244.0,305.0,7612.0,2537.3333,2692.9297,5516.0,275.0,0.0,0.0,0.0,0.0,104.0,136.0,331.56497,442.08664,0.0,185.0,47.0,77.56472,6016.2856,0.0,0.0,0.0,1.0,0.0,0.0,0.0,0.0,1.0,53.714287,52.0,55.0,104.0,0.0,0.0,0.0,0.0,0.0,0.0,3.0,156.0,4.0,220.0,64240.0,254.0,1.0,32.0,0.0,0.0,0.0,0.0,0.0,0.0,0.0,0.0
8080.0,949.0,2.0,0.0,0.0,0.0,0.0,0.0,0.0,0.0,0.0,0.0,0.0,0.0,0.0,2107.4814,949.0,0.0,949.0,949.0,949.0,949.0,0.0,949.0,949.0,0.0,0.0,0.0,0.0,0.0,0.0,0.0,0.0,0.0,64.0,0.0,2107.4814,0.0,0.0,0.0,0.0,0.0,0.0,0.0,0.0,0.0,0.0,1.0,0.0,0.0,0.0,0.0,0.0,0.0,0.0,64.0,0.0,0.0,0.0,0.0,0.0,0.0,2.0,0.0,0.0,0.0,251.0,-1.0,0.0,32.0,0.0,0.0,0.0,0.0,0.0,0.0,0.0,0.0
8080.0,4520.0,3.0,4.0,156.0,220.0,156.0,0.0,52.0,90.06664,185.0,0.0,55.0,88.223206,83185.84,1548.6726,753.3333,399.79327,1327.0,352.0,1712.0,856.0,712.7636,1360.0,352.0,3961.0,1320.3334,1069.0848,2480.0,374.0,0.0,0.0,0.0,0.0,104.0,136.0,663.7168,884.95575,0.0,185.0,47.0,77.56472,6016.2856,0.0,0.0,0.0,1.0,0.0,0.0,0.0,0.0,1.0,53.714287,52.0,55.0,104.0,0.0,0.0,0.0,0.0,0.0,0.0,3.0,156.0,4.0,220.0,64240.0,254.0,1.0,32.0,0.0,0.0,0.0,0.0,0.0,0.0,0.0,0.0
8080.0,916.0,2.0,0.0,0.0,0.0,0.0,0.0,0.0,0.0,0.0,0.0,0.0,0.0,0.0,2183.406,916.0,0.0,916.0,916.0,916.0,916.0,0.0,916.0,916.0,0.0,0.0,0.0,0.0,0.0,0.0,0.0,0.0,0.0,64.0,0.0,2183.406,0.0,0.0,0.0,0.0,0.0,0.0,0.0,0.0,0.0,0.0,1.0,0.0,0.0,0.0,0.0,0.0,0.0,0.0,64.0,0.0,0.0,0.0,0.0,0.0,0.0,2.0,0.0,0.0,0.0,251.0,-1.0,0.0,32.0,0.0,0.0,0.0,0.0,0.0,0.0,0.0,0.0
8080.0,5394.0,3.0,4.0,156.0,220.0,156.0,0.0,52.0,90.06664,185.0,0.0,55.0,88.223206,69707.08,1297.7383,899.0,404.09158,1706.0,635.0,2413.0,1206.5,601.74786,1632.0,781.0,4559.0,1519.6666,802.8838,2213.0,640.0,0.0,0.0,0.0,0.0,104.0,136.0,556.1735,741.5647,0.0,185.0,47.0,77.56472,6016.2856,0.0,0.0,0.0,1.0,0.0,0.0,0.0,0.0,1.0,53.714287,52.0,55.0,104.0,0.0,0.0,0.0,0.0,0.0,0.0,3.0,156.0,4.0,220.0,64240.0,254.0,1.0,32.0,0.0,0.0,0.0,0.0,0.0,0.0,0.0,0.0
8080.0,958.0,2.0,0.0,0.0,0.0,0.0,0.0,0.0,0.0,0.0,0.0,0.0,0.0,0.0,2087.6826,958.0,0.0,958.0,958.0,958.0,958.0,0.0,958.0,958.0,0.0,0.0,0.0,0.0,0.0,0.0,0.0,0.0,0.0,64.0,0.0,2087.6826,0.0,0.0,0.0,0.0,0.0,0.0,0.0,0.0,0.0,0.0,1.0,0.0,0.0,0.0,0.0,0.0,0.0,0.0,64.0,0.0,0.0,0.0,0.0,0.0,0.0,2.0,0.0,0.0,0.0,251.0,-1.0,0.0,32.0,0.0,0.0,0.0,0.0,0.0,0.0,0.0,0.0
8080.0,2499.0,3.0,4.0,156.0,220.0,156.0,0.0,52.0,90.06664,185.0,0.0,55.0,88.223206,150460.19,2801.1204,416.5,314.6533,948.0,1.0,1221.0,610.5,490.025,957.0,264.0,2046.0,682.0,594.4502,1097.0,1.0,0.0,0.0,0.0,0.0,104.0,136.0,1200.4802,1600.6403,0.0,185.0,47.0,77.56472,6016.2856,0.0,0.0,0.0,1.0,0.0,0.0,0.0,0.0,1.0,53.714287,52.0,55.0,104.0,0.0,0.0,0.0,0.0,0.0,0.0,3.0,156.0,4.0,220.0,64240.0,254.0,1.0,32.0,0.0,0.0,0.0,0.0,0.0,0.0,0.0,0.0
8080.0,639.0,2.0,0.0,0.0,0.0,0.0,0.0,0.0,0.0,0.0,0.0,0.0,0.0,0.0,3129.8904,639.0,0.0,639.0,639.0,639.0,639.0,0.0,639.0,639.0,0.0,0.0,0.0,0.0,0.0,0.0,0.0,0.0,0.0,64.0,0.0,3129.8904,0.0,0.0,0.0,0.0,0.0,0.0,0.0,0.0,0.0,0.0,1.0,0.0,0.0,0.0,0.0,0.0,0.0,0.0,64.0,0.0,0.0,0.0,0.0,0.0,0.0,2.0,0.0,0.0,0.0,251.0,-1.0,0.0,32.0,0.0,0.0,0.0,0.0,0.0,0.0,0.0,0.0
8080.0,4848.0,3.0,4.0,156.0,220.0,156.0,0.0,52.0,90.06664,185.0,0.0,55.0,88.223206,77557.76,1443.8944,808.0,609.6353,1967.0,317.0,1906.0,953.0,876.81244,1573.0,333.0,3950.0,1316.6666,878.7208,1967.0,317.0,0.0,0.0,0.0,0.0,104.0,136.0,618.8119,825.0825,0.0,185.0,47.0,77.56472,6016.2856,0.0,0.0,0.0,1.0,0.0,0.0,0.0,0.0,1.0,53.714287,52.0,55.0,104.0,0.0,0.0,0.0,0.0,0.0,0.0,3.0,156.0,4.0,220.0,64240.0,254.0,1.0,32.0,0.0,0.0,0.0,0.0,0.0,0.0,0.0,0.0
8080.0,965.0,2.0,0.0,0.0,0.0,0.0,0.0,0.0,0.0,0.0,0.0,0.0,0.0,0.0,2072.5388,965.0,0.0,965.0,965.0,965.0,965.0,0.0,965.0,965.0,0.0,0.0,0.0,0.0,0.0,0.0,0.0,0.0,0.0,64.0,0.0,2072.5388,0.0,0.0,0.0,0.0,0.0,0.0,0.0,0.0,0.0,0.0,1.0,0.0,0.0,0.0,0.0,0.0,0.0,0.0,64.0,0.0,0.0,0.0,0.0,0.0,0.0,2.0,0.0,0.0,0.0,251.0,-1.0,0.0,32.0,0.0,0.0,0.0,0.0,0.0,0.0,0.0,0.0
8080.0,4281.0,3.0,4.0,156.0,220.0,156.0,0.0,52.0,90.06664,185.0,0.0,55.0,88.223206,87829.945,1635.132,713.5,460.15768,1556.0,293.0,1847.0,923.5,832.2647,1512.0,335.0,3459.0,1153.0,745.2711,1610.0,293.0,0.0,0.0,0.0,0.0,104.0,136.0,700.7709,934.36115,0.0,185.0,47.0,77.56472,6016.2856,0.0,0.0,0.0,1.0,0.0,0.0,0.0,0.0,1.0,53.714287,52.0,55.0,104.0,0.0,0.0,0.0,0.0,0.0,0.0,3.0,156.0,4.0,220.0,64240.0,254.0,1.0,32.0,0.0,0.0,0.0,0.0,0.0,0.0,0.0,0.0
8080.0,989.0,2.0,0.0,0.0,0.0,0.0,0.0,0.0,0.0,0.0,0.0,0.0,0.0,0.0,2022.2448,989.0,0.0,989.0,989.0,989.0,989.0,0.0,989.0,989.0,0.0,0.0,0.0,0.0,0.0,0.0,0.0,0.0,0.0,64.0,0.0,2022.2448,0.0,0.0,0.0,0.0,0.0,0.0,0.0,0.0,0.0,0.0,1.0,0.0,0.0,0.0,0.0,0.0,0.0,0.0,64.0,0.0,0.0,0.0,0.0,0.0,0.0,2.0,0.0,0.0,0.0,251.0,-1.0,0.0,32.0,0.0,0.0,0.0,0.0,0.0,0.0,0.0,0.0
8080.0,3055.0,3.0,4.0,156.0,220.0,156.0,0.0,52.0,90.06664,185.0,0.0,55.0,88.223206,123076.92,2291.3257,509.16666,403.1513,1183.0,0.0,1430.0,715.0,644.8814,1171.0,259.0,2368.0,789.3333,683.58344,1185.0,0.0,0.0,0.0,0.0,0.0,104.0,136.0,981.9967,1309.329,0.0,185.0,47.0,77.56472,6016.2856,0.0,0.0,0.0,1.0,0.0,0.0,0.0,0.0,1.0,53.714287,52.0,55.0,104.0,0.0,0.0,0.0,0.0,0.0,0.0,3.0,156.0,4.0,220.0,64240.0,254.0,1.0,32.0,0.0,0.0,0.0,0.0,0.0,0.0,0.0,0.0
8080.0,700.0,2.0,0.0,0.0,0.0,0.0,0.0,0.0,0.0,0.0,0.0,0.0,0.0,0.0,2857.1428,700.0,0.0,700.0,700.0,700.0,700.0,0.0,700.0,700.0,0.0,0.0,0.0,0.0,0.0,0.0,0.0,0.0,0.0,64.0,0.0,2857.1428,0.0,0.0,0.0,0.0,0.0,0.0,0.0,0.0,0.0,0.0,1.0,0.0,0.0,0.0,0.0,0.0,0.0,0.0,64.0,0.0,0.0,0.0,0.0,0.0,0.0,2.0,0.0,0.0,0.0,251.0,-1.0,0.0,32.0,0.0,0.0,0.0,0.0,0.0,0.0,0.0,0.0
8080.0,4547.0,3.0,4.0,156.0,220.0,156.0,0.0,52.0,90.06664,185.0,0.0,55.0,88.223206,82691.88,1539.4766,757.8333,653.74506,1843.0,1.0,1984.0,992.0,1141.2704,1799.0,185.0,3556.0,1185.3334,1027.7521,1843.0,1.0,0.0,0.0,0.0,0.0,104.0,136.0,659.7757,879.7009,0.0,185.0,47.0,77.56472,6016.2856,0.0,0.0,0.0,1.0,0.0,0.0,0.0,0.0,1.0,53.714287,52.0,55.0,104.0,0.0,0.0,0.0,0.0,0.0,0.0,3.0,156.0,4.0,220.0,64240.0,254.0,1.0,32.0,0.0,0.0,0.0,0.0,0.0,0.0,0.0,0.0
8080.0,786.0,2.0,0.0,0.0,0.0,0.0,0.0,0.0,0.0,0.0,0.0,0.0,0.0,0.0,2544.5293,786.0,0.0,786.0,786.0,786.0,786.0,0.0,786.0,786.0,0.0,0.0,0.0,0.0,0.0,0.0,0.0,0.0,0.0,64.0,0.0,2544.5293,0.0,0.0,0.0,0.0,0.0,0.0,0.0,0.0,0.0,0.0,1.0,0.0,0.0,0.0,0.0,0.0,0.0,0.0,64.0,0.0,0.0,0.0,0.0,0.0,0.0,2.0,0.0,0.0,0.0,251.0,-1.0,0.0,32.0,0.0,0.0,0.0,0.0,0.0,0.0,0.0,0.0
8080.0,4718.0,3.0,4.0,156.0,220.0,156.0,0.0,52.0,90.06664,185.0,0.0,55.0,88.223206,79694.79,1483.6796,786.3333,448.5027,1557.0,275.0,2225.0,1112.5,932.6738,1772.0,453.0,3789.0,1263.0,878.6968,1957.0,275.0,0.0,0.0,0.0,0.0,104.0,136.0,635.8627,847.8169,0.0,185.0,47.0,77.56472,6016.2856,0.0,0.0,0.0,1.0,0.0,0.0,0.0,0.0,1.0,53.714287,52.0,55.0,104.0,0.0,0.0,0.0,0.0,0.0,0.0,3.0,156.0,4.0,220.0,64240.0,254.0,1.0,32.0,0.0,0.0,0.0,0.0,0.0,0.0,0.0,0.0
8080.0,1023.0,2.0,0.0,0.0,0.0,0.0,0.0,0.0,0.0,0.0,0.0,0.0,0.0,0.0,1955.0342,1023.0,0.0,1023.0,1023.0,1023.0,1023.0,0.0,1023.0,1023.0,0.0,0.0,0.0,0.0,0.0,0.0,0.0,0.0,0.0,64.0,0.0,1955.0342,0.0,0.0,0.0,0.0,0.0,0.0,0.0,0.0,0.0,0.0,1.0,0.0,0.0,0.0,0.0,0.0,0.0,0.0,64.0,0.0,0.0,0.0,0.0,0.0,0.0,2.0,0.0,0.0,0.0,251.0,-1.0,0.0,32.0,0.0,0.0,0.0,0.0,0.0,0.0,0.0,0.0
8080.0,5585.0,3.0,4.0,156.0,220.0,156.0,0.0,52.0,90.06664,185.0,0.0,55.0,88.223206,67323.19,1253.3572,930.8333,532.67755,1650.0,366.0,2817.0,1408.5,1474.3176,2451.0,366.0,4607.0,1535.6666,994.4417,2468.0,489.0,0.0,0.0,0.0,0.0,104.0,136.0,537.1531,716.2041,0.0,185.0,47.0,77.56472,6016.2856,0.0,0.0,0.0,1.0,0.0,0.0,0.0,0.0,1.0,53.714287,52.0,55.0,104.0,0.0,0.0,0.0,0.0,0.0,0.0,3.0,156.0,4.0,220.0,64240.0,254.0,1.0,32.0,0.0,0.0,0.0,0.0,0.0,0.0,0.0,0.0
8080.0,1169.0,2.0,0.0,0.0,0.0,0.0,0.0,0.0,0.0,0.0,0.0,0.0,0.0,0.0,1710.864,1169.0,0.0,1169.0,1169.0,1169.0,1169.0,0.0,1169.0,1169.0,0.0,0.0,0.0,0.0,0.0,0.0,0.0,0.0,0.0,64.0,0.0,1710.864,0.0,0.0,0.0,0.0,0.0,0.0,0.0,0.0,0.0,0.0,1.0,0.0,0.0,0.0,0.0,0.0,0.0,0.0,64.0,0.0,0.0,0.0,0.0,0.0,0.0,2.0,0.0,0.0,0.0,251.0,-1.0,0.0,32.0,0.0,0.0,0.0,0.0,0.0,0.0,0.0,0.0
8080.0,4937.0,3.0,4.0,156.0,220.0,156.0,0.0,52.0,90.06664,185.0,0.0,55.0,88.223206,76159.61,1417.8651,822.8333,450.5718,1640.0,362.0,2142.0,1071.0,845.6997,1669.0,473.0,4027.0,1342.3334,870.5437,2025.0,362.0,0.0,0.0,0.0,0.0,104.0,136.0,607.6565,810.2086,0.0,185.0,47.0,77.56472,6016.2856,0.0,0.0,0.0,1.0,0.0,0.0,0.0,0.0,1.0,53.714287,52.0,55.0,104.0,0.0,0.0,0.0,0.0,0.0,0.0,3.0,156.0,4.0,220.0,64240.0,254.0,1.0,32.0,0.0,0.0,0.0,0.0,0.0,0.0,0.0,0.0
8080.0,1333.0,2.0,0.0,0.0,0.0,0.0,0.0,0.0,0.0,0.0,0.0,0.0,0.0,0.0,1500.3751,1333.0,0.0,1333.0,1333.0,1333.0,1333.0,0.0,1333.0,1333.0,0.0,0.0,0.0,0.0,0.0,0.0,0.0,0.0,0.0,64.0,0.0,1500.3751,0.0,0.0,0.0,0.0,0.0,0.0,0.0,0.0,0.0,0.0,1.0,0.0,0.0,0.0,0.0,0.0,0.0,0.0,64.0,0.0,0.0,0.0,0.0,0.0,0.0,2.0,0.0,0.0,0.0,251.0,-1.0,0.0,32.0,0.0,0.0,0.0,0.0,0.0,0.0,0.0,0.0
8080.0,4760.0,3.0,4.0,156.0,220.0,156.0,0.0,52.0,90.06664,185.0,0.0,55.0,88.223206,78991.59,1470.5883,793.3333,584.813,1735.0,0.0,2363.0,1181.5,1017.5267,1901.0,462.0,3903.0,1301.0,1147.3112,2168.0,0.0,0.0,0.0,0.0,0.0,104.0,136.0,630.2521,840.3361,0.0,185.0,47.0,77.56472,6016.2856,0.0,0.0,0.0,1.0,0.0,0.0,0.0,0.0,1.0,53.714287,52.0,55.0,104.0,0.0,0.0,0.0,0.0,0.0,0.0,3.0,156.0,4.0,220.0,64240.0,254.0,1.0,32.0,0.0,0.0,0.0,0.0,0.0,0.0,0.0,0.0
8080.0,914.0,2.0,0.0,0.0,0.0,0.0,0.0,0.0,0.0,0.0,0.0,0.0,0.0,0.0,2188.1838,914.0,0.0,914.0,914.0,914.0,914.0,0.0,914.0,914.0,0.0,0.0,0.0,0.0,0.0,0.0,0.0,0.0,0.0,64.0,0.0,2188.1838,0.0,0.0,0.0,0.0,0.0,0.0,0.0,0.0,0.0,0.0,1.0,0.0,0.0,0.0,0.0,0.0,0.0,0.0,64.0,0.0,0.0,0.0,0.0,0.0,0.0,2.0,0.0,0.0,0.0,251.0,-1.0,0.0,32.0,0.0,0.0,0.0,0.0,0.0,0.0,0.0,0.0
8080.0,4437.0,3.0,4.0,156.0,220.0,156.0,0.0,52.0,90.06664,185.0,0.0,55.0,88.223206,84741.945,1577.6426,739.5,629.50037,1963.0,244.0,1666.0,833.0,832.9718,1422.0,244.0,3668.0,1222.6666,813.36975,1963.0,352.0,0.0,0.0,0.0,0.0,104.0,136.0,676.1325,901.51,0.0,185.0,47.0,77.56472,6016.2856,0.0,0.0,0.0,1.0,0.0,0.0,0.0,0.0,1.0,53.714287,52.0,55.0,104.0,0.0,0.0,0.0,0.0,0.0,0.0,3.0,156.0,4.0,220.0,64240.0,254.0,1.0,32.0,0.0,0.0,0.0,0.0,0.0,0.0,0.0,0.0
8080.0,1381.0,2.0,0.0,0.0,0.0,0.0,0.0,0.0,0.0,0.0,0.0,0.0,0.0,0.0,1448.226,1381.0,0.0,1381.0,1381.0,1381.0,1381.0,0.0,1381.0,1381.0,0.0,0.0,0.0,0.0,0.0,0.0,0.0,0.0,0.0,64.0,0.0,1448.226,0.0,0.0,0.0,0.0,0.0,0.0,0.0,0.0,0.0,0.0,1.0,0.0,0.0,0.0,0.0,0.0,0.0,0.0,64.0,0.0,0.0,0.0,0.0,0.0,0.0,2.0,0.0,0.0,0.0,251.0,-1.0,0.0,32.0,0.0,0.0,0.0,0.0,0.0,0.0,0.0,0.0
8080.0,2755.0,3.0,4.0,156.0,220.0,156.0,0.0,52.0,90.06664,185.0,0.0,55.0,88.223206,136479.12,2540.835,459.16666,354.79425,1082.0,0.0,1254.0,627.0,473.76154,962.0,292.0,2266.0,755.3333,656.123,1184.0,0.0,0.0,0.0,0.0,0.0,104.0,136.0,1088.9292,1451.9056,0.0,185.0,47.0,77.56472,6016.2856,0.0,0.0,0.0,1.0,0.0,0.0,0.0,0.0,1.0,53.714287,52.0,55.0,104.0,0.0,0.0,0.0,0.0,0.0,0.0,3.0,156.0,4.0,220.0,64240.0,254.0,1.0,32.0,0.0,0.0,0.0,0.0,0.0,0.0,0.0,0.0
8080.0,614.0,2.0,0.0,0.0,0.0,0.0,0.0,0.0,0.0,0.0,0.0,0.0,0.0,0.0,3257.329,614.0,0.0,614.0,614.0,614.0,614.0,0.0,614.0,614.0,0.0,0.0,0.0,0.0,0.0,0.0,0.0,0.0,0.0,64.0,0.0,3257.329,0.0,0.0,0.0,0.0,0.0,0.0,0.0,0.0,0.0,0.0,1.0,0.0,0.0,0.0,0.0,0.0,0.0,0.0,64.0,0.0,0.0,0.0,0.0,0.0,0.0,2.0,0.0,0.0,0.0,251.0,-1.0,0.0,32.0,0.0,0.0,0.0,0.0,0.0,0.0,0.0,0.0
8080.0,3860.0,3.0,4.0,156.0,220.0,156.0,0.0,52.0,90.06664,185.0,0.0,55.0,88.223206,97409.33,1813.4716,643.3333,477.43216,1405.0,1.0,1895.0,947.5,874.6911,1566.0,329.0,3045.0,1015.0,885.9097,1639.0,1.0,0.0,0.0,0.0,0.0,104.0,136.0,777.2021,1036.2694,0.0,185.0,47.0,77.56472,6016.2856,0.0,0.0,0.0,1.0,0.0,0.0,0.0,0.0,1.0,53.714287,52.0,55.0,104.0,0.0,0.0,0.0,0.0,0.0,0.0,3.0,156.0,4.0,220.0,64240.0,254.0,1.0,32.0,0.0,0.0,0.0,0.0,0.0,0.0,0.0,0.0
8080.0,893.0,2.0,0.0,0.0,0.0,0.0,0.0,0.0,0.0,0.0,0.0,0.0,0.0,0.0,2239.6416,893.0,0.0,893.0,893.0,893.0,893.0,0.0,893.0,893.0,0.0,0.0,0.0,0.0,0.0,0.0,0.0,0.0,0.0,64.0,0.0,2239.6416,0.0,0.0,0.0,0.0,0.0,0.0,0.0,0.0,0.0,0.0,1.0,0.0,0.0,0.0,0.0,0.0,0.0,0.0,64.0,0.0,0.0,0.0,0.0,0.0,0.0,2.0,0.0,0.0,0.0,251.0,-1.0,0.0,32.0,0.0,0.0,0.0,0.0,0.0,0.0,0.0,0.0
8080.0,4831.0,3.0,4.0,156.0,220.0,156.0,0.0,52.0,90.06664,185.0,0.0,55.0,88.223206,77830.68,1448.9753,805.1667,715.2097,2071.0,23.0,1852.0,926.0,1277.0348,1829.0,23.0,3964.0,1321.3334,938.35297,2071.0,269.0,0.0,0.0,0.0,0.0,104.0,136.0,620.98944,827.9859,0.0,185.0,47.0,77.56472,6016.2856,0.0,0.0,0.0,1.0,0.0,0.0,0.0,0.0,1.0,53.714287,52.0,55.0,104.0,0.0,0.0,0.0,0.0,0.0,0.0,3.0,156.0,4.0,220.0,64240.0,254.0,1.0,32.0,0.0,0.0,0.0,0.0,0.0,0.0,0.0,0.0
8080.0,835.0,2.0,0.0,0.0,0.0,0.0,0.0,0.0,0.0,0.0,0.0,0.0,0.0,0.0,2395.2095,835.0,0.0,835.0,835.0,835.0,835.0,0.0,835.0,835.0,0.0,0.0,0.0,0.0,0.0,0.0,0.0,0.0,0.0,64.0,0.0,2395.2095,0.0,0.0,0.0,0.0,0.0,0.0,0.0,0.0,0.0,0.0,1.0,0.0,0.0,0.0,0.0,0.0,0.0,0.0,64.0,0.0,0.0,0.0,0.0,0.0,0.0,2.0,0.0,0.0,0.0,251.0,-1.0,0.0,32.0,0.0,0.0,0.0,0.0,0.0,0.0,0.0,0.0
8080.0,5482.0,3.0,4.0,156.0,220.0,156.0,0.0,52.0,90.06664,185.0,0.0,55.0,88.223206,68588.11,1276.9062,913.6667,1394.906,3711.0,0.0,1321.0,660.5,654.0738,1123.0,198.0,4704.0,1568.0,1921.1582,3711.0,0.0,0.0,0.0,0.0,0.0,104.0,136.0,547.24554,729.6607,0.0,185.0,47.0,77.56472,6016.2856,0.0,0.0,0.0,1.0,0.0,0.0,0.0,0.0,1.0,53.714287,52.0,55.0,104.0,0.0,0.0,0.0,0.0,0.0,0.0,3.0,156.0,4.0,220.0,64240.0,254.0,1.0,32.0,0.0,0.0,0.0,0.0,0.0,0.0,0.0,0.0
8080.0,1175.0,2.0,0.0,0.0,0.0,0.0,0.0,0.0,0.0,0.0,0.0,0.0,0.0,0.0,1702.1277,1175.0,0.0,1175.0,1175.0,1175.0,1175.0,0.0,1175.0,1175.0,0.0,0.0,0.0,0.0,0.0,0.0,0.0,0.0,0.0,64.0,0.0,1702.1277,0.0,0.0,0.0,0.0,0.0,0.0,0.0,0.0,0.0,0.0,1.0,0.0,0.0,0.0,0.0,0.0,0.0,0.0,64.0,0.0,0.0,0.0,0.0,0.0,0.0,2.0,0.0,0.0,0.0,251.0,-1.0,0.0,32.0,0.0,0.0,0.0,0.0,0.0,0.0,0.0,0.0
8080.0,5027.0,3.0,4.0,156.0,220.0,156.0,0.0,52.0,90.06664,185.0,0.0,55.0,88.223206,74796.1,1392.4806,837.8333,550.6932,1693.0,1.0,2407.0,1203.5,850.6495,1805.0,602.0,4044.0,1348.0,1211.9072,2350.0,1.0,0.0,0.0,0.0,0.0,104.0,136.0,596.7774,795.7032,0.0,185.0,47.0,77.56472,6016.2856,0.0,0.0,0.0,1.0,0.0,0.0,0.0,0.0,1.0,53.714287,52.0,55.0,104.0,0.0,0.0,0.0,0.0,0.0,0.0,3.0,156.0,4.0,220.0,64240.0,254.0,1.0,32.0,0.0,0.0,0.0,0.0,0.0,0.0,0.0,0.0
8080.0,1025.0,2.0,0.0,0.0,0.0,0.0,0.0,0.0,0.0,0.0,0.0,0.0,0.0,0.0,1951.2195,1025.0,0.0,1025.0,1025.0,1025.0,1025.0,0.0,1025.0,1025.0,0.0,0.0,0.0,0.0,0.0,0.0,0.0,0.0,0.0,64.0,0.0,1951.2195,0.0,0.0,0.0,0.0,0.0,0.0,0.0,0.0,0.0,0.0,1.0,0.0,0.0,0.0,0.0,0.0,0.0,0.0,64.0,0.0,0.0,0.0,0.0,0.0,0.0,2.0,0.0,0.0,0.0,251.0,-1.0,0.0,32.0,0.0,0.0,0.0,0.0,0.0,0.0,0.0,0.0
8080.0,6025.0,3.0,4.0,156.0,220.0,156.0,0.0,52.0,90.06664,185.0,0.0,55.0,88.223206,62406.64,1161.8257,1004.1667,1166.4052,2987.0,1.0,2448.0,1224.0,1694.2279,2422.0,26.0,5384.0,1794.6666,1581.218,2987.0,1.0,0.0,0.0,0.0,0.0,104.0,136.0,497.92532,663.9004,0.0,185.0,47.0,77.56472,6016.2856,0.0,0.0,0.0,1.0,0.0,0.0,0.0,0.0,1.0,53.714287,52.0,55.0,104.0,0.0,0.0,0.0,0.0,0.0,0.0,3.0,156.0,4.0,220.0,64240.0,254.0,1.0,32.0,0.0,0.0,0.0,0.0,0.0,0.0,0.0,0.0
8080.0,1144.0,2.0,0.0,0.0,0.0,0.0,0.0,0.0,0.0,0.0,0.0,0.0,0.0,0.0,1748.2517,1144.0,0.0,1144.0,1144.0,1144.0,1144.0,0.0,1144.0,1144.0,0.0,0.0,0.0,0.0,0.0,0.0,0.0,0.0,0.0,64.0,0.0,1748.2517,0.0,0.0,0.0,0.0,0.0,0.0,0.0,0.0,0.0,0.0,1.0,0.0,0.0,0.0,0.0,0.0,0.0,0.0,64.0,0.0,0.0,0.0,0.0,0.0,0.0,2.0,0.0,0.0,0.0,251.0,-1.0,0.0,32.0,0.0,0.0,0.0,0.0,0.0,0.0,0.0,0.0
8080.0,3259.0,3.0,4.0,156.0,220.0,156.0,0.0,52.0,90.06664,185.0,0.0,55.0,88.223206,115372.81,2147.8982,543.1667,518.33057,1517.0,1.0,1123.0,561.5,334.46152,798.0,325.0,2804.0,934.6667,816.78656,1517.0,1.0,0.0,0.0,0.0,0.0,104.0,136.0,920.5278,1227.3704,0.0,185.0,47.0,77.56472,6016.2856,0.0,0.0,0.0,1.0,0.0,0.0,0.0,0.0,1.0,53.714287,52.0,55.0,104.0,0.0,0.0,0.0,0.0,0.0,0.0,3.0,156.0,4.0,220.0,64240.0,254.0,1.0,32.0,0.0,0.0,0.0,0.0,0.0,0.0,0.0,0.0
8080.0,377.0,2.0,0.0,0.0,0.0,0.0,0.0,0.0,0.0,0.0,0.0,0.0,0.0,0.0,5305.0396,377.0,0.0,377.0,377.0,377.0,377.0,0.0,377.0,377.0,0.0,0.0,0.0,0.0,0.0,0.0,0.0,0.0,0.0,64.0,0.0,5305.0396,0.0,0.0,0.0,0.0,0.0,0.0,0.0,0.0,0.0,0.0,1.0,0.0,0.0,0.0,0.0,0.0,0.0,0.0,64.0,0.0,0.0,0.0,0.0,0.0,0.0,2.0,0.0,0.0,0.0,251.0,-1.0,0.0,32.0,0.0,0.0,0.0,0.0,0.0,0.0,0.0,0.0
8080.0,5878.0,3.0,4.0,156.0,220.0,156.0,0.0,52.0,90.06664,185.0,0.0,55.0,88.223206,63967.336,1190.8812,979.6667,905.18524,2638.0,0.0,2138.0,1069.0,961.6652,1749.0,389.0,5026.0,1675.3334,1456.256,2638.0,0.0,0.0,0.0,0.0,0.0,104.0,136.0,510.3777,680.5036,0.0,185.0,47.0,77.56472,6016.2856,0.0,0.0,0.0,1.0,0.0,0.0,0.0,0.0,1.0,53.714287,52.0,55.0,104.0,0.0,0.0,0.0,0.0,0.0,0.0,3.0,156.0,4.0,220.0,64240.0,254.0,1.0,32.0,0.0,0.0,0.0,0.0,0.0,0.0,0.0,0.0
8080.0,964.0,2.0,0.0,0.0,0.0,0.0,0.0,0.0,0.0,0.0,0.0,0.0,0.0,0.0,2074.6887,964.0,0.0,964.0,964.0,964.0,964.0,0.0,964.0,964.0,0.0,0.0,0.0,0.0,0.0,0.0,0.0,0.0,0.0,64.0,0.0,2074.6887,0.0,0.0,0.0,0.0,0.0,0.0,0.0,0.0,0.0,0.0,1.0,0.0,0.0,0.0,0.0,0.0,0.0,0.0,64.0,0.0,0.0,0.0,0.0,0.0,0.0,2.0,0.0,0.0,0.0,251.0,-1.0,0.0,32.0,0.0,0.0,0.0,0.0,0.0,0.0,0.0,0.0
8080.0,3470.0,4.0,4.0,156.0,220.0,156.0,0.0,39.0,78.0,185.0,0.0,55.0,88.223206,108357.35,2305.4756,495.7143,201.96759,789.0,299.0,3171.0,1057.0,569.3233,1497.0,414.0,2681.0,893.6667,274.15384,1208.0,704.0,0.0,0.0,0.0,0.0,136.0,136.0,1152.7378,1152.7378,0.0,185.0,41.77778,74.22732,5509.6943,0.0,0.0,0.0,1.0,0.0,0.0,0.0,0.0,1.0,47.0,39.0,55.0,136.0,0.0,0.0,0.0,0.0,0.0,0.0,4.0,156.0,4.0,220.0,64240.0,254.0,1.0,32.0,0.0,0.0,0.0,0.0,0.0,0.0,0.0,0.0
8080.0,3709.0,3.0,4.0,156.0,220.0,156.0,0.0,52.0,90.06664,185.0,0.0,55.0,88.223206,101375.03,1887.3011,618.1667,731.42914,2084.0,125.0,1154.0,577.0,517.6022,943.0,211.0,3247.0,1082.3334,980.2522,2084.0,125.0,0.0,0.0,0.0,0.0,104.0,136.0,808.8434,1078.4578,0.0,185.0,47.0,77.56472,6016.2856,0.0,0.0,0.0,1.0,0.0,0.0,0.0,0.0,1.0,53.714287,52.0,55.0,104.0,0.0,0.0,0.0,0.0,0.0,0.0,3.0,156.0,4.0,220.0,64240.0,254.0,1.0,32.0,0.0,0.0,0.0,0.0,0.0,0.0,0.0,0.0
8080.0,416.0,2.0,0.0,0.0,0.0,0.0,0.0,0.0,0.0,0.0,0.0,0.0,0.0,0.0,4807.6924,416.0,0.0,416.0,416.0,416.0,416.0,0.0,416.0,416.0,0.0,0.0,0.0,0.0,0.0,0.0,0.0,0.0,0.0,64.0,0.0,4807.6924,0.0,0.0,0.0,0.0,0.0,0.0,0.0,0.0,0.0,0.0,1.0,0.0,0.0,0.0,0.0,0.0,0.0,0.0,64.0,0.0,0.0,0.0,0.0,0.0,0.0,2.0,0.0,0.0,0.0,251.0,-1.0,0.0,32.0,0.0,0.0,0.0,0.0,0.0,0.0,0.0,0.0
8080.0,4571.0,3.0,4.0,156.0,220.0,156.0,0.0,52.0,90.06664,185.0,0.0,55.0,88.223206,82257.71,1531.3936,761.8333,466.50378,1220.0,0.0,2506.0,1253.0,1180.8683,2088.0,418.0,3445.0,1148.3334,1114.23,2225.0,0.0,0.0,0.0,0.0,0.0,104.0,136.0,656.3115,875.08203,0.0,185.0,47.0,77.56472,6016.2856,0.0,0.0,0.0,1.0,0.0,0.0,0.0,0.0,1.0,53.714287,52.0,55.0,104.0,0.0,0.0,0.0,0.0,0.0,0.0,3.0,156.0,4.0,220.0,64240.0,254.0,1.0,32.0,0.0,0.0,0.0,0.0,0.0,0.0,0.0,0.0
8080.0,461.0,2.0,0.0,0.0,0.0,0.0,0.0,0.0,0.0,0.0,0.0,0.0,0.0,0.0,4338.395,461.0,0.0,461.0,461.0,461.0,461.0,0.0,461.0,461.0,0.0,0.0,0.0,0.0,0.0,0.0,0.0,0.0,0.0,64.0,0.0,4338.395,0.0,0.0,0.0,0.0,0.0,0.0,0.0,0.0,0.0,0.0,1.0,0.0,0.0,0.0,0.0,0.0,0.0,0.0,64.0,0.0,0.0,0.0,0.0,0.0,0.0,2.0,0.0,0.0,0.0,251.0,-1.0,0.0,32.0,0.0,0.0,0.0,0.0,0.0,0.0,0.0,0.0
8080.0,2097.0,3.0,4.0,156.0,220.0,156.0,0.0,52.0,90.06664,185.0,0.0,55.0,88.223206,179303.77,3338.102,349.5,281.54483,894.0,124.0,818.0,409.0,362.03867,665.0,153.0,1733.0,577.6667,402.95203,894.0,124.0,0.0,0.0,0.0,0.0,104.0,136.0,1430.6151,1907.4869,0.0,185.0,47.0,77.56472,6016.2856,0.0,0.0,0.0,1.0,0.0,0.0,0.0,0.0,1.0,53.714287,52.0,55.0,104.0,0.0,0.0,0.0,0.0,0.0,0.0,3.0,156.0,4.0,220.0,64240.0,254.0,1.0,32.0,0.0,0.0,0.0,0.0,0.0,0.0,0.0,0.0
8080.0,416.0,2.0,0.0,0.0,0.0,0.0,0.0,0.0,0.0,0.0,0.0,0.0,0.0,0.0,4807.6924,416.0,0.0,416.0,416.0,416.0,416.0,0.0,416.0,416.0,0.0,0.0,0.0,0.0,0.0,0.0,0.0,0.0,0.0,64.0,0.0,4807.6924,0.0,0.0,0.0,0.0,0.0,0.0,0.0,0.0,0.0,0.0,1.0,0.0,0.0,0.0,0.0,0.0,0.0,0.0,64.0,0.0,0.0,0.0,0.0,0.0,0.0,2.0,0.0,0.0,0.0,251.0,-1.0,0.0,32.0,0.0,0.0,0.0,0.0,0.0,0.0,0.0,0.0
8080.0,5509.0,3.0,4.0,156.0,220.0,156.0,0.0,52.0,90.06664,185.0,0.0,55.0,88.223206,68251.95,1270.6481,918.1667,827.4185,2039.0,0.0,2754.0,1377.0,1740.8969,2608.0,146.0,4646.0,1548.6666,1370.924,2607.0,0.0,0.0,0.0,0.0,0.0,104.0,136.0,544.5634,726.0846,0.0,185.0,47.0,77.56472,6016.2856,0.0,0.0,0.0,1.0,0.0,0.0,0.0,0.0,1.0,53.714287,52.0,55.0,104.0,0.0,0.0,0.0,0.0,0.0,0.0,3.0,156.0,4.0,220.0,64240.0,254.0,1.0,32.0,0.0,0.0,0.0,0.0,0.0,0.0,0.0,0.0
8080.0,849.0,2.0,0.0,0.0,0.0,0.0,0.0,0.0,0.0,0.0,0.0,0.0,0.0,0.0,2355.7126,849.0,0.0,849.0,849.0,849.0,849.0,0.0,849.0,849.0,0.0,0.0,0.0,0.0,0.0,0.0,0.0,0.0,0.0,64.0,0.0,2355.7126,0.0,0.0,0.0,0.0,0.0,0.0,0.0,0.0,0.0,0.0,1.0,0.0,0.0,0.0,0.0,0.0,0.0,0.0,64.0,0.0,0.0,0.0,0.0,0.0,0.0,2.0,0.0,0.0,0.0,251.0,-1.0,0.0,32.0,0.0,0.0,0.0,0.0,0.0,0.0,0.0,0.0
8080.0,6019.0,3.0,4.0,156.0,220.0,156.0,0.0,52.0,90.06664,185.0,0.0,55.0,88.223206,62468.848,1162.9839,1003.1667,931.7975,2717.0,0.0,2164.0,1082.0,907.9251,1724.0,440.0,5051.0,1683.6666,2012.7609,3913.0,0.0,0.0,0.0,0.0,0.0,104.0,136.0,498.42166,664.5622,0.0,185.0,47.0,77.56472,6016.2856,0.0,0.0,0.0,1.0,0.0,0.0,0.0,0.0,1.0,53.714287,52.0,55.0,104.0,0.0,0.0,0.0,0.0,0.0,0.0,3.0,156.0,4.0,220.0,64240.0,254.0,1.0,32.0,0.0,0.0,0.0,0.0,0.0,0.0,0.0,0.0
8080.0,1251.0,2.0,0.0,0.0,0.0,0.0,0.0,0.0,0.0,0.0,0.0,0.0,0.0,0.0,1598.7211,1251.0,0.0,1251.0,1251.0,1251.0,1251.0,0.0,1251.0,1251.0,0.0,0.0,0.0,0.0,0.0,0.0,0.0,0.0,0.0,64.0,0.0,1598.7211,0.0,0.0,0.0,0.0,0.0,0.0,0.0,0.0,0.0,0.0,1.0,0.0,0.0,0.0,0.0,0.0,0.0,0.0,64.0,0.0,0.0,0.0,0.0,0.0,0.0,2.0,0.0,0.0,0.0,251.0,-1.0,0.0,32.0,0.0,0.0,0.0,0.0,0.0,0.0,0.0,0.0
8080.0,3999.0,3.0,4.0,156.0,220.0,156.0,0.0,52.0,90.06664,185.0,0.0,55.0,88.223206,94023.51,1750.4376,666.5,354.8311,1352.0,357.0,1546.0,773.0,588.31287,1189.0,357.0,3303.0,1101.0,526.47034,1455.0,496.0,0.0,0.0,0.0,0.0,104.0,136.0,750.18756,1000.25006,0.0,185.0,47.0,77.56472,6016.2856,0.0,0.0,0.0,1.0,0.0,0.0,0.0,0.0,1.0,53.714287,52.0,55.0,104.0,0.0,0.0,0.0,0.0,0.0,0.0,3.0,156.0,4.0,220.0,64240.0,254.0,1.0,32.0,0.0,0.0,0.0,0.0,0.0,0.0,0.0,0.0
8080.0,737.0,2.0,0.0,0.0,0.0,0.0,0.0,0.0,0.0,0.0,0.0,0.0,0.0,0.0,2713.704,737.0,0.0,737.0,737.0,737.0,737.0,0.0,737.0,737.0,0.0,0.0,0.0,0.0,0.0,0.0,0.0,0.0,0.0,64.0,0.0,2713.704,0.0,0.0,0.0,0.0,0.0,0.0,0.0,0.0,0.0,0.0,1.0,0.0,0.0,0.0,0.0,0.0,0.0,0.0,64.0,0.0,0.0,0.0,0.0,0.0,0.0,2.0,0.0,0.0,0.0,251.0,-1.0,0.0,32.0,0.0,0.0,0.0,0.0,0.0,0.0,0.0,0.0
8080.0,2555.0,3.0,4.0,156.0,220.0,156.0,0.0,52.0,90.06664,185.0,0.0,55.0,88.223206,147162.42,2739.726,425.83334,372.38766,900.0,0.0,1386.0,693.0,709.9352,1195.0,191.0,1685.0,561.6667,489.80438,900.0,0.0,0.0,0.0,0.0,0.0,104.0,136.0,1174.1683,1565.5577,0.0,185.0,47.0,77.56472,6016.2856,0.0,0.0,0.0,1.0,0.0,0.0,0.0,0.0,1.0,53.714287,52.0,55.0,104.0,0.0,0.0,0.0,0.0,0.0,0.0,3.0,156.0,4.0,220.0,64240.0,254.0,1.0,32.0,0.0,0.0,0.0,0.0,0.0,0.0,0.0,0.0
8080.0,584.0,2.0,0.0,0.0,0.0,0.0,0.0,0.0,0.0,0.0,0.0,0.0,0.0,0.0,3424.6575,584.0,0.0,584.0,584.0,584.0,584.0,0.0,584.0,584.0,0.0,0.0,0.0,0.0,0.0,0.0,0.0,0.0,0.0,64.0,0.0,3424.6575,0.0,0.0,0.0,0.0,0.0,0.0,0.0,0.0,0.0,0.0,1.0,0.0,0.0,0.0,0.0,0.0,0.0,0.0,64.0,0.0,0.0,0.0,0.0,0.0,0.0,2.0,0.0,0.0,0.0,251.0,-1.0,0.0,32.0,0.0,0.0,0.0,0.0,0.0,0.0,0.0,0.0
8080.0,3538.0,3.0,4.0,156.0,220.0,156.0,0.0,52.0,90.06664,185.0,0.0,55.0,88.223206,106274.734,1978.5189,589.6667,385.98428,1174.0,0.0,1867.0,933.5,679.5296,1414.0,453.0,2809.0,936.3333,843.01263,1635.0,0.0,0.0,0.0,0.0,0.0,104.0,136.0,847.9367,1130.5823,0.0,185.0,47.0,77.56472,6016.2856,0.0,0.0,0.0,1.0,0.0,0.0,0.0,0.0,1.0,53.714287,52.0,55.0,104.0,0.0,0.0,0.0,0.0,0.0,0.0,3.0,156.0,4.0,220.0,64240.0,254.0,1.0,32.0,0.0,0.0,0.0,0.0,0.0,0.0,0.0,0.0
8080.0,1135.0,2.0,0.0,0.0,0.0,0.0,0.0,0.0,0.0,0.0,0.0,0.0,0.0,0.0,1762.1145,1135.0,0.0,1135.0,1135.0,1135.0,1135.0,0.0,1135.0,1135.0,0.0,0.0,0.0,0.0,0.0,0.0,0.0,0.0,0.0,64.0,0.0,1762.1145,0.0,0.0,0.0,0.0,0.0,0.0,0.0,0.0,0.0,0.0,1.0,0.0,0.0,0.0,0.0,0.0,0.0,0.0,64.0,0.0,0.0,0.0,0.0,0.0,0.0,2.0,0.0,0.0,0.0,251.0,-1.0,0.0,32.0,0.0,0.0,0.0,0.0,0.0,0.0,0.0,0.0
8080.0,11740.0,3.0,4.0,156.0,220.0,156.0,0.0,52.0,90.06664,185.0,0.0,55.0,88.223206,32027.258,596.25214,1956.6666,2938.9675,7833.0,204.0,3144.0,1572.0,1804.5365,2848.0,296.0,9925.0,3308.3333,4007.9197,7833.0,204.0,0.0,0.0,0.0,0.0,104.0,136.0,255.53662,340.7155,0.0,185.0,47.0,77.56472,6016.2856,0.0,0.0,0.0,1.0,0.0,0.0,0.0,0.0,1.0,53.714287,52.0,55.0,104.0,0.0,0.0,0.0,0.0,0.0,0.0,3.0,156.0,4.0,220.0,64240.0,254.0,1.0,32.0,0.0,0.0,0.0,0.0,0.0,0.0,0.0,0.0
8080.0,2198.0,2.0,0.0,0.0,0.0,0.0,0.0,0.0,0.0,0.0,0.0,0.0,0.0,0.0,909.9181,2198.0,0.0,2198.0,2198.0,2198.0,2198.0,0.0,2198.0,2198.0,0.0,0.0,0.0,0.0,0.0,0.0,0.0,0.0,0.0,64.0,0.0,909.9181,0.0,0.0,0.0,0.0,0.0,0.0,0.0,0.0,0.0,0.0,1.0,0.0,0.0,0.0,0.0,0.0,0.0,0.0,64.0,0.0,0.0,0.0,0.0,0.0,0.0,2.0,0.0,0.0,0.0,251.0,-1.0,0.0,32.0,0.0,0.0,0.0,0.0,0.0,0.0,0.0,0.0
8080.0,2440.0,3.0,4.0,156.0,220.0,156.0,0.0,52.0,90.06664,185.0,0.0,55.0,88.223206,154098.36,2868.8525,406.66666,411.07745,1182.0,0.0,949.0,474.5,443.35596,788.0,161.0,1982.0,660.6667,603.1926,1182.0,0.0,0.0,0.0,0.0,0.0,104.0,136.0,1229.5082,1639.3442,0.0,185.0,47.0,77.56472,6016.2856,0.0,0.0,0.0,1.0,0.0,0.0,0.0,0.0,1.0,53.714287,52.0,55.0,104.0,0.0,0.0,0.0,0.0,0.0,0.0,3.0,156.0,4.0,220.0,64240.0,254.0,1.0,32.0,0.0,0.0,0.0,0.0,0.0,0.0,0.0,0.0
8080.0,501.0,2.0,0.0,0.0,0.0,0.0,0.0,0.0,0.0,0.0,0.0,0.0,0.0,0.0,3992.0159,501.0,0.0,501.0,501.0,501.0,501.0,0.0,501.0,501.0,0.0,0.0,0.0,0.0,0.0,0.0,0.0,0.0,0.0,64.0,0.0,3992.0159,0.0,0.0,0.0,0.0,0.0,0.0,0.0,0.0,0.0,0.0,1.0,0.0,0.0,0.0,0.0,0.0,0.0,0.0,64.0,0.0,0.0,0.0,0.0,0.0,0.0,2.0,0.0,0.0,0.0,251.0,-1.0,0.0,32.0,0.0,0.0,0.0,0.0,0.0,0.0,0.0,0.0
8080.0,6124.0,3.0,4.0,156.0,220.0,156.0,0.0,52.0,90.06664,185.0,0.0,55.0,88.223206,61397.777,1143.0438,1020.6667,1025.9496,3076.0,389.0,2025.0,1012.5,856.30634,1618.0,407.0,5206.0,1735.3334,1343.5089,3076.0,389.0,0.0,0.0,0.0,0.0,104.0,136.0,489.8759,653.16785,0.0,185.0,47.0,77.56472,6016.2856,0.0,0.0,0.0,1.0,0.0,0.0,0.0,0.0,1.0,53.714287,52.0,55.0,104.0,0.0,0.0,0.0,0.0,0.0,0.0,3.0,156.0,4.0,220.0,64240.0,254.0,1.0,32.0,0.0,0.0,0.0,0.0,0.0,0.0,0.0,0.0
8080.0,759.0,2.0,0.0,0.0,0.0,0.0,0.0,0.0,0.0,0.0,0.0,0.0,0.0,0.0,2635.0461,759.0,0.0,759.0,759.0,759.0,759.0,0.0,759.0,759.0,0.0,0.0,0.0,0.0,0.0,0.0,0.0,0.0,0.0,64.0,0.0,2635.0461,0.0,0.0,0.0,0.0,0.0,0.0,0.0,0.0,0.0,0.0,1.0,0.0,0.0,0.0,0.0,0.0,0.0,0.0,64.0,0.0,0.0,0.0,0.0,0.0,0.0,2.0,0.0,0.0,0.0,251.0,-1.0,0.0,32.0,0.0,0.0,0.0,0.0,0.0,0.0,0.0,0.0
8080.0,4438.0,3.0,4.0,156.0,220.0,156.0,0.0,52.0,90.06664,185.0,0.0,55.0,88.223206,84722.85,1577.2871,739.6667,359.6335,1384.0,380.0,1979.0,989.5,861.9632,1599.0,380.0,3593.0,1197.6666,654.69867,1739.0,470.0,0.0,0.0,0.0,0.0,104.0,136.0,675.98016,901.3069,0.0,185.0,47.0,77.56472,6016.2856,0.0,0.0,0.0,1.0,0.0,0.0,0.0,0.0,1.0,53.714287,52.0,55.0,104.0,0.0,0.0,0.0,0.0,0.0,0.0,3.0,156.0,4.0,220.0,64240.0,254.0,1.0,32.0,0.0,0.0,0.0,0.0,0.0,0.0,0.0,0.0
8080.0,353.0,2.0,0.0,0.0,0.0,0.0,0.0,0.0,0.0,0.0,0.0,0.0,0.0,0.0,5665.722,353.0,0.0,353.0,353.0,353.0,353.0,0.0,353.0,353.0,0.0,0.0,0.0,0.0,0.0,0.0,0.0,0.0,0.0,64.0,0.0,5665.722,0.0,0.0,0.0,0.0,0.0,0.0,0.0,0.0,0.0,0.0,1.0,0.0,0.0,0.0,0.0,0.0,0.0,0.0,64.0,0.0,0.0,0.0,0.0,0.0,0.0,2.0,0.0,0.0,0.0,251.0,-1.0,0.0,32.0,0.0,0.0,0.0,0.0,0.0,0.0,0.0,0.0
8080.0,16936.0,3.0,4.0,156.0,220.0,156.0,0.0,52.0,90.06664,185.0,0.0,55.0,88.223206,22201.229,413.32074,2822.6667,2356.0083,6630.0,1.0,6589.0,3294.5,272.2361,3487.0,3102.0,14170.0,4723.3335,5298.3125,10453.0,1.0,0.0,0.0,0.0,0.0,104.0,136.0,177.13745,236.18327,0.0,185.0,47.0,77.56472,6016.2856,0.0,0.0,0.0,1.0,0.0,0.0,0.0,0.0,1.0,53.714287,52.0,55.0,104.0,0.0,0.0,0.0,0.0,0.0,0.0,3.0,156.0,4.0,220.0,64240.0,254.0,1.0,32.0,0.0,0.0,0.0,0.0,0.0,0.0,0.0,0.0
8080.0,652.0,2.0,0.0,0.0,0.0,0.0,0.0,0.0,0.0,0.0,0.0,0.0,0.0,0.0,3067.4846,652.0,0.0,652.0,652.0,652.0,652.0,0.0,652.0,652.0,0.0,0.0,0.0,0.0,0.0,0.0,0.0,0.0,0.0,64.0,0.0,3067.4846,0.0,0.0,0.0,0.0,0.0,0.0,0.0,0.0,0.0,0.0,1.0,0.0,0.0,0.0,0.0,0.0,0.0,0.0,64.0,0.0,0.0,0.0,0.0,0.0,0.0,2.0,0.0,0.0,0.0,251.0,-1.0,0.0,32.0,0.0,0.0,0.0,0.0,0.0,0.0,0.0,0.0
8080.0,4216.0,3.0,4.0,156.0,220.0,156.0,0.0,52.0,90.06664,185.0,0.0,55.0,88.223206,89184.06,1660.3416,702.6667,555.6926,1612.0,0.0,1954.0,977.0,985.70685,1674.0,280.0,3325.0,1108.3334,961.17236,1713.0,0.0,0.0,0.0,0.0,0.0,104.0,136.0,711.57495,948.7666,0.0,185.0,47.0,77.56472,6016.2856,0.0,0.0,0.0,1.0,0.0,0.0,0.0,0.0,1.0,53.714287,52.0,55.0,104.0,0.0,0.0,0.0,0.0,0.0,0.0,3.0,156.0,4.0,220.0,64240.0,254.0,1.0,32.0,0.0,0.0,0.0,0.0,0.0,0.0,0.0,0.0
8080.0,1020.0,2.0,0.0,0.0,0.0,0.0,0.0,0.0,0.0,0.0,0.0,0.0,0.0,0.0,1960.7843,1020.0,0.0,1020.0,1020.0,1020.0,1020.0,0.0,1020.0,1020.0,0.0,0.0,0.0,0.0,0.0,0.0,0.0,0.0,0.0,64.0,0.0,1960.7843,0.0,0.0,0.0,0.0,0.0,0.0,0.0,0.0,0.0,0.0,1.0,0.0,0.0,0.0,0.0,0.0,0.0,0.0,64.0,0.0,0.0,0.0,0.0,0.0,0.0,2.0,0.0,0.0,0.0,251.0,-1.0,0.0,32.0,0.0,0.0,0.0,0.0,0.0,0.0,0.0,0.0
8080.0,3809.0,3.0,4.0,156.0,220.0,156.0,0.0,52.0,90.06664,185.0,0.0,55.0,88.223206,98713.57,1837.7527,634.8333,686.65314,1937.0,0.0,1499.0,749.5,770.0393,1294.0,205.0,3213.0,1071.0,984.6375,1937.0,0.0,0.0,0.0,0.0,0.0,104.0,136.0,787.6083,1050.1444,0.0,185.0,47.0,77.56472,6016.2856,0.0,0.0,0.0,1.0,0.0,0.0,0.0,0.0,1.0,53.714287,52.0,55.0,104.0,0.0,0.0,0.0,0.0,0.0,0.0,3.0,156.0,4.0,220.0,64240.0,254.0,1.0,32.0,0.0,0.0,0.0,0.0,0.0,0.0,0.0,0.0
8080.0,661.0,2.0,0.0,0.0,0.0,0.0,0.0,0.0,0.0,0.0,0.0,0.0,0.0,0.0,3025.7185,661.0,0.0,661.0,661.0,661.0,661.0,0.0,661.0,661.0,0.0,0.0,0.0,0.0,0.0,0.0,0.0,0.0,0.0,64.0,0.0,3025.7185,0.0,0.0,0.0,0.0,0.0,0.0,0.0,0.0,0.0,0.0,1.0,0.0,0.0,0.0,0.0,0.0,0.0,0.0,64.0,0.0,0.0,0.0,0.0,0.0,0.0,2.0,0.0,0.0,0.0,251.0,-1.0,0.0,32.0,0.0,0.0,0.0,0.0,0.0,0.0,0.0,0.0
8080.0,3345.0,3.0,4.0,156.0,220.0,156.0,0.0,52.0,90.06664,185.0,0.0,55.0,88.223206,112406.58,2092.6755,557.5,484.44556,1414.0,1.0,1171.0,585.5,316.07672,809.0,362.0,2893.0,964.3333,834.88464,1478.0,1.0,0.0,0.0,0.0,0.0,104.0,136.0,896.86096,1195.8147,0.0,185.0,47.0,77.56472,6016.2856,0.0,0.0,0.0,1.0,0.0,0.0,0.0,0.0,1.0,53.714287,52.0,55.0,104.0,0.0,0.0,0.0,0.0,0.0,0.0,3.0,156.0,4.0,220.0,64240.0,254.0,1.0,32.0,0.0,0.0,0.0,0.0,0.0,0.0,0.0,0.0
8080.0,990.0,2.0,0.0,0.0,0.0,0.0,0.0,0.0,0.0,0.0,0.0,0.0,0.0,0.0,2020.202,990.0,0.0,990.0,990.0,990.0,990.0,0.0,990.0,990.0,0.0,0.0,0.0,0.0,0.0,0.0,0.0,0.0,0.0,64.0,0.0,2020.202,0.0,0.0,0.0,0.0,0.0,0.0,0.0,0.0,0.0,0.0,1.0,0.0,0.0,0.0,0.0,0.0,0.0,0.0,64.0,0.0,0.0,0.0,0.0,0.0,0.0,2.0,0.0,0.0,0.0,251.0,-1.0,0.0,32.0,0.0,0.0,0.0,0.0,0.0,0.0,0.0,0.0
8080.0,4131.0,3.0,4.0,156.0,220.0,156.0,0.0,52.0,90.06664,185.0,0.0,55.0,88.223206,91019.125,1694.505,688.5,633.892,1850.0,1.0,1697.0,848.5,811.05145,1422.0,275.0,3374.0,1124.6666,986.76355,1850.0,1.0,0.0,0.0,0.0,0.0,104.0,136.0,726.21643,968.2886,0.0,185.0,47.0,77.56472,6016.2856,0.0,0.0,0.0,1.0,0.0,0.0,0.0,0.0,1.0,53.714287,52.0,55.0,104.0,0.0,0.0,0.0,0.0,0.0,0.0,3.0,156.0,4.0,220.0,64240.0,254.0,1.0,32.0,0.0,0.0,0.0,0.0,0.0,0.0,0.0,0.0
8080.0,894.0,2.0,0.0,0.0,0.0,0.0,0.0,0.0,0.0,0.0,0.0,0.0,0.0,0.0,2237.1365,894.0,0.0,894.0,894.0,894.0,894.0,0.0,894.0,894.0,0.0,0.0,0.0,0.0,0.0,0.0,0.0,0.0,0.0,64.0,0.0,2237.1365,0.0,0.0,0.0,0.0,0.0,0.0,0.0,0.0,0.0,0.0,1.0,0.0,0.0,0.0,0.0,0.0,0.0,0.0,64.0,0.0,0.0,0.0,0.0,0.0,0.0,2.0,0.0,0.0,0.0,251.0,-1.0,0.0,32.0,0.0,0.0,0.0,0.0,0.0,0.0,0.0,0.0
8080.0,4503.0,3.0,4.0,156.0,220.0,156.0,0.0,52.0,90.06664,185.0,0.0,55.0,88.223206,83499.89,1554.5192,750.5,618.85724,1821.0,0.0,1995.0,997.5,946.816,1667.0,328.0,3601.0,1200.3334,1039.7213,1821.0,0.0,0.0,0.0,0.0,0.0,104.0,136.0,666.22253,888.2967,0.0,185.0,47.0,77.56472,6016.2856,0.0,0.0,0.0,1.0,0.0,0.0,0.0,0.0,1.0,53.714287,52.0,55.0,104.0,0.0,0.0,0.0,0.0,0.0,0.0,3.0,156.0,4.0,220.0,64240.0,254.0,1.0,32.0,0.0,0.0,0.0,0.0,0.0,0.0,0.0,0.0
8080.0,721.0,2.0,0.0,0.0,0.0,0.0,0.0,0.0,0.0,0.0,0.0,0.0,0.0,0.0,2773.925,721.0,0.0,721.0,721.0,721.0,721.0,0.0,721.0,721.0,0.0,0.0,0.0,0.0,0.0,0.0,0.0,0.0,0.0,64.0,0.0,2773.925,0.0,0.0,0.0,0.0,0.0,0.0,0.0,0.0,0.0,0.0,1.0,0.0,0.0,0.0,0.0,0.0,0.0,0.0,64.0,0.0,0.0,0.0,0.0,0.0,0.0,2.0,0.0,0.0,0.0,251.0,-1.0,0.0,32.0,0.0,0.0,0.0,0.0,0.0,0.0,0.0,0.0
8080.0,3701.0,3.0,4.0,156.0,220.0,156.0,0.0,52.0,90.06664,185.0,0.0,55.0,88.223206,101594.164,1891.3807,616.8333,489.72662,1533.0,143.0,1406.0,703.0,791.9596,1263.0,143.0,3038.0,1012.6667,655.1033,1533.0,277.0,0.0,0.0,0.0,0.0,104.0,136.0,810.59174,1080.789,0.0,185.0,47.0,77.56472,6016.2856,0.0,0.0,0.0,1.0,0.0,0.0,0.0,0.0,1.0,53.714287,52.0,55.0,104.0,0.0,0.0,0.0,0.0,0.0,0.0,3.0,156.0,4.0,220.0,64240.0,254.0,1.0,32.0,0.0,0.0,0.0,0.0,0.0,0.0,0.0,0.0
8080.0,735.0,2.0,0.0,0.0,0.0,0.0,0.0,0.0,0.0,0.0,0.0,0.0,0.0,0.0,2721.0884,735.0,0.0,735.0,735.0,735.0,735.0,0.0,735.0,735.0,0.0,0.0,0.0,0.0,0.0,0.0,0.0,0.0,0.0,64.0,0.0,2721.0884,0.0,0.0,0.0,0.0,0.0,0.0,0.0,0.0,0.0,0.0,1.0,0.0,0.0,0.0,0.0,0.0,0.0,0.0,64.0,0.0,0.0,0.0,0.0,0.0,0.0,2.0,0.0,0.0,0.0,251.0,-1.0,0.0,32.0,0.0,0.0,0.0,0.0,0.0,0.0,0.0,0.0
8080.0,4699.0,3.0,4.0,156.0,220.0,156.0,0.0,52.0,90.06664,185.0,0.0,55.0,88.223206,80017.02,1489.6787,783.1667,604.17065,1739.0,0.0,2364.0,1182.0,1144.0988,1991.0,373.0,3655.0,1218.3334,1058.8127,1916.0,0.0,0.0,0.0,0.0,0.0,104.0,136.0,638.4337,851.24493,0.0,185.0,47.0,77.56472,6016.2856,0.0,0.0,0.0,1.0,0.0,0.0,0.0,0.0,1.0,53.714287,52.0,55.0,104.0,0.0,0.0,0.0,0.0,0.0,0.0,3.0,156.0,4.0,220.0,64240.0,254.0,1.0,32.0,0.0,0.0,0.0,0.0,0.0,0.0,0.0,0.0
8080.0,1071.0,2.0,0.0,0.0,0.0,0.0,0.0,0.0,0.0,0.0,0.0,0.0,0.0,0.0,1867.4136,1071.0,0.0,1071.0,1071.0,1071.0,1071.0,0.0,1071.0,1071.0,0.0,0.0,0.0,0.0,0.0,0.0,0.0,0.0,0.0,64.0,0.0,1867.4136,0.0,0.0,0.0,0.0,0.0,0.0,0.0,0.0,0.0,0.0,1.0,0.0,0.0,0.0,0.0,0.0,0.0,0.0,64.0,0.0,0.0,0.0,0.0,0.0,0.0,2.0,0.0,0.0,0.0,251.0,-1.0,0.0,32.0,0.0,0.0,0.0,0.0,0.0,0.0,0.0,0.0
8080.0,3920.0,3.0,4.0,156.0,220.0,156.0,0.0,52.0,90.06664,185.0,0.0,55.0,88.223206,95918.37,1785.7142,653.3333,371.1273,1314.0,329.0,1723.0,861.5,753.0687,1394.0,329.0,3063.0,1021.0,531.04517,1341.0,408.0,0.0,0.0,0.0,0.0,104.0,136.0,765.30615,1020.40814,0.0,185.0,47.0,77.56472,6016.2856,0.0,0.0,0.0,1.0,0.0,0.0,0.0,0.0,1.0,53.714287,52.0,55.0,104.0,0.0,0.0,0.0,0.0,0.0,0.0,3.0,156.0,4.0,220.0,64240.0,254.0,1.0,32.0,0.0,0.0,0.0,0.0,0.0,0.0,0.0,0.0
8080.0,1258.0,2.0,0.0,0.0,0.0,0.0,0.0,0.0,0.0,0.0,0.0,0.0,0.0,0.0,1589.8251,1258.0,0.0,1258.0,1258.0,1258.0,1258.0,0.0,1258.0,1258.0,0.0,0.0,0.0,0.0,0.0,0.0,0.0,0.0,0.0,64.0,0.0,1589.8251,0.0,0.0,0.0,0.0,0.0,0.0,0.0,0.0,0.0,0.0,1.0,0.0,0.0,0.0,0.0,0.0,0.0,0.0,64.0,0.0,0.0,0.0,0.0,0.0,0.0,2.0,0.0,0.0,0.0,251.0,-1.0,0.0,32.0,0.0,0.0,0.0,0.0,0.0,0.0,0.0,0.0
8080.0,3858.0,3.0,4.0,156.0,220.0,156.0,0.0,52.0,90.06664,185.0,0.0,55.0,88.223206,97459.82,1814.4116,643.0,429.07343,1250.0,1.0,2003.0,1001.5,895.9043,1635.0,368.0,3071.0,1023.6667,930.38184,1820.0,1.0,0.0,0.0,0.0,0.0,104.0,136.0,777.605,1036.8066,0.0,185.0,47.0,77.56472,6016.2856,0.0,0.0,0.0,1.0,0.0,0.0,0.0,0.0,1.0,53.714287,52.0,55.0,104.0,0.0,0.0,0.0,0.0,0.0,0.0,3.0,156.0,4.0,220.0,64240.0,254.0,1.0,32.0,0.0,0.0,0.0,0.0,0.0,0.0,0.0,0.0
8080.0,1089.0,2.0,0.0,0.0,0.0,0.0,0.0,0.0,0.0,0.0,0.0,0.0,0.0,0.0,1836.5472,1089.0,0.0,1089.0,1089.0,1089.0,1089.0,0.0,1089.0,1089.0,0.0,0.0,0.0,0.0,0.0,0.0,0.0,0.0,0.0,64.0,0.0,1836.5472,0.0,0.0,0.0,0.0,0.0,0.0,0.0,0.0,0.0,0.0,1.0,0.0,0.0,0.0,0.0,0.0,0.0,0.0,64.0,0.0,0.0,0.0,0.0,0.0,0.0,2.0,0.0,0.0,0.0,251.0,-1.0,0.0,32.0,0.0,0.0,0.0,0.0,0.0,0.0,0.0,0.0
8080.0,4670.0,3.0,4.0,156.0,220.0,156.0,0.0,52.0,90.06664,185.0,0.0,55.0,88.223206,80513.92,1498.9293,778.3333,638.02997,1840.0,0.0,2185.0,1092.5,1116.5216,1882.0,303.0,3675.0,1225.0,1060.884,1840.0,0.0,0.0,0.0,0.0,0.0,104.0,136.0,642.3983,856.53107,0.0,185.0,47.0,77.56472,6016.2856,0.0,0.0,0.0,1.0,0.0,0.0,0.0,0.0,1.0,53.714287,52.0,55.0,104.0,0.0,0.0,0.0,0.0,0.0,0.0,3.0,156.0,4.0,220.0,64240.0,254.0,1.0,32.0,0.0,0.0,0.0,0.0,0.0,0.0,0.0,0.0
8080.0,932.0,2.0,0.0,0.0,0.0,0.0,0.0,0.0,0.0,0.0,0.0,0.0,0.0,0.0,2145.9229,932.0,0.0,932.0,932.0,932.0,932.0,0.0,932.0,932.0,0.0,0.0,0.0,0.0,0.0,0.0,0.0,0.0,0.0,64.0,0.0,2145.9229,0.0,0.0,0.0,0.0,0.0,0.0,0.0,0.0,0.0,0.0,1.0,0.0,0.0,0.0,0.0,0.0,0.0,0.0,64.0,0.0,0.0,0.0,0.0,0.0,0.0,2.0,0.0,0.0,0.0,251.0,-1.0,0.0,32.0,0.0,0.0,0.0,0.0,0.0,0.0,0.0,0.0
8080.0,5361.0,3.0,4.0,156.0,220.0,156.0,0.0,52.0,90.06664,185.0,0.0,55.0,88.223206,70136.17,1305.7266,893.5,440.7497,1740.0,458.0,2389.0,1194.5,683.7723,1678.0,711.0,4446.0,1482.0,922.46844,2248.0,458.0,0.0,0.0,0.0,0.0,104.0,136.0,559.5971,746.12946,0.0,185.0,47.0,77.56472,6016.2856,0.0,0.0,0.0,1.0,0.0,0.0,0.0,0.0,1.0,53.714287,52.0,55.0,104.0,0.0,0.0,0.0,0.0,0.0,0.0,3.0,156.0,4.0,220.0,64240.0,254.0,1.0,32.0,0.0,0.0,0.0,0.0,0.0,0.0,0.0,0.0
8080.0,1012.0,2.0,0.0,0.0,0.0,0.0,0.0,0.0,0.0,0.0,0.0,0.0,0.0,0.0,1976.2845,1012.0,0.0,1012.0,1012.0,1012.0,1012.0,0.0,1012.0,1012.0,0.0,0.0,0.0,0.0,0.0,0.0,0.0,0.0,0.0,64.0,0.0,1976.2845,0.0,0.0,0.0,0.0,0.0,0.0,0.0,0.0,0.0,0.0,1.0,0.0,0.0,0.0,0.0,0.0,0.0,0.0,64.0,0.0,0.0,0.0,0.0,0.0,0.0,2.0,0.0,0.0,0.0,251.0,-1.0,0.0,32.0,0.0,0.0,0.0,0.0,0.0,0.0,0.0,0.0
8080.0,5132.0,3.0,4.0,156.0,220.0,156.0,0.0,52.0,90.06664,185.0,0.0,55.0,88.223206,73265.78,1363.9906,855.3333,781.58856,1870.0,0.0,2564.0,1282.0,1777.6665,2539.0,25.0,4206.0,1402.0,1236.322,2336.0,0.0,0.0,0.0,0.0,0.0,104.0,136.0,584.56744,779.4232,0.0,185.0,47.0,77.56472,6016.2856,0.0,0.0,0.0,1.0,0.0,0.0,0.0,0.0,1.0,53.714287,52.0,55.0,104.0,0.0,0.0,0.0,0.0,0.0,0.0,3.0,156.0,4.0,220.0,64240.0,254.0,1.0,32.0,0.0,0.0,0.0,0.0,0.0,0.0,0.0,0.0
8080.0,960.0,2.0,0.0,0.0,0.0,0.0,0.0,0.0,0.0,0.0,0.0,0.0,0.0,0.0,2083.3333,960.0,0.0,960.0,960.0,960.0,960.0,0.0,960.0,960.0,0.0,0.0,0.0,0.0,0.0,0.0,0.0,0.0,0.0,64.0,0.0,2083.3333,0.0,0.0,0.0,0.0,0.0,0.0,0.0,0.0,0.0,0.0,1.0,0.0,0.0,0.0,0.0,0.0,0.0,0.0,64.0,0.0,0.0,0.0,0.0,0.0,0.0,2.0,0.0,0.0,0.0,251.0,-1.0,0.0,32.0,0.0,0.0,0.0,0.0,0.0,0.0,0.0,0.0
8080.0,4835.0,3.0,4.0,156.0,220.0,156.0,0.0,52.0,90.06664,185.0,0.0,55.0,88.223206,77766.29,1447.7766,805.8333,365.24207,1480.0,403.0,2039.0,1019.5,871.8627,1636.0,403.0,3984.0,1328.0,652.4178,1891.0,613.0,0.0,0.0,0.0,0.0,104.0,136.0,620.4757,827.3009,0.0,185.0,47.0,77.56472,6016.2856,0.0,0.0,0.0,1.0,0.0,0.0,0.0,0.0,1.0,53.714287,52.0,55.0,104.0,0.0,0.0,0.0,0.0,0.0,0.0,3.0,156.0,4.0,220.0,64240.0,254.0,1.0,32.0,0.0,0.0,0.0,0.0,0.0,0.0,0.0,0.0
8080.0,678.0,2.0,0.0,0.0,0.0,0.0,0.0,0.0,0.0,0.0,0.0,0.0,0.0,0.0,2949.8525,678.0,0.0,678.0,678.0,678.0,678.0,0.0,678.0,678.0,0.0,0.0,0.0,0.0,0.0,0.0,0.0,0.0,0.0,64.0,0.0,2949.8525,0.0,0.0,0.0,0.0,0.0,0.0,0.0,0.0,0.0,0.0,1.0,0.0,0.0,0.0,0.0,0.0,0.0,0.0,64.0,0.0,0.0,0.0,0.0,0.0,0.0,2.0,0.0,0.0,0.0,251.0,-1.0,0.0,32.0,0.0,0.0,0.0,0.0,0.0,0.0,0.0,0.0
8080.0,3779.0,3.0,4.0,156.0,220.0,156.0,0.0,52.0,90.06664,185.0,0.0,55.0,88.223206,99497.22,1852.3419,629.8333,492.8884,1419.0,0.0,1882.0,941.0,845.6997,1539.0,343.0,2850.0,950.0,822.74603,1431.0,0.0,0.0,0.0,0.0,0.0,104.0,136.0,793.86084,1058.4811,0.0,185.0,47.0,77.56472,6016.2856,0.0,0.0,0.0,1.0,0.0,0.0,0.0,0.0,1.0,53.714287,52.0,55.0,104.0,0.0,0.0,0.0,0.0,0.0,0.0,3.0,156.0,4.0,220.0,64240.0,254.0,1.0,32.0,0.0,0.0,0.0,0.0,0.0,0.0,0.0,0.0
8080.0,971.0,2.0,0.0,0.0,0.0,0.0,0.0,0.0,0.0,0.0,0.0,0.0,0.0,0.0,2059.7322,971.0,0.0,971.0,971.0,971.0,971.0,0.0,971.0,971.0,0.0,0.0,0.0,0.0,0.0,0.0,0.0,0.0,0.0,64.0,0.0,2059.7322,0.0,0.0,0.0,0.0,0.0,0.0,0.0,0.0,0.0,0.0,1.0,0.0,0.0,0.0,0.0,0.0,0.0,0.0,64.0,0.0,0.0,0.0,0.0,0.0,0.0,2.0,0.0,0.0,0.0,251.0,-1.0,0.0,32.0,0.0,0.0,0.0,0.0,0.0,0.0,0.0,0.0
8080.0,2208.0,3.0,4.0,156.0,220.0,156.0,0.0,52.0,90.06664,185.0,0.0,55.0,88.223206,170289.86,3170.2898,368.0,329.3454,934.0,0.0,918.0,459.0,528.9159,833.0,85.0,1763.0,587.6667,511.63495,934.0,0.0,0.0,0.0,0.0,0.0,104.0,136.0,1358.6957,1811.5942,0.0,185.0,47.0,77.56472,6016.2856,0.0,0.0,0.0,1.0,0.0,0.0,0.0,0.0,1.0,53.714287,52.0,55.0,104.0,0.0,0.0,0.0,0.0,0.0,0.0,3.0,156.0,4.0,220.0,64240.0,254.0,1.0,32.0,0.0,0.0,0.0,0.0,0.0,0.0,0.0,0.0
8080.0,455.0,2.0,0.0,0.0,0.0,0.0,0.0,0.0,0.0,0.0,0.0,0.0,0.0,0.0,4395.6045,455.0,0.0,455.0,455.0,455.0,455.0,0.0,455.0,455.0,0.0,0.0,0.0,0.0,0.0,0.0,0.0,0.0,0.0,64.0,0.0,4395.6045,0.0,0.0,0.0,0.0,0.0,0.0,0.0,0.0,0.0,0.0,1.0,0.0,0.0,0.0,0.0,0.0,0.0,0.0,64.0,0.0,0.0,0.0,0.0,0.0,0.0,2.0,0.0,0.0,0.0,251.0,-1.0,0.0,32.0,0.0,0.0,0.0,0.0,0.0,0.0,0.0,0.0
8080.0,5105.0,3.0,4.0,156.0,220.0,156.0,0.0,52.0,90.06664,185.0,0.0,55.0,88.223206,73653.28,1371.2047,850.8333,611.74945,1972.0,284.0,2107.0,1053.5,1088.2373,1823.0,284.0,4133.0,1377.6666,889.536,1972.0,355.0,0.0,0.0,0.0,0.0,104.0,136.0,587.6592,783.54553,0.0,185.0,47.0,77.56472,6016.2856,0.0,0.0,0.0,1.0,0.0,0.0,0.0,0.0,1.0,53.714287,52.0,55.0,104.0,0.0,0.0,0.0,0.0,0.0,0.0,3.0,156.0,4.0,220.0,64240.0,254.0,1.0,32.0,0.0,0.0,0.0,0.0,0.0,0.0,0.0,0.0
8080.0,1006.0,2.0,0.0,0.0,0.0,0.0,0.0,0.0,0.0,0.0,0.0,0.0,0.0,0.0,1988.0715,1006.0,0.0,1006.0,1006.0,1006.0,1006.0,0.0,1006.0,1006.0,0.0,0.0,0.0,0.0,0.0,0.0,0.0,0.0,0.0,64.0,0.0,1988.0715,0.0,0.0,0.0,0.0,0.0,0.0,0.0,0.0,0.0,0.0,1.0,0.0,0.0,0.0,0.0,0.0,0.0,0.0,64.0,0.0,0.0,0.0,0.0,0.0,0.0,2.0,0.0,0.0,0.0,251.0,-1.0,0.0,32.0,0.0,0.0,0.0,0.0,0.0,0.0,0.0,0.0
8080.0,4673.0,3.0,4.0,156.0,220.0,156.0,0.0,52.0,90.06664,185.0,0.0,55.0,88.223206,80462.23,1497.967,778.8333,546.7282,1771.0,224.0,1997.0,998.5,919.9459,1649.0,348.0,3810.0,1270.0,906.1297,1815.0,224.0,0.0,0.0,0.0,0.0,104.0,136.0,641.9859,855.98114,0.0,185.0,47.0,77.56472,6016.2856,0.0,0.0,0.0,1.0,0.0,0.0,0.0,0.0,1.0,53.714287,52.0,55.0,104.0,0.0,0.0,0.0,0.0,0.0,0.0,3.0,156.0,4.0,220.0,64240.0,254.0,1.0,32.0,0.0,0.0,0.0,0.0,0.0,0.0,0.0,0.0
8080.0,1052.0,2.0,0.0,0.0,0.0,0.0,0.0,0.0,0.0,0.0,0.0,0.0,0.0,0.0,1901.1406,1052.0,0.0,1052.0,1052.0,1052.0,1052.0,0.0,1052.0,1052.0,0.0,0.0,0.0,0.0,0.0,0.0,0.0,0.0,0.0,64.0,0.0,1901.1406,0.0,0.0,0.0,0.0,0.0,0.0,0.0,0.0,0.0,0.0,1.0,0.0,0.0,0.0,0.0,0.0,0.0,0.0,64.0,0.0,0.0,0.0,0.0,0.0,0.0,2.0,0.0,0.0,0.0,251.0,-1.0,0.0,32.0,0.0,0.0,0.0,0.0,0.0,0.0,0.0,0.0
8080.0,5459.0,3.0,4.0,156.0,220.0,156.0,0.0,52.0,90.06664,185.0,0.0,55.0,88.223206,68877.086,1282.2861,909.8333,976.65027,2806.0,1.0,1937.0,968.5,822.3652,1550.0,387.0,4692.0,1564.0,1429.7856,2806.0,1.0,0.0,0.0,0.0,0.0,104.0,136.0,549.5512,732.7349,0.0,185.0,47.0,77.56472,6016.2856,0.0,0.0,0.0,1.0,0.0,0.0,0.0,0.0,1.0,53.714287,52.0,55.0,104.0,0.0,0.0,0.0,0.0,0.0,0.0,3.0,156.0,4.0,220.0,64240.0,254.0,1.0,32.0,0.0,0.0,0.0,0.0,0.0,0.0,0.0,0.0
8080.0,1003.0,2.0,0.0,0.0,0.0,0.0,0.0,0.0,0.0,0.0,0.0,0.0,0.0,0.0,1994.018,1003.0,0.0,1003.0,1003.0,1003.0,1003.0,0.0,1003.0,1003.0,0.0,0.0,0.0,0.0,0.0,0.0,0.0,0.0,0.0,64.0,0.0,1994.018,0.0,0.0,0.0,0.0,0.0,0.0,0.0,0.0,0.0,0.0,1.0,0.0,0.0,0.0,0.0,0.0,0.0,0.0,64.0,0.0,0.0,0.0,0.0,0.0,0.0,2.0,0.0,0.0,0.0,251.0,-1.0,0.0,32.0,0.0,0.0,0.0,0.0,0.0,0.0,0.0,0.0
8080.0,1572.0,3.0,4.0,156.0,220.0,156.0,0.0,52.0,90.06664,185.0,0.0,55.0,88.223206,239185.75,4452.9263,262.0,209.55286,618.0,0.0,683.0,341.5,318.90515,567.0,116.0,1258.0,419.33334,363.3199,640.0,0.0,0.0,0.0,0.0,0.0,104.0,136.0,1908.397,2544.5293,0.0,185.0,47.0,77.56472,6016.2856,0.0,0.0,0.0,1.0,0.0,0.0,0.0,0.0,1.0,53.714287,52.0,55.0,104.0,0.0,0.0,0.0,0.0,0.0,0.0,3.0,156.0,4.0,220.0,64240.0,254.0,1.0,32.0,0.0,0.0,0.0,0.0,0.0,0.0,0.0,0.0
8080.0,390.0,2.0,0.0,0.0,0.0,0.0,0.0,0.0,0.0,0.0,0.0,0.0,0.0,0.0,5128.205,390.0,0.0,390.0,390.0,390.0,390.0,0.0,390.0,390.0,0.0,0.0,0.0,0.0,0.0,0.0,0.0,0.0,0.0,64.0,0.0,5128.205,0.0,0.0,0.0,0.0,0.0,0.0,0.0,0.0,0.0,0.0,1.0,0.0,0.0,0.0,0.0,0.0,0.0,0.0,64.0,0.0,0.0,0.0,0.0,0.0,0.0,2.0,0.0,0.0,0.0,251.0,-1.0,0.0,32.0,0.0,0.0,0.0,0.0,0.0,0.0,0.0,0.0
8080.0,4521.0,3.0,4.0,156.0,220.0,156.0,0.0,52.0,90.06664,185.0,0.0,55.0,88.223206,83167.44,1548.33,753.5,662.66516,1950.0,0.0,1850.0,925.0,859.84186,1533.0,317.0,3708.0,1236.0,1074.7037,1950.0,0.0,0.0,0.0,0.0,0.0,104.0,136.0,663.57,884.76,0.0,185.0,47.0,77.56472,6016.2856,0.0,0.0,0.0,1.0,0.0,0.0,0.0,0.0,1.0,53.714287,52.0,55.0,104.0,0.0,0.0,0.0,0.0,0.0,0.0,3.0,156.0,4.0,220.0,64240.0,254.0,1.0,32.0,0.0,0.0,0.0,0.0,0.0,0.0,0.0,0.0
8080.0,1009.0,2.0,0.0,0.0,0.0,0.0,0.0,0.0,0.0,0.0,0.0,0.0,0.0,0.0,1982.1605,1009.0,0.0,1009.0,1009.0,1009.0,1009.0,0.0,1009.0,1009.0,0.0,0.0,0.0,0.0,0.0,0.0,0.0,0.0,0.0,64.0,0.0,1982.1605,0.0,0.0,0.0,0.0,0.0,0.0,0.0,0.0,0.0,0.0,1.0,0.0,0.0,0.0,0.0,0.0,0.0,0.0,64.0,0.0,0.0,0.0,0.0,0.0,0.0,2.0,0.0,0.0,0.0,251.0,-1.0,0.0,32.0,0.0,0.0,0.0,0.0,0.0,0.0,0.0,0.0
8080.0,4681.0,3.0,4.0,156.0,220.0,156.0,0.0,52.0,90.06664,185.0,0.0,55.0,88.223206,80324.72,1495.407,780.1667,484.1006,1610.0,289.0,2083.0,1041.5,997.72766,1747.0,336.0,3706.0,1235.3334,825.4468,1807.0,289.0,0.0,0.0,0.0,0.0,104.0,136.0,640.8887,854.51825,0.0,185.0,47.0,77.56472,6016.2856,0.0,0.0,0.0,1.0,0.0,0.0,0.0,0.0,1.0,53.714287,52.0,55.0,104.0,0.0,0.0,0.0,0.0,0.0,0.0,3.0,156.0,4.0,220.0,64240.0,254.0,1.0,32.0,0.0,0.0,0.0,0.0,0.0,0.0,0.0,0.0
8080.0,857.0,2.0,0.0,0.0,0.0,0.0,0.0,0.0,0.0,0.0,0.0,0.0,0.0,0.0,2333.7222,857.0,0.0,857.0,857.0,857.0,857.0,0.0,857.0,857.0,0.0,0.0,0.0,0.0,0.0,0.0,0.0,0.0,0.0,64.0,0.0,2333.7222,0.0,0.0,0.0,0.0,0.0,0.0,0.0,0.0,0.0,0.0,1.0,0.0,0.0,0.0,0.0,0.0,0.0,0.0,64.0,0.0,0.0,0.0,0.0,0.0,0.0,2.0,0.0,0.0,0.0,251.0,-1.0,0.0,32.0,0.0,0.0,0.0,0.0,0.0,0.0,0.0,0.0
8080.0,4242.0,3.0,4.0,156.0,220.0,156.0,0.0,52.0,90.06664,185.0,0.0,55.0,88.223206,88637.44,1650.165,707.0,652.00305,1853.0,0.0,1729.0,864.5,987.8282,1563.0,166.0,3404.0,1134.6666,994.18427,1853.0,0.0,0.0,0.0,0.0,0.0,104.0,136.0,707.21356,942.9514,0.0,185.0,47.0,77.56472,6016.2856,0.0,0.0,0.0,1.0,0.0,0.0,0.0,0.0,1.0,53.714287,52.0,55.0,104.0,0.0,0.0,0.0,0.0,0.0,0.0,3.0,156.0,4.0,220.0,64240.0,254.0,1.0,32.0,0.0,0.0,0.0,0.0,0.0,0.0,0.0,0.0
8080.0,878.0,2.0,0.0,0.0,0.0,0.0,0.0,0.0,0.0,0.0,0.0,0.0,0.0,0.0,2277.9043,878.0,0.0,878.0,878.0,878.0,878.0,0.0,878.0,878.0,0.0,0.0,0.0,0.0,0.0,0.0,0.0,0.0,0.0,64.0,0.0,2277.9043,0.0,0.0,0.0,0.0,0.0,0.0,0.0,0.0,0.0,0.0,1.0,0.0,0.0,0.0,0.0,0.0,0.0,0.0,64.0,0.0,0.0,0.0,0.0,0.0,0.0,2.0,0.0,0.0,0.0,251.0,-1.0,0.0,32.0,0.0,0.0,0.0,0.0,0.0,0.0,0.0,0.0
8080.0,2586.0,3.0,4.0,156.0,220.0,156.0,0.0,52.0,90.06664,185.0,0.0,55.0,88.223206,145398.3,2706.8833,431.0,369.78156,1080.0,0.0,1084.0,542.0,543.058,926.0,158.0,2129.0,709.6667,614.7848,1080.0,0.0,0.0,0.0,0.0,0.0,104.0,136.0,1160.0928,1546.7904,0.0,185.0,47.0,77.56472,6016.2856,0.0,0.0,0.0,1.0,0.0,0.0,0.0,0.0,1.0,53.714287,52.0,55.0,104.0,0.0,0.0,0.0,0.0,0.0,0.0,3.0,156.0,4.0,220.0,64240.0,254.0,1.0,32.0,0.0,0.0,0.0,0.0,0.0,0.0,0.0,0.0
8080.0,735.0,2.0,0.0,0.0,0.0,0.0,0.0,0.0,0.0,0.0,0.0,0.0,0.0,0.0,2721.0884,735.0,0.0,735.0,735.0,735.0,735.0,0.0,735.0,735.0,0.0,0.0,0.0,0.0,0.0,0.0,0.0,0.0,0.0,64.0,0.0,2721.0884,0.0,0.0,0.0,0.0,0.0,0.0,0.0,0.0,0.0,0.0,1.0,0.0,0.0,0.0,0.0,0.0,0.0,0.0,64.0,0.0,0.0,0.0,0.0,0.0,0.0,2.0,0.0,0.0,0.0,251.0,-1.0,0.0,32.0,0.0,0.0,0.0,0.0,0.0,0.0,0.0,0.0
8080.0,4383.0,3.0,4.0,156.0,220.0,156.0,0.0,52.0,90.06664,185.0,0.0,55.0,88.223206,85785.99,1597.0796,730.5,598.6578,1720.0,0.0,2056.0,1028.0,1066.317,1782.0,274.0,3537.0,1179.0,1022.1952,1817.0,0.0,0.0,0.0,0.0,0.0,104.0,136.0,684.4627,912.61694,0.0,185.0,47.0,77.56472,6016.2856,0.0,0.0,0.0,1.0,0.0,0.0,0.0,0.0,1.0,53.714287,52.0,55.0,104.0,0.0,0.0,0.0,0.0,0.0,0.0,3.0,156.0,4.0,220.0,64240.0,254.0,1.0,32.0,0.0,0.0,0.0,0.0,0.0,0.0,0.0,0.0
8080.0,986.0,2.0,0.0,0.0,0.0,0.0,0.0,0.0,0.0,0.0,0.0,0.0,0.0,0.0,2028.3976,986.0,0.0,986.0,986.0,986.0,986.0,0.0,986.0,986.0,0.0,0.0,0.0,0.0,0.0,0.0,0.0,0.0,0.0,64.0,0.0,2028.3976,0.0,0.0,0.0,0.0,0.0,0.0,0.0,0.0,0.0,0.0,1.0,0.0,0.0,0.0,0.0,0.0,0.0,0.0,64.0,0.0,0.0,0.0,0.0,0.0,0.0,2.0,0.0,0.0,0.0,251.0,-1.0,0.0,32.0,0.0,0.0,0.0,0.0,0.0,0.0,0.0,0.0
8080.0,2619.0,2.0,1.0,0.0,0.0,0.0,0.0,0.0,0.0,0.0,0.0,0.0,0.0,0.0,1145.4753,1309.5,1283.3988,2217.0,402.0,2619.0,2619.0,0.0,2619.0,2619.0,0.0,0.0,0.0,0.0,0.0,0.0,0.0,0.0,0.0,76.0,32.0,763.65027,381.82513,0.0,0.0,0.0,0.0,0.0,0.0,0.0,0.0,0.0,1.0,1.0,0.0,0.0,0.0,0.0,0.0,0.0,76.0,0.0,0.0,0.0,0.0,0.0,0.0,2.0,0.0,1.0,0.0,251.0,254.0,0.0,32.0,0.0,0.0,0.0,0.0,0.0,0.0,0.0,0.0
8080.0,529.0,1.0,1.0,0.0,0.0,0.0,0.0,0.0,0.0,0.0,0.0,0.0,0.0,0.0,3780.7183,529.0,0.0,529.0,529.0,0.0,0.0,0.0,0.0,0.0,0.0,0.0,0.0,0.0,0.0,0.0,0.0,0.0,0.0,32.0,32.0,1890.3591,1890.3591,0.0,0.0,0.0,0.0,0.0,0.0,0.0,0.0,0.0,1.0,1.0,0.0,0.0,1.0,0.0,0.0,0.0,32.0,0.0,0.0,0.0,0.0,0.0,0.0,1.0,0.0,1.0,0.0,251.0,254.0,0.0,32.0,0.0,0.0,0.0,0.0,0.0,0.0,0.0,0.0
8080.0,320.0,1.0,1.0,0.0,0.0,0.0,0.0,0.0,0.0,0.0,0.0,0.0,0.0,0.0,6250.0,320.0,0.0,320.0,320.0,0.0,0.0,0.0,0.0,0.0,0.0,0.0,0.0,0.0,0.0,0.0,0.0,0.0,0.0,32.0,32.0,3125.0,3125.0,0.0,0.0,0.0,0.0,0.0,0.0,0.0,0.0,0.0,1.0,1.0,0.0,0.0,1.0,0.0,0.0,0.0,32.0,0.0,0.0,0.0,0.0,0.0,0.0,1.0,0.0,1.0,0.0,251.0,254.0,0.0,32.0,0.0,0.0,0.0,0.0,0.0,0.0,0.0,0.0
8080.0,810.0,1.0,1.0,0.0,0.0,0.0,0.0,0.0,0.0,0.0,0.0,0.0,0.0,0.0,2469.1357,810.0,0.0,810.0,810.0,0.0,0.0,0.0,0.0,0.0,0.0,0.0,0.0,0.0,0.0,0.0,0.0,0.0,0.0,32.0,32.0,1234.5679,1234.5679,0.0,0.0,0.0,0.0,0.0,0.0,0.0,0.0,0.0,1.0,1.0,0.0,0.0,1.0,0.0,0.0,0.0,32.0,0.0,0.0,0.0,0.0,0.0,0.0,1.0,0.0,1.0,0.0,251.0,254.0,0.0,32.0,0.0,0.0,0.0,0.0,0.0,0.0,0.0,0.0
8080.0,303.0,2.0,1.0,0.0,0.0,0.0,0.0,0.0,0.0,0.0,0.0,0.0,0.0,0.0,9900.99,151.5,201.52544,294.0,9.0,9.0,9.0,0.0,9.0,9.0,0.0,0.0,0.0,0.0,0.0,0.0,0.0,0.0,0.0,76.0,32.0,6600.66,3300.33,0.0,0.0,0.0,0.0,0.0,0.0,0.0,0.0,0.0,1.0,1.0,0.0,0.0,0.0,0.0,0.0,0.0,76.0,0.0,0.0,0.0,0.0,0.0,0.0,2.0,0.0,1.0,0.0,251.0,254.0,0.0,32.0,0.0,0.0,0.0,0.0,0.0,0.0,0.0,0.0
