destination_port,flow_duration,total_fwd_packets,total_backward_packets,total_length_of_fwd_packets,total_length_of_bwd_packets,fwd_packet_length_max,fwd_packet_length_min,fwd_packet_length_mean,fwd_packet_length_std,bwd_packet_length_max,bwd_packet_length_min,bwd_packet_length_mean,bwd_packet_length_std,flow_bytes_s,flow_packets_s,flow_iat_mean,flow_iat_std,flow_iat_max,flow_iat_min,fwd_iat_total,fwd_iat_mean,fwd_iat_std,fwd_iat_max,fwd_iat_min,bwd_iat_total,bwd_iat_mean,bwd_iat_std,bwd_iat_max,bwd_iat_min,fwd_psh_flags,bwd_psh_flags,fwd_urg_flags,bwd_urg_flags,fwd_header_length,bwd_header_length,fwd_packets_s,bwd_packets_s,min_packet_length,max_packet_length,packet_length_mean,packet_length_std,packet_length_variance,fin_flag_count,syn_flag_count,rst_flag_count,psh_flag_count,ack_flag_count,urg_flag_count,cwe_flag_count,ece_flag_count,down_up_ratio,average_packet_size,avg_fwd_segment_size,avg_bwd_segment_size,fwd_header_length.1,fwd_avg_bytes_bulk,fwd_avg_packets_bulk,fwd_avg_bulk_rate,bwd_avg_bytes_bulk,bwd_avg_packets_bulk,bwd_avg_bulk_rate,subflow_fwd_packets,subflow_fwd_bytes,subflow_bwd_packets,subflow_bwd_bytes,init_win_bytes_forward,init_win_bytes_backward,act_data_pkt_fwd,min_seg_size_forward,active_mean,active_std,active_max,active_min,idle_mean,idle_std,idle_max,idle_min
8080.0,8760.0,3.0,4.0,156.0,220.0,156.0,0.0,52.0,90.06664,185.0,0.0,55.0,88.223206,42922.375,799.08673,1460.0,2279.477,5950.0,187.0,2260.0,1130.0,1308.1476,2055.0,205.0,7009.0,2336.3333,3148.2131,5950.0,187.0,0.0,0.0,0.0,0.0,104.0,136.0,342.46576,456.621,0.0,185.0,47.0,77.56472,6016.2856,0.0,0.0,0.0,1.0,0.0,0.0,0.0,0.0,1.0,53.714287,52.0,55.0,104.0,0.0,0.0,0.0,0.0,0.0,0.0,3.0,156.0,4.0,220.0,64240.0,254.0,1.0,32.0,0.0,0.0,0.0,0.0,0.0,0.0,0.0,0.0
8080.0,467.0,2.0,0.0,0.0,0.0,0.0,0.0,0.0,0.0,0.0,0.0,0.0,0.0,0.0,4282.6553,467.0,0.0,467.0,467.0,467.0,467.0,0.0,467.0,467.0,0.0,0.0,0.0,0.0,0.0,0.0,0.0,0.0,0.0,64.0,0.0,4282.6553,0.0,0.0,0.0,0.0,0.0,0.0,0.0,0.0,0.0,0.0,1.0,0.0,0.0,0.0,0.0,0.0,0.0,0.0,64.0,0.0,0.0,0.0,0.0,0.0,0.0,2.0,0.0,0.0,0.0,251.0,-1.0,0.0,32.0,0.0,0.0,0.0,0.0,0.0,0.0,0.0,0.0
8080.0,3190.0,3.0,4.0,156.0,220.0,156.0,0.0,52.0,90.06664,185.0,0.0,55.0,88.223206,117868.336,2194.3574,531.6667,536.1745,1481.0,0.0,1167.0,583.5,781.35297,1136.0,31.0,2615.0,871.6667,774.5672,1481.0,0.0,0.0,0.0,0.0,0.0,104.0,136.0,940.43884,1253.9185,0.0,185.0,47.0,77.56472,6016.2856,0.0,0.0,0.0,1.0,0.0,0.0,0.0,0.0,1.0,53.714287,52.0,55.0,104.0,0.0,0.0,0.0,0.0,0.0,0.0,3.0,156.0,4.0,220.0,64240.0,254.0,1.0,32.0,0.0,0.0,0.0,0.0,0.0,0.0,0.0,0.0
8080.0,481.0,2.0,0.0,0.0,0.0,0.0,0.0,0.0,0.0,0.0,0.0,0.0,0.0,0.0,4158.0044,481.0,0.0,481.0,481.0,481.0,481.0,0.0,481.0,481.0,0.0,0.0,0.0,0.0,0.0,0.0,0.0,0.0,0.0,64.0,0.0,4158.0044,0.0,0.0,0.0,0.0,0.0,0.0,0.0,0.0,0.0,0.0,1.0,0.0,0.0,0.0,0.0,0.0,0.0,0.0,64.0,0.0,0.0,0.0,0.0,0.0,0.0,2.0,0.0,0.0,0.0,251.0,-1.0,0.0,32.0,0.0,0.0,0.0,0.0,0.0,0.0,0.0,0.0
8080.0,5446.0,3.0,4.0,156.0,220.0,156.0,0.0,52.0,90.06664,185.0,0.0,55.0,88.223206,69041.5,1285.347,907.6667,805.36145,2433.0,185.0,2064.0,1032.0,1022.4764,1755.0,309.0,4487.0,1495.6666,1169.5765,2433.0,185.0,0.0,0.0,0.0,0.0,104.0,136.0,550.86304,734.484,0.0,185.0,47.0,77.56472,6016.2856,0.0,0.0,0.0,1.0,0.0,0.0,0.0,0.0,1.0,53.714287,52.0,55.0,104.0,0.0,0.0,0.0,0.0,0.0,0.0,3.0,156.0,4.0,220.0,64240.0,254.0,1.0,32.0,0.0,0.0,0.0,0.0,0.0,0.0,0.0,0.0
8080.0,1058.0,2.0,0.0,0.0,0.0,0.0,0.0,0.0,0.0,0.0,0.0,0.0,0.0,0.0,1890.3591,1058.0,0.0,1058.0,1058.0,1058.0,1058.0,0.0,1058.0,1058.0,0.0,0.0,0.0,0.0,0.0,0.0,0.0,0.0,0.0,64.0,0.0,1890.3591,0.0,0.0,0.0,0.0,0.0,0.0,0.0,0.0,0.0,0.0,1.0,0.0,0.0,0.0,0.0,0.0,0.0,0.0,64.0,0.0,0.0,0.0,0.0,0.0,0.0,2.0,0.0,0.0,0.0,251.0,-1.0,0.0,32.0,0.0,0.0,0.0,0.0,0.0,0.0,0.0,0.0
8080.0,7082.0,3.0,4.0,156.0,220.0,156.0,0.0,52.0,90.06664,185.0,0.0,55.0,88.223206,53092.348,988.4213,1180.3334,1169.7422,3440.0,273.0,2109.0,1054.5,1006.21295,1766.0,343.0,6081.0,2027.0,1610.802,3440.0,273.0,0.0,0.0,0.0,0.0,104.0,136.0,423.60916,564.8122,0.0,185.0,47.0,77.56472,6016.2856,0.0,0.0,0.0,1.0,0.0,0.0,0.0,0.0,1.0,53.714287,52.0,55.0,104.0,0.0,0.0,0.0,0.0,0.0,0.0,3.0,156.0,4.0,220.0,64240.0,254.0,1.0,32.0,0.0,0.0,0.0,0.0,0.0,0.0,0.0,0.0
8080.0,619.0,2.0,0.0,0.0,0.0,0.0,0.0,0.0,0.0,0.0,0.0,0.0,0.0,0.0,3231.0178,619.0,0.0,619.0,619.0,619.0,619.0,0.0,619.0,619.0,0.0,0.0,0.0,0.0,0.0,0.0,0.0,0.0,0.0,64.0,0.0,3231.0178,0.0,0.0,0.0,0.0,0.0,0.0,0.0,0.0,0.0,0.0,1.0,0.0,0.0,0.0,0.0,0.0,0.0,0.0,64.0,0.0,0.0,0.0,0.0,0.0,0.0,2.0,0.0,0.0,0.0,251.0,-1.0,0.0,32.0,0.0,0.0,0.0,0.0,0.0,0.0,0.0,0.0
8080.0,8014.0,3.0,4.0,156.0,220.0,156.0,0.0,52.0,90.06664,185.0,0.0,55.0,88.223206,46917.895,873.47144,1335.6666,1725.7297,4802.0,218.0,2305.0,1152.5,1079.7521,1916.0,389.0,6941.0,2313.6667,2317.0896,4802.0,218.0,0.0,0.0,0.0,0.0,104.0,136.0,374.3449,499.12653,0.0,185.0,47.0,77.56472,6016.2856,0.0,0.0,0.0,1.0,0.0,0.0,0.0,0.0,1.0,53.714287,52.0,55.0,104.0,0.0,0.0,0.0,0.0,0.0,0.0,3.0,156.0,4.0,220.0,64240.0,254.0,1.0,32.0,0.0,0.0,0.0,0.0,0.0,0.0,0.0,0.0
8080.0,852.0,2.0,0.0,0.0,0.0,0.0,0.0,0.0,0.0,0.0,0.0,0.0,0.0,0.0,2347.4177,852.0,0.0,852.0,852.0,852.0,852.0,0.0,852.0,852.0,0.0,0.0,0.0,0.0,0.0,0.0,0.0,0.0,0.0,64.0,0.0,2347.4177,0.0,0.0,0.0,0.0,0.0,0.0,0.0,0.0,0.0,0.0,1.0,0.0,0.0,0.0,0.0,0.0,0.0,0.0,64.0,0.0,0.0,0.0,0.0,0.0,0.0,2.0,0.0,0.0,0.0,251.0,-1.0,0.0,32.0,0.0,0.0,0.0,0.0,0.0,0.0,0.0,0.0
8080.0,5681.0,3.0,4.0,156.0,220.0,156.0,0.0,52.0,90.06664,185.0,0.0,55.0,88.223206,66185.53,1232.1775,946.8333,996.49817,2873.0,162.0,1992.0,996.0,1047.9323,1737.0,255.0,4636.0,1545.3334,1356.357,2873.0,162.0,0.0,0.0,0.0,0.0,104.0,136.0,528.07605,704.1014,0.0,185.0,47.0,77.56472,6016.2856,0.0,0.0,0.0,1.0,0.0,0.0,0.0,0.0,1.0,53.714287,52.0,55.0,104.0,0.0,0.0,0.0,0.0,0.0,0.0,3.0,156.0,4.0,220.0,64240.0,254.0,1.0,32.0,0.0,0.0,0.0,0.0,0.0,0.0,0.0,0.0
8080.0,965.0,2.0,0.0,0.0,0.0,0.0,0.0,0.0,0.0,0.0,0.0,0.0,0.0,0.0,2072.5388,965.0,0.0,965.0,965.0,965.0,965.0,0.0,965.0,965.0,0.0,0.0,0.0,0.0,0.0,0.0,0.0,0.0,0.0,64.0,0.0,2072.5388,0.0,0.0,0.0,0.0,0.0,0.0,0.0,0.0,0.0,0.0,1.0,0.0,0.0,0.0,0.0,0.0,0.0,0.0,64.0,0.0,0.0,0.0,0.0,0.0,0.0,2.0,0.0,0.0,0.0,251.0,-1.0,0.0,32.0,0.0,0.0,0.0,0.0,0.0,0.0,0.0,0.0
8080.0,7321.0,3.0,4.0,156.0,220.0,156.0,0.0,52.0,90.06664,185.0,0.0,55.0,88.223206,51359.105,956.1535,1220.1666,1567.503,4378.0,190.0,1846.0,923.0,1036.6185,1656.0,190.0,6423.0,2141.0,2028.5288,4378.0,421.0,0.0,0.0,0.0,0.0,104.0,136.0,409.7801,546.3735,0.0,185.0,47.0,77.56472,6016.2856,0.0,0.0,0.0,1.0,0.0,0.0,0.0,0.0,1.0,53.714287,52.0,55.0,104.0,0.0,0.0,0.0,0.0,0.0,0.0,3.0,156.0,4.0,220.0,64240.0,254.0,1.0,32.0,0.0,0.0,0.0,0.0,0.0,0.0,0.0,0.0
8080.0,834.0,2.0,0.0,0.0,0.0,0.0,0.0,0.0,0.0,0.0,0.0,0.0,0.0,0.0,2398.0815,834.0,0.0,834.0,834.0,834.0,834.0,0.0,834.0,834.0,0.0,0.0,0.0,0.0,0.0,0.0,0.0,0.0,0.0,64.0,0.0,2398.0815,0.0,0.0,0.0,0.0,0.0,0.0,0.0,0.0,0.0,0.0,1.0,0.0,0.0,0.0,0.0,0.0,0.0,0.0,64.0,0.0,0.0,0.0,0.0,0.0,0.0,2.0,0.0,0.0,0.0,251.0,-1.0,0.0,32.0,0.0,0.0,0.0,0.0,0.0,0.0,0.0,0.0
8080.0,5457.0,3.0,4.0,156.0,220.0,156.0,0.0,52.0,90.06664,185.0,0.0,55.0,88.223206,68902.33,1282.7561,909.5,1646.1631,4255.0,0.0,896.0,448.0,452.54834,768.0,128.0,5038.0,1679.3334,2264.689,4255.0,0.0,0.0,0.0,0.0,0.0,104.0,136.0,549.7526,733.0035,0.0,185.0,47.0,77.56472,6016.2856,0.0,0.0,0.0,1.0,0.0,0.0,0.0,0.0,1.0,53.714287,52.0,55.0,104.0,0.0,0.0,0.0,0.0,0.0,0.0,3.0,156.0,4.0,220.0,64240.0,254.0,1.0,32.0,0.0,0.0,0.0,0.0,0.0,0.0,0.0,0.0
8080.0,641.0,2.0,0.0,0.0,0.0,0.0,0.0,0.0,0.0,0.0,0.0,0.0,0.0,0.0,3120.1248,641.0,0.0,641.0,641.0,641.0,641.0,0.0,641.0,641.0,0.0,0.0,0.0,0.0,0.0,0.0,0.0,0.0,0.0,64.0,0.0,3120.1248,0.0,0.0,0.0,0.0,0.0,0.0,0.0,0.0,0.0,0.0,1.0,0.0,0.0,0.0,0.0,0.0,0.0,0.0,64.0,0.0,0.0,0.0,0.0,0.0,0.0,2.0,0.0,0.0,0.0,251.0,-1.0,0.0,32.0,0.0,0.0,0.0,0.0,0.0,0.0,0.0,0.0
8080.0,5546.0,3.0,4.0,156.0,220.0,156.0,0.0,52.0,90.06664,185.0,0.0,55.0,88.223206,67796.61,1262.1709,924.3333,1059.3667,3010.0,0.0,1982.0,991.0,752.36163,1523.0,459.0,4775.0,1591.6666,1512.4677,3010.0,0.0,0.0,0.0,0.0,0.0,104.0,136.0,540.9304,721.24054,0.0,185.0,47.0,77.56472,6016.2856,0.0,0.0,0.0,1.0,0.0,0.0,0.0,0.0,1.0,53.714287,52.0,55.0,104.0,0.0,0.0,0.0,0.0,0.0,0.0,3.0,156.0,4.0,220.0,64240.0,254.0,1.0,32.0,0.0,0.0,0.0,0.0,0.0,0.0,0.0,0.0
8080.0,614.0,2.0,0.0,0.0,0.0,0.0,0.0,0.0,0.0,0.0,0.0,0.0,0.0,0.0,3257.329,614.0,0.0,614.0,614.0,614.0,614.0,0.0,614.0,614.0,0.0,0.0,0.0,0.0,0.0,0.0,0.0,0.0,0.0,64.0,0.0,3257.329,0.0,0.0,0.0,0.0,0.0,0.0,0.0,0.0,0.0,0.0,1.0,0.0,0.0,0.0,0.0,0.0,0.0,0.0,64.0,0.0,0.0,0.0,0.0,0.0,0.0,2.0,0.0,0.0,0.0,251.0,-1.0,0.0,32.0,0.0,0.0,0.0,0.0,0.0,0.0,0.0,0.0
8080.0,6201.0,3.0,4.0,156.0,220.0,156.0,0.0,52.0,90.06664,185.0,0.0,55.0,88.223206,60635.383,1128.8502,1033.5,955.0882,2895.0,324.0,2186.0,1093.0,1047.9323,1834.0,352.0,5135.0,1711.6666,1297.6226,2895.0,324.0,0.0,0.0,0.0,0.0,104.0,136.0,483.79294,645.05725,0.0,185.0,47.0,77.56472,6016.2856,0.0,0.0,0.0,1.0,0.0,0.0,0.0,0.0,1.0,53.714287,52.0,55.0,104.0,0.0,0.0,0.0,0.0,0.0,0.0,3.0,156.0,4.0,220.0,64240.0,254.0,1.0,32.0,0.0,0.0,0.0,0.0,0.0,0.0,0.0,0.0
8080.0,1187.0,2.0,0.0,0.0,0.0,0.0,0.0,0.0,0.0,0.0,0.0,0.0,0.0,0.0,1684.9199,1187.0,0.0,1187.0,1187.0,1187.0,1187.0,0.0,1187.0,1187.0,0.0,0.0,0.0,0.0,0.0,0.0,0.0,0.0,0.0,64.0,0.0,1684.9199,0.0,0.0,0.0,0.0,0.0,0.0,0.0,0.0,0.0,0.0,1.0,0.0,0.0,0.0,0.0,0.0,0.0,0.0,64.0,0.0,0.0,0.0,0.0,0.0,0.0,2.0,0.0,0.0,0.0,251.0,-1.0,0.0,32.0,0.0,0.0,0.0,0.0,0.0,0.0,0.0,0.0
8080.0,6463.0,3.0,4.0,156.0,220.0,156.0,0.0,52.0,90.06664,185.0,0.0,55.0,88.223206,58177.316,1083.0884,1077.1666,1141.2539,3230.0,1.0,2470.0,1235.0,1217.6378,2096.0,374.0,5166.0,1722.0,1625.0037,3230.0,1.0,0.0,0.0,0.0,0.0,104.0,136.0,464.18073,618.90765,0.0,185.0,47.0,77.56472,6016.2856,0.0,0.0,0.0,1.0,0.0,0.0,0.0,0.0,1.0,53.714287,52.0,55.0,104.0,0.0,0.0,0.0,0.0,0.0,0.0,3.0,156.0,4.0,220.0,64240.0,254.0,1.0,32.0,0.0,0.0,0.0,0.0,0.0,0.0,0.0,0.0
8080.0,683.0,2.0,0.0,0.0,0.0,0.0,0.0,0.0,0.0,0.0,0.0,0.0,0.0,0.0,2928.2576,683.0,0.0,683.0,683.0,683.0,683.0,0.0,683.0,683.0,0.0,0.0,0.0,0.0,0.0,0.0,0.0,0.0,0.0,64.0,0.0,2928.2576,0.0,0.0,0.0,0.0,0.0,0.0,0.0,0.0,0.0,0.0,1.0,0.0,0.0,0.0,0.0,0.0,0.0,0.0,64.0,0.0,0.0,0.0,0.0,0.0,0.0,2.0,0.0,0.0,0.0,251.0,-1.0,0.0,32.0,0.0,0.0,0.0,0.0,0.0,0.0,0.0,0.0
8080.0,4033.0,3.0,4.0,156.0,220.0,156.0,0.0,52.0,90.06664,185.0,0.0,55.0,88.223206,93230.84,1735.6807,672.1667,515.50806,1501.0,0.0,1913.0,956.5,931.25964,1615.0,298.0,3153.0,1051.0,913.31866,1652.0,0.0,0.0,0.0,0.0,0.0,104.0,136.0,743.86316,991.8175,0.0,185.0,47.0,77.56472,6016.2856,0.0,0.0,0.0,1.0,0.0,0.0,0.0,0.0,1.0,53.714287,52.0,55.0,104.0,0.0,0.0,0.0,0.0,0.0,0.0,3.0,156.0,4.0,220.0,64240.0,254.0,1.0,32.0,0.0,0.0,0.0,0.0,0.0,0.0,0.0,0.0
8080.0,656.0,2.0,0.0,0.0,0.0,0.0,0.0,0.0,0.0,0.0,0.0,0.0,0.0,0.0,3048.7805,656.0,0.0,656.0,656.0,656.0,656.0,0.0,656.0,656.0,0.0,0.0,0.0,0.0,0.0,0.0,0.0,0.0,0.0,64.0,0.0,3048.7805,0.0,0.0,0.0,0.0,0.0,0.0,0.0,0.0,0.0,0.0,1.0,0.0,0.0,0.0,0.0,0.0,0.0,0.0,64.0,0.0,0.0,0.0,0.0,0.0,0.0,2.0,0.0,0.0,0.0,251.0,-1.0,0.0,32.0,0.0,0.0,0.0,0.0,0.0,0.0,0.0,0.0
8080.0,4898.0,3.0,4.0,156.0,220.0,156.0,0.0,52.0,90.06664,185.0,0.0,55.0,88.223206,76766.02,1429.1548,816.3333,803.4445,2311.0,1.0,1979.0,989.5,989.2424,1689.0,290.0,3997.0,1332.3334,1194.6989,2311.0,1.0,0.0,0.0,0.0,0.0,104.0,136.0,612.4949,816.65985,0.0,185.0,47.0,77.56472,6016.2856,0.0,0.0,0.0,1.0,0.0,0.0,0.0,0.0,1.0,53.714287,52.0,55.0,104.0,0.0,0.0,0.0,0.0,0.0,0.0,3.0,156.0,4.0,220.0,64240.0,254.0,1.0,32.0,0.0,0.0,0.0,0.0,0.0,0.0,0.0,0.0
8080.0,1068.0,2.0,0.0,0.0,0.0,0.0,0.0,0.0,0.0,0.0,0.0,0.0,0.0,0.0,1872.6592,1068.0,0.0,1068.0,1068.0,1068.0,1068.0,0.0,1068.0,1068.0,0.0,0.0,0.0,0.0,0.0,0.0,0.0,0.0,0.0,64.0,0.0,1872.6592,0.0,0.0,0.0,0.0,0.0,0.0,0.0,0.0,0.0,0.0,1.0,0.0,0.0,0.0,0.0,0.0,0.0,0.0,64.0,0.0,0.0,0.0,0.0,0.0,0.0,2.0,0.0,0.0,0.0,251.0,-1.0,0.0,32.0,0.0,0.0,0.0,0.0,0.0,0.0,0.0,0.0
8080.0,9708.0,3.0,4.0,156.0,220.0,156.0,0.0,52.0,90.06664,185.0,0.0,55.0,88.223206,38730.945,721.0548,1618.0,2383.134,6425.0,0.0,2400.0,1200.0,961.6652,1880.0,520.0,8712.0,2904.0,3256.6353,6425.0,0.0,0.0,0.0,0.0,0.0,104.0,136.0,309.0235,412.0313,0.0,185.0,47.0,77.56472,6016.2856,0.0,0.0,0.0,1.0,0.0,0.0,0.0,0.0,1.0,53.714287,52.0,55.0,104.0,0.0,0.0,0.0,0.0,0.0,0.0,3.0,156.0,4.0,220.0,64240.0,254.0,1.0,32.0,0.0,0.0,0.0,0.0,0.0,0.0,0.0,0.0
8080.0,854.0,2.0,0.0,0.0,0.0,0.0,0.0,0.0,0.0,0.0,0.0,0.0,0.0,0.0,2341.9204,854.0,0.0,854.0,854.0,854.0,854.0,0.0,854.0,854.0,0.0,0.0,0.0,0.0,0.0,0.0,0.0,0.0,0.0,64.0,0.0,2341.9204,0.0,0.0,0.0,0.0,0.0,0.0,0.0,0.0,0.0,0.0,1.0,0.0,0.0,0.0,0.0,0.0,0.0,0.0,64.0,0.0,0.0,0.0,0.0,0.0,0.0,2.0,0.0,0.0,0.0,251.0,-1.0,0.0,32.0,0.0,0.0,0.0,0.0,0.0,0.0,0.0,0.0
8080.0,3978.0,3.0,4.0,156.0,220.0,156.0,0.0,52.0,90.06664,185.0,0.0,55.0,88.223206,94519.86,1759.6782,663.0,519.3296,1608.0,56.0,1661.0,830.5,651.24536,1291.0,370.0,3317.0,1105.6666,909.3164,1653.0,56.0,0.0,0.0,0.0,0.0,104.0,136.0,754.1478,1005.5304,0.0,185.0,47.0,77.56472,6016.2856,0.0,0.0,0.0,1.0,0.0,0.0,0.0,0.0,1.0,53.714287,52.0,55.0,104.0,0.0,0.0,0.0,0.0,0.0,0.0,3.0,156.0,4.0,220.0,64240.0,254.0,1.0,32.0,0.0,0.0,0.0,0.0,0.0,0.0,0.0,0.0
8080.0,984.0,2.0,0.0,0.0,0.0,0.0,0.0,0.0,0.0,0.0,0.0,0.0,0.0,0.0,2032.5204,984.0,0.0,984.0,984.0,984.0,984.0,0.0,984.0,984.0,0.0,0.0,0.0,0.0,0.0,0.0,0.0,0.0,0.0,64.0,0.0,2032.5204,0.0,0.0,0.0,0.0,0.0,0.0,0.0,0.0,0.0,0.0,1.0,0.0,0.0,0.0,0.0,0.0,0.0,0.0,64.0,0.0,0.0,0.0,0.0,0.0,0.0,2.0,0.0,0.0,0.0,251.0,-1.0,0.0,32.0,0.0,0.0,0.0,0.0,0.0,0.0,0.0,0.0
8080.0,4647.0,3.0,4.0,156.0,220.0,156.0,0.0,52.0,90.06664,185.0,0.0,55.0,88.223206,80912.414,1506.3481,774.5,726.0817,2112.0,0.0,1912.0,956.0,917.8246,1605.0,307.0,3799.0,1266.3334,1117.075,2112.0,0.0,0.0,0.0,0.0,0.0,104.0,136.0,645.5778,860.7704,0.0,185.0,47.0,77.56472,6016.2856,0.0,0.0,0.0,1.0,0.0,0.0,0.0,0.0,1.0,53.714287,52.0,55.0,104.0,0.0,0.0,0.0,0.0,0.0,0.0,3.0,156.0,4.0,220.0,64240.0,254.0,1.0,32.0,0.0,0.0,0.0,0.0,0.0,0.0,0.0,0.0
8080.0,907.0,2.0,0.0,0.0,0.0,0.0,0.0,0.0,0.0,0.0,0.0,0.0,0.0,0.0,2205.0718,907.0,0.0,907.0,907.0,907.0,907.0,0.0,907.0,907.0,0.0,0.0,0.0,0.0,0.0,0.0,0.0,0.0,0.0,64.0,0.0,2205.0718,0.0,0.0,0.0,0.0,0.0,0.0,0.0,0.0,0.0,0.0,1.0,0.0,0.0,0.0,0.0,0.0,0.0,0.0,64.0,0.0,0.0,0.0,0.0,0.0,0.0,2.0,0.0,0.0,0.0,251.0,-1.0,0.0,32.0,0.0,0.0,0.0,0.0,0.0,0.0,0.0,0.0
8080.0,9095.0,3.0,4.0,156.0,220.0,156.0,0.0,52.0,90.06664,185.0,0.0,55.0,88.223206,41341.395,769.6536,1515.8334,2496.2864,6571.0,0.0,1885.0,942.5,919.9459,1593.0,292.0,8258.0,2752.6667,3412.6594,6571.0,0.0,0.0,0.0,0.0,0.0,104.0,136.0,329.85156,439.8021,0.0,185.0,47.0,77.56472,6016.2856,0.0,0.0,0.0,1.0,0.0,0.0,0.0,0.0,1.0,53.714287,52.0,55.0,104.0,0.0,0.0,0.0,0.0,0.0,0.0,3.0,156.0,4.0,220.0,64240.0,254.0,1.0,32.0,0.0,0.0,0.0,0.0,0.0,0.0,0.0,0.0
8080.0,732.0,2.0,0.0,0.0,0.0,0.0,0.0,0.0,0.0,0.0,0.0,0.0,0.0,0.0,2732.2405,732.0,0.0,732.0,732.0,732.0,732.0,0.0,732.0,732.0,0.0,0.0,0.0,0.0,0.0,0.0,0.0,0.0,0.0,64.0,0.0,2732.2405,0.0,0.0,0.0,0.0,0.0,0.0,0.0,0.0,0.0,0.0,1.0,0.0,0.0,0.0,0.0,0.0,0.0,0.0,64.0,0.0,0.0,0.0,0.0,0.0,0.0,2.0,0.0,0.0,0.0,251.0,-1.0,0.0,32.0,0.0,0.0,0.0,0.0,0.0,0.0,0.0,0.0
8080.0,6829.0,3.0,4.0,156.0,220.0,156.0,0.0,52.0,90.06664,185.0,0.0,55.0,88.223206,55059.305,1025.0403,1138.1666,1771.9152,4746.0,268.0,1358.0,679.0,581.24176,1090.0,268.0,6229.0,2076.3333,2356.4424,4746.0,286.0,0.0,0.0,0.0,0.0,104.0,136.0,439.30298,585.7373,0.0,185.0,47.0,77.56472,6016.2856,0.0,0.0,0.0,1.0,0.0,0.0,0.0,0.0,1.0,53.714287,52.0,55.0,104.0,0.0,0.0,0.0,0.0,0.0,0.0,3.0,156.0,4.0,220.0,64240.0,254.0,1.0,32.0,0.0,0.0,0.0,0.0,0.0,0.0,0.0,0.0
8080.0,693.0,2.0,0.0,0.0,0.0,0.0,0.0,0.0,0.0,0.0,0.0,0.0,0.0,0.0,2886.003,693.0,0.0,693.0,693.0,693.0,693.0,0.0,693.0,693.0,0.0,0.0,0.0,0.0,0.0,0.0,0.0,0.0,0.0,64.0,0.0,2886.003,0.0,0.0,0.0,0.0,0.0,0.0,0.0,0.0,0.0,0.0,1.0,0.0,0.0,0.0,0.0,0.0,0.0,0.0,64.0,0.0,0.0,0.0,0.0,0.0,0.0,2.0,0.0,0.0,0.0,251.0,-1.0,0.0,32.0,0.0,0.0,0.0,0.0,0.0,0.0,0.0,0.0
8080.0,2173.0,3.0,4.0,156.0,220.0,156.0,0.0,52.0,90.06664,185.0,0.0,55.0,88.223206,173032.67,3221.353,362.16666,392.2904,1140.0,87.0,653.0,326.5,338.70416,566.0,87.0,1877.0,625.6667,520.60956,1140.0,99.0,0.0,0.0,0.0,0.0,104.0,136.0,1380.5798,1840.7731,0.0,185.0,47.0,77.56472,6016.2856,0.0,0.0,0.0,1.0,0.0,0.0,0.0,0.0,1.0,53.714287,52.0,55.0,104.0,0.0,0.0,0.0,0.0,0.0,0.0,3.0,156.0,4.0,220.0,64240.0,254.0,1.0,32.0,0.0,0.0,0.0,0.0,0.0,0.0,0.0,0.0
8080.0,397.0,2.0,0.0,0.0,0.0,0.0,0.0,0.0,0.0,0.0,0.0,0.0,0.0,0.0,5037.783,397.0,0.0,397.0,397.0,397.0,397.0,0.0,397.0,397.0,0.0,0.0,0.0,0.0,0.0,0.0,0.0,0.0,0.0,64.0,0.0,5037.783,0.0,0.0,0.0,0.0,0.0,0.0,0.0,0.0,0.0,0.0,1.0,0.0,0.0,0.0,0.0,0.0,0.0,0.0,64.0,0.0,0.0,0.0,0.0,0.0,0.0,2.0,0.0,0.0,0.0,251.0,-1.0,0.0,32.0,0.0,0.0,0.0,0.0,0.0,0.0,0.0,0.0
8080.0,5576.0,3.0,4.0,156.0,220.0,156.0,0.0,52.0,90.06664,185.0,0.0,55.0,88.223206,67431.85,1255.3802,929.3333,622.1571,2122.0,446.0,2262.0,1131.0,968.73627,1816.0,446.0,4570.0,1523.3334,923.3078,2122.0,460.0,0.0,0.0,0.0,0.0,104.0,136.0,538.0201,717.3601,0.0,185.0,47.0,77.56472,6016.2856,0.0,0.0,0.0,1.0,0.0,0.0,0.0,0.0,1.0,53.714287,52.0,55.0,104.0,0.0,0.0,0.0,0.0,0.0,0.0,3.0,156.0,4.0,220.0,64240.0,254.0,1.0,32.0,0.0,0.0,0.0,0.0,0.0,0.0,0.0,0.0
8080.0,956.0,2.0,0.0,0.0,0.0,0.0,0.0,0.0,0.0,0.0,0.0,0.0,0.0,0.0,2092.0503,956.0,0.0,956.0,956.0,956.0,956.0,0.0,956.0,956.0,0.0,0.0,0.0,0.0,0.0,0.0,0.0,0.0,0.0,64.0,0.0,2092.0503,0.0,0.0,0.0,0.0,0.0,0.0,0.0,0.0,0.0,0.0,1.0,0.0,0.0,0.0,0.0,0.0,0.0,0.0,64.0,0.0,0.0,0.0,0.0,0.0,0.0,2.0,0.0,0.0,0.0,251.0,-1.0,0.0,32.0,0.0,0.0,0.0,0.0,0.0,0.0,0.0,0.0
8080.0,4734.0,3.0,4.0,156.0,220.0,156.0,0.0,52.0,90.06664,185.0,0.0,55.0,88.223206,79425.43,1478.6649,789.0,647.8639,1993.0,237.0,1948.0,974.0,1008.3343,1687.0,261.0,3839.0,1279.6666,923.16266,1993.0,237.0,0.0,0.0,0.0,0.0,104.0,136.0,633.71356,844.9514,0.0,185.0,47.0,77.56472,6016.2856,0.0,0.0,0.0,1.0,0.0,0.0,0.0,0.0,1.0,53.714287,52.0,55.0,104.0,0.0,0.0,0.0,0.0,0.0,0.0,3.0,156.0,4.0,220.0,64240.0,254.0,1.0,32.0,0.0,0.0,0.0,0.0,0.0,0.0,0.0,0.0
8080.0,1123.0,2.0,0.0,0.0,0.0,0.0,0.0,0.0,0.0,0.0,0.0,0.0,0.0,0.0,1780.9438,1123.0,0.0,1123.0,1123.0,1123.0,1123.0,0.0,1123.0,1123.0,0.0,0.0,0.0,0.0,0.0,0.0,0.0,0.0,0.0,64.0,0.0,1780.9438,0.0,0.0,0.0,0.0,0.0,0.0,0.0,0.0,0.0,0.0,1.0,0.0,0.0,0.0,0.0,0.0,0.0,0.0,64.0,0.0,0.0,0.0,0.0,0.0,0.0,2.0,0.0,0.0,0.0,251.0,-1.0,0.0,32.0,0.0,0.0,0.0,0.0,0.0,0.0,0.0,0.0
8080.0,4711.0,3.0,4.0,156.0,220.0,156.0,0.0,52.0,90.06664,185.0,0.0,55.0,88.223206,79813.2,1485.8842,785.1667,728.04,2085.0,0.0,1987.0,993.5,1067.0242,1748.0,239.0,3771.0,1257.0,1106.7235,2085.0,0.0,0.0,0.0,0.0,0.0,104.0,136.0,636.8075,849.0766,0.0,185.0,47.0,77.56472,6016.2856,0.0,0.0,0.0,1.0,0.0,0.0,0.0,0.0,1.0,53.714287,52.0,55.0,104.0,0.0,0.0,0.0,0.0,0.0,0.0,3.0,156.0,4.0,220.0,64240.0,254.0,1.0,32.0,0.0,0.0,0.0,0.0,0.0,0.0,0.0,0.0
8080.0,890.0,2.0,0.0,0.0,0.0,0.0,0.0,0.0,0.0,0.0,0.0,0.0,0.0,0.0,2247.191,890.0,0.0,890.0,890.0,890.0,890.0,0.0,890.0,890.0,0.0,0.0,0.0,0.0,0.0,0.0,0.0,0.0,0.0,64.0,0.0,2247.191,0.0,0.0,0.0,0.0,0.0,0.0,0.0,0.0,0.0,0.0,1.0,0.0,0.0,0.0,0.0,0.0,0.0,0.0,64.0,0.0,0.0,0.0,0.0,0.0,0.0,2.0,0.0,0.0,0.0,251.0,-1.0,0.0,32.0,0.0,0.0,0.0,0.0,0.0,0.0,0.0,0.0
8080.0,3467.0,3.0,4.0,156.0,220.0,156.0,0.0,52.0,90.06664,185.0,0.0,55.0,88.223206,108451.11,2019.0366,577.8333,445.91766,1406.0,130.0,1507.0,753.5,631.44635,1200.0,307.0,2797.0,932.3333,698.61316,1406.0,130.0,0.0,0.0,0.0,0.0,104.0,136.0,865.3014,1153.7352,0.0,185.0,47.0,77.56472,6016.2856,0.0,0.0,0.0,1.0,0.0,0.0,0.0,0.0,1.0,53.714287,52.0,55.0,104.0,0.0,0.0,0.0,0.0,0.0,0.0,3.0,156.0,4.0,220.0,64240.0,254.0,1.0,32.0,0.0,0.0,0.0,0.0,0.0,0.0,0.0,0.0
8080.0,866.0,2.0,0.0,0.0,0.0,0.0,0.0,0.0,0.0,0.0,0.0,0.0,0.0,0.0,2309.4688,866.0,0.0,866.0,866.0,866.0,866.0,0.0,866.0,866.0,0.0,0.0,0.0,0.0,0.0,0.0,0.0,0.0,0.0,64.0,0.0,2309.4688,0.0,0.0,0.0,0.0,0.0,0.0,0.0,0.0,0.0,0.0,1.0,0.0,0.0,0.0,0.0,0.0,0.0,0.0,64.0,0.0,0.0,0.0,0.0,0.0,0.0,2.0,0.0,0.0,0.0,251.0,-1.0,0.0,32.0,0.0,0.0,0.0,0.0,0.0,0.0,0.0,0.0
8080.0,4291.0,3.0,4.0,156.0,220.0,156.0,0.0,52.0,90.06664,185.0,0.0,55.0,88.223206,87625.266,1631.3214,715.1667,585.6642,1739.0,0.0,1896.0,948.0,825.9007,1532.0,364.0,3417.0,1139.0,986.8743,1739.0,0.0,0.0,0.0,0.0,0.0,104.0,136.0,699.13776,932.18365,0.0,185.0,47.0,77.56472,6016.2856,0.0,0.0,0.0,1.0,0.0,0.0,0.0,0.0,1.0,53.714287,52.0,55.0,104.0,0.0,0.0,0.0,0.0,0.0,0.0,3.0,156.0,4.0,220.0,64240.0,254.0,1.0,32.0,0.0,0.0,0.0,0.0,0.0,0.0,0.0,0.0
8080.0,824.0,2.0,0.0,0.0,0.0,0.0,0.0,0.0,0.0,0.0,0.0,0.0,0.0,0.0,2427.1846,824.0,0.0,824.0,824.0,824.0,824.0,0.0,824.0,824.0,0.0,0.0,0.0,0.0,0.0,0.0,0.0,0.0,0.0,64.0,0.0,2427.1846,0.0,0.0,0.0,0.0,0.0,0.0,0.0,0.0,0.0,0.0,1.0,0.0,0.0,0.0,0.0,0.0,0.0,0.0,64.0,0.0,0.0,0.0,0.0,0.0,0.0,2.0,0.0,0.0,0.0,251.0,-1.0,0.0,32.0,0.0,0.0,0.0,0.0,0.0,0.0,0.0,0.0
8080.0,7780.0,3.0,4.0,156.0,220.0,156.0,0.0,52.0,90.06664,185.0,0.0,55.0,88.223206,48329.05,899.7429,1296.6666,1794.8943,4899.0,0.0,2143.0,1071.5,890.24744,1701.0,442.0,6861.0,2287.0,2465.6174,4899.0,0.0,0.0,0.0,0.0,0.0,104.0,136.0,385.60413,514.1388,0.0,185.0,47.0,77.56472,6016.2856,0.0,0.0,0.0,1.0,0.0,0.0,0.0,0.0,1.0,53.714287,52.0,55.0,104.0,0.0,0.0,0.0,0.0,0.0,0.0,3.0,156.0,4.0,220.0,64240.0,254.0,1.0,32.0,0.0,0.0,0.0,0.0,0.0,0.0,0.0,0.0
8080.0,1015.0,2.0,0.0,0.0,0.0,0.0,0.0,0.0,0.0,0.0,0.0,0.0,0.0,0.0,1970.4434,1015.0,0.0,1015.0,1015.0,1015.0,1015.0,0.0,1015.0,1015.0,0.0,0.0,0.0,0.0,0.0,0.0,0.0,0.0,0.0,64.0,0.0,1970.4434,0.0,0.0,0.0,0.0,0.0,0.0,0.0,0.0,0.0,0.0,1.0,0.0,0.0,0.0,0.0,0.0,0.0,0.0,64.0,0.0,0.0,0.0,0.0,0.0,0.0,2.0,0.0,0.0,0.0,251.0,-1.0,0.0,32.0,0.0,0.0,0.0,0.0,0.0,0.0,0.0,0.0
8080.0,4000.0,3.0,4.0,156.0,220.0,156.0,0.0,52.0,90.06664,185.0,0.0,55.0,88.223206,94000.0,1750.0,666.6667,474.2635,1375.0,0.0,1787.0,893.5,829.4363,1480.0,307.0,3193.0,1064.3334,1193.7028,2355.0,0.0,0.0,0.0,0.0,0.0,104.0,136.0,750.0,1000.0,0.0,185.0,47.0,77.56472,6016.2856,0.0,0.0,0.0,1.0,0.0,0.0,0.0,0.0,1.0,53.714287,52.0,55.0,104.0,0.0,0.0,0.0,0.0,0.0,0.0,3.0,156.0,4.0,220.0,64240.0,254.0,1.0,32.0,0.0,0.0,0.0,0.0,0.0,0.0,0.0,0.0
8080.0,774.0,2.0,0.0,0.0,0.0,0.0,0.0,0.0,0.0,0.0,0.0,0.0,0.0,0.0,2583.9792,774.0,0.0,774.0,774.0,774.0,774.0,0.0,774.0,774.0,0.0,0.0,0.0,0.0,0.0,0.0,0.0,0.0,0.0,64.0,0.0,2583.9792,0.0,0.0,0.0,0.0,0.0,0.0,0.0,0.0,0.0,0.0,1.0,0.0,0.0,0.0,0.0,0.0,0.0,0.0,64.0,0.0,0.0,0.0,0.0,0.0,0.0,2.0,0.0,0.0,0.0,251.0,-1.0,0.0,32.0,0.0,0.0,0.0,0.0,0.0,0.0,0.0,0.0
8080.0,4781.0,3.0,4.0,156.0,220.0,156.0,0.0,52.0,90.06664,185.0,0.0,55.0,88.223206,78644.63,1464.1288,796.8333,695.4902,2037.0,1.0,2022.0,1011.0,980.05,1704.0,318.0,3874.0,1291.3334,1121.9717,2037.0,1.0,0.0,0.0,0.0,0.0,104.0,136.0,627.48376,836.6451,0.0,185.0,47.0,77.56472,6016.2856,0.0,0.0,0.0,1.0,0.0,0.0,0.0,0.0,1.0,53.714287,52.0,55.0,104.0,0.0,0.0,0.0,0.0,0.0,0.0,3.0,156.0,4.0,220.0,64240.0,254.0,1.0,32.0,0.0,0.0,0.0,0.0,0.0,0.0,0.0,0.0
8080.0,981.0,2.0,0.0,0.0,0.0,0.0,0.0,0.0,0.0,0.0,0.0,0.0,0.0,0.0,2038.736,981.0,0.0,981.0,981.0,981.0,981.0,0.0,981.0,981.0,0.0,0.0,0.0,0.0,0.0,0.0,0.0,0.0,0.0,64.0,0.0,2038.736,0.0,0.0,0.0,0.0,0.0,0.0,0.0,0.0,0.0,0.0,1.0,0.0,0.0,0.0,0.0,0.0,0.0,0.0,64.0,0.0,0.0,0.0,0.0,0.0,0.0,2.0,0.0,0.0,0.0,251.0,-1.0,0.0,32.0,0.0,0.0,0.0,0.0,0.0,0.0,0.0,0.0
8080.0,8200.0,3.0,4.0,156.0,220.0,156.0,0.0,52.0,90.06664,185.0,0.0,55.0,88.223206,45853.66,853.6585,1366.6666,1637.4761,4620.0,0.0,2703.0,1351.5,915.7033,1999.0,704.0,7256.0,2418.6667,2317.655,4620.0,0.0,0.0,0.0,0.0,0.0,104.0,136.0,365.85367,487.80487,0.0,185.0,47.0,77.56472,6016.2856,0.0,0.0,0.0,1.0,0.0,0.0,0.0,0.0,1.0,53.714287,52.0,55.0,104.0,0.0,0.0,0.0,0.0,0.0,0.0,3.0,156.0,4.0,220.0,64240.0,254.0,1.0,32.0,0.0,0.0,0.0,0.0,0.0,0.0,0.0,0.0
8080.0,1018.0,2.0,0.0,0.0,0.0,0.0,0.0,0.0,0.0,0.0,0.0,0.0,0.0,0.0,1964.6366,1018.0,0.0,1018.0,1018.0,1018.0,1018.0,0.0,1018.0,1018.0,0.0,0.0,0.0,0.0,0.0,0.0,0.0,0.0,0.0,64.0,0.0,1964.6366,0.0,0.0,0.0,0.0,0.0,0.0,0.0,0.0,0.0,0.0,1.0,0.0,0.0,0.0,0.0,0.0,0.0,0.0,64.0,0.0,0.0,0.0,0.0,0.0,0.0,2.0,0.0,0.0,0.0,251.0,-1.0,0.0,32.0,0.0,0.0,0.0,0.0,0.0,0.0,0.0,0.0
8080.0,5219.0,3.0,4.0,156.0,220.0,156.0,0.0,52.0,90.06664,185.0,0.0,55.0,88.223206,72044.45,1341.2532,869.8333,817.31744,2331.0,1.0,1995.0,997.5,1125.0068,1793.0,202.0,4289.0,1429.6666,1251.3135,2331.0,1.0,0.0,0.0,0.0,0.0,104.0,136.0,574.82275,766.43036,0.0,185.0,47.0,77.56472,6016.2856,0.0,0.0,0.0,1.0,0.0,0.0,0.0,0.0,1.0,53.714287,52.0,55.0,104.0,0.0,0.0,0.0,0.0,0.0,0.0,3.0,156.0,4.0,220.0,64240.0,254.0,1.0,32.0,0.0,0.0,0.0,0.0,0.0,0.0,0.0,0.0
8080.0,1140.0,2.0,0.0,0.0,0.0,0.0,0.0,0.0,0.0,0.0,0.0,0.0,0.0,0.0,1754.386,1140.0,0.0,1140.0,1140.0,1140.0,1140.0,0.0,1140.0,1140.0,0.0,0.0,0.0,0.0,0.0,0.0,0.0,0.0,0.0,64.0,0.0,1754.386,0.0,0.0,0.0,0.0,0.0,0.0,0.0,0.0,0.0,0.0,1.0,0.0,0.0,0.0,0.0,0.0,0.0,0.0,64.0,0.0,0.0,0.0,0.0,0.0,0.0,2.0,0.0,0.0,0.0,251.0,-1.0,0.0,32.0,0.0,0.0,0.0,0.0,0.0,0.0,0.0,0.0
8080.0,7312.0,3.0,4.0,156.0,220.0,156.0,0.0,52.0,90.06664,185.0,0.0,55.0,88.223206,51422.32,957.33044,1218.6666,1705.0432,4655.0,181.0,1808.0,904.0,953.17993,1578.0,230.0,6503.0,2167.6667,2278.6333,4655.0,181.0,0.0,0.0,0.0,0.0,104.0,136.0,410.28445,547.04596,0.0,185.0,47.0,77.56472,6016.2856,0.0,0.0,0.0,1.0,0.0,0.0,0.0,0.0,1.0,53.714287,52.0,55.0,104.0,0.0,0.0,0.0,0.0,0.0,0.0,3.0,156.0,4.0,220.0,64240.0,254.0,1.0,32.0,0.0,0.0,0.0,0.0,0.0,0.0,0.0,0.0
8080.0,723.0,2.0,0.0,0.0,0.0,0.0,0.0,0.0,0.0,0.0,0.0,0.0,0.0,0.0,2766.2517,723.0,0.0,723.0,723.0,723.0,723.0,0.0,723.0,723.0,0.0,0.0,0.0,0.0,0.0,0.0,0.0,0.0,0.0,64.0,0.0,2766.2517,0.0,0.0,0.0,0.0,0.0,0.0,0.0,0.0,0.0,0.0,1.0,0.0,0.0,0.0,0.0,0.0,0.0,0.0,64.0,0.0,0.0,0.0,0.0,0.0,0.0,2.0,0.0,0.0,0.0,251.0,-1.0,0.0,32.0,0.0,0.0,0.0,0.0,0.0,0.0,0.0,0.0
8080.0,3527.0,3.0,4.0,156.0,220.0,156.0,0.0,52.0,90.06664,185.0,0.0,55.0,88.223206,106606.18,1984.6896,587.8333,701.3397,1993.0,141.0,1038.0,519.0,534.57275,897.0,141.0,3047.0,1015.6667,920.16644,1993.0,166.0,0.0,0.0,0.0,0.0,104.0,136.0,850.58124,1134.1083,0.0,185.0,47.0,77.56472,6016.2856,0.0,0.0,0.0,1.0,0.0,0.0,0.0,0.0,1.0,53.714287,52.0,55.0,104.0,0.0,0.0,0.0,0.0,0.0,0.0,3.0,156.0,4.0,220.0,64240.0,254.0,1.0,32.0,0.0,0.0,0.0,0.0,0.0,0.0,0.0,0.0
8080.0,1032.0,2.0,0.0,0.0,0.0,0.0,0.0,0.0,0.0,0.0,0.0,0.0,0.0,0.0,1937.9845,1032.0,0.0,1032.0,1032.0,1032.0,1032.0,0.0,1032.0,1032.0,0.0,0.0,0.0,0.0,0.0,0.0,0.0,0.0,0.0,64.0,0.0,1937.9845,0.0,0.0,0.0,0.0,0.0,0.0,0.0,0.0,0.0,0.0,1.0,0.0,0.0,0.0,0.0,0.0,0.0,0.0,64.0,0.0,0.0,0.0,0.0,0.0,0.0,2.0,0.0,0.0,0.0,251.0,-1.0,0.0,32.0,0.0,0.0,0.0,0.0,0.0,0.0,0.0,0.0
8080.0,8508.0,3.0,4.0,156.0,220.0,156.0,0.0,52.0,90.06664,185.0,0.0,55.0,88.223206,44193.7,822.75507,1418.0,2190.46,5863.0,129.0,1996.0,998.0,753.7758,1531.0,465.0,7693.0,2564.3333,2962.8867,5863.0,129.0,0.0,0.0,0.0,0.0,104.0,136.0,352.6093,470.14575,0.0,185.0,47.0,77.56472,6016.2856,0.0,0.0,0.0,1.0,0.0,0.0,0.0,0.0,1.0,53.714287,52.0,55.0,104.0,0.0,0.0,0.0,0.0,0.0,0.0,3.0,156.0,4.0,220.0,64240.0,254.0,1.0,32.0,0.0,0.0,0.0,0.0,0.0,0.0,0.0,0.0
8080.0,909.0,2.0,0.0,0.0,0.0,0.0,0.0,0.0,0.0,0.0,0.0,0.0,0.0,0.0,2200.22,909.0,0.0,909.0,909.0,909.0,909.0,0.0,909.0,909.0,0.0,0.0,0.0,0.0,0.0,0.0,0.0,0.0,0.0,64.0,0.0,2200.22,0.0,0.0,0.0,0.0,0.0,0.0,0.0,0.0,0.0,0.0,1.0,0.0,0.0,0.0,0.0,0.0,0.0,0.0,64.0,0.0,0.0,0.0,0.0,0.0,0.0,2.0,0.0,0.0,0.0,251.0,-1.0,0.0,32.0,0.0,0.0,0.0,0.0,0.0,0.0,0.0,0.0
8080.0,5445.0,3.0,4.0,156.0,220.0,156.0,0.0,52.0,90.06664,185.0,0.0,55.0,88.223206,69054.18,1285.5831,907.5,831.2125,2421.0,0.0,2341.0,1170.5,1113.6932,1958.0,383.0,4514.0,1504.6666,1313.3591,2421.0,0.0,0.0,0.0,0.0,0.0,104.0,136.0,550.9642,734.6189,0.0,185.0,47.0,77.56472,6016.2856,0.0,0.0,0.0,1.0,0.0,0.0,0.0,0.0,1.0,53.714287,52.0,55.0,104.0,0.0,0.0,0.0,0.0,0.0,0.0,3.0,156.0,4.0,220.0,64240.0,254.0,1.0,32.0,0.0,0.0,0.0,0.0,0.0,0.0,0.0,0.0
8080.0,1074.0,2.0,0.0,0.0,0.0,0.0,0.0,0.0,0.0,0.0,0.0,0.0,0.0,0.0,1862.1974,1074.0,0.0,1074.0,1074.0,1074.0,1074.0,0.0,1074.0,1074.0,0.0,0.0,0.0,0.0,0.0,0.0,0.0,0.0,0.0,64.0,0.0,1862.1974,0.0,0.0,0.0,0.0,0.0,0.0,0.0,0.0,0.0,0.0,1.0,0.0,0.0,0.0,0.0,0.0,0.0,0.0,64.0,0.0,0.0,0.0,0.0,0.0,0.0,2.0,0.0,0.0,0.0,251.0,-1.0,0.0,32.0,0.0,0.0,0.0,0.0,0.0,0.0,0.0,0.0
8080.0,4470.0,3.0,4.0,156.0,220.0,156.0,0.0,52.0,90.06664,185.0,0.0,55.0,88.223206,84116.33,1565.9955,745.0,586.92694,1758.0,1.0,2044.0,1022.0,882.46924,1646.0,398.0,3602.0,1200.6666,1039.8107,1843.0,1.0,0.0,0.0,0.0,0.0,104.0,136.0,671.1409,894.8546,0.0,185.0,47.0,77.56472,6016.2856,0.0,0.0,0.0,1.0,0.0,0.0,0.0,0.0,1.0,53.714287,52.0,55.0,104.0,0.0,0.0,0.0,0.0,0.0,0.0,3.0,156.0,4.0,220.0,64240.0,254.0,1.0,32.0,0.0,0.0,0.0,0.0,0.0,0.0,0.0,0.0
8080.0,1109.0,2.0,0.0,0.0,0.0,0.0,0.0,0.0,0.0,0.0,0.0,0.0,0.0,0.0,1803.4265,1109.0,0.0,1109.0,1109.0,1109.0,1109.0,0.0,1109.0,1109.0,0.0,0.0,0.0,0.0,0.0,0.0,0.0,0.0,0.0,64.0,0.0,1803.4265,0.0,0.0,0.0,0.0,0.0,0.0,0.0,0.0,0.0,0.0,1.0,0.0,0.0,0.0,0.0,0.0,0.0,0.0,64.0,0.0,0.0,0.0,0.0,0.0,0.0,2.0,0.0,0.0,0.0,251.0,-1.0,0.0,32.0,0.0,0.0,0.0,0.0,0.0,0.0,0.0,0.0
8080.0,11295.0,3.0,4.0,156.0,220.0,156.0,0.0,52.0,90.06664,185.0,0.0,55.0,88.223206,33289.066,619.7432,1882.5,3037.922,8006.0,1.0,2767.0,1383.5,1455.9329,2413.0,354.0,10046.0,3348.6667,4160.099,8006.0,1.0,0.0,0.0,0.0,0.0,104.0,136.0,265.60425,354.139,0.0,185.0,47.0,77.56472,6016.2856,0.0,0.0,0.0,1.0,0.0,0.0,0.0,0.0,1.0,53.714287,52.0,55.0,104.0,0.0,0.0,0.0,0.0,0.0,0.0,3.0,156.0,4.0,220.0,64240.0,254.0,1.0,32.0,0.0,0.0,0.0,0.0,0.0,0.0,0.0,0.0
8080.0,1281.0,2.0,0.0,0.0,0.0,0.0,0.0,0.0,0.0,0.0,0.0,0.0,0.0,0.0,1561.2803,1281.0,0.0,1281.0,1281.0,1281.0,1281.0,0.0,1281.0,1281.0,0.0,0.0,0.0,0.0,0.0,0.0,0.0,0.0,0.0,64.0,0.0,1561.2803,0.0,0.0,0.0,0.0,0.0,0.0,0.0,0.0,0.0,0.0,1.0,0.0,0.0,0.0,0.0,0.0,0.0,0.0,64.0,0.0,0.0,0.0,0.0,0.0,0.0,2.0,0.0,0.0,0.0,251.0,-1.0,0.0,32.0,0.0,0.0,0.0,0.0,0.0,0.0,0.0,0.0
8080.0,9690.0,3.0,4.0,156.0,220.0,156.0,0.0,52.0,90.06664,185.0,0.0,55.0,88.223206,38802.89,722.3942,1615.0,2238.2441,6042.0,0.0,3053.0,1526.5,1470.075,2566.0,487.0,8014.0,2671.3333,3081.1104,6042.0,0.0,0.0,0.0,0.0,0.0,104.0,136.0,309.59753,412.7967,0.0,185.0,47.0,77.56472,6016.2856,0.0,0.0,0.0,1.0,0.0,0.0,0.0,0.0,1.0,53.714287,52.0,55.0,104.0,0.0,0.0,0.0,0.0,0.0,0.0,3.0,156.0,4.0,220.0,64240.0,254.0,1.0,32.0,0.0,0.0,0.0,0.0,0.0,0.0,0.0,0.0
8080.0,1421.0,2.0,0.0,0.0,0.0,0.0,0.0,0.0,0.0,0.0,0.0,0.0,0.0,0.0,1407.4596,1421.0,0.0,1421.0,1421.0,1421.0,1421.0,0.0,1421.0,1421.0,0.0,0.0,0.0,0.0,0.0,0.0,0.0,0.0,0.0,64.0,0.0,1407.4596,0.0,0.0,0.0,0.0,0.0,0.0,0.0,0.0,0.0,0.0,1.0,0.0,0.0,0.0,0.0,0.0,0.0,0.0,64.0,0.0,0.0,0.0,0.0,0.0,0.0,2.0,0.0,0.0,0.0,251.0,-1.0,0.0,32.0,0.0,0.0,0.0,0.0,0.0,0.0,0.0,0.0
8080.0,3265.0,3.0,4.0,156.0,220.0,156.0,0.0,52.0,90.06664,185.0,0.0,55.0,88.223206,115160.8,2143.951,544.1667,392.64865,1268.0,128.0,1541.0,770.5,521.1377,1139.0,402.0,2643.0,881.0,652.20166,1268.0,128.0,0.0,0.0,0.0,0.0,104.0,136.0,918.8361,1225.1149,0.0,185.0,47.0,77.56472,6016.2856,0.0,0.0,0.0,1.0,0.0,0.0,0.0,0.0,1.0,53.714287,52.0,55.0,104.0,0.0,0.0,0.0,0.0,0.0,0.0,3.0,156.0,4.0,220.0,64240.0,254.0,1.0,32.0,0.0,0.0,0.0,0.0,0.0,0.0,0.0,0.0
8080.0,1526.0,2.0,0.0,0.0,0.0,0.0,0.0,0.0,0.0,0.0,0.0,0.0,0.0,0.0,1310.616,1526.0,0.0,1526.0,1526.0,1526.0,1526.0,0.0,1526.0,1526.0,0.0,0.0,0.0,0.0,0.0,0.0,0.0,0.0,0.0,64.0,0.0,1310.616,0.0,0.0,0.0,0.0,0.0,0.0,0.0,0.0,0.0,0.0,1.0,0.0,0.0,0.0,0.0,0.0,0.0,0.0,64.0,0.0,0.0,0.0,0.0,0.0,0.0,2.0,0.0,0.0,0.0,251.0,-1.0,0.0,32.0,0.0,0.0,0.0,0.0,0.0,0.0,0.0,0.0
8080.0,3250.0,3.0,4.0,156.0,220.0,156.0,0.0,52.0,90.06664,185.0,0.0,55.0,88.223206,115692.305,2153.8462,541.6667,476.82855,1170.0,1.0,1377.0,688.5,949.6444,1360.0,17.0,2805.0,935.0,841.48145,1634.0,1.0,0.0,0.0,0.0,0.0,104.0,136.0,923.0769,1230.7693,0.0,185.0,47.0,77.56472,6016.2856,0.0,0.0,0.0,1.0,0.0,0.0,0.0,0.0,1.0,53.714287,52.0,55.0,104.0,0.0,0.0,0.0,0.0,0.0,0.0,3.0,156.0,4.0,220.0,64240.0,254.0,1.0,32.0,0.0,0.0,0.0,0.0,0.0,0.0,0.0,0.0
8080.0,670.0,2.0,0.0,0.0,0.0,0.0,0.0,0.0,0.0,0.0,0.0,0.0,0.0,0.0,2985.0747,670.0,0.0,670.0,670.0,670.0,670.0,0.0,670.0,670.0,0.0,0.0,0.0,0.0,0.0,0.0,0.0,0.0,0.0,64.0,0.0,2985.0747,0.0,0.0,0.0,0.0,0.0,0.0,0.0,0.0,0.0,0.0,1.0,0.0,0.0,0.0,0.0,0.0,0.0,0.0,64.0,0.0,0.0,0.0,0.0,0.0,0.0,2.0,0.0,0.0,0.0,251.0,-1.0,0.0,32.0,0.0,0.0,0.0,0.0,0.0,0.0,0.0,0.0
8080.0,3054.0,3.0,4.0,156.0,220.0,156.0,0.0,52.0,90.06664,185.0,0.0,55.0,88.223206,123117.23,2292.076,509.0,587.1249,1627.0,0.0,808.0,404.0,370.52396,666.0,142.0,2667.0,889.0,823.94354,1627.0,0.0,0.0,0.0,0.0,0.0,104.0,136.0,982.3183,1309.7577,0.0,185.0,47.0,77.56472,6016.2856,0.0,0.0,0.0,1.0,0.0,0.0,0.0,0.0,1.0,53.714287,52.0,55.0,104.0,0.0,0.0,0.0,0.0,0.0,0.0,3.0,156.0,4.0,220.0,64240.0,254.0,1.0,32.0,0.0,0.0,0.0,0.0,0.0,0.0,0.0,0.0
8080.0,469.0,2.0,0.0,0.0,0.0,0.0,0.0,0.0,0.0,0.0,0.0,0.0,0.0,0.0,4264.392,469.0,0.0,469.0,469.0,469.0,469.0,0.0,469.0,469.0,0.0,0.0,0.0,0.0,0.0,0.0,0.0,0.0,0.0,64.0,0.0,4264.392,0.0,0.0,0.0,0.0,0.0,0.0,0.0,0.0,0.0,0.0,1.0,0.0,0.0,0.0,0.0,0.0,0.0,0.0,64.0,0.0,0.0,0.0,0.0,0.0,0.0,2.0,0.0,0.0,0.0,251.0,-1.0,0.0,32.0,0.0,0.0,0.0,0.0,0.0,0.0,0.0,0.0
8080.0,4029.0,3.0,4.0,156.0,220.0,156.0,0.0,52.0,90.06664,185.0,0.0,55.0,88.223206,93323.41,1737.4038,671.5,488.92484,1521.0,138.0,1761.0,880.5,881.76215,1504.0,257.0,3289.0,1096.3334,831.7285,1630.0,138.0,0.0,0.0,0.0,0.0,104.0,136.0,744.6016,992.8022,0.0,185.0,47.0,77.56472,6016.2856,0.0,0.0,0.0,1.0,0.0,0.0,0.0,0.0,1.0,53.714287,52.0,55.0,104.0,0.0,0.0,0.0,0.0,0.0,0.0,3.0,156.0,4.0,220.0,64240.0,254.0,1.0,32.0,0.0,0.0,0.0,0.0,0.0,0.0,0.0,0.0
8080.0,930.0,2.0,0.0,0.0,0.0,0.0,0.0,0.0,0.0,0.0,0.0,0.0,0.0,0.0,2150.5376,930.0,0.0,930.0,930.0,930.0,930.0,0.0,930.0,930.0,0.0,0.0,0.0,0.0,0.0,0.0,0.0,0.0,0.0,64.0,0.0,2150.5376,0.0,0.0,0.0,0.0,0.0,0.0,0.0,0.0,0.0,0.0,1.0,0.0,0.0,0.0,0.0,0.0,0.0,0.0,64.0,0.0,0.0,0.0,0.0,0.0,0.0,2.0,0.0,0.0,0.0,251.0,-1.0,0.0,32.0,0.0,0.0,0.0,0.0,0.0,0.0,0.0,0.0
8080.0,5176.0,3.0,4.0,156.0,220.0,156.0,0.0,52.0,90.06664,185.0,0.0,55.0,88.223206,72642.97,1352.3956,862.6667,1382.1064,3656.0,1.0,1081.0,540.5,555.0788,933.0,148.0,4731.0,1577.0,1878.6998,3656.0,1.0,0.0,0.0,0.0,0.0,104.0,136.0,579.59814,772.79755,0.0,185.0,47.0,77.56472,6016.2856,0.0,0.0,0.0,1.0,0.0,0.0,0.0,0.0,1.0,53.714287,52.0,55.0,104.0,0.0,0.0,0.0,0.0,0.0,0.0,3.0,156.0,4.0,220.0,64240.0,254.0,1.0,32.0,0.0,0.0,0.0,0.0,0.0,0.0,0.0,0.0
8080.0,397.0,2.0,0.0,0.0,0.0,0.0,0.0,0.0,0.0,0.0,0.0,0.0,0.0,0.0,5037.783,397.0,0.0,397.0,397.0,397.0,397.0,0.0,397.0,397.0,0.0,0.0,0.0,0.0,0.0,0.0,0.0,0.0,0.0,64.0,0.0,5037.783,0.0,0.0,0.0,0.0,0.0,0.0,0.0,0.0,0.0,0.0,1.0,0.0,0.0,0.0,0.0,0.0,0.0,0.0,64.0,0.0,0.0,0.0,0.0,0.0,0.0,2.0,0.0,0.0,0.0,251.0,-1.0,0.0,32.0,0.0,0.0,0.0,0.0,0.0,0.0,0.0,0.0
8080.0,4871.0,3.0,4.0,156.0,220.0,156.0,0.0,52.0,90.06664,185.0,0.0,55.0,88.223206,77191.54,1437.0765,811.8333,589.06616,1414.0,0.0,2772.0,1386.0,1585.3334,2507.0,265.0,3681.0,1227.0,1145.0105,2267.0,0.0,0.0,0.0,0.0,0.0,104.0,136.0,615.88995,821.1866,0.0,185.0,47.0,77.56472,6016.2856,0.0,0.0,0.0,1.0,0.0,0.0,0.0,0.0,1.0,53.714287,52.0,55.0,104.0,0.0,0.0,0.0,0.0,0.0,0.0,3.0,156.0,4.0,220.0,64240.0,254.0,1.0,32.0,0.0,0.0,0.0,0.0,0.0,0.0,0.0,0.0
8080.0,805.0,2.0,0.0,0.0,0.0,0.0,0.0,0.0,0.0,0.0,0.0,0.0,0.0,0.0,2484.4722,805.0,0.0,805.0,805.0,805.0,805.0,0.0,805.0,805.0,0.0,0.0,0.0,0.0,0.0,0.0,0.0,0.0,0.0,64.0,0.0,2484.4722,0.0,0.0,0.0,0.0,0.0,0.0,0.0,0.0,0.0,0.0,1.0,0.0,0.0,0.0,0.0,0.0,0.0,0.0,64.0,0.0,0.0,0.0,0.0,0.0,0.0,2.0,0.0,0.0,0.0,251.0,-1.0,0.0,32.0,0.0,0.0,0.0,0.0,0.0,0.0,0.0,0.0
8080.0,8606.0,3.0,4.0,156.0,220.0,156.0,0.0,52.0,90.06664,185.0,0.0,55.0,88.223206,43690.45,813.386,1434.3334,2521.6548,6545.0,0.0,1494.0,747.0,793.3738,1308.0,186.0,7741.0,2580.3333,3485.1887,6545.0,0.0,0.0,0.0,0.0,0.0,104.0,136.0,348.594,464.792,0.0,185.0,47.0,77.56472,6016.2856,0.0,0.0,0.0,1.0,0.0,0.0,0.0,0.0,1.0,53.714287,52.0,55.0,104.0,0.0,0.0,0.0,0.0,0.0,0.0,3.0,156.0,4.0,220.0,64240.0,254.0,1.0,32.0,0.0,0.0,0.0,0.0,0.0,0.0,0.0,0.0
8080.0,760.0,2.0,0.0,0.0,0.0,0.0,0.0,0.0,0.0,0.0,0.0,0.0,0.0,0.0,2631.5789,760.0,0.0,760.0,760.0,760.0,760.0,0.0,760.0,760.0,0.0,0.0,0.0,0.0,0.0,0.0,0.0,0.0,0.0,64.0,0.0,2631.5789,0.0,0.0,0.0,0.0,0.0,0.0,0.0,0.0,0.0,0.0,1.0,0.0,0.0,0.0,0.0,0.0,0.0,0.0,64.0,0.0,0.0,0.0,0.0,0.0,0.0,2.0,0.0,0.0,0.0,251.0,-1.0,0.0,32.0,0.0,0.0,0.0,0.0,0.0,0.0,0.0,0.0
8080.0,4061.0,4.0,5.0,156.0,220.0,156.0,0.0,39.0,78.0,185.0,0.0,44.0,80.26518,92588.03,2216.203,507.625,124.117386,644.0,330.0,3075.0,1025.0,553.23865,1561.0,456.0,3491.0,872.75,455.32947,1555.0,620.0,0.0,0.0,0.0,0.0,136.0,168.0,984.97906,1231.2239,0.0,185.0,37.6,71.218285,5072.0444,0.0,0.0,0.0,1.0,0.0,0.0,0.0,0.0,1.0,41.77778,39.0,44.0,136.0,0.0,0.0,0.0,0.0,0.0,0.0,4.0,156.0,5.0,220.0,64240.0,254.0,1.0,32.0,0.0,0.0,0.0,0.0,0.0,0.0,0.0,0.0
8080.0,315.0,2.0,0.0,0.0,0.0,0.0,0.0,0.0,0.0,0.0,0.0,0.0,0.0,0.0,6349.2065,315.0,0.0,315.0,315.0,315.0,315.0,0.0,315.0,315.0,0.0,0.0,0.0,0.0,0.0,0.0,0.0,0.0,0.0,64.0,0.0,6349.2065,0.0,0.0,0.0,0.0,0.0,0.0,0.0,0.0,0.0,0.0,1.0,0.0,0.0,0.0,0.0,0.0,0.0,0.0,64.0,0.0,0.0,0.0,0.0,0.0,0.0,2.0,0.0,0.0,0.0,251.0,-1.0,0.0,32.0,0.0,0.0,0.0,0.0,0.0,0.0,0.0,0.0
8080.0,4468.0,4.0,4.0,156.0,220.0,156.0,0.0,39.0,78.0,185.0,0.0,55.0,88.223206,84153.984,1790.5103,638.2857,627.683,1890.0,22.0,4446.0,1482.0,1742.8944,3451.0,137.0,4111.0,1370.3334,488.7027,1890.0,920.0,0.0,0.0,0.0,0.0,136.0,136.0,895.2551,895.2551,0.0,185.0,41.77778,74.22732,5509.6943,0.0,0.0,0.0,1.0,0.0,0.0,0.0,0.0,1.0,47.0,39.0,55.0,136.0,0.0,0.0,0.0,0.0,0.0,0.0,4.0,156.0,4.0,220.0,64240.0,254.0,1.0,32.0,0.0,0.0,0.0,0.0,0.0,0.0,0.0,0.0
8080.0,4415.0,3.0,4.0,156.0,220.0,156.0,0.0,52.0,90.06664,185.0,0.0,55.0,88.223206,85164.21,1585.5039,735.8333,519.4321,1514.0,0.0,2149.0,1074.5,990.6566,1775.0,374.0,3639.0,1213.0,1094.0096,2125.0,0.0,0.0,0.0,0.0,0.0,104.0,136.0,679.5017,906.00226,0.0,185.0,47.0,77.56472,6016.2856,0.0,0.0,0.0,1.0,0.0,0.0,0.0,0.0,1.0,53.714287,52.0,55.0,104.0,0.0,0.0,0.0,0.0,0.0,0.0,3.0,156.0,4.0,220.0,64240.0,254.0,1.0,32.0,0.0,0.0,0.0,0.0,0.0,0.0,0.0,0.0
8080.0,921.0,2.0,0.0,0.0,0.0,0.0,0.0,0.0,0.0,0.0,0.0,0.0,0.0,0.0,2171.5527,921.0,0.0,921.0,921.0,921.0,921.0,0.0,921.0,921.0,0.0,0.0,0.0,0.0,0.0,0.0,0.0,0.0,0.0,64.0,0.0,2171.5527,0.0,0.0,0.0,0.0,0.0,0.0,0.0,0.0,0.0,0.0,1.0,0.0,0.0,0.0,0.0,0.0,0.0,0.0,64.0,0.0,0.0,0.0,0.0,0.0,0.0,2.0,0.0,0.0,0.0,251.0,-1.0,0.0,32.0,0.0,0.0,0.0,0.0,0.0,0.0,0.0,0.0
8080.0,4745.0,3.0,4.0,156.0,220.0,156.0,0.0,52.0,90.06664,185.0,0.0,55.0,88.223206,79241.305,1475.237,790.8333,656.549,1920.0,0.0,2122.0,1061.0,1049.3464,1803.0,319.0,3841.0,1280.3334,1108.8013,1921.0,0.0,0.0,0.0,0.0,0.0,104.0,136.0,632.24445,842.9926,0.0,185.0,47.0,77.56472,6016.2856,0.0,0.0,0.0,1.0,0.0,0.0,0.0,0.0,1.0,53.714287,52.0,55.0,104.0,0.0,0.0,0.0,0.0,0.0,0.0,3.0,156.0,4.0,220.0,64240.0,254.0,1.0,32.0,0.0,0.0,0.0,0.0,0.0,0.0,0.0,0.0
8080.0,1127.0,2.0,0.0,0.0,0.0,0.0,0.0,0.0,0.0,0.0,0.0,0.0,0.0,0.0,1774.6229,1127.0,0.0,1127.0,1127.0,1127.0,1127.0,0.0,1127.0,1127.0,0.0,0.0,0.0,0.0,0.0,0.0,0.0,0.0,0.0,64.0,0.0,1774.6229,0.0,0.0,0.0,0.0,0.0,0.0,0.0,0.0,0.0,0.0,1.0,0.0,0.0,0.0,0.0,0.0,0.0,0.0,64.0,0.0,0.0,0.0,0.0,0.0,0.0,2.0,0.0,0.0,0.0,251.0,-1.0,0.0,32.0,0.0,0.0,0.0,0.0,0.0,0.0,0.0,0.0
8080.0,4305.0,3.0,4.0,156.0,220.0,156.0,0.0,52.0,90.06664,185.0,0.0,55.0,88.223206,87340.305,1626.0162,717.5,560.1381,1606.0,1.0,1999.0,999.5,1057.1246,1747.0,252.0,3420.0,1140.0,991.81805,1813.0,1.0,0.0,0.0,0.0,0.0,104.0,136.0,696.86414,929.15216,0.0,185.0,47.0,77.56472,6016.2856,0.0,0.0,0.0,1.0,0.0,0.0,0.0,0.0,1.0,53.714287,52.0,55.0,104.0,0.0,0.0,0.0,0.0,0.0,0.0,3.0,156.0,4.0,220.0,64240.0,254.0,1.0,32.0,0.0,0.0,0.0,0.0,0.0,0.0,0.0,0.0
8080.0,1351.0,2.0,0.0,0.0,0.0,0.0,0.0,0.0,0.0,0.0,0.0,0.0,0.0,0.0,1480.3849,1351.0,0.0,1351.0,1351.0,1351.0,1351.0,0.0,1351.0,1351.0,0.0,0.0,0.0,0.0,0.0,0.0,0.0,0.0,0.0,64.0,0.0,1480.3849,0.0,0.0,0.0,0.0,0.0,0.0,0.0,0.0,0.0,0.0,1.0,0.0,0.0,0.0,0.0,0.0,0.0,0.0,64.0,0.0,0.0,0.0,0.0,0.0,0.0,2.0,0.0,0.0,0.0,251.0,-1.0,0.0,32.0,0.0,0.0,0.0,0.0,0.0,0.0,0.0,0.0
8080.0,4458.0,3.0,4.0,156.0,220.0,156.0,0.0,52.0,90.06664,185.0,0.0,55.0,88.223206,84342.76,1570.2108,743.0,535.6697,1723.0,256.0,1892.0,946.0,920.653,1597.0,295.0,3605.0,1201.6666,820.4062,1723.0,256.0,0.0,0.0,0.0,0.0,104.0,136.0,672.9475,897.26337,0.0,185.0,47.0,77.56472,6016.2856,0.0,0.0,0.0,1.0,0.0,0.0,0.0,0.0,1.0,53.714287,52.0,55.0,104.0,0.0,0.0,0.0,0.0,0.0,0.0,3.0,156.0,4.0,220.0,64240.0,254.0,1.0,32.0,0.0,0.0,0.0,0.0,0.0,0.0,0.0,0.0
8080.0,1027.0,2.0,0.0,0.0,0.0,0.0,0.0,0.0,0.0,0.0,0.0,0.0,0.0,0.0,1947.4197,1027.0,0.0,1027.0,1027.0,1027.0,1027.0,0.0,1027.0,1027.0,0.0,0.0,0.0,0.0,0.0,0.0,0.0,0.0,0.0,64.0,0.0,1947.4197,0.0,0.0,0.0,0.0,0.0,0.0,0.0,0.0,0.0,0.0,1.0,0.0,0.0,0.0,0.0,0.0,0.0,0.0,64.0,0.0,0.0,0.0,0.0,0.0,0.0,2.0,0.0,0.0,0.0,251.0,-1.0,0.0,32.0,0.0,0.0,0.0,0.0,0.0,0.0,0.0,0.0
8080.0,3907.0,3.0,4.0,156.0,220.0,156.0,0.0,52.0,90.06664,185.0,0.0,55.0,88.223206,96237.52,1791.656,651.1667,596.65515,1697.0,0.0,1535.0,767.5,801.152,1334.0,201.0,3069.0,1023.0,900.7236,1697.0,0.0,0.0,0.0,0.0,0.0,104.0,136.0,767.8526,1023.8034,0.0,185.0,47.0,77.56472,6016.2856,0.0,0.0,0.0,1.0,0.0,0.0,0.0,0.0,1.0,53.714287,52.0,55.0,104.0,0.0,0.0,0.0,0.0,0.0,0.0,3.0,156.0,4.0,220.0,64240.0,254.0,1.0,32.0,0.0,0.0,0.0,0.0,0.0,0.0,0.0,0.0
8080.0,897.0,2.0,0.0,0.0,0.0,0.0,0.0,0.0,0.0,0.0,0.0,0.0,0.0,0.0,2229.6543,897.0,0.0,897.0,897.0,897.0,897.0,0.0,897.0,897.0,0.0,0.0,0.0,0.0,0.0,0.0,0.0,0.0,0.0,64.0,0.0,2229.6543,0.0,0.0,0.0,0.0,0.0,0.0,0.0,0.0,0.0,0.0,1.0,0.0,0.0,0.0,0.0,0.0,0.0,0.0,64.0,0.0,0.0,0.0,0.0,0.0,0.0,2.0,0.0,0.0,0.0,251.0,-1.0,0.0,32.0,0.0,0.0,0.0,0.0,0.0,0.0,0.0,0.0
8080.0,4861.0,3.0,4.0,156.0,220.0,156.0,0.0,52.0,90.06664,185.0,0.0,55.0,88.223206,77350.336,1440.033,810.1667,608.9658,1805.0,1.0,2346.0,1173.0,1062.0743,1924.0,422.0,3862.0,1287.3334,1121.0443,2056.0,1.0,0.0,0.0,0.0,0.0,104.0,136.0,617.157,822.876,0.0,185.0,47.0,77.56472,6016.2856,0.0,0.0,0.0,1.0,0.0,0.0,0.0,0.0,1.0,53.714287,52.0,55.0,104.0,0.0,0.0,0.0,0.0,0.0,0.0,3.0,156.0,4.0,220.0,64240.0,254.0,1.0,32.0,0.0,0.0,0.0,0.0,0.0,0.0,0.0,0.0
8080.0,1092.0,2.0,0.0,0.0,0.0,0.0,0.0,0.0,0.0,0.0,0.0,0.0,0.0,0.0,1831.5018,1092.0,0.0,1092.0,1092.0,1092.0,1092.0,0.0,1092.0,1092.0,0.0,0.0,0.0,0.0,0.0,0.0,0.0,0.0,0.0,64.0,0.0,1831.5018,0.0,0.0,0.0,0.0,0.0,0.0,0.0,0.0,0.0,0.0,1.0,0.0,0.0,0.0,0.0,0.0,0.0,0.0,64.0,0.0,0.0,0.0,0.0,0.0,0.0,2.0,0.0,0.0,0.0,251.0,-1.0,0.0,32.0,0.0,0.0,0.0,0.0,0.0,0.0,0.0,0.0
8080.0,4891.0,3.0,4.0,156.0,220.0,156.0,0.0,52.0,90.06664,185.0,0.0,55.0,88.223206,76875.89,1431.2002,815.1667,623.7812,1871.0,0.0,2261.0,1130.5,982.1713,1825.0,436.0,3992.0,1330.6666,1159.1506,2121.0,0.0,0.0,0.0,0.0,0.0,104.0,136.0,613.3715,817.8287,0.0,185.0,47.0,77.56472,6016.2856,0.0,0.0,0.0,1.0,0.0,0.0,0.0,0.0,1.0,53.714287,52.0,55.0,104.0,0.0,0.0,0.0,0.0,0.0,0.0,3.0,156.0,4.0,220.0,64240.0,254.0,1.0,32.0,0.0,0.0,0.0,0.0,0.0,0.0,0.0,0.0
8080.0,1087.0,2.0,0.0,0.0,0.0,0.0,0.0,0.0,0.0,0.0,0.0,0.0,0.0,0.0,1839.9264,1087.0,0.0,1087.0,1087.0,1087.0,1087.0,0.0,1087.0,1087.0,0.0,0.0,0.0,0.0,0.0,0.0,0.0,0.0,0.0,64.0,0.0,1839.9264,0.0,0.0,0.0,0.0,0.0,0.0,0.0,0.0,0.0,0.0,1.0,0.0,0.0,0.0,0.0,0.0,0.0,0.0,64.0,0.0,0.0,0.0,0.0,0.0,0.0,2.0,0.0,0.0,0.0,251.0,-1.0,0.0,32.0,0.0,0.0,0.0,0.0,0.0,0.0,0.0,0.0
8080.0,7764.0,3.0,4.0,156.0,220.0,156.0,0.0,52.0,90.06664,185.0,0.0,55.0,88.223206,48428.645,901.5971,1294.0,1473.107,4200.0,318.0,2370.0,1185.0,1117.2288,1975.0,395.0,6401.0,2133.6667,1953.1017,4200.0,318.0,0.0,0.0,0.0,0.0,104.0,136.0,386.39877,515.19836,0.0,185.0,47.0,77.56472,6016.2856,0.0,0.0,0.0,1.0,0.0,0.0,0.0,0.0,1.0,53.714287,52.0,55.0,104.0,0.0,0.0,0.0,0.0,0.0,0.0,3.0,156.0,4.0,220.0,64240.0,254.0,1.0,32.0,0.0,0.0,0.0,0.0,0.0,0.0,0.0,0.0
8080.0,679.0,2.0,0.0,0.0,0.0,0.0,0.0,0.0,0.0,0.0,0.0,0.0,0.0,0.0,2945.508,679.0,0.0,679.0,679.0,679.0,679.0,0.0,679.0,679.0,0.0,0.0,0.0,0.0,0.0,0.0,0.0,0.0,0.0,64.0,0.0,2945.508,0.0,0.0,0.0,0.0,0.0,0.0,0.0,0.0,0.0,0.0,1.0,0.0,0.0,0.0,0.0,0.0,0.0,0.0,64.0,0.0,0.0,0.0,0.0,0.0,0.0,2.0,0.0,0.0,0.0,251.0,-1.0,0.0,32.0,0.0,0.0,0.0,0.0,0.0,0.0,0.0,0.0
8080.0,7275.0,3.0,4.0,156.0,220.0,156.0,0.0,52.0,90.06664,185.0,0.0,55.0,88.223206,51683.848,962.19934,1212.5,1690.3451,4604.0,0.0,2089.0,1044.5,887.419,1672.0,417.0,6444.0,2148.0,2317.402,4604.0,0.0,0.0,0.0,0.0,0.0,104.0,136.0,412.37112,549.8282,0.0,185.0,47.0,77.56472,6016.2856,0.0,0.0,0.0,1.0,0.0,0.0,0.0,0.0,1.0,53.714287,52.0,55.0,104.0,0.0,0.0,0.0,0.0,0.0,0.0,3.0,156.0,4.0,220.0,64240.0,254.0,1.0,32.0,0.0,0.0,0.0,0.0,0.0,0.0,0.0,0.0
8080.0,913.0,2.0,0.0,0.0,0.0,0.0,0.0,0.0,0.0,0.0,0.0,0.0,0.0,0.0,2190.5806,913.0,0.0,913.0,913.0,913.0,913.0,0.0,913.0,913.0,0.0,0.0,0.0,0.0,0.0,0.0,0.0,0.0,0.0,64.0,0.0,2190.5806,0.0,0.0,0.0,0.0,0.0,0.0,0.0,0.0,0.0,0.0,1.0,0.0,0.0,0.0,0.0,0.0,0.0,0.0,64.0,0.0,0.0,0.0,0.0,0.0,0.0,2.0,0.0,0.0,0.0,251.0,-1.0,0.0,32.0,0.0,0.0,0.0,0.0,0.0,0.0,0.0,0.0
8080.0,4379.0,3.0,4.0,156.0,220.0,156.0,0.0,52.0,90.06664,185.0,0.0,55.0,88.223206,85864.35,1598.5385,729.8333,543.7924,1610.0,1.0,1911.0,955.5,861.9632,1565.0,346.0,3554.0,1184.6666,1038.5193,1943.0,1.0,0.0,0.0,0.0,0.0,104.0,136.0,685.0879,913.45056,0.0,185.0,47.0,77.56472,6016.2856,0.0,0.0,0.0,1.0,0.0,0.0,0.0,0.0,1.0,53.714287,52.0,55.0,104.0,0.0,0.0,0.0,0.0,0.0,0.0,3.0,156.0,4.0,220.0,64240.0,254.0,1.0,32.0,0.0,0.0,0.0,0.0,0.0,0.0,0.0,0.0
8080.0,1096.0,2.0,0.0,0.0,0.0,0.0,0.0,0.0,0.0,0.0,0.0,0.0,0.0,0.0,1824.8175,1096.0,0.0,1096.0,1096.0,1096.0,1096.0,0.0,1096.0,1096.0,0.0,0.0,0.0,0.0,0.0,0.0,0.0,0.0,0.0,64.0,0.0,1824.8175,0.0,0.0,0.0,0.0,0.0,0.0,0.0,0.0,0.0,0.0,1.0,0.0,0.0,0.0,0.0,0.0,0.0,0.0,64.0,0.0,0.0,0.0,0.0,0.0,0.0,2.0,0.0,0.0,0.0,251.0,-1.0,0.0,32.0,0.0,0.0,0.0,0.0,0.0,0.0,0.0,0.0
8080.0,5568.0,3.0,4.0,156.0,220.0,156.0,0.0,52.0,90.06664,185.0,0.0,55.0,88.223206,67528.734,1257.184,928.0,749.8771,1880.0,0.0,2944.0,1472.0,1602.304,2605.0,339.0,3828.0,1276.0,1105.5713,1948.0,0.0,0.0,0.0,0.0,0.0,104.0,136.0,538.7931,718.3908,0.0,185.0,47.0,77.56472,6016.2856,0.0,0.0,0.0,1.0,0.0,0.0,0.0,0.0,1.0,53.714287,52.0,55.0,104.0,0.0,0.0,0.0,0.0,0.0,0.0,3.0,156.0,4.0,220.0,64240.0,254.0,1.0,32.0,0.0,0.0,0.0,0.0,0.0,0.0,0.0,0.0
8080.0,627.0,2.0,0.0,0.0,0.0,0.0,0.0,0.0,0.0,0.0,0.0,0.0,0.0,0.0,3189.7927,627.0,0.0,627.0,627.0,627.0,627.0,0.0,627.0,627.0,0.0,0.0,0.0,0.0,0.0,0.0,0.0,0.0,0.0,64.0,0.0,3189.7927,0.0,0.0,0.0,0.0,0.0,0.0,0.0,0.0,0.0,0.0,1.0,0.0,0.0,0.0,0.0,0.0,0.0,0.0,64.0,0.0,0.0,0.0,0.0,0.0,0.0,2.0,0.0,0.0,0.0,251.0,-1.0,0.0,32.0,0.0,0.0,0.0,0.0,0.0,0.0,0.0,0.0
8080.0,2381.0,3.0,4.0,156.0,220.0,156.0,0.0,52.0,90.06664,185.0,0.0,55.0,88.223206,157916.84,2939.9412,396.83334,326.2989,954.0,1.0,1043.0,521.5,522.55194,891.0,152.0,1922.0,640.6667,554.00574,967.0,1.0,0.0,0.0,0.0,0.0,104.0,136.0,1259.9749,1679.9664,0.0,185.0,47.0,77.56472,6016.2856,0.0,0.0,0.0,1.0,0.0,0.0,0.0,0.0,1.0,53.714287,52.0,55.0,104.0,0.0,0.0,0.0,0.0,0.0,0.0,3.0,156.0,4.0,220.0,64240.0,254.0,1.0,32.0,0.0,0.0,0.0,0.0,0.0,0.0,0.0,0.0
8080.0,555.0,2.0,0.0,0.0,0.0,0.0,0.0,0.0,0.0,0.0,0.0,0.0,0.0,0.0,3603.6035,555.0,0.0,555.0,555.0,555.0,555.0,0.0,555.0,555.0,0.0,0.0,0.0,0.0,0.0,0.0,0.0,0.0,0.0,64.0,0.0,3603.6035,0.0,0.0,0.0,0.0,0.0,0.0,0.0,0.0,0.0,0.0,1.0,0.0,0.0,0.0,0.0,0.0,0.0,0.0,64.0,0.0,0.0,0.0,0.0,0.0,0.0,2.0,0.0,0.0,0.0,251.0,-1.0,0.0,32.0,0.0,0.0,0.0,0.0,0.0,0.0,0.0,0.0
8080.0,17736.0,3.0,4.0,156.0,220.0,156.0,0.0,52.0,90.06664,185.0,0.0,55.0,88.223206,21199.82,394.6775,2956.0,6262.3755,15729.0,0.0,1483.0,741.5,710.64233,1244.0,239.0,17053.0,5684.3335,8724.09,15729.0,0.0,0.0,0.0,0.0,0.0,104.0,136.0,169.14749,225.53,0.0,185.0,47.0,77.56472,6016.2856,0.0,0.0,0.0,1.0,0.0,0.0,0.0,0.0,1.0,53.714287,52.0,55.0,104.0,0.0,0.0,0.0,0.0,0.0,0.0,3.0,156.0,4.0,220.0,64240.0,254.0,1.0,32.0,0.0,0.0,0.0,0.0,0.0,0.0,0.0,0.0
36210.0,1229.0,1.0,3.0,35.0,0.0,35.0,35.0,35.0,0.0,0.0,0.0,0.0,0.0,28478.438,3254.6787,409.66666,384.82767,785.0,16.0,0.0,0.0,0.0,0.0,0.0,801.0,400.5,543.76514,785.0,16.0,1.0,0.0,0.0,0.0,32.0,108.0,813.6697,2441.009,0.0,35.0,14.0,19.17029,367.5,0.0,1.0,0.0,0.0,1.0,1.0,0.0,0.0,3.0,17.5,35.0,0.0,32.0,0.0,0.0,0.0,0.0,0.0,0.0,1.0,35.0,3.0,0.0,254.0,251.0,0.0,32.0,0.0,0.0,0.0,0.0,0.0,0.0,0.0,0.0
8080.0,2962.0,3.0,4.0,156.0,220.0,156.0,0.0,52.0,90.06664,185.0,0.0,55.0,88.223206,126941.26,2363.268,493.66666,586.07227,1638.0,1.0,1026.0,513.0,503.46002,869.0,157.0,2472.0,824.0,818.5371,1638.0,1.0,0.0,0.0,0.0,0.0,104.0,136.0,1012.82916,1350.4388,0.0,185.0,47.0,77.56472,6016.2856,0.0,0.0,0.0,1.0,0.0,0.0,0.0,0.0,1.0,53.714287,52.0,55.0,104.0,0.0,0.0,0.0,0.0,0.0,0.0,3.0,156.0,4.0,220.0,64240.0,254.0,1.0,32.0,0.0,0.0,0.0,0.0,0.0,0.0,0.0,0.0
8080.0,697.0,2.0,0.0,0.0,0.0,0.0,0.0,0.0,0.0,0.0,0.0,0.0,0.0,0.0,2869.4404,697.0,0.0,697.0,697.0,697.0,697.0,0.0,697.0,697.0,0.0,0.0,0.0,0.0,0.0,0.0,0.0,0.0,0.0,64.0,0.0,2869.4404,0.0,0.0,0.0,0.0,0.0,0.0,0.0,0.0,0.0,0.0,1.0,0.0,0.0,0.0,0.0,0.0,0.0,0.0,64.0,0.0,0.0,0.0,0.0,0.0,0.0,2.0,0.0,0.0,0.0,251.0,-1.0,0.0,32.0,0.0,0.0,0.0,0.0,0.0,0.0,0.0,0.0
8080.0,5504.0,3.0,4.0,156.0,220.0,156.0,0.0,52.0,90.06664,185.0,0.0,55.0,88.223206,68313.95,1271.8024,917.3333,883.9843,2555.0,0.0,2098.0,1049.0,1043.6896,1787.0,311.0,4538.0,1512.6666,1340.864,2555.0,0.0,0.0,0.0,0.0,0.0,104.0,136.0,545.05817,726.7442,0.0,185.0,47.0,77.56472,6016.2856,0.0,0.0,0.0,1.0,0.0,0.0,0.0,0.0,1.0,53.714287,52.0,55.0,104.0,0.0,0.0,0.0,0.0,0.0,0.0,3.0,156.0,4.0,220.0,64240.0,254.0,1.0,32.0,0.0,0.0,0.0,0.0,0.0,0.0,0.0,0.0
8080.0,998.0,2.0,0.0,0.0,0.0,0.0,0.0,0.0,0.0,0.0,0.0,0.0,0.0,0.0,2004.008,998.0,0.0,998.0,998.0,998.0,998.0,0.0,998.0,998.0,0.0,0.0,0.0,0.0,0.0,0.0,0.0,0.0,0.0,64.0,0.0,2004.008,0.0,0.0,0.0,0.0,0.0,0.0,0.0,0.0,0.0,0.0,1.0,0.0,0.0,0.0,0.0,0.0,0.0,0.0,64.0,0.0,0.0,0.0,0.0,0.0,0.0,2.0,0.0,0.0,0.0,251.0,-1.0,0.0,32.0,0.0,0.0,0.0,0.0,0.0,0.0,0.0,0.0
8080.0,4414.0,3.0,4.0,156.0,220.0,156.0,0.0,52.0,90.06664,185.0,0.0,55.0,88.223206,85183.51,1585.8632,735.6667,416.36746,1502.0,376.0,1945.0,972.5,820.951,1553.0,392.0,3575.0,1191.6666,713.0851,1697.0,376.0,0.0,0.0,0.0,0.0,104.0,136.0,679.65564,906.2075,0.0,185.0,47.0,77.56472,6016.2856,0.0,0.0,0.0,1.0,0.0,0.0,0.0,0.0,1.0,53.714287,52.0,55.0,104.0,0.0,0.0,0.0,0.0,0.0,0.0,3.0,156.0,4.0,220.0,64240.0,254.0,1.0,32.0,0.0,0.0,0.0,0.0,0.0,0.0,0.0,0.0
8080.0,876.0,2.0,0.0,0.0,0.0,0.0,0.0,0.0,0.0,0.0,0.0,0.0,0.0,0.0,2283.105,876.0,0.0,876.0,876.0,876.0,876.0,0.0,876.0,876.0,0.0,0.0,0.0,0.0,0.0,0.0,0.0,0.0,0.0,64.0,0.0,2283.105,0.0,0.0,0.0,0.0,0.0,0.0,0.0,0.0,0.0,0.0,1.0,0.0,0.0,0.0,0.0,0.0,0.0,0.0,64.0,0.0,0.0,0.0,0.0,0.0,0.0,2.0,0.0,0.0,0.0,251.0,-1.0,0.0,32.0,0.0,0.0,0.0,0.0,0.0,0.0,0.0,0.0
8080.0,8519.0,3.0,4.0,156.0,220.0,156.0,0.0,52.0,90.06664,185.0,0.0,55.0,88.223206,44136.637,821.6927,1419.8334,2681.9873,6879.0,0.0,1225.0,612.5,573.4636,1018.0,207.0,8069.0,2689.6667,3676.5352,6879.0,0.0,0.0,0.0,0.0,0.0,104.0,136.0,352.15402,469.53867,0.0,185.0,47.0,77.56472,6016.2856,0.0,0.0,0.0,1.0,0.0,0.0,0.0,0.0,1.0,53.714287,52.0,55.0,104.0,0.0,0.0,0.0,0.0,0.0,0.0,3.0,156.0,4.0,220.0,64240.0,254.0,1.0,32.0,0.0,0.0,0.0,0.0,0.0,0.0,0.0,0.0
8080.0,573.0,2.0,0.0,0.0,0.0,0.0,0.0,0.0,0.0,0.0,0.0,0.0,0.0,0.0,3490.4014,573.0,0.0,573.0,573.0,573.0,573.0,0.0,573.0,573.0,0.0,0.0,0.0,0.0,0.0,0.0,0.0,0.0,0.0,64.0,0.0,3490.4014,0.0,0.0,0.0,0.0,0.0,0.0,0.0,0.0,0.0,0.0,1.0,0.0,0.0,0.0,0.0,0.0,0.0,0.0,64.0,0.0,0.0,0.0,0.0,0.0,0.0,2.0,0.0,0.0,0.0,251.0,-1.0,0.0,32.0,0.0,0.0,0.0,0.0,0.0,0.0,0.0,0.0
8080.0,6511.0,3.0,4.0,156.0,220.0,156.0,0.0,52.0,90.06664,185.0,0.0,55.0,88.223206,57748.426,1075.1036,1085.1666,420.0159,1839.0,586.0,2812.0,1406.0,1159.6552,2226.0,586.0,5363.0,1787.6666,754.31116,2515.0,1009.0,0.0,0.0,0.0,0.0,104.0,136.0,460.75873,614.345,0.0,185.0,47.0,77.56472,6016.2856,0.0,0.0,0.0,1.0,0.0,0.0,0.0,0.0,1.0,53.714287,52.0,55.0,104.0,0.0,0.0,0.0,0.0,0.0,0.0,3.0,156.0,4.0,220.0,64240.0,254.0,1.0,32.0,0.0,0.0,0.0,0.0,0.0,0.0,0.0,0.0
8080.0,929.0,2.0,0.0,0.0,0.0,0.0,0.0,0.0,0.0,0.0,0.0,0.0,0.0,0.0,2152.8525,929.0,0.0,929.0,929.0,929.0,929.0,0.0,929.0,929.0,0.0,0.0,0.0,0.0,0.0,0.0,0.0,0.0,0.0,64.0,0.0,2152.8525,0.0,0.0,0.0,0.0,0.0,0.0,0.0,0.0,0.0,0.0,1.0,0.0,0.0,0.0,0.0,0.0,0.0,0.0,64.0,0.0,0.0,0.0,0.0,0.0,0.0,2.0,0.0,0.0,0.0,251.0,-1.0,0.0,32.0,0.0,0.0,0.0,0.0,0.0,0.0,0.0,0.0
8080.0,4376.0,3.0,4.0,156.0,220.0,156.0,0.0,52.0,90.06664,185.0,0.0,55.0,88.223206,85923.22,1599.6344,729.3333,658.2032,1926.0,0.0,1892.0,946.0,857.0134,1552.0,340.0,3508.0,1169.3334,1027.1754,1926.0,0.0,0.0,0.0,0.0,0.0,104.0,136.0,685.5576,914.0768,0.0,185.0,47.0,77.56472,6016.2856,0.0,0.0,0.0,1.0,0.0,0.0,0.0,0.0,1.0,53.714287,52.0,55.0,104.0,0.0,0.0,0.0,0.0,0.0,0.0,3.0,156.0,4.0,220.0,64240.0,254.0,1.0,32.0,0.0,0.0,0.0,0.0,0.0,0.0,0.0,0.0
8080.0,828.0,2.0,0.0,0.0,0.0,0.0,0.0,0.0,0.0,0.0,0.0,0.0,0.0,0.0,2415.459,828.0,0.0,828.0,828.0,828.0,828.0,0.0,828.0,828.0,0.0,0.0,0.0,0.0,0.0,0.0,0.0,0.0,0.0,64.0,0.0,2415.459,0.0,0.0,0.0,0.0,0.0,0.0,0.0,0.0,0.0,0.0,1.0,0.0,0.0,0.0,0.0,0.0,0.0,0.0,64.0,0.0,0.0,0.0,0.0,0.0,0.0,2.0,0.0,0.0,0.0,251.0,-1.0,0.0,32.0,0.0,0.0,0.0,0.0,0.0,0.0,0.0,0.0
8080.0,10281.0,4.0,5.0,156.0,220.0,156.0,0.0,39.0,78.0,185.0,0.0,44.0,80.26518,36572.316,875.40125,1285.125,1496.8756,4864.0,181.0,5236.0,1745.3334,852.36865,2547.0,850.0,9320.0,2330.0,2218.1338,5402.0,181.0,0.0,0.0,0.0,0.0,136.0,168.0,389.0672,486.334,0.0,185.0,37.6,71.218285,5072.0444,0.0,0.0,0.0,1.0,0.0,0.0,0.0,0.0,1.0,41.77778,39.0,44.0,136.0,0.0,0.0,0.0,0.0,0.0,0.0,4.0,156.0,5.0,220.0,64240.0,254.0,1.0,32.0,0.0,0.0,0.0,0.0,0.0,0.0,0.0,0.0
8080.0,337.0,2.0,0.0,0.0,0.0,0.0,0.0,0.0,0.0,0.0,0.0,0.0,0.0,0.0,5934.7183,337.0,0.0,337.0,337.0,337.0,337.0,0.0,337.0,337.0,0.0,0.0,0.0,0.0,0.0,0.0,0.0,0.0,0.0,64.0,0.0,5934.7183,0.0,0.0,0.0,0.0,0.0,0.0,0.0,0.0,0.0,0.0,1.0,0.0,0.0,0.0,0.0,0.0,0.0,0.0,64.0,0.0,0.0,0.0,0.0,0.0,0.0,2.0,0.0,0.0,0.0,251.0,-1.0,0.0,32.0,0.0,0.0,0.0,0.0,0.0,0.0,0.0,0.0
8080.0,11122.0,3.0,4.0,156.0,220.0,156.0,0.0,52.0,90.06664,185.0,0.0,55.0,88.223206,33806.87,629.3832,1853.6666,3128.4106,8203.0,0.0,2204.0,1102.0,937.6236,1765.0,439.0,10255.0,3418.3333,4268.7764,8203.0,0.0,0.0,0.0,0.0,0.0,104.0,136.0,269.73566,359.64755,0.0,185.0,47.0,77.56472,6016.2856,0.0,0.0,0.0,1.0,0.0,0.0,0.0,0.0,1.0,53.714287,52.0,55.0,104.0,0.0,0.0,0.0,0.0,0.0,0.0,3.0,156.0,4.0,220.0,64240.0,254.0,1.0,32.0,0.0,0.0,0.0,0.0,0.0,0.0,0.0,0.0
8080.0,849.0,2.0,0.0,0.0,0.0,0.0,0.0,0.0,0.0,0.0,0.0,0.0,0.0,0.0,2355.7126,849.0,0.0,849.0,849.0,849.0,849.0,0.0,849.0,849.0,0.0,0.0,0.0,0.0,0.0,0.0,0.0,0.0,0.0,64.0,0.0,2355.7126,0.0,0.0,0.0,0.0,0.0,0.0,0.0,0.0,0.0,0.0,1.0,0.0,0.0,0.0,0.0,0.0,0.0,0.0,64.0,0.0,0.0,0.0,0.0,0.0,0.0,2.0,0.0,0.0,0.0,251.0,-1.0,0.0,32.0,0.0,0.0,0.0,0.0,0.0,0.0,0.0,0.0
8080.0,4051.0,3.0,4.0,156.0,220.0,156.0,0.0,52.0,90.06664,185.0,0.0,55.0,88.223206,92816.586,1727.9684,675.1667,1164.4644,3041.0,0.0,770.0,385.0,308.29855,603.0,167.0,3747.0,1249.0,1591.558,3041.0,0.0,0.0,0.0,0.0,0.0,104.0,136.0,740.55786,987.4105,0.0,185.0,47.0,77.56472,6016.2856,0.0,0.0,0.0,1.0,0.0,0.0,0.0,0.0,1.0,53.714287,52.0,55.0,104.0,0.0,0.0,0.0,0.0,0.0,0.0,3.0,156.0,4.0,220.0,64240.0,254.0,1.0,32.0,0.0,0.0,0.0,0.0,0.0,0.0,0.0,0.0
8080.0,454.0,2.0,0.0,0.0,0.0,0.0,0.0,0.0,0.0,0.0,0.0,0.0,0.0,0.0,4405.286,454.0,0.0,454.0,454.0,454.0,454.0,0.0,454.0,454.0,0.0,0.0,0.0,0.0,0.0,0.0,0.0,0.0,0.0,64.0,0.0,4405.286,0.0,0.0,0.0,0.0,0.0,0.0,0.0,0.0,0.0,0.0,1.0,0.0,0.0,0.0,0.0,0.0,0.0,0.0,64.0,0.0,0.0,0.0,0.0,0.0,0.0,2.0,0.0,0.0,0.0,251.0,-1.0,0.0,32.0,0.0,0.0,0.0,0.0,0.0,0.0,0.0,0.0
8080.0,6892.0,4.0,5.0,156.0,220.0,156.0,0.0,39.0,78.0,185.0,0.0,44.0,80.26518,54556.008,1305.8618,861.5,355.95386,1595.0,319.0,5774.0,1924.6666,1082.4982,3075.0,926.0,5994.0,1498.5,880.93036,2453.0,319.0,0.0,0.0,0.0,0.0,136.0,168.0,580.38306,725.4788,0.0,185.0,37.6,71.218285,5072.0444,0.0,0.0,0.0,1.0,0.0,0.0,0.0,0.0,1.0,41.77778,39.0,44.0,136.0,0.0,0.0,0.0,0.0,0.0,0.0,4.0,156.0,5.0,220.0,64240.0,254.0,1.0,32.0,0.0,0.0,0.0,0.0,0.0,0.0,0.0,0.0
8080.0,321.0,2.0,0.0,0.0,0.0,0.0,0.0,0.0,0.0,0.0,0.0,0.0,0.0,0.0,6230.53,321.0,0.0,321.0,321.0,321.0,321.0,0.0,321.0,321.0,0.0,0.0,0.0,0.0,0.0,0.0,0.0,0.0,0.0,64.0,0.0,6230.53,0.0,0.0,0.0,0.0,0.0,0.0,0.0,0.0,0.0,0.0,1.0,0.0,0.0,0.0,0.0,0.0,0.0,0.0,64.0,0.0,0.0,0.0,0.0,0.0,0.0,2.0,0.0,0.0,0.0,251.0,-1.0,0.0,32.0,0.0,0.0,0.0,0.0,0.0,0.0,0.0,0.0
8080.0,9158.0,3.0,4.0,156.0,220.0,156.0,0.0,52.0,90.06664,185.0,0.0,55.0,88.223206,41057.0,764.359,1526.3334,2207.3599,5995.0,186.0,2143.0,1071.5,932.6738,1731.0,412.0,8326.0,2775.3333,2955.3528,5995.0,186.0,0.0,0.0,0.0,0.0,104.0,136.0,327.58243,436.77658,0.0,185.0,47.0,77.56472,6016.2856,0.0,0.0,0.0,1.0,0.0,0.0,0.0,0.0,1.0,53.714287,52.0,55.0,104.0,0.0,0.0,0.0,0.0,0.0,0.0,3.0,156.0,4.0,220.0,64240.0,254.0,1.0,32.0,0.0,0.0,0.0,0.0,0.0,0.0,0.0,0.0
8080.0,770.0,2.0,0.0,0.0,0.0,0.0,0.0,0.0,0.0,0.0,0.0,0.0,0.0,0.0,2597.4026,770.0,0.0,770.0,770.0,770.0,770.0,0.0,770.0,770.0,0.0,0.0,0.0,0.0,0.0,0.0,0.0,0.0,0.0,64.0,0.0,2597.4026,0.0,0.0,0.0,0.0,0.0,0.0,0.0,0.0,0.0,0.0,1.0,0.0,0.0,0.0,0.0,0.0,0.0,0.0,64.0,0.0,0.0,0.0,0.0,0.0,0.0,2.0,0.0,0.0,0.0,251.0,-1.0,0.0,32.0,0.0,0.0,0.0,0.0,0.0,0.0,0.0,0.0
8080.0,9332.0,3.0,4.0,156.0,220.0,156.0,0.0,52.0,90.06664,185.0,0.0,55.0,88.223206,40291.47,750.1072,1555.3334,2399.8923,6417.0,174.0,2048.0,1024.0,1023.8906,1748.0,300.0,8405.0,2801.6667,3236.5686,6417.0,174.0,0.0,0.0,0.0,0.0,104.0,136.0,321.4745,428.63266,0.0,185.0,47.0,77.56472,6016.2856,0.0,0.0,0.0,1.0,0.0,0.0,0.0,0.0,1.0,53.714287,52.0,55.0,104.0,0.0,0.0,0.0,0.0,0.0,0.0,3.0,156.0,4.0,220.0,64240.0,254.0,1.0,32.0,0.0,0.0,0.0,0.0,0.0,0.0,0.0,0.0
8080.0,1231.0,2.0,0.0,0.0,0.0,0.0,0.0,0.0,0.0,0.0,0.0,0.0,0.0,0.0,1624.6953,1231.0,0.0,1231.0,1231.0,1231.0,1231.0,0.0,1231.0,1231.0,0.0,0.0,0.0,0.0,0.0,0.0,0.0,0.0,0.0,64.0,0.0,1624.6953,0.0,0.0,0.0,0.0,0.0,0.0,0.0,0.0,0.0,0.0,1.0,0.0,0.0,0.0,0.0,0.0,0.0,0.0,64.0,0.0,0.0,0.0,0.0,0.0,0.0,2.0,0.0,0.0,0.0,251.0,-1.0,0.0,32.0,0.0,0.0,0.0,0.0,0.0,0.0,0.0,0.0
8080.0,8057.0,3.0,4.0,156.0,220.0,156.0,0.0,52.0,90.06664,185.0,0.0,55.0,88.223206,46667.492,868.80975,1342.8334,1805.7178,4931.0,0.0,2407.0,1203.5,1228.2445,2072.0,335.0,6895.0,2298.3333,2482.443,4931.0,0.0,0.0,0.0,0.0,0.0,104.0,136.0,372.34702,496.4627,0.0,185.0,47.0,77.56472,6016.2856,0.0,0.0,0.0,1.0,0.0,0.0,0.0,0.0,1.0,53.714287,52.0,55.0,104.0,0.0,0.0,0.0,0.0,0.0,0.0,3.0,156.0,4.0,220.0,64240.0,254.0,1.0,32.0,0.0,0.0,0.0,0.0,0.0,0.0,0.0,0.0
8080.0,1045.0,2.0,0.0,0.0,0.0,0.0,0.0,0.0,0.0,0.0,0.0,0.0,0.0,0.0,1913.8756,1045.0,0.0,1045.0,1045.0,1045.0,1045.0,0.0,1045.0,1045.0,0.0,0.0,0.0,0.0,0.0,0.0,0.0,0.0,0.0,64.0,0.0,1913.8756,0.0,0.0,0.0,0.0,0.0,0.0,0.0,0.0,0.0,0.0,1.0,0.0,0.0,0.0,0.0,0.0,0.0,0.0,64.0,0.0,0.0,0.0,0.0,0.0,0.0,2.0,0.0,0.0,0.0,251.0,-1.0,0.0,32.0,0.0,0.0,0.0,0.0,0.0,0.0,0.0,0.0
8080.0,9310.0,3.0,4.0,156.0,220.0,156.0,0.0,52.0,90.06664,185.0,0.0,55.0,88.223206,40386.68,751.8797,1551.6666,2490.2498,6589.0,1.0,2084.0,1042.0,972.97894,1730.0,354.0,8369.0,2789.6667,3408.3018,6589.0,1.0,0.0,0.0,0.0,0.0,104.0,136.0,322.23416,429.64554,0.0,185.0,47.0,77.56472,6016.2856,0.0,0.0,0.0,1.0,0.0,0.0,0.0,0.0,1.0,53.714287,52.0,55.0,104.0,0.0,0.0,0.0,0.0,0.0,0.0,3.0,156.0,4.0,220.0,64240.0,254.0,1.0,32.0,0.0,0.0,0.0,0.0,0.0,0.0,0.0,0.0
8080.0,1139.0,2.0,0.0,0.0,0.0,0.0,0.0,0.0,0.0,0.0,0.0,0.0,0.0,0.0,1755.9263,1139.0,0.0,1139.0,1139.0,1139.0,1139.0,0.0,1139.0,1139.0,0.0,0.0,0.0,0.0,0.0,0.0,0.0,0.0,0.0,64.0,0.0,1755.9263,0.0,0.0,0.0,0.0,0.0,0.0,0.0,0.0,0.0,0.0,1.0,0.0,0.0,0.0,0.0,0.0,0.0,0.0,64.0,0.0,0.0,0.0,0.0,0.0,0.0,2.0,0.0,0.0,0.0,251.0,-1.0,0.0,32.0,0.0,0.0,0.0,0.0,0.0,0.0,0.0,0.0
8080.0,3785.0,3.0,4.0,156.0,220.0,156.0,0.0,52.0,90.06664,185.0,0.0,55.0,88.223206,99339.5,1849.4055,630.8333,669.9652,1953.0,100.0,1316.0,658.0,585.48444,1072.0,244.0,3232.0,1077.3334,930.67413,1953.0,100.0,0.0,0.0,0.0,0.0,104.0,136.0,792.60236,1056.8032,0.0,185.0,47.0,77.56472,6016.2856,0.0,0.0,0.0,1.0,0.0,0.0,0.0,0.0,1.0,53.714287,52.0,55.0,104.0,0.0,0.0,0.0,0.0,0.0,0.0,3.0,156.0,4.0,220.0,64240.0,254.0,1.0,32.0,0.0,0.0,0.0,0.0,0.0,0.0,0.0,0.0
8080.0,704.0,2.0,0.0,0.0,0.0,0.0,0.0,0.0,0.0,0.0,0.0,0.0,0.0,0.0,2840.9092,704.0,0.0,704.0,704.0,704.0,704.0,0.0,704.0,704.0,0.0,0.0,0.0,0.0,0.0,0.0,0.0,0.0,0.0,64.0,0.0,2840.9092,0.0,0.0,0.0,0.0,0.0,0.0,0.0,0.0,0.0,0.0,1.0,0.0,0.0,0.0,0.0,0.0,0.0,0.0,64.0,0.0,0.0,0.0,0.0,0.0,0.0,2.0,0.0,0.0,0.0,251.0,-1.0,0.0,32.0,0.0,0.0,0.0,0.0,0.0,0.0,0.0,0.0
8080.0,9545.0,3.0,4.0,156.0,220.0,156.0,0.0,52.0,90.06664,185.0,0.0,55.0,88.223206,39392.35,733.3683,1590.8334,2548.4236,6744.0,140.0,1965.0,982.5,1191.475,1825.0,140.0,8579.0,2859.6667,3448.6047,6744.0,158.0,0.0,0.0,0.0,0.0,104.0,136.0,314.3007,419.06757,0.0,185.0,47.0,77.56472,6016.2856,0.0,0.0,0.0,1.0,0.0,0.0,0.0,0.0,1.0,53.714287,52.0,55.0,104.0,0.0,0.0,0.0,0.0,0.0,0.0,3.0,156.0,4.0,220.0,64240.0,254.0,1.0,32.0,0.0,0.0,0.0,0.0,0.0,0.0,0.0,0.0
8080.0,840.0,2.0,0.0,0.0,0.0,0.0,0.0,0.0,0.0,0.0,0.0,0.0,0.0,0.0,2380.9524,840.0,0.0,840.0,840.0,840.0,840.0,0.0,840.0,840.0,0.0,0.0,0.0,0.0,0.0,0.0,0.0,0.0,0.0,64.0,0.0,2380.9524,0.0,0.0,0.0,0.0,0.0,0.0,0.0,0.0,0.0,0.0,1.0,0.0,0.0,0.0,0.0,0.0,0.0,0.0,64.0,0.0,0.0,0.0,0.0,0.0,0.0,2.0,0.0,0.0,0.0,251.0,-1.0,0.0,32.0,0.0,0.0,0.0,0.0,0.0,0.0,0.0,0.0
8080.0,8000.0,3.0,4.0,156.0,220.0,156.0,0.0,52.0,90.06664,185.0,0.0,55.0,88.223206,47000.0,875.0,1333.3334,1971.4642,5291.0,0.0,1859.0,929.5,989.2424,1629.0,230.0,7146.0,2382.0,2684.5796,5291.0,0.0,0.0,0.0,0.0,0.0,104.0,136.0,375.0,500.0,0.0,185.0,47.0,77.56472,6016.2856,0.0,0.0,0.0,1.0,0.0,0.0,0.0,0.0,1.0,53.714287,52.0,55.0,104.0,0.0,0.0,0.0,0.0,0.0,0.0,3.0,156.0,4.0,220.0,64240.0,254.0,1.0,32.0,0.0,0.0,0.0,0.0,0.0,0.0,0.0,0.0
8080.0,851.0,2.0,0.0,0.0,0.0,0.0,0.0,0.0,0.0,0.0,0.0,0.0,0.0,0.0,2350.1763,851.0,0.0,851.0,851.0,851.0,851.0,0.0,851.0,851.0,0.0,0.0,0.0,0.0,0.0,0.0,0.0,0.0,0.0,64.0,0.0,2350.1763,0.0,0.0,0.0,0.0,0.0,0.0,0.0,0.0,0.0,0.0,1.0,0.0,0.0,0.0,0.0,0.0,0.0,0.0,64.0,0.0,0.0,0.0,0.0,0.0,0.0,2.0,0.0,0.0,0.0,251.0,-1.0,0.0,32.0,0.0,0.0,0.0,0.0,0.0,0.0,0.0,0.0
8080.0,7856.0,3.0,4.0,156.0,220.0,156.0,0.0,52.0,90.06664,185.0,0.0,55.0,88.223206,47861.508,891.0387,1309.3334,1909.1836,5145.0,0.0,2060.0,1030.0,1002.6774,1739.0,321.0,6963.0,2321.0,2609.121,5145.0,0.0,0.0,0.0,0.0,0.0,104.0,136.0,381.87372,509.16498,0.0,185.0,47.0,77.56472,6016.2856,0.0,0.0,0.0,1.0,0.0,0.0,0.0,0.0,1.0,53.714287,52.0,55.0,104.0,0.0,0.0,0.0,0.0,0.0,0.0,3.0,156.0,4.0,220.0,64240.0,254.0,1.0,32.0,0.0,0.0,0.0,0.0,0.0,0.0,0.0,0.0
8080.0,826.0,2.0,0.0,0.0,0.0,0.0,0.0,0.0,0.0,0.0,0.0,0.0,0.0,0.0,2421.3076,826.0,0.0,826.0,826.0,826.0,826.0,0.0,826.0,826.0,0.0,0.0,0.0,0.0,0.0,0.0,0.0,0.0,0.0,64.0,0.0,2421.3076,0.0,0.0,0.0,0.0,0.0,0.0,0.0,0.0,0.0,0.0,1.0,0.0,0.0,0.0,0.0,0.0,0.0,0.0,64.0,0.0,0.0,0.0,0.0,0.0,0.0,2.0,0.0,0.0,0.0,251.0,-1.0,0.0,32.0,0.0,0.0,0.0,0.0,0.0,0.0,0.0,0.0
8080.0,9687.0,3.0,4.0,156.0,220.0,156.0,0.0,52.0,90.06664,185.0,0.0,55.0,88.223206,38814.906,722.6179,1614.5,2482.4634,6647.0,125.0,2099.0,1049.5,894.49005,1682.0,417.0,8857.0,2952.3333,3346.3894,6647.0,125.0,0.0,0.0,0.0,0.0,104.0,136.0,309.6934,412.92453,0.0,185.0,47.0,77.56472,6016.2856,0.0,0.0,0.0,1.0,0.0,0.0,0.0,0.0,1.0,53.714287,52.0,55.0,104.0,0.0,0.0,0.0,0.0,0.0,0.0,3.0,156.0,4.0,220.0,64240.0,254.0,1.0,32.0,0.0,0.0,0.0,0.0,0.0,0.0,0.0,0.0
8080.0,1033.0,2.0,0.0,0.0,0.0,0.0,0.0,0.0,0.0,0.0,0.0,0.0,0.0,0.0,1936.1084,1033.0,0.0,1033.0,1033.0,1033.0,1033.0,0.0,1033.0,1033.0,0.0,0.0,0.0,0.0,0.0,0.0,0.0,0.0,0.0,64.0,0.0,1936.1084,0.0,0.0,0.0,0.0,0.0,0.0,0.0,0.0,0.0,0.0,1.0,0.0,0.0,0.0,0.0,0.0,0.0,0.0,64.0,0.0,0.0,0.0,0.0,0.0,0.0,2.0,0.0,0.0,0.0,251.0,-1.0,0.0,32.0,0.0,0.0,0.0,0.0,0.0,0.0,0.0,0.0
8080.0,5407.0,3.0,4.0,156.0,220.0,156.0,0.0,52.0,90.06664,185.0,0.0,55.0,88.223206,69539.484,1294.618,901.1667,1305.7592,3510.0,0.0,1158.0,579.0,578.4133,988.0,170.0,4828.0,1609.3334,1773.043,3510.0,0.0,0.0,0.0,0.0,0.0,104.0,136.0,554.8363,739.78174,0.0,185.0,47.0,77.56472,6016.2856,0.0,0.0,0.0,1.0,0.0,0.0,0.0,0.0,1.0,53.714287,52.0,55.0,104.0,0.0,0.0,0.0,0.0,0.0,0.0,3.0,156.0,4.0,220.0,64240.0,254.0,1.0,32.0,0.0,0.0,0.0,0.0,0.0,0.0,0.0,0.0
8080.0,874.0,2.0,0.0,0.0,0.0,0.0,0.0,0.0,0.0,0.0,0.0,0.0,0.0,0.0,2288.3296,874.0,0.0,874.0,874.0,874.0,874.0,0.0,874.0,874.0,0.0,0.0,0.0,0.0,0.0,0.0,0.0,0.0,0.0,64.0,0.0,2288.3296,0.0,0.0,0.0,0.0,0.0,0.0,0.0,0.0,0.0,0.0,1.0,0.0,0.0,0.0,0.0,0.0,0.0,0.0,64.0,0.0,0.0,0.0,0.0,0.0,0.0,2.0,0.0,0.0,0.0,251.0,-1.0,0.0,32.0,0.0,0.0,0.0,0.0,0.0,0.0,0.0,0.0
8080.0,7418.0,3.0,4.0,156.0,220.0,156.0,0.0,52.0,90.06664,185.0,0.0,55.0,88.223206,50687.516,943.6506,1236.3334,1483.5228,4081.0,0.0,1814.0,907.0,800.4449,1473.0,341.0,6688.0,2229.3333,2066.5464,4081.0,0.0,0.0,0.0,0.0,0.0,104.0,136.0,404.4217,539.2289,0.0,185.0,47.0,77.56472,6016.2856,0.0,0.0,0.0,1.0,0.0,0.0,0.0,0.0,1.0,53.714287,52.0,55.0,104.0,0.0,0.0,0.0,0.0,0.0,0.0,3.0,156.0,4.0,220.0,64240.0,254.0,1.0,32.0,0.0,0.0,0.0,0.0,0.0,0.0,0.0,0.0
8080.0,611.0,2.0,0.0,0.0,0.0,0.0,0.0,0.0,0.0,0.0,0.0,0.0,0.0,0.0,3273.3225,611.0,0.0,611.0,611.0,611.0,611.0,0.0,611.0,611.0,0.0,0.0,0.0,0.0,0.0,0.0,0.0,0.0,0.0,64.0,0.0,3273.3225,0.0,0.0,0.0,0.0,0.0,0.0,0.0,0.0,0.0,0.0,1.0,0.0,0.0,0.0,0.0,0.0,0.0,0.0,64.0,0.0,0.0,0.0,0.0,0.0,0.0,2.0,0.0,0.0,0.0,251.0,-1.0,0.0,32.0,0.0,0.0,0.0,0.0,0.0,0.0,0.0,0.0
8080.0,7874.0,3.0,4.0,156.0,220.0,156.0,0.0,52.0,90.06664,185.0,0.0,55.0,88.223206,47752.094,889.0018,1312.3334,2038.7957,5429.0,137.0,1728.0,864.0,1009.7485,1578.0,150.0,6985.0,2328.3333,2760.7031,5429.0,137.0,0.0,0.0,0.0,0.0,104.0,136.0,381.00076,508.001,0.0,185.0,47.0,77.56472,6016.2856,0.0,0.0,0.0,1.0,0.0,0.0,0.0,0.0,1.0,53.714287,52.0,55.0,104.0,0.0,0.0,0.0,0.0,0.0,0.0,3.0,156.0,4.0,220.0,64240.0,254.0,1.0,32.0,0.0,0.0,0.0,0.0,0.0,0.0,0.0,0.0
8080.0,801.0,2.0,0.0,0.0,0.0,0.0,0.0,0.0,0.0,0.0,0.0,0.0,0.0,0.0,2496.879,801.0,0.0,801.0,801.0,801.0,801.0,0.0,801.0,801.0,0.0,0.0,0.0,0.0,0.0,0.0,0.0,0.0,0.0,64.0,0.0,2496.879,0.0,0.0,0.0,0.0,0.0,0.0,0.0,0.0,0.0,0.0,1.0,0.0,0.0,0.0,0.0,0.0,0.0,0.0,64.0,0.0,0.0,0.0,0.0,0.0,0.0,2.0,0.0,0.0,0.0,251.0,-1.0,0.0,32.0,0.0,0.0,0.0,0.0,0.0,0.0,0.0,0.0
8080.0,6843.0,4.0,5.0,156.0,220.0,156.0,0.0,39.0,78.0,185.0,0.0,44.0,80.26518,54946.66,1315.2126,855.375,501.79504,2021.0,333.0,5791.0,1930.3334,1317.3969,3341.0,732.0,5895.0,1473.75,818.5676,2112.0,333.0,0.0,0.0,0.0,0.0,136.0,168.0,584.53894,730.6737,0.0,185.0,37.6,71.218285,5072.0444,0.0,0.0,0.0,1.0,0.0,0.0,0.0,0.0,1.0,41.77778,39.0,44.0,136.0,0.0,0.0,0.0,0.0,0.0,0.0,4.0,156.0,5.0,220.0,64240.0,254.0,1.0,32.0,0.0,0.0,0.0,0.0,0.0,0.0,0.0,0.0
8080.0,375.0,2.0,0.0,0.0,0.0,0.0,0.0,0.0,0.0,0.0,0.0,0.0,0.0,0.0,5333.3335,375.0,0.0,375.0,375.0,375.0,375.0,0.0,375.0,375.0,0.0,0.0,0.0,0.0,0.0,0.0,0.0,0.0,0.0,64.0,0.0,5333.3335,0.0,0.0,0.0,0.0,0.0,0.0,0.0,0.0,0.0,0.0,1.0,0.0,0.0,0.0,0.0,0.0,0.0,0.0,64.0,0.0,0.0,0.0,0.0,0.0,0.0,2.0,0.0,0.0,0.0,251.0,-1.0,0.0,32.0,0.0,0.0,0.0,0.0,0.0,0.0,0.0,0.0
8080.0,7450.0,3.0,4.0,156.0,220.0,156.0,0.0,52.0,90.06664,185.0,0.0,55.0,88.223206,50469.797,939.5973,1241.6666,1551.1791,4378.0,351.0,2025.0,1012.5,935.50226,1674.0,351.0,6565.0,2188.3333,2023.6409,4378.0,387.0,0.0,0.0,0.0,0.0,104.0,136.0,402.68457,536.9128,0.0,185.0,47.0,77.56472,6016.2856,0.0,0.0,0.0,1.0,0.0,0.0,0.0,0.0,1.0,53.714287,52.0,55.0,104.0,0.0,0.0,0.0,0.0,0.0,0.0,3.0,156.0,4.0,220.0,64240.0,254.0,1.0,32.0,0.0,0.0,0.0,0.0,0.0,0.0,0.0,0.0
8080.0,860.0,2.0,0.0,0.0,0.0,0.0,0.0,0.0,0.0,0.0,0.0,0.0,0.0,0.0,2325.5813,860.0,0.0,860.0,860.0,860.0,860.0,0.0,860.0,860.0,0.0,0.0,0.0,0.0,0.0,0.0,0.0,0.0,0.0,64.0,0.0,2325.5813,0.0,0.0,0.0,0.0,0.0,0.0,0.0,0.0,0.0,0.0,1.0,0.0,0.0,0.0,0.0,0.0,0.0,0.0,64.0,0.0,0.0,0.0,0.0,0.0,0.0,2.0,0.0,0.0,0.0,251.0,-1.0,0.0,32.0,0.0,0.0,0.0,0.0,0.0,0.0,0.0,0.0
8080.0,8801.0,3.0,4.0,156.0,220.0,156.0,0.0,52.0,90.06664,185.0,0.0,55.0,88.223206,42722.418,795.36414,1466.8334,2312.87,6138.0,139.0,2015.0,1007.5,1140.5632,1814.0,201.0,7801.0,2600.3333,3140.9983,6138.0,139.0,0.0,0.0,0.0,0.0,104.0,136.0,340.87036,454.4938,0.0,185.0,47.0,77.56472,6016.2856,0.0,0.0,0.0,1.0,0.0,0.0,0.0,0.0,1.0,53.714287,52.0,55.0,104.0,0.0,0.0,0.0,0.0,0.0,0.0,3.0,156.0,4.0,220.0,64240.0,254.0,1.0,32.0,0.0,0.0,0.0,0.0,0.0,0.0,0.0,0.0
8080.0,800.0,2.0,0.0,0.0,0.0,0.0,0.0,0.0,0.0,0.0,0.0,0.0,0.0,0.0,2500.0,800.0,0.0,800.0,800.0,800.0,800.0,0.0,800.0,800.0,0.0,0.0,0.0,0.0,0.0,0.0,0.0,0.0,0.0,64.0,0.0,2500.0,0.0,0.0,0.0,0.0,0.0,0.0,0.0,0.0,0.0,0.0,1.0,0.0,0.0,0.0,0.0,0.0,0.0,0.0,64.0,0.0,0.0,0.0,0.0,0.0,0.0,2.0,0.0,0.0,0.0,251.0,-1.0,0.0,32.0,0.0,0.0,0.0,0.0,0.0,0.0,0.0,0.0
8080.0,9233.0,3.0,4.0,156.0,220.0,156.0,0.0,52.0,90.06664,185.0,0.0,55.0,88.223206,40723.492,758.1501,1538.8334,2371.2266,6333.0,1.0,2203.0,1101.5,880.34796,1724.0,479.0,8285.0,2761.6667,3242.9062,6333.0,1.0,0.0,0.0,0.0,0.0,104.0,136.0,324.92148,433.22864,0.0,185.0,47.0,77.56472,6016.2856,0.0,0.0,0.0,1.0,0.0,0.0,0.0,0.0,1.0,53.714287,52.0,55.0,104.0,0.0,0.0,0.0,0.0,0.0,0.0,3.0,156.0,4.0,220.0,64240.0,254.0,1.0,32.0,0.0,0.0,0.0,0.0,0.0,0.0,0.0,0.0
8080.0,898.0,2.0,0.0,0.0,0.0,0.0,0.0,0.0,0.0,0.0,0.0,0.0,0.0,0.0,2227.1714,898.0,0.0,898.0,898.0,898.0,898.0,0.0,898.0,898.0,0.0,0.0,0.0,0.0,0.0,0.0,0.0,0.0,0.0,64.0,0.0,2227.1714,0.0,0.0,0.0,0.0,0.0,0.0,0.0,0.0,0.0,0.0,1.0,0.0,0.0,0.0,0.0,0.0,0.0,0.0,64.0,0.0,0.0,0.0,0.0,0.0,0.0,2.0,0.0,0.0,0.0,251.0,-1.0,0.0,32.0,0.0,0.0,0.0,0.0,0.0,0.0,0.0,0.0
8080.0,4482.0,3.0,4.0,156.0,220.0,156.0,0.0,52.0,90.06664,185.0,0.0,55.0,88.223206,83891.12,1561.8027,747.0,1250.5244,3278.0,0.0,743.0,371.5,355.6747,623.0,120.0,4150.0,1383.3334,1697.7683,3278.0,0.0,0.0,0.0,0.0,0.0,104.0,136.0,669.34406,892.45874,0.0,185.0,47.0,77.56472,6016.2856,0.0,0.0,0.0,1.0,0.0,0.0,0.0,0.0,1.0,53.714287,52.0,55.0,104.0,0.0,0.0,0.0,0.0,0.0,0.0,3.0,156.0,4.0,220.0,64240.0,254.0,1.0,32.0,0.0,0.0,0.0,0.0,0.0,0.0,0.0,0.0
8080.0,472.0,2.0,0.0,0.0,0.0,0.0,0.0,0.0,0.0,0.0,0.0,0.0,0.0,0.0,4237.288,472.0,0.0,472.0,472.0,472.0,472.0,0.0,472.0,472.0,0.0,0.0,0.0,0.0,0.0,0.0,0.0,0.0,0.0,64.0,0.0,4237.288,0.0,0.0,0.0,0.0,0.0,0.0,0.0,0.0,0.0,0.0,1.0,0.0,0.0,0.0,0.0,0.0,0.0,0.0,64.0,0.0,0.0,0.0,0.0,0.0,0.0,2.0,0.0,0.0,0.0,251.0,-1.0,0.0,32.0,0.0,0.0,0.0,0.0,0.0,0.0,0.0,0.0
8080.0,8292.0,3.0,4.0,156.0,220.0,156.0,0.0,52.0,90.06664,185.0,0.0,55.0,88.223206,45344.91,844.1872,1382.0,1659.2145,4580.0,111.0,2981.0,1490.5,1603.0111,2624.0,357.0,7355.0,2451.6667,2242.0537,4580.0,111.0,0.0,0.0,0.0,0.0,104.0,136.0,361.7945,482.39267,0.0,185.0,47.0,77.56472,6016.2856,0.0,0.0,0.0,1.0,0.0,0.0,0.0,0.0,1.0,53.714287,52.0,55.0,104.0,0.0,0.0,0.0,0.0,0.0,0.0,3.0,156.0,4.0,220.0,64240.0,254.0,1.0,32.0,0.0,0.0,0.0,0.0,0.0,0.0,0.0,0.0
8080.0,869.0,2.0,0.0,0.0,0.0,0.0,0.0,0.0,0.0,0.0,0.0,0.0,0.0,0.0,2301.496,869.0,0.0,869.0,869.0,869.0,869.0,0.0,869.0,869.0,0.0,0.0,0.0,0.0,0.0,0.0,0.0,0.0,0.0,64.0,0.0,2301.496,0.0,0.0,0.0,0.0,0.0,0.0,0.0,0.0,0.0,0.0,1.0,0.0,0.0,0.0,0.0,0.0,0.0,0.0,64.0,0.0,0.0,0.0,0.0,0.0,0.0,2.0,0.0,0.0,0.0,251.0,-1.0,0.0,32.0,0.0,0.0,0.0,0.0,0.0,0.0,0.0,0.0
8080.0,5268.0,3.0,4.0,156.0,220.0,156.0,0.0,52.0,90.06664,185.0,0.0,55.0,88.223206,71374.336,1328.7775,878.0,935.4451,2675.0,114.0,1812.0,906.0,1039.447,1641.0,171.0,4523.0,1507.6666,1295.4152,2675.0,114.0,0.0,0.0,0.0,0.0,104.0,136.0,569.4761,759.30145,0.0,185.0,47.0,77.56472,6016.2856,0.0,0.0,0.0,1.0,0.0,0.0,0.0,0.0,1.0,53.714287,52.0,55.0,104.0,0.0,0.0,0.0,0.0,0.0,0.0,3.0,156.0,4.0,220.0,64240.0,254.0,1.0,32.0,0.0,0.0,0.0,0.0,0.0,0.0,0.0,0.0
8080.0,961.0,2.0,0.0,0.0,0.0,0.0,0.0,0.0,0.0,0.0,0.0,0.0,0.0,0.0,2081.1655,961.0,0.0,961.0,961.0,961.0,961.0,0.0,961.0,961.0,0.0,0.0,0.0,0.0,0.0,0.0,0.0,0.0,0.0,64.0,0.0,2081.1655,0.0,0.0,0.0,0.0,0.0,0.0,0.0,0.0,0.0,0.0,1.0,0.0,0.0,0.0,0.0,0.0,0.0,0.0,64.0,0.0,0.0,0.0,0.0,0.0,0.0,2.0,0.0,0.0,0.0,251.0,-1.0,0.0,32.0,0.0,0.0,0.0,0.0,0.0,0.0,0.0,0.0
8080.0,2951.0,3.0,4.0,156.0,220.0,156.0,0.0,52.0,90.06664,185.0,0.0,55.0,88.223206,127414.44,2372.0771,491.83334,550.82355,1531.0,0.0,1144.0,572.0,625.0824,1014.0,130.0,2537.0,845.6667,777.9912,1531.0,0.0,0.0,0.0,0.0,0.0,104.0,136.0,1016.60455,1355.4728,0.0,185.0,47.0,77.56472,6016.2856,0.0,0.0,0.0,1.0,0.0,0.0,0.0,0.0,1.0,53.714287,52.0,55.0,104.0,0.0,0.0,0.0,0.0,0.0,0.0,3.0,156.0,4.0,220.0,64240.0,254.0,1.0,32.0,0.0,0.0,0.0,0.0,0.0,0.0,0.0,0.0
8080.0,906.0,2.0,0.0,0.0,0.0,0.0,0.0,0.0,0.0,0.0,0.0,0.0,0.0,0.0,2207.5056,906.0,0.0,906.0,906.0,906.0,906.0,0.0,906.0,906.0,0.0,0.0,0.0,0.0,0.0,0.0,0.0,0.0,0.0,64.0,0.0,2207.5056,0.0,0.0,0.0,0.0,0.0,0.0,0.0,0.0,0.0,0.0,1.0,0.0,0.0,0.0,0.0,0.0,0.0,0.0,64.0,0.0,0.0,0.0,0.0,0.0,0.0,2.0,0.0,0.0,0.0,251.0,-1.0,0.0,32.0,0.0,0.0,0.0,0.0,0.0,0.0,0.0,0.0
8080.0,7999.0,3.0,4.0,156.0,220.0,156.0,0.0,52.0,90.06664,185.0,0.0,55.0,88.223206,47005.875,875.1094,1333.1666,2186.1055,5759.0,1.0,1709.0,854.5,818.12256,1433.0,276.0,7214.0,2404.6667,2994.4058,5759.0,1.0,0.0,0.0,0.0,0.0,104.0,136.0,375.04688,500.0625,0.0,185.0,47.0,77.56472,6016.2856,0.0,0.0,0.0,1.0,0.0,0.0,0.0,0.0,1.0,53.714287,52.0,55.0,104.0,0.0,0.0,0.0,0.0,0.0,0.0,3.0,156.0,4.0,220.0,64240.0,254.0,1.0,32.0,0.0,0.0,0.0,0.0,0.0,0.0,0.0,0.0
8080.0,1193.0,2.0,0.0,0.0,0.0,0.0,0.0,0.0,0.0,0.0,0.0,0.0,0.0,0.0,1676.4459,1193.0,0.0,1193.0,1193.0,1193.0,1193.0,0.0,1193.0,1193.0,0.0,0.0,0.0,0.0,0.0,0.0,0.0,0.0,0.0,64.0,0.0,1676.4459,0.0,0.0,0.0,0.0,0.0,0.0,0.0,0.0,0.0,0.0,1.0,0.0,0.0,0.0,0.0,0.0,0.0,0.0,64.0,0.0,0.0,0.0,0.0,0.0,0.0,2.0,0.0,0.0,0.0,251.0,-1.0,0.0,32.0,0.0,0.0,0.0,0.0,0.0,0.0,0.0,0.0
8080.0,9185.0,3.0,4.0,156.0,220.0,156.0,0.0,52.0,90.06664,185.0,0.0,55.0,88.223206,40936.31,762.1121,1530.8334,2311.3704,6223.0,134.0,2085.0,1042.5,678.1154,1522.0,563.0,8393.0,2797.6667,3115.1377,6223.0,134.0,0.0,0.0,0.0,0.0,104.0,136.0,326.61948,435.49265,0.0,185.0,47.0,77.56472,6016.2856,0.0,0.0,0.0,1.0,0.0,0.0,0.0,0.0,1.0,53.714287,52.0,55.0,104.0,0.0,0.0,0.0,0.0,0.0,0.0,3.0,156.0,4.0,220.0,64240.0,254.0,1.0,32.0,0.0,0.0,0.0,0.0,0.0,0.0,0.0,0.0
8080.0,796.0,2.0,0.0,0.0,0.0,0.0,0.0,0.0,0.0,0.0,0.0,0.0,0.0,0.0,2512.5627,796.0,0.0,796.0,796.0,796.0,796.0,0.0,796.0,796.0,0.0,0.0,0.0,0.0,0.0,0.0,0.0,0.0,0.0,64.0,0.0,2512.5627,0.0,0.0,0.0,0.0,0.0,0.0,0.0,0.0,0.0,0.0,1.0,0.0,0.0,0.0,0.0,0.0,0.0,0.0,64.0,0.0,0.0,0.0,0.0,0.0,0.0,2.0,0.0,0.0,0.0,251.0,-1.0,0.0,32.0,0.0,0.0,0.0,0.0,0.0,0.0,0.0,0.0
8080.0,4890.0,3.0,4.0,156.0,220.0,156.0,0.0,52.0,90.06664,185.0,0.0,55.0,88.223206,76891.62,1431.4928,815.0,778.3876,2266.0,0.0,1937.0,968.5,914.28906,1615.0,322.0,4071.0,1357.0,1197.588,2266.0,0.0,0.0,0.0,0.0,0.0,104.0,136.0,613.49695,817.9959,0.0,185.0,47.0,77.56472,6016.2856,0.0,0.0,0.0,1.0,0.0,0.0,0.0,0.0,1.0,53.714287,52.0,55.0,104.0,0.0,0.0,0.0,0.0,0.0,0.0,3.0,156.0,4.0,220.0,64240.0,254.0,1.0,32.0,0.0,0.0,0.0,0.0,0.0,0.0,0.0,0.0
8080.0,1193.0,2.0,0.0,0.0,0.0,0.0,0.0,0.0,0.0,0.0,0.0,0.0,0.0,0.0,1676.4459,1193.0,0.0,1193.0,1193.0,1193.0,1193.0,0.0,1193.0,1193.0,0.0,0.0,0.0,0.0,0.0,0.0,0.0,0.0,0.0,64.0,0.0,1676.4459,0.0,0.0,0.0,0.0,0.0,0.0,0.0,0.0,0.0,0.0,1.0,0.0,0.0,0.0,0.0,0.0,0.0,0.0,64.0,0.0,0.0,0.0,0.0,0.0,0.0,2.0,0.0,0.0,0.0,251.0,-1.0,0.0,32.0,0.0,0.0,0.0,0.0,0.0,0.0,0.0,0.0
8080.0,9240.0,3.0,4.0,156.0,220.0,156.0,0.0,52.0,90.06664,185.0,0.0,55.0,88.223206,40692.64,757.57574,1540.0,1876.4204,5267.0,131.0,3134.0,1567.0,120.20815,1652.0,1482.0,8331.0,2777.0,2571.5513,5267.0,131.0,0.0,0.0,0.0,0.0,104.0,136.0,324.67532,432.90042,0.0,185.0,47.0,77.56472,6016.2856,0.0,0.0,0.0,1.0,0.0,0.0,0.0,0.0,1.0,53.714287,52.0,55.0,104.0,0.0,0.0,0.0,0.0,0.0,0.0,3.0,156.0,4.0,220.0,64240.0,254.0,1.0,32.0,0.0,0.0,0.0,0.0,0.0,0.0,0.0,0.0
8080.0,778.0,2.0,0.0,0.0,0.0,0.0,0.0,0.0,0.0,0.0,0.0,0.0,0.0,0.0,2570.694,778.0,0.0,778.0,778.0,778.0,778.0,0.0,778.0,778.0,0.0,0.0,0.0,0.0,0.0,0.0,0.0,0.0,0.0,64.0,0.0,2570.694,0.0,0.0,0.0,0.0,0.0,0.0,0.0,0.0,0.0,0.0,1.0,0.0,0.0,0.0,0.0,0.0,0.0,0.0,64.0,0.0,0.0,0.0,0.0,0.0,0.0,2.0,0.0,0.0,0.0,251.0,-1.0,0.0,32.0,0.0,0.0,0.0,0.0,0.0,0.0,0.0,0.0
8080.0,6624.0,4.0,4.0,156.0,220.0,156.0,0.0,39.0,78.0,185.0,0.0,55.0,88.223206,56763.285,1207.7295,946.2857,1441.3856,4193.0,155.0,6396.0,2132.0,2662.1194,5159.0,155.0,6017.0,2005.6666,1897.5944,4193.0,800.0,0.0,0.0,0.0,0.0,136.0,136.0,603.86475,603.86475,0.0,185.0,41.77778,74.22732,5509.6943,0.0,0.0,0.0,1.0,0.0,0.0,0.0,0.0,1.0,47.0,39.0,55.0,136.0,0.0,0.0,0.0,0.0,0.0,0.0,4.0,156.0,4.0,220.0,64240.0,254.0,1.0,32.0,0.0,0.0,0.0,0.0,0.0,0.0,0.0,0.0
8080.0,9336.0,3.0,4.0,156.0,220.0,156.0,0.0,52.0,90.06664,185.0,0.0,55.0,88.223206,40274.207,749.78577,1556.0,2582.7573,6787.0,1.0,1915.0,957.5,949.6444,1629.0,286.0,8461.0,2820.3333,3535.4956,6787.0,1.0,0.0,0.0,0.0,0.0,104.0,136.0,321.33676,428.449,0.0,185.0,47.0,77.56472,6016.2856,0.0,0.0,0.0,1.0,0.0,0.0,0.0,0.0,1.0,53.714287,52.0,55.0,104.0,0.0,0.0,0.0,0.0,0.0,0.0,3.0,156.0,4.0,220.0,64240.0,254.0,1.0,32.0,0.0,0.0,0.0,0.0,0.0,0.0,0.0,0.0
8080.0,1056.0,2.0,0.0,0.0,0.0,0.0,0.0,0.0,0.0,0.0,0.0,0.0,0.0,0.0,1893.9395,1056.0,0.0,1056.0,1056.0,1056.0,1056.0,0.0,1056.0,1056.0,0.0,0.0,0.0,0.0,0.0,0.0,0.0,0.0,0.0,64.0,0.0,1893.9395,0.0,0.0,0.0,0.0,0.0,0.0,0.0,0.0,0.0,0.0,1.0,0.0,0.0,0.0,0.0,0.0,0.0,0.0,64.0,0.0,0.0,0.0,0.0,0.0,0.0,2.0,0.0,0.0,0.0,251.0,-1.0,0.0,32.0,0.0,0.0,0.0,0.0,0.0,0.0,0.0,0.0
8080.0,3222.0,3.0,4.0,156.0,220.0,156.0,0.0,52.0,90.06664,185.0,0.0,55.0,88.223206,116697.7,2172.5637,537.0,457.95023,1374.0,0.0,1497.0,748.5,478.7113,1087.0,410.0,2612.0,870.6667,757.07947,1374.0,0.0,0.0,0.0,0.0,0.0,104.0,136.0,931.0987,1241.465,0.0,185.0,47.0,77.56472,6016.2856,0.0,0.0,0.0,1.0,0.0,0.0,0.0,0.0,1.0,53.714287,52.0,55.0,104.0,0.0,0.0,0.0,0.0,0.0,0.0,3.0,156.0,4.0,220.0,64240.0,254.0,1.0,32.0,0.0,0.0,0.0,0.0,0.0,0.0,0.0,0.0
8080.0,433.0,2.0,0.0,0.0,0.0,0.0,0.0,0.0,0.0,0.0,0.0,0.0,0.0,0.0,4618.9375,433.0,0.0,433.0,433.0,433.0,433.0,0.0,433.0,433.0,0.0,0.0,0.0,0.0,0.0,0.0,0.0,0.0,0.0,64.0,0.0,4618.9375,0.0,0.0,0.0,0.0,0.0,0.0,0.0,0.0,0.0,0.0,1.0,0.0,0.0,0.0,0.0,0.0,0.0,0.0,64.0,0.0,0.0,0.0,0.0,0.0,0.0,2.0,0.0,0.0,0.0,251.0,-1.0,0.0,32.0,0.0,0.0,0.0,0.0,0.0,0.0,0.0,0.0
8080.0,4819.0,3.0,4.0,156.0,220.0,156.0,0.0,52.0,90.06664,185.0,0.0,55.0,88.223206,78024.484,1452.5835,803.1667,710.3285,2063.0,0.0,2091.0,1045.5,1044.3967,1784.0,307.0,3858.0,1286.0,1121.7411,2063.0,0.0,0.0,0.0,0.0,0.0,104.0,136.0,622.53577,830.0477,0.0,185.0,47.0,77.56472,6016.2856,0.0,0.0,0.0,1.0,0.0,0.0,0.0,0.0,1.0,53.714287,52.0,55.0,104.0,0.0,0.0,0.0,0.0,0.0,0.0,3.0,156.0,4.0,220.0,64240.0,254.0,1.0,32.0,0.0,0.0,0.0,0.0,0.0,0.0,0.0,0.0
8080.0,1028.0,2.0,0.0,0.0,0.0,0.0,0.0,0.0,0.0,0.0,0.0,0.0,0.0,0.0,1945.5253,1028.0,0.0,1028.0,1028.0,1028.0,1028.0,0.0,1028.0,1028.0,0.0,0.0,0.0,0.0,0.0,0.0,0.0,0.0,0.0,64.0,0.0,1945.5253,0.0,0.0,0.0,0.0,0.0,0.0,0.0,0.0,0.0,0.0,1.0,0.0,0.0,0.0,0.0,0.0,0.0,0.0,64.0,0.0,0.0,0.0,0.0,0.0,0.0,2.0,0.0,0.0,0.0,251.0,-1.0,0.0,32.0,0.0,0.0,0.0,0.0,0.0,0.0,0.0,0.0
8080.0,7018.0,3.0,4.0,156.0,220.0,156.0,0.0,52.0,90.06664,185.0,0.0,55.0,88.223206,53576.516,997.4352,1169.6666,1690.9188,4589.0,122.0,1772.0,886.0,779.2317,1437.0,335.0,6302.0,2100.6667,2276.6956,4589.0,122.0,0.0,0.0,0.0,0.0,104.0,136.0,427.47223,569.96295,0.0,185.0,47.0,77.56472,6016.2856,0.0,0.0,0.0,1.0,0.0,0.0,0.0,0.0,1.0,53.714287,52.0,55.0,104.0,0.0,0.0,0.0,0.0,0.0,0.0,3.0,156.0,4.0,220.0,64240.0,254.0,1.0,32.0,0.0,0.0,0.0,0.0,0.0,0.0,0.0,0.0
8080.0,877.0,2.0,0.0,0.0,0.0,0.0,0.0,0.0,0.0,0.0,0.0,0.0,0.0,0.0,2280.5017,877.0,0.0,877.0,877.0,877.0,877.0,0.0,877.0,877.0,0.0,0.0,0.0,0.0,0.0,0.0,0.0,0.0,0.0,64.0,0.0,2280.5017,0.0,0.0,0.0,0.0,0.0,0.0,0.0,0.0,0.0,0.0,1.0,0.0,0.0,0.0,0.0,0.0,0.0,0.0,64.0,0.0,0.0,0.0,0.0,0.0,0.0,2.0,0.0,0.0,0.0,251.0,-1.0,0.0,32.0,0.0,0.0,0.0,0.0,0.0,0.0,0.0,0.0
8080.0,4617.0,3.0,4.0,156.0,220.0,156.0,0.0,52.0,90.06664,185.0,0.0,55.0,88.223206,81438.164,1516.136,769.5,650.60486,1896.0,1.0,2057.0,1028.5,1027.4261,1755.0,302.0,3697.0,1232.3334,1067.4457,1896.0,1.0,0.0,0.0,0.0,0.0,104.0,136.0,649.7726,866.36346,0.0,185.0,47.0,77.56472,6016.2856,0.0,0.0,0.0,1.0,0.0,0.0,0.0,0.0,1.0,53.714287,52.0,55.0,104.0,0.0,0.0,0.0,0.0,0.0,0.0,3.0,156.0,4.0,220.0,64240.0,254.0,1.0,32.0,0.0,0.0,0.0,0.0,0.0,0.0,0.0,0.0
8080.0,1024.0,2.0,0.0,0.0,0.0,0.0,0.0,0.0,0.0,0.0,0.0,0.0,0.0,0.0,1953.125,1024.0,0.0,1024.0,1024.0,1024.0,1024.0,0.0,1024.0,1024.0,0.0,0.0,0.0,0.0,0.0,0.0,0.0,0.0,0.0,64.0,0.0,1953.125,0.0,0.0,0.0,0.0,0.0,0.0,0.0,0.0,0.0,0.0,1.0,0.0,0.0,0.0,0.0,0.0,0.0,0.0,64.0,0.0,0.0,0.0,0.0,0.0,0.0,2.0,0.0,0.0,0.0,251.0,-1.0,0.0,32.0,0.0,0.0,0.0,0.0,0.0,0.0,0.0,0.0
8080.0,8221.0,3.0,4.0,156.0,220.0,156.0,0.0,52.0,90.06664,185.0,0.0,55.0,88.223206,45736.527,851.4779,1370.1666,2429.399,6302.0,1.0,1517.0,758.5,771.4535,1304.0,213.0,7534.0,2511.3333,3339.9236,6302.0,1.0,0.0,0.0,0.0,0.0,104.0,136.0,364.9191,486.5588,0.0,185.0,47.0,77.56472,6016.2856,0.0,0.0,0.0,1.0,0.0,0.0,0.0,0.0,1.0,53.714287,52.0,55.0,104.0,0.0,0.0,0.0,0.0,0.0,0.0,3.0,156.0,4.0,220.0,64240.0,254.0,1.0,32.0,0.0,0.0,0.0,0.0,0.0,0.0,0.0,0.0
8080.0,1538.0,2.0,0.0,0.0,0.0,0.0,0.0,0.0,0.0,0.0,0.0,0.0,0.0,0.0,1300.3901,1538.0,0.0,1538.0,1538.0,1538.0,1538.0,0.0,1538.0,1538.0,0.0,0.0,0.0,0.0,0.0,0.0,0.0,0.0,0.0,64.0,0.0,1300.3901,0.0,0.0,0.0,0.0,0.0,0.0,0.0,0.0,0.0,0.0,1.0,0.0,0.0,0.0,0.0,0.0,0.0,0.0,64.0,0.0,0.0,0.0,0.0,0.0,0.0,2.0,0.0,0.0,0.0,251.0,-1.0,0.0,32.0,0.0,0.0,0.0,0.0,0.0,0.0,0.0,0.0
8080.0,6668.0,3.0,4.0,156.0,220.0,156.0,0.0,52.0,90.06664,185.0,0.0,55.0,88.223206,56388.723,1049.79,1111.3334,1543.6729,4229.0,215.0,1581.0,790.5,813.8799,1366.0,215.0,5939.0,1979.6666,2049.4863,4229.0,218.0,0.0,0.0,0.0,0.0,104.0,136.0,449.91,599.88,0.0,185.0,47.0,77.56472,6016.2856,0.0,0.0,0.0,1.0,0.0,0.0,0.0,0.0,1.0,53.714287,52.0,55.0,104.0,0.0,0.0,0.0,0.0,0.0,0.0,3.0,156.0,4.0,220.0,64240.0,254.0,1.0,32.0,0.0,0.0,0.0,0.0,0.0,0.0,0.0,0.0
8080.0,761.0,2.0,0.0,0.0,0.0,0.0,0.0,0.0,0.0,0.0,0.0,0.0,0.0,0.0,2628.1208,761.0,0.0,761.0,761.0,761.0,761.0,0.0,761.0,761.0,0.0,0.0,0.0,0.0,0.0,0.0,0.0,0.0,0.0,64.0,0.0,2628.1208,0.0,0.0,0.0,0.0,0.0,0.0,0.0,0.0,0.0,0.0,1.0,0.0,0.0,0.0,0.0,0.0,0.0,0.0,64.0,0.0,0.0,0.0,0.0,0.0,0.0,2.0,0.0,0.0,0.0,251.0,-1.0,0.0,32.0,0.0,0.0,0.0,0.0,0.0,0.0,0.0,0.0
8080.0,1823.0,3.0,4.0,156.0,220.0,156.0,0.0,52.0,90.06664,185.0,0.0,55.0,88.223206,206253.42,3839.8245,303.83334,281.8194,806.0,0.0,778.0,389.0,395.9798,669.0,109.0,1423.0,474.33334,421.51434,806.0,0.0,0.0,0.0,0.0,0.0,104.0,136.0,1645.639,2194.1853,0.0,185.0,47.0,77.56472,6016.2856,0.0,0.0,0.0,1.0,0.0,0.0,0.0,0.0,1.0,53.714287,52.0,55.0,104.0,0.0,0.0,0.0,0.0,0.0,0.0,3.0,156.0,4.0,220.0,64240.0,254.0,1.0,32.0,0.0,0.0,0.0,0.0,0.0,0.0,0.0,0.0
8080.0,820.0,2.0,0.0,0.0,0.0,0.0,0.0,0.0,0.0,0.0,0.0,0.0,0.0,0.0,2439.0244,820.0,0.0,820.0,820.0,820.0,820.0,0.0,820.0,820.0,0.0,0.0,0.0,0.0,0.0,0.0,0.0,0.0,0.0,64.0,0.0,2439.0244,0.0,0.0,0.0,0.0,0.0,0.0,0.0,0.0,0.0,0.0,1.0,0.0,0.0,0.0,0.0,0.0,0.0,0.0,64.0,0.0,0.0,0.0,0.0,0.0,0.0,2.0,0.0,0.0,0.0,251.0,-1.0,0.0,32.0,0.0,0.0,0.0,0.0,0.0,0.0,0.0,0.0
8080.0,4992.0,3.0,4.0,156.0,220.0,156.0,0.0,52.0,90.06664,185.0,0.0,55.0,88.223206,75320.516,1402.2435,832.0,945.9321,2676.0,0.0,1751.0,875.5,815.2941,1452.0,299.0,4224.0,1408.0,1343.482,2676.0,0.0,0.0,0.0,0.0,0.0,104.0,136.0,600.96155,801.28204,0.0,185.0,47.0,77.56472,6016.2856,0.0,0.0,0.0,1.0,0.0,0.0,0.0,0.0,1.0,53.714287,52.0,55.0,104.0,0.0,0.0,0.0,0.0,0.0,0.0,3.0,156.0,4.0,220.0,64240.0,254.0,1.0,32.0,0.0,0.0,0.0,0.0,0.0,0.0,0.0,0.0
8080.0,913.0,2.0,0.0,0.0,0.0,0.0,0.0,0.0,0.0,0.0,0.0,0.0,0.0,0.0,2190.5806,913.0,0.0,913.0,913.0,913.0,913.0,0.0,913.0,913.0,0.0,0.0,0.0,0.0,0.0,0.0,0.0,0.0,0.0,64.0,0.0,2190.5806,0.0,0.0,0.0,0.0,0.0,0.0,0.0,0.0,0.0,0.0,1.0,0.0,0.0,0.0,0.0,0.0,0.0,0.0,64.0,0.0,0.0,0.0,0.0,0.0,0.0,2.0,0.0,0.0,0.0,251.0,-1.0,0.0,32.0,0.0,0.0,0.0,0.0,0.0,0.0,0.0,0.0
8080.0,9375.0,3.0,4.0,156.0,220.0,156.0,0.0,52.0,90.06664,185.0,0.0,55.0,88.223206,40106.668,746.6667,1562.5,2433.9758,6487.0,129.0,2121.0,1060.5,1071.2667,1818.0,303.0,8365.0,2788.3333,3303.9675,6487.0,129.0,0.0,0.0,0.0,0.0,104.0,136.0,320.0,426.66666,0.0,185.0,47.0,77.56472,6016.2856,0.0,0.0,0.0,1.0,0.0,0.0,0.0,0.0,1.0,53.714287,52.0,55.0,104.0,0.0,0.0,0.0,0.0,0.0,0.0,3.0,156.0,4.0,220.0,64240.0,254.0,1.0,32.0,0.0,0.0,0.0,0.0,0.0,0.0,0.0,0.0
8080.0,875.0,2.0,0.0,0.0,0.0,0.0,0.0,0.0,0.0,0.0,0.0,0.0,0.0,0.0,2285.7144,875.0,0.0,875.0,875.0,875.0,875.0,0.0,875.0,875.0,0.0,0.0,0.0,0.0,0.0,0.0,0.0,0.0,0.0,64.0,0.0,2285.7144,0.0,0.0,0.0,0.0,0.0,0.0,0.0,0.0,0.0,0.0,1.0,0.0,0.0,0.0,0.0,0.0,0.0,0.0,64.0,0.0,0.0,0.0,0.0,0.0,0.0,2.0,0.0,0.0,0.0,251.0,-1.0,0.0,32.0,0.0,0.0,0.0,0.0,0.0,0.0,0.0,0.0
8080.0,5199.0,3.0,4.0,156.0,220.0,156.0,0.0,52.0,90.06664,185.0,0.0,55.0,88.223206,72321.6,1346.4127,866.5,748.01465,2202.0,0.0,2142.0,1071.0,991.3637,1772.0,370.0,4224.0,1408.0,1222.6807,2202.0,0.0,0.0,0.0,0.0,0.0,104.0,136.0,577.03406,769.3787,0.0,185.0,47.0,77.56472,6016.2856,0.0,0.0,0.0,1.0,0.0,0.0,0.0,0.0,1.0,53.714287,52.0,55.0,104.0,0.0,0.0,0.0,0.0,0.0,0.0,3.0,156.0,4.0,220.0,64240.0,254.0,1.0,32.0,0.0,0.0,0.0,0.0,0.0,0.0,0.0,0.0
8080.0,1069.0,2.0,0.0,0.0,0.0,0.0,0.0,0.0,0.0,0.0,0.0,0.0,0.0,0.0,1870.9073,1069.0,0.0,1069.0,1069.0,1069.0,1069.0,0.0,1069.0,1069.0,0.0,0.0,0.0,0.0,0.0,0.0,0.0,0.0,0.0,64.0,0.0,1870.9073,0.0,0.0,0.0,0.0,0.0,0.0,0.0,0.0,0.0,0.0,1.0,0.0,0.0,0.0,0.0,0.0,0.0,0.0,64.0,0.0,0.0,0.0,0.0,0.0,0.0,2.0,0.0,0.0,0.0,251.0,-1.0,0.0,32.0,0.0,0.0,0.0,0.0,0.0,0.0,0.0,0.0
8080.0,7795.0,3.0,4.0,156.0,220.0,156.0,0.0,52.0,90.06664,185.0,0.0,55.0,88.223206,48236.047,898.01154,1299.1666,1780.7227,4903.0,193.0,2038.0,1019.0,797.61646,1583.0,455.0,6939.0,2313.0,2389.9163,4903.0,193.0,0.0,0.0,0.0,0.0,104.0,136.0,384.8621,513.1495,0.0,185.0,47.0,77.56472,6016.2856,0.0,0.0,0.0,1.0,0.0,0.0,0.0,0.0,1.0,53.714287,52.0,55.0,104.0,0.0,0.0,0.0,0.0,0.0,0.0,3.0,156.0,4.0,220.0,64240.0,254.0,1.0,32.0,0.0,0.0,0.0,0.0,0.0,0.0,0.0,0.0
8080.0,799.0,2.0,0.0,0.0,0.0,0.0,0.0,0.0,0.0,0.0,0.0,0.0,0.0,0.0,2503.129,799.0,0.0,799.0,799.0,799.0,799.0,0.0,799.0,799.0,0.0,0.0,0.0,0.0,0.0,0.0,0.0,0.0,0.0,64.0,0.0,2503.129,0.0,0.0,0.0,0.0,0.0,0.0,0.0,0.0,0.0,0.0,1.0,0.0,0.0,0.0,0.0,0.0,0.0,0.0,64.0,0.0,0.0,0.0,0.0,0.0,0.0,2.0,0.0,0.0,0.0,251.0,-1.0,0.0,32.0,0.0,0.0,0.0,0.0,0.0,0.0,0.0,0.0
8080.0,4543.0,3.0,4.0,156.0,220.0,156.0,0.0,52.0,90.06664,185.0,0.0,55.0,88.223206,82764.695,1540.832,757.1667,678.03613,1980.0,0.0,1965.0,982.5,942.57336,1649.0,316.0,3696.0,1232.0,1075.0776,1980.0,0.0,0.0,0.0,0.0,0.0,104.0,136.0,660.35657,880.47546,0.0,185.0,47.0,77.56472,6016.2856,0.0,0.0,0.0,1.0,0.0,0.0,0.0,0.0,1.0,53.714287,52.0,55.0,104.0,0.0,0.0,0.0,0.0,0.0,0.0,3.0,156.0,4.0,220.0,64240.0,254.0,1.0,32.0,0.0,0.0,0.0,0.0,0.0,0.0,0.0,0.0
8080.0,1073.0,2.0,0.0,0.0,0.0,0.0,0.0,0.0,0.0,0.0,0.0,0.0,0.0,0.0,1863.9329,1073.0,0.0,1073.0,1073.0,1073.0,1073.0,0.0,1073.0,1073.0,0.0,0.0,0.0,0.0,0.0,0.0,0.0,0.0,0.0,64.0,0.0,1863.9329,0.0,0.0,0.0,0.0,0.0,0.0,0.0,0.0,0.0,0.0,1.0,0.0,0.0,0.0,0.0,0.0,0.0,0.0,64.0,0.0,0.0,0.0,0.0,0.0,0.0,2.0,0.0,0.0,0.0,251.0,-1.0,0.0,32.0,0.0,0.0,0.0,0.0,0.0,0.0,0.0,0.0
8080.0,5298.0,3.0,4.0,156.0,220.0,156.0,0.0,52.0,90.06664,185.0,0.0,55.0,88.223206,70970.18,1321.2533,883.0,830.2754,2487.0,169.0,1982.0,991.0,930.55255,1649.0,333.0,4423.0,1474.3334,1186.39,2487.0,169.0,0.0,0.0,0.0,0.0,104.0,136.0,566.2514,755.0019,0.0,185.0,47.0,77.56472,6016.2856,0.0,0.0,0.0,1.0,0.0,0.0,0.0,0.0,1.0,53.714287,52.0,55.0,104.0,0.0,0.0,0.0,0.0,0.0,0.0,3.0,156.0,4.0,220.0,64240.0,254.0,1.0,32.0,0.0,0.0,0.0,0.0,0.0,0.0,0.0,0.0
8080.0,977.0,2.0,0.0,0.0,0.0,0.0,0.0,0.0,0.0,0.0,0.0,0.0,0.0,0.0,2047.0829,977.0,0.0,977.0,977.0,977.0,977.0,0.0,977.0,977.0,0.0,0.0,0.0,0.0,0.0,0.0,0.0,0.0,0.0,64.0,0.0,2047.0829,0.0,0.0,0.0,0.0,0.0,0.0,0.0,0.0,0.0,0.0,1.0,0.0,0.0,0.0,0.0,0.0,0.0,0.0,64.0,0.0,0.0,0.0,0.0,0.0,0.0,2.0,0.0,0.0,0.0,251.0,-1.0,0.0,32.0,0.0,0.0,0.0,0.0,0.0,0.0,0.0,0.0
8080.0,3825.0,3.0,4.0,156.0,220.0,156.0,0.0,52.0,90.06664,185.0,0.0,55.0,88.223206,98300.66,1830.0653,637.5,484.94403,1414.0,1.0,1690.0,845.0,837.2144,1437.0,253.0,3106.0,1035.3334,906.40295,1691.0,1.0,0.0,0.0,0.0,0.0,104.0,136.0,784.3137,1045.7516,0.0,185.0,47.0,77.56472,6016.2856,0.0,0.0,0.0,1.0,0.0,0.0,0.0,0.0,1.0,53.714287,52.0,55.0,104.0,0.0,0.0,0.0,0.0,0.0,0.0,3.0,156.0,4.0,220.0,64240.0,254.0,1.0,32.0,0.0,0.0,0.0,0.0,0.0,0.0,0.0,0.0
8080.0,752.0,2.0,0.0,0.0,0.0,0.0,0.0,0.0,0.0,0.0,0.0,0.0,0.0,0.0,2659.5745,752.0,0.0,752.0,752.0,752.0,752.0,0.0,752.0,752.0,0.0,0.0,0.0,0.0,0.0,0.0,0.0,0.0,0.0,64.0,0.0,2659.5745,0.0,0.0,0.0,0.0,0.0,0.0,0.0,0.0,0.0,0.0,1.0,0.0,0.0,0.0,0.0,0.0,0.0,0.0,64.0,0.0,0.0,0.0,0.0,0.0,0.0,2.0,0.0,0.0,0.0,251.0,-1.0,0.0,32.0,0.0,0.0,0.0,0.0,0.0,0.0,0.0,0.0
8080.0,4212.0,3.0,4.0,156.0,220.0,156.0,0.0,52.0,90.06664,185.0,0.0,55.0,88.223206,89268.76,1661.9183,702.0,588.77057,1708.0,0.0,1837.0,918.5,854.8921,1523.0,314.0,3637.0,1212.3334,1055.7103,1929.0,0.0,0.0,0.0,0.0,0.0,104.0,136.0,712.25073,949.6676,0.0,185.0,47.0,77.56472,6016.2856,0.0,0.0,0.0,1.0,0.0,0.0,0.0,0.0,1.0,53.714287,52.0,55.0,104.0,0.0,0.0,0.0,0.0,0.0,0.0,3.0,156.0,4.0,220.0,64240.0,254.0,1.0,32.0,0.0,0.0,0.0,0.0,0.0,0.0,0.0,0.0
8080.0,580.0,2.0,0.0,0.0,0.0,0.0,0.0,0.0,0.0,0.0,0.0,0.0,0.0,0.0,3448.276,580.0,0.0,580.0,580.0,580.0,580.0,0.0,580.0,580.0,0.0,0.0,0.0,0.0,0.0,0.0,0.0,0.0,0.0,64.0,0.0,3448.276,0.0,0.0,0.0,0.0,0.0,0.0,0.0,0.0,0.0,0.0,1.0,0.0,0.0,0.0,0.0,0.0,0.0,0.0,64.0,0.0,0.0,0.0,0.0,0.0,0.0,2.0,0.0,0.0,0.0,251.0,-1.0,0.0,32.0,0.0,0.0,0.0,0.0,0.0,0.0,0.0,0.0
8080.0,3761.0,3.0,4.0,156.0,220.0,156.0,0.0,52.0,90.06664,185.0,0.0,55.0,88.223206,99973.414,1861.2072,626.8333,661.50323,1851.0,1.0,1408.0,704.0,847.11395,1303.0,105.0,3045.0,1015.0,937.7569,1851.0,1.0,0.0,0.0,0.0,0.0,104.0,136.0,797.6602,1063.5469,0.0,185.0,47.0,77.56472,6016.2856,0.0,0.0,0.0,1.0,0.0,0.0,0.0,0.0,1.0,53.714287,52.0,55.0,104.0,0.0,0.0,0.0,0.0,0.0,0.0,3.0,156.0,4.0,220.0,64240.0,254.0,1.0,32.0,0.0,0.0,0.0,0.0,0.0,0.0,0.0,0.0
8080.0,777.0,2.0,0.0,0.0,0.0,0.0,0.0,0.0,0.0,0.0,0.0,0.0,0.0,0.0,2574.0027,777.0,0.0,777.0,777.0,777.0,777.0,0.0,777.0,777.0,0.0,0.0,0.0,0.0,0.0,0.0,0.0,0.0,0.0,64.0,0.0,2574.0027,0.0,0.0,0.0,0.0,0.0,0.0,0.0,0.0,0.0,0.0,1.0,0.0,0.0,0.0,0.0,0.0,0.0,0.0,64.0,0.0,0.0,0.0,0.0,0.0,0.0,2.0,0.0,0.0,0.0,251.0,-1.0,0.0,32.0,0.0,0.0,0.0,0.0,0.0,0.0,0.0,0.0
8080.0,2296.0,3.0,4.0,156.0,220.0,156.0,0.0,52.0,90.06664,185.0,0.0,55.0,88.223206,163763.06,3048.7805,382.66666,398.14804,1165.0,55.0,834.0,417.0,362.03867,673.0,161.0,1962.0,654.0,560.208,1165.0,55.0,0.0,0.0,0.0,0.0,104.0,136.0,1306.6202,1742.1603,0.0,185.0,47.0,77.56472,6016.2856,0.0,0.0,0.0,1.0,0.0,0.0,0.0,0.0,1.0,53.714287,52.0,55.0,104.0,0.0,0.0,0.0,0.0,0.0,0.0,3.0,156.0,4.0,220.0,64240.0,254.0,1.0,32.0,0.0,0.0,0.0,0.0,0.0,0.0,0.0,0.0
8080.0,402.0,2.0,0.0,0.0,0.0,0.0,0.0,0.0,0.0,0.0,0.0,0.0,0.0,0.0,4975.1245,402.0,0.0,402.0,402.0,402.0,402.0,0.0,402.0,402.0,0.0,0.0,0.0,0.0,0.0,0.0,0.0,0.0,0.0,64.0,0.0,4975.1245,0.0,0.0,0.0,0.0,0.0,0.0,0.0,0.0,0.0,0.0,1.0,0.0,0.0,0.0,0.0,0.0,0.0,0.0,64.0,0.0,0.0,0.0,0.0,0.0,0.0,2.0,0.0,0.0,0.0,251.0,-1.0,0.0,32.0,0.0,0.0,0.0,0.0,0.0,0.0,0.0,0.0
8080.0,7181.0,3.0,4.0,156.0,220.0,156.0,0.0,52.0,90.06664,185.0,0.0,55.0,88.223206,52360.395,974.7946,1196.8334,1673.2291,4524.0,1.0,1654.0,827.0,866.9129,1440.0,214.0,6320.0,2106.6667,2277.55,4524.0,1.0,0.0,0.0,0.0,0.0,104.0,136.0,417.7691,557.0255,0.0,185.0,47.0,77.56472,6016.2856,0.0,0.0,0.0,1.0,0.0,0.0,0.0,0.0,1.0,53.714287,52.0,55.0,104.0,0.0,0.0,0.0,0.0,0.0,0.0,3.0,156.0,4.0,220.0,64240.0,254.0,1.0,32.0,0.0,0.0,0.0,0.0,0.0,0.0,0.0,0.0
8080.0,1208.0,2.0,0.0,0.0,0.0,0.0,0.0,0.0,0.0,0.0,0.0,0.0,0.0,0.0,1655.6292,1208.0,0.0,1208.0,1208.0,1208.0,1208.0,0.0,1208.0,1208.0,0.0,0.0,0.0,0.0,0.0,0.0,0.0,0.0,0.0,64.0,0.0,1655.6292,0.0,0.0,0.0,0.0,0.0,0.0,0.0,0.0,0.0,0.0,1.0,0.0,0.0,0.0,0.0,0.0,0.0,0.0,64.0,0.0,0.0,0.0,0.0,0.0,0.0,2.0,0.0,0.0,0.0,251.0,-1.0,0.0,32.0,0.0,0.0,0.0,0.0,0.0,0.0,0.0,0.0
8080.0,4168.0,3.0,4.0,156.0,220.0,156.0,0.0,52.0,90.06664,185.0,0.0,55.0,88.223206,90211.13,1679.4625,694.6667,521.0085,1575.0,0.0,1977.0,988.5,811.05145,1562.0,415.0,3373.0,1124.3334,980.06445,1798.0,0.0,0.0,0.0,0.0,0.0,104.0,136.0,719.76965,959.6929,0.0,185.0,47.0,77.56472,6016.2856,0.0,0.0,0.0,1.0,0.0,0.0,0.0,0.0,1.0,53.714287,52.0,55.0,104.0,0.0,0.0,0.0,0.0,0.0,0.0,3.0,156.0,4.0,220.0,64240.0,254.0,1.0,32.0,0.0,0.0,0.0,0.0,0.0,0.0,0.0,0.0
8080.0,815.0,2.0,0.0,0.0,0.0,0.0,0.0,0.0,0.0,0.0,0.0,0.0,0.0,0.0,2453.9878,815.0,0.0,815.0,815.0,815.0,815.0,0.0,815.0,815.0,0.0,0.0,0.0,0.0,0.0,0.0,0.0,0.0,0.0,64.0,0.0,2453.9878,0.0,0.0,0.0,0.0,0.0,0.0,0.0,0.0,0.0,0.0,1.0,0.0,0.0,0.0,0.0,0.0,0.0,0.0,64.0,0.0,0.0,0.0,0.0,0.0,0.0,2.0,0.0,0.0,0.0,251.0,-1.0,0.0,32.0,0.0,0.0,0.0,0.0,0.0,0.0,0.0,0.0
8080.0,2906.0,3.0,4.0,156.0,220.0,156.0,0.0,52.0,90.06664,185.0,0.0,55.0,88.223206,129387.48,2408.8093,484.33334,591.6146,1648.0,1.0,914.0,457.0,449.7199,775.0,139.0,2472.0,824.0,823.5004,1648.0,1.0,0.0,0.0,0.0,0.0,104.0,136.0,1032.3469,1376.4625,0.0,185.0,47.0,77.56472,6016.2856,0.0,0.0,0.0,1.0,0.0,0.0,0.0,0.0,1.0,53.714287,52.0,55.0,104.0,0.0,0.0,0.0,0.0,0.0,0.0,3.0,156.0,4.0,220.0,64240.0,254.0,1.0,32.0,0.0,0.0,0.0,0.0,0.0,0.0,0.0,0.0
8080.0,1066.0,2.0,0.0,0.0,0.0,0.0,0.0,0.0,0.0,0.0,0.0,0.0,0.0,0.0,1876.1726,1066.0,0.0,1066.0,1066.0,1066.0,1066.0,0.0,1066.0,1066.0,0.0,0.0,0.0,0.0,0.0,0.0,0.0,0.0,0.0,64.0,0.0,1876.1726,0.0,0.0,0.0,0.0,0.0,0.0,0.0,0.0,0.0,0.0,1.0,0.0,0.0,0.0,0.0,0.0,0.0,0.0,64.0,0.0,0.0,0.0,0.0,0.0,0.0,2.0,0.0,0.0,0.0,251.0,-1.0,0.0,32.0,0.0,0.0,0.0,0.0,0.0,0.0,0.0,0.0
8080.0,4600.0,3.0,4.0,156.0,220.0,156.0,0.0,52.0,90.06664,185.0,0.0,55.0,88.223206,81739.13,1521.7391,766.6667,642.4838,1851.0,0.0,2028.0,1014.0,1074.8024,1774.0,254.0,3656.0,1218.6666,1055.6469,1851.0,0.0,0.0,0.0,0.0,0.0,104.0,136.0,652.1739,869.56525,0.0,185.0,47.0,77.56472,6016.2856,0.0,0.0,0.0,1.0,0.0,0.0,0.0,0.0,1.0,53.714287,52.0,55.0,104.0,0.0,0.0,0.0,0.0,0.0,0.0,3.0,156.0,4.0,220.0,64240.0,254.0,1.0,32.0,0.0,0.0,0.0,0.0,0.0,0.0,0.0,0.0
8080.0,1024.0,2.0,0.0,0.0,0.0,0.0,0.0,0.0,0.0,0.0,0.0,0.0,0.0,0.0,1953.125,1024.0,0.0,1024.0,1024.0,1024.0,1024.0,0.0,1024.0,1024.0,0.0,0.0,0.0,0.0,0.0,0.0,0.0,0.0,0.0,64.0,0.0,1953.125,0.0,0.0,0.0,0.0,0.0,0.0,0.0,0.0,0.0,0.0,1.0,0.0,0.0,0.0,0.0,0.0,0.0,0.0,64.0,0.0,0.0,0.0,0.0,0.0,0.0,2.0,0.0,0.0,0.0,251.0,-1.0,0.0,32.0,0.0,0.0,0.0,0.0,0.0,0.0,0.0,0.0
8080.0,3067.0,3.0,4.0,156.0,220.0,156.0,0.0,52.0,90.06664,185.0,0.0,55.0,88.223206,122595.37,2282.3606,511.16666,348.2381,1188.0,188.0,1131.0,565.5,533.8656,943.0,188.0,2604.0,868.0,463.8793,1188.0,336.0,0.0,0.0,0.0,0.0,104.0,136.0,978.15454,1304.206,0.0,185.0,47.0,77.56472,6016.2856,0.0,0.0,0.0,1.0,0.0,0.0,0.0,0.0,1.0,53.714287,52.0,55.0,104.0,0.0,0.0,0.0,0.0,0.0,0.0,3.0,156.0,4.0,220.0,64240.0,254.0,1.0,32.0,0.0,0.0,0.0,0.0,0.0,0.0,0.0,0.0
8080.0,620.0,2.0,0.0,0.0,0.0,0.0,0.0,0.0,0.0,0.0,0.0,0.0,0.0,0.0,3225.8064,620.0,0.0,620.0,620.0,620.0,620.0,0.0,620.0,620.0,0.0,0.0,0.0,0.0,0.0,0.0,0.0,0.0,0.0,64.0,0.0,3225.8064,0.0,0.0,0.0,0.0,0.0,0.0,0.0,0.0,0.0,0.0,1.0,0.0,0.0,0.0,0.0,0.0,0.0,0.0,64.0,0.0,0.0,0.0,0.0,0.0,0.0,2.0,0.0,0.0,0.0,251.0,-1.0,0.0,32.0,0.0,0.0,0.0,0.0,0.0,0.0,0.0,0.0
8080.0,4227.0,3.0,4.0,156.0,220.0,156.0,0.0,52.0,90.06664,185.0,0.0,55.0,88.223206,88951.98,1656.0209,704.5,331.11252,1343.0,403.0,1847.0,923.5,593.2626,1343.0,504.0,3522.0,1174.0,701.92804,1776.0,403.0,0.0,0.0,0.0,0.0,104.0,136.0,709.7232,946.2976,0.0,185.0,47.0,77.56472,6016.2856,0.0,0.0,0.0,1.0,0.0,0.0,0.0,0.0,1.0,53.714287,52.0,55.0,104.0,0.0,0.0,0.0,0.0,0.0,0.0,3.0,156.0,4.0,220.0,64240.0,254.0,1.0,32.0,0.0,0.0,0.0,0.0,0.0,0.0,0.0,0.0
8080.0,1066.0,2.0,0.0,0.0,0.0,0.0,0.0,0.0,0.0,0.0,0.0,0.0,0.0,0.0,1876.1726,1066.0,0.0,1066.0,1066.0,1066.0,1066.0,0.0,1066.0,1066.0,0.0,0.0,0.0,0.0,0.0,0.0,0.0,0.0,0.0,64.0,0.0,1876.1726,0.0,0.0,0.0,0.0,0.0,0.0,0.0,0.0,0.0,0.0,1.0,0.0,0.0,0.0,0.0,0.0,0.0,0.0,64.0,0.0,0.0,0.0,0.0,0.0,0.0,2.0,0.0,0.0,0.0,251.0,-1.0,0.0,32.0,0.0,0.0,0.0,0.0,0.0,0.0,0.0,0.0
8080.0,5525.0,3.0,4.0,156.0,220.0,156.0,0.0,52.0,90.06664,185.0,0.0,55.0,88.223206,68054.3,1266.9684,920.8333,904.65497,2630.0,0.0,2170.0,1085.0,970.1505,1771.0,399.0,4570.0,1523.3334,1363.6104,2630.0,0.0,0.0,0.0,0.0,0.0,104.0,136.0,542.98645,723.9819,0.0,185.0,47.0,77.56472,6016.2856,0.0,0.0,0.0,1.0,0.0,0.0,0.0,0.0,1.0,53.714287,52.0,55.0,104.0,0.0,0.0,0.0,0.0,0.0,0.0,3.0,156.0,4.0,220.0,64240.0,254.0,1.0,32.0,0.0,0.0,0.0,0.0,0.0,0.0,0.0,0.0
8080.0,1070.0,2.0,0.0,0.0,0.0,0.0,0.0,0.0,0.0,0.0,0.0,0.0,0.0,0.0,1869.1589,1070.0,0.0,1070.0,1070.0,1070.0,1070.0,0.0,1070.0,1070.0,0.0,0.0,0.0,0.0,0.0,0.0,0.0,0.0,0.0,64.0,0.0,1869.1589,0.0,0.0,0.0,0.0,0.0,0.0,0.0,0.0,0.0,0.0,1.0,0.0,0.0,0.0,0.0,0.0,0.0,0.0,64.0,0.0,0.0,0.0,0.0,0.0,0.0,2.0,0.0,0.0,0.0,251.0,-1.0,0.0,32.0,0.0,0.0,0.0,0.0,0.0,0.0,0.0,0.0
8080.0,6832.0,3.0,4.0,156.0,220.0,156.0,0.0,52.0,90.06664,185.0,0.0,55.0,88.223206,55035.13,1024.5902,1138.6666,1658.4855,4469.0,0.0,1799.0,899.5,888.83325,1528.0,271.0,6042.0,2014.0,2266.9033,4469.0,0.0,0.0,0.0,0.0,0.0,104.0,136.0,439.11008,585.4801,0.0,185.0,47.0,77.56472,6016.2856,0.0,0.0,0.0,1.0,0.0,0.0,0.0,0.0,1.0,53.714287,52.0,55.0,104.0,0.0,0.0,0.0,0.0,0.0,0.0,3.0,156.0,4.0,220.0,64240.0,254.0,1.0,32.0,0.0,0.0,0.0,0.0,0.0,0.0,0.0,0.0
8080.0,878.0,2.0,0.0,0.0,0.0,0.0,0.0,0.0,0.0,0.0,0.0,0.0,0.0,0.0,2277.9043,878.0,0.0,878.0,878.0,878.0,878.0,0.0,878.0,878.0,0.0,0.0,0.0,0.0,0.0,0.0,0.0,0.0,0.0,64.0,0.0,2277.9043,0.0,0.0,0.0,0.0,0.0,0.0,0.0,0.0,0.0,0.0,1.0,0.0,0.0,0.0,0.0,0.0,0.0,0.0,64.0,0.0,0.0,0.0,0.0,0.0,0.0,2.0,0.0,0.0,0.0,251.0,-1.0,0.0,32.0,0.0,0.0,0.0,0.0,0.0,0.0,0.0,0.0
8080.0,3322.0,3.0,4.0,156.0,220.0,156.0,0.0,52.0,90.06664,185.0,0.0,55.0,88.223206,113184.83,2107.1643,553.6667,792.4296,2128.0,1.0,918.0,459.0,560.02856,855.0,63.0,2842.0,947.3333,1082.6895,2128.0,1.0,0.0,0.0,0.0,0.0,104.0,136.0,903.07043,1204.0939,0.0,185.0,47.0,77.56472,6016.2856,0.0,0.0,0.0,1.0,0.0,0.0,0.0,0.0,1.0,53.714287,52.0,55.0,104.0,0.0,0.0,0.0,0.0,0.0,0.0,3.0,156.0,4.0,220.0,64240.0,254.0,1.0,32.0,0.0,0.0,0.0,0.0,0.0,0.0,0.0,0.0
8080.0,1133.0,2.0,0.0,0.0,0.0,0.0,0.0,0.0,0.0,0.0,0.0,0.0,0.0,0.0,1765.2251,1133.0,0.0,1133.0,1133.0,1133.0,1133.0,0.0,1133.0,1133.0,0.0,0.0,0.0,0.0,0.0,0.0,0.0,0.0,0.0,64.0,0.0,1765.2251,0.0,0.0,0.0,0.0,0.0,0.0,0.0,0.0,0.0,0.0,1.0,0.0,0.0,0.0,0.0,0.0,0.0,0.0,64.0,0.0,0.0,0.0,0.0,0.0,0.0,2.0,0.0,0.0,0.0,251.0,-1.0,0.0,32.0,0.0,0.0,0.0,0.0,0.0,0.0,0.0,0.0
8080.0,7185.0,3.0,4.0,156.0,220.0,156.0,0.0,52.0,90.06664,185.0,0.0,55.0,88.223206,52331.246,974.2519,1197.5,1598.8174,4354.0,38.0,1937.0,968.5,1315.9257,1899.0,38.0,6018.0,2006.0,2131.4663,4354.0,193.0,0.0,0.0,0.0,0.0,104.0,136.0,417.53653,556.7154,0.0,185.0,47.0,77.56472,6016.2856,0.0,0.0,0.0,1.0,0.0,0.0,0.0,0.0,1.0,53.714287,52.0,55.0,104.0,0.0,0.0,0.0,0.0,0.0,0.0,3.0,156.0,4.0,220.0,64240.0,254.0,1.0,32.0,0.0,0.0,0.0,0.0,0.0,0.0,0.0,0.0
8080.0,585.0,2.0,0.0,0.0,0.0,0.0,0.0,0.0,0.0,0.0,0.0,0.0,0.0,0.0,3418.8035,585.0,0.0,585.0,585.0,585.0,585.0,0.0,585.0,585.0,0.0,0.0,0.0,0.0,0.0,0.0,0.0,0.0,0.0,64.0,0.0,3418.8035,0.0,0.0,0.0,0.0,0.0,0.0,0.0,0.0,0.0,0.0,1.0,0.0,0.0,0.0,0.0,0.0,0.0,0.0,64.0,0.0,0.0,0.0,0.0,0.0,0.0,2.0,0.0,0.0,0.0,251.0,-1.0,0.0,32.0,0.0,0.0,0.0,0.0,0.0,0.0,0.0,0.0
8080.0,3710.0,3.0,4.0,156.0,220.0,156.0,0.0,52.0,90.06664,185.0,0.0,55.0,88.223206,101347.71,1886.7925,618.3333,623.09314,1806.0,1.0,1357.0,678.5,605.99054,1107.0,250.0,3145.0,1048.3334,936.7157,1806.0,1.0,0.0,0.0,0.0,0.0,104.0,136.0,808.62537,1078.1671,0.0,185.0,47.0,77.56472,6016.2856,0.0,0.0,0.0,1.0,0.0,0.0,0.0,0.0,1.0,53.714287,52.0,55.0,104.0,0.0,0.0,0.0,0.0,0.0,0.0,3.0,156.0,4.0,220.0,64240.0,254.0,1.0,32.0,0.0,0.0,0.0,0.0,0.0,0.0,0.0,0.0
8080.0,848.0,2.0,0.0,0.0,0.0,0.0,0.0,0.0,0.0,0.0,0.0,0.0,0.0,0.0,2358.4905,848.0,0.0,848.0,848.0,848.0,848.0,0.0,848.0,848.0,0.0,0.0,0.0,0.0,0.0,0.0,0.0,0.0,0.0,64.0,0.0,2358.4905,0.0,0.0,0.0,0.0,0.0,0.0,0.0,0.0,0.0,0.0,1.0,0.0,0.0,0.0,0.0,0.0,0.0,0.0,64.0,0.0,0.0,0.0,0.0,0.0,0.0,2.0,0.0,0.0,0.0,251.0,-1.0,0.0,32.0,0.0,0.0,0.0,0.0,0.0,0.0,0.0,0.0
8080.0,1636.0,3.0,4.0,156.0,220.0,156.0,0.0,52.0,90.06664,185.0,0.0,55.0,88.223206,229828.84,4278.7285,272.66666,226.12003,656.0,0.0,677.0,338.5,348.60364,585.0,92.0,1341.0,447.0,387.38483,685.0,0.0,0.0,0.0,0.0,0.0,104.0,136.0,1833.7408,2444.9878,0.0,185.0,47.0,77.56472,6016.2856,0.0,0.0,0.0,1.0,0.0,0.0,0.0,0.0,1.0,53.714287,52.0,55.0,104.0,0.0,0.0,0.0,0.0,0.0,0.0,3.0,156.0,4.0,220.0,64240.0,254.0,1.0,32.0,0.0,0.0,0.0,0.0,0.0,0.0,0.0,0.0
8080.0,395.0,2.0,0.0,0.0,0.0,0.0,0.0,0.0,0.0,0.0,0.0,0.0,0.0,0.0,5063.291,395.0,0.0,395.0,395.0,395.0,395.0,0.0,395.0,395.0,0.0,0.0,0.0,0.0,0.0,0.0,0.0,0.0,0.0,64.0,0.0,5063.291,0.0,0.0,0.0,0.0,0.0,0.0,0.0,0.0,0.0,0.0,1.0,0.0,0.0,0.0,0.0,0.0,0.0,0.0,64.0,0.0,0.0,0.0,0.0,0.0,0.0,2.0,0.0,0.0,0.0,251.0,-1.0,0.0,32.0,0.0,0.0,0.0,0.0,0.0,0.0,0.0,0.0
8080.0,4201.0,3.0,4.0,156.0,220.0,156.0,0.0,52.0,90.06664,185.0,0.0,55.0,88.223206,89502.5,1666.2699,700.1667,728.6369,2158.0,179.0,1288.0,644.0,657.6093,1109.0,179.0,3626.0,1208.6666,875.5149,2158.0,433.0,0.0,0.0,0.0,0.0,104.0,136.0,714.11566,952.15424,0.0,185.0,47.0,77.56472,6016.2856,0.0,0.0,0.0,1.0,0.0,0.0,0.0,0.0,1.0,53.714287,52.0,55.0,104.0,0.0,0.0,0.0,0.0,0.0,0.0,3.0,156.0,4.0,220.0,64240.0,254.0,1.0,32.0,0.0,0.0,0.0,0.0,0.0,0.0,0.0,0.0
8080.0,838.0,2.0,0.0,0.0,0.0,0.0,0.0,0.0,0.0,0.0,0.0,0.0,0.0,0.0,2386.6348,838.0,0.0,838.0,838.0,838.0,838.0,0.0,838.0,838.0,0.0,0.0,0.0,0.0,0.0,0.0,0.0,0.0,0.0,64.0,0.0,2386.6348,0.0,0.0,0.0,0.0,0.0,0.0,0.0,0.0,0.0,0.0,1.0,0.0,0.0,0.0,0.0,0.0,0.0,0.0,64.0,0.0,0.0,0.0,0.0,0.0,0.0,2.0,0.0,0.0,0.0,251.0,-1.0,0.0,32.0,0.0,0.0,0.0,0.0,0.0,0.0,0.0,0.0
8080.0,3980.0,3.0,4.0,156.0,220.0,156.0,0.0,52.0,90.06664,185.0,0.0,55.0,88.223206,94472.36,1758.794,663.3333,483.38583,1417.0,1.0,1840.0,920.0,869.74133,1535.0,305.0,3149.0,1049.6666,921.64276,1731.0,1.0,0.0,0.0,0.0,0.0,104.0,136.0,753.76886,1005.02515,0.0,185.0,47.0,77.56472,6016.2856,0.0,0.0,0.0,1.0,0.0,0.0,0.0,0.0,1.0,53.714287,52.0,55.0,104.0,0.0,0.0,0.0,0.0,0.0,0.0,3.0,156.0,4.0,220.0,64240.0,254.0,1.0,32.0,0.0,0.0,0.0,0.0,0.0,0.0,0.0,0.0
8080.0,570.0,2.0,0.0,0.0,0.0,0.0,0.0,0.0,0.0,0.0,0.0,0.0,0.0,0.0,3508.772,570.0,0.0,570.0,570.0,570.0,570.0,0.0,570.0,570.0,0.0,0.0,0.0,0.0,0.0,0.0,0.0,0.0,0.0,64.0,0.0,3508.772,0.0,0.0,0.0,0.0,0.0,0.0,0.0,0.0,0.0,0.0,1.0,0.0,0.0,0.0,0.0,0.0,0.0,0.0,64.0,0.0,0.0,0.0,0.0,0.0,0.0,2.0,0.0,0.0,0.0,251.0,-1.0,0.0,32.0,0.0,0.0,0.0,0.0,0.0,0.0,0.0,0.0
8080.0,2213.0,3.0,4.0,156.0,220.0,156.0,0.0,52.0,90.06664,185.0,0.0,55.0,88.223206,169905.11,3163.127,368.83334,254.01529,745.0,0.0,1084.0,542.0,497.80316,894.0,190.0,1748.0,582.6667,520.83234,1003.0,0.0,0.0,0.0,0.0,0.0,104.0,136.0,1355.6259,1807.5011,0.0,185.0,47.0,77.56472,6016.2856,0.0,0.0,0.0,1.0,0.0,0.0,0.0,0.0,1.0,53.714287,52.0,55.0,104.0,0.0,0.0,0.0,0.0,0.0,0.0,3.0,156.0,4.0,220.0,64240.0,254.0,1.0,32.0,0.0,0.0,0.0,0.0,0.0,0.0,0.0,0.0
8080.0,452.0,2.0,0.0,0.0,0.0,0.0,0.0,0.0,0.0,0.0,0.0,0.0,0.0,0.0,4424.779,452.0,0.0,452.0,452.0,452.0,452.0,0.0,452.0,452.0,0.0,0.0,0.0,0.0,0.0,0.0,0.0,0.0,0.0,64.0,0.0,4424.779,0.0,0.0,0.0,0.0,0.0,0.0,0.0,0.0,0.0,0.0,1.0,0.0,0.0,0.0,0.0,0.0,0.0,0.0,64.0,0.0,0.0,0.0,0.0,0.0,0.0,2.0,0.0,0.0,0.0,251.0,-1.0,0.0,32.0,0.0,0.0,0.0,0.0,0.0,0.0,0.0,0.0
8080.0,5280.0,3.0,4.0,156.0,220.0,156.0,0.0,52.0,90.06664,185.0,0.0,55.0,88.223206,71212.125,1325.7576,880.0,893.90894,2579.0,0.0,1805.0,902.5,770.0393,1447.0,358.0,4636.0,1545.3334,1363.511,2579.0,0.0,0.0,0.0,0.0,0.0,104.0,136.0,568.1818,757.57574,0.0,185.0,47.0,77.56472,6016.2856,0.0,0.0,0.0,1.0,0.0,0.0,0.0,0.0,1.0,53.714287,52.0,55.0,104.0,0.0,0.0,0.0,0.0,0.0,0.0,3.0,156.0,4.0,220.0,64240.0,254.0,1.0,32.0,0.0,0.0,0.0,0.0,0.0,0.0,0.0,0.0
8080.0,1053.0,2.0,0.0,0.0,0.0,0.0,0.0,0.0,0.0,0.0,0.0,0.0,0.0,0.0,1899.3352,1053.0,0.0,1053.0,1053.0,1053.0,1053.0,0.0,1053.0,1053.0,0.0,0.0,0.0,0.0,0.0,0.0,0.0,0.0,0.0,64.0,0.0,1899.3352,0.0,0.0,0.0,0.0,0.0,0.0,0.0,0.0,0.0,0.0,1.0,0.0,0.0,0.0,0.0,0.0,0.0,0.0,64.0,0.0,0.0,0.0,0.0,0.0,0.0,2.0,0.0,0.0,0.0,251.0,-1.0,0.0,32.0,0.0,0.0,0.0,0.0,0.0,0.0,0.0,0.0
8080.0,2969.0,3.0,4.0,156.0,220.0,156.0,0.0,52.0,90.06664,185.0,0.0,55.0,88.223206,126641.97,2357.6963,494.83334,237.97682,718.0,148.0,1415.0,707.5,593.2626,1127.0,288.0,2297.0,765.6667,642.82684,1431.0,148.0,0.0,0.0,0.0,0.0,104.0,136.0,1010.4412,1347.255,0.0,185.0,47.0,77.56472,6016.2856,0.0,0.0,0.0,1.0,0.0,0.0,0.0,0.0,1.0,53.714287,52.0,55.0,104.0,0.0,0.0,0.0,0.0,0.0,0.0,3.0,156.0,4.0,220.0,64240.0,254.0,1.0,32.0,0.0,0.0,0.0,0.0,0.0,0.0,0.0,0.0
8080.0,914.0,2.0,0.0,0.0,0.0,0.0,0.0,0.0,0.0,0.0,0.0,0.0,0.0,0.0,2188.1838,914.0,0.0,914.0,914.0,914.0,914.0,0.0,914.0,914.0,0.0,0.0,0.0,0.0,0.0,0.0,0.0,0.0,0.0,64.0,0.0,2188.1838,0.0,0.0,0.0,0.0,0.0,0.0,0.0,0.0,0.0,0.0,1.0,0.0,0.0,0.0,0.0,0.0,0.0,0.0,64.0,0.0,0.0,0.0,0.0,0.0,0.0,2.0,0.0,0.0,0.0,251.0,-1.0,0.0,32.0,0.0,0.0,0.0,0.0,0.0,0.0,0.0,0.0
8080.0,6721.0,3.0,4.0,156.0,220.0,156.0,0.0,52.0,90.06664,185.0,0.0,55.0,88.223206,55944.055,1041.5117,1120.1666,1325.9689,3713.0,0.0,4996.0,2498.0,3043.3877,4650.0,346.0,3008.0,1002.6667,995.5774,1991.0,0.0,0.0,0.0,0.0,0.0,104.0,136.0,446.36215,595.14954,0.0,185.0,47.0,77.56472,6016.2856,0.0,0.0,0.0,1.0,0.0,0.0,0.0,0.0,1.0,53.714287,52.0,55.0,104.0,0.0,0.0,0.0,0.0,0.0,0.0,3.0,156.0,4.0,220.0,64240.0,254.0,1.0,32.0,0.0,0.0,0.0,0.0,0.0,0.0,0.0,0.0
8080.0,522.0,2.0,0.0,0.0,0.0,0.0,0.0,0.0,0.0,0.0,0.0,0.0,0.0,0.0,3831.4177,522.0,0.0,522.0,522.0,522.0,522.0,0.0,522.0,522.0,0.0,0.0,0.0,0.0,0.0,0.0,0.0,0.0,0.0,64.0,0.0,3831.4177,0.0,0.0,0.0,0.0,0.0,0.0,0.0,0.0,0.0,0.0,1.0,0.0,0.0,0.0,0.0,0.0,0.0,0.0,64.0,0.0,0.0,0.0,0.0,0.0,0.0,2.0,0.0,0.0,0.0,251.0,-1.0,0.0,32.0,0.0,0.0,0.0,0.0,0.0,0.0,0.0,0.0
8080.0,3880.0,3.0,4.0,156.0,220.0,156.0,0.0,52.0,90.06664,185.0,0.0,55.0,88.223206,96907.22,1804.1237,646.6667,415.756,1073.0,0.0,1951.0,975.5,1001.97034,1684.0,267.0,3033.0,1011.0,981.4698,1960.0,0.0,0.0,0.0,0.0,0.0,104.0,136.0,773.19586,1030.9279,0.0,185.0,47.0,77.56472,6016.2856,0.0,0.0,0.0,1.0,0.0,0.0,0.0,0.0,1.0,53.714287,52.0,55.0,104.0,0.0,0.0,0.0,0.0,0.0,0.0,3.0,156.0,4.0,220.0,64240.0,254.0,1.0,32.0,0.0,0.0,0.0,0.0,0.0,0.0,0.0,0.0
8080.0,538.0,2.0,0.0,0.0,0.0,0.0,0.0,0.0,0.0,0.0,0.0,0.0,0.0,0.0,3717.4722,538.0,0.0,538.0,538.0,538.0,538.0,0.0,538.0,538.0,0.0,0.0,0.0,0.0,0.0,0.0,0.0,0.0,0.0,64.0,0.0,3717.4722,0.0,0.0,0.0,0.0,0.0,0.0,0.0,0.0,0.0,0.0,1.0,0.0,0.0,0.0,0.0,0.0,0.0,0.0,64.0,0.0,0.0,0.0,0.0,0.0,0.0,2.0,0.0,0.0,0.0,251.0,-1.0,0.0,32.0,0.0,0.0,0.0,0.0,0.0,0.0,0.0,0.0
8080.0,3760.0,3.0,4.0,156.0,220.0,156.0,0.0,52.0,90.06664,185.0,0.0,55.0,88.223206,100000.0,1861.7021,626.6667,613.50586,1772.0,0.0,1327.0,663.5,624.3753,1105.0,222.0,3235.0,1078.3334,946.55817,1772.0,0.0,0.0,0.0,0.0,0.0,104.0,136.0,797.8723,1063.8298,0.0,185.0,47.0,77.56472,6016.2856,0.0,0.0,0.0,1.0,0.0,0.0,0.0,0.0,1.0,53.714287,52.0,55.0,104.0,0.0,0.0,0.0,0.0,0.0,0.0,3.0,156.0,4.0,220.0,64240.0,254.0,1.0,32.0,0.0,0.0,0.0,0.0,0.0,0.0,0.0,0.0
8080.0,937.0,2.0,0.0,0.0,0.0,0.0,0.0,0.0,0.0,0.0,0.0,0.0,0.0,0.0,2134.4717,937.0,0.0,937.0,937.0,937.0,937.0,0.0,937.0,937.0,0.0,0.0,0.0,0.0,0.0,0.0,0.0,0.0,0.0,64.0,0.0,2134.4717,0.0,0.0,0.0,0.0,0.0,0.0,0.0,0.0,0.0,0.0,1.0,0.0,0.0,0.0,0.0,0.0,0.0,0.0,64.0,0.0,0.0,0.0,0.0,0.0,0.0,2.0,0.0,0.0,0.0,251.0,-1.0,0.0,32.0,0.0,0.0,0.0,0.0,0.0,0.0,0.0,0.0
8080.0,10470.0,3.0,4.0,156.0,220.0,156.0,0.0,52.0,90.06664,185.0,0.0,55.0,88.223206,35912.13,668.5769,1745.0,2917.4666,7676.0,187.0,1972.0,986.0,930.55255,1644.0,328.0,9577.0,3192.3333,3957.32,7676.0,187.0,0.0,0.0,0.0,0.0,104.0,136.0,286.53296,382.04395,0.0,185.0,47.0,77.56472,6016.2856,0.0,0.0,0.0,1.0,0.0,0.0,0.0,0.0,1.0,53.714287,52.0,55.0,104.0,0.0,0.0,0.0,0.0,0.0,0.0,3.0,156.0,4.0,220.0,64240.0,254.0,1.0,32.0,0.0,0.0,0.0,0.0,0.0,0.0,0.0,0.0
8080.0,725.0,2.0,0.0,0.0,0.0,0.0,0.0,0.0,0.0,0.0,0.0,0.0,0.0,0.0,2758.6206,725.0,0.0,725.0,725.0,725.0,725.0,0.0,725.0,725.0,0.0,0.0,0.0,0.0,0.0,0.0,0.0,0.0,0.0,64.0,0.0,2758.6206,0.0,0.0,0.0,0.0,0.0,0.0,0.0,0.0,0.0,0.0,1.0,0.0,0.0,0.0,0.0,0.0,0.0,0.0,64.0,0.0,0.0,0.0,0.0,0.0,0.0,2.0,0.0,0.0,0.0,251.0,-1.0,0.0,32.0,0.0,0.0,0.0,0.0,0.0,0.0,0.0,0.0
8080.0,5003.0,3.0,4.0,156.0,220.0,156.0,0.0,52.0,90.06664,185.0,0.0,55.0,88.223206,75154.91,1399.1605,833.8333,618.66516,1846.0,1.0,2297.0,1148.5,1031.6688,1878.0,419.0,4044.0,1348.0,1179.664,2197.0,1.0,0.0,0.0,0.0,0.0,104.0,136.0,599.6402,799.52026,0.0,185.0,47.0,77.56472,6016.2856,0.0,0.0,0.0,1.0,0.0,0.0,0.0,0.0,1.0,53.714287,52.0,55.0,104.0,0.0,0.0,0.0,0.0,0.0,0.0,3.0,156.0,4.0,220.0,64240.0,254.0,1.0,32.0,0.0,0.0,0.0,0.0,0.0,0.0,0.0,0.0
8080.0,872.0,2.0,0.0,0.0,0.0,0.0,0.0,0.0,0.0,0.0,0.0,0.0,0.0,0.0,2293.578,872.0,0.0,872.0,872.0,872.0,872.0,0.0,872.0,872.0,0.0,0.0,0.0,0.0,0.0,0.0,0.0,0.0,0.0,64.0,0.0,2293.578,0.0,0.0,0.0,0.0,0.0,0.0,0.0,0.0,0.0,0.0,1.0,0.0,0.0,0.0,0.0,0.0,0.0,0.0,64.0,0.0,0.0,0.0,0.0,0.0,0.0,2.0,0.0,0.0,0.0,251.0,-1.0,0.0,32.0,0.0,0.0,0.0,0.0,0.0,0.0,0.0,0.0
8080.0,4743.0,3.0,4.0,156.0,220.0,156.0,0.0,52.0,90.06664,185.0,0.0,55.0,88.223206,79274.72,1475.8591,790.5,369.89554,1388.0,294.0,2396.0,1198.0,810.34436,1771.0,625.0,3759.0,1253.0,899.1335,2077.0,294.0,0.0,0.0,0.0,0.0,104.0,136.0,632.51105,843.3481,0.0,185.0,47.0,77.56472,6016.2856,0.0,0.0,0.0,1.0,0.0,0.0,0.0,0.0,1.0,53.714287,52.0,55.0,104.0,0.0,0.0,0.0,0.0,0.0,0.0,3.0,156.0,4.0,220.0,64240.0,254.0,1.0,32.0,0.0,0.0,0.0,0.0,0.0,0.0,0.0,0.0
8080.0,1073.0,2.0,0.0,0.0,0.0,0.0,0.0,0.0,0.0,0.0,0.0,0.0,0.0,0.0,1863.9329,1073.0,0.0,1073.0,1073.0,1073.0,1073.0,0.0,1073.0,1073.0,0.0,0.0,0.0,0.0,0.0,0.0,0.0,0.0,0.0,64.0,0.0,1863.9329,0.0,0.0,0.0,0.0,0.0,0.0,0.0,0.0,0.0,0.0,1.0,0.0,0.0,0.0,0.0,0.0,0.0,0.0,64.0,0.0,0.0,0.0,0.0,0.0,0.0,2.0,0.0,0.0,0.0,251.0,-1.0,0.0,32.0,0.0,0.0,0.0,0.0,0.0,0.0,0.0,0.0
8080.0,7730.0,3.0,4.0,156.0,220.0,156.0,0.0,52.0,90.06664,185.0,0.0,55.0,88.223206,48641.656,905.56274,1288.3334,1749.7399,4751.0,1.0,1679.0,839.5,485.78235,1183.0,496.0,6963.0,2321.0,2376.9097,4751.0,1.0,0.0,0.0,0.0,0.0,104.0,136.0,388.09833,517.4644,0.0,185.0,47.0,77.56472,6016.2856,0.0,0.0,0.0,1.0,0.0,0.0,0.0,0.0,1.0,53.714287,52.0,55.0,104.0,0.0,0.0,0.0,0.0,0.0,0.0,3.0,156.0,4.0,220.0,64240.0,254.0,1.0,32.0,0.0,0.0,0.0,0.0,0.0,0.0,0.0,0.0
8080.0,1172.0,2.0,0.0,0.0,0.0,0.0,0.0,0.0,0.0,0.0,0.0,0.0,0.0,0.0,1706.4846,1172.0,0.0,1172.0,1172.0,1172.0,1172.0,0.0,1172.0,1172.0,0.0,0.0,0.0,0.0,0.0,0.0,0.0,0.0,0.0,64.0,0.0,1706.4846,0.0,0.0,0.0,0.0,0.0,0.0,0.0,0.0,0.0,0.0,1.0,0.0,0.0,0.0,0.0,0.0,0.0,0.0,64.0,0.0,0.0,0.0,0.0,0.0,0.0,2.0,0.0,0.0,0.0,251.0,-1.0,0.0,32.0,0.0,0.0,0.0,0.0,0.0,0.0,0.0,0.0
8080.0,2885.0,3.0,4.0,156.0,220.0,156.0,0.0,52.0,90.06664,185.0,0.0,55.0,88.223206,130329.29,2426.3433,480.83334,473.12637,1331.0,0.0,1239.0,619.5,663.97327,1089.0,150.0,2240.0,746.6667,680.187,1331.0,0.0,0.0,0.0,0.0,0.0,104.0,136.0,1039.8613,1386.4818,0.0,185.0,47.0,77.56472,6016.2856,0.0,0.0,0.0,1.0,0.0,0.0,0.0,0.0,1.0,53.714287,52.0,55.0,104.0,0.0,0.0,0.0,0.0,0.0,0.0,3.0,156.0,4.0,220.0,64240.0,254.0,1.0,32.0,0.0,0.0,0.0,0.0,0.0,0.0,0.0,0.0
8080.0,684.0,2.0,0.0,0.0,0.0,0.0,0.0,0.0,0.0,0.0,0.0,0.0,0.0,0.0,2923.9766,684.0,0.0,684.0,684.0,684.0,684.0,0.0,684.0,684.0,0.0,0.0,0.0,0.0,0.0,0.0,0.0,0.0,0.0,64.0,0.0,2923.9766,0.0,0.0,0.0,0.0,0.0,0.0,0.0,0.0,0.0,0.0,1.0,0.0,0.0,0.0,0.0,0.0,0.0,0.0,64.0,0.0,0.0,0.0,0.0,0.0,0.0,2.0,0.0,0.0,0.0,251.0,-1.0,0.0,32.0,0.0,0.0,0.0,0.0,0.0,0.0,0.0,0.0
8080.0,1959.0,3.0,4.0,156.0,220.0,156.0,0.0,52.0,90.06664,185.0,0.0,55.0,88.223206,191934.66,3573.2517,326.5,219.60214,665.0,32.0,787.0,393.5,511.2382,755.0,32.0,1549.0,516.3333,320.03958,735.0,149.0,0.0,0.0,0.0,0.0,104.0,136.0,1531.3936,2041.858,0.0,185.0,47.0,77.56472,6016.2856,0.0,0.0,0.0,1.0,0.0,0.0,0.0,0.0,1.0,53.714287,52.0,55.0,104.0,0.0,0.0,0.0,0.0,0.0,0.0,3.0,156.0,4.0,220.0,64240.0,254.0,1.0,32.0,0.0,0.0,0.0,0.0,0.0,0.0,0.0,0.0
8080.0,186.0,2.0,0.0,0.0,0.0,0.0,0.0,0.0,0.0,0.0,0.0,0.0,0.0,0.0,10752.688,186.0,0.0,186.0,186.0,186.0,186.0,0.0,186.0,186.0,0.0,0.0,0.0,0.0,0.0,0.0,0.0,0.0,0.0,64.0,0.0,10752.688,0.0,0.0,0.0,0.0,0.0,0.0,0.0,0.0,0.0,0.0,1.0,0.0,0.0,0.0,0.0,0.0,0.0,0.0,64.0,0.0,0.0,0.0,0.0,0.0,0.0,2.0,0.0,0.0,0.0,251.0,-1.0,0.0,32.0,0.0,0.0,0.0,0.0,0.0,0.0,0.0,0.0
8080.0,1622.0,3.0,4.0,156.0,220.0,156.0,0.0,52.0,90.06664,185.0,0.0,55.0,88.223206,231812.58,4315.6597,270.33334,280.08188,790.0,0.0,681.0,340.5,323.1478,569.0,112.0,1269.0,423.0,397.96606,790.0,0.0,0.0,0.0,0.0,0.0,104.0,136.0,1849.5685,2466.0913,0.0,185.0,47.0,77.56472,6016.2856,0.0,0.0,0.0,1.0,0.0,0.0,0.0,0.0,1.0,53.714287,52.0,55.0,104.0,0.0,0.0,0.0,0.0,0.0,0.0,3.0,156.0,4.0,220.0,64240.0,254.0,1.0,32.0,0.0,0.0,0.0,0.0,0.0,0.0,0.0,0.0
8080.0,171.0,2.0,0.0,0.0,0.0,0.0,0.0,0.0,0.0,0.0,0.0,0.0,0.0,0.0,11695.906,171.0,0.0,171.0,171.0,171.0,171.0,0.0,171.0,171.0,0.0,0.0,0.0,0.0,0.0,0.0,0.0,0.0,0.0,64.0,0.0,11695.906,0.0,0.0,0.0,0.0,0.0,0.0,0.0,0.0,0.0,0.0,1.0,0.0,0.0,0.0,0.0,0.0,0.0,0.0,64.0,0.0,0.0,0.0,0.0,0.0,0.0,2.0,0.0,0.0,0.0,251.0,-1.0,0.0,32.0,0.0,0.0,0.0,0.0,0.0,0.0,0.0,0.0
8080.0,1558.0,3.0,4.0,156.0,220.0,156.0,0.0,52.0,90.06664,185.0,0.0,55.0,88.223206,241335.05,4492.9395,259.66666,200.40326,597.0,0.0,724.0,362.0,321.0265,589.0,135.0,1240.0,413.33334,358.6953,643.0,0.0,0.0,0.0,0.0,0.0,104.0,136.0,1925.5455,2567.394,0.0,185.0,47.0,77.56472,6016.2856,0.0,0.0,0.0,1.0,0.0,0.0,0.0,0.0,1.0,53.714287,52.0,55.0,104.0,0.0,0.0,0.0,0.0,0.0,0.0,3.0,156.0,4.0,220.0,64240.0,254.0,1.0,32.0,0.0,0.0,0.0,0.0,0.0,0.0,0.0,0.0
8080.0,288.0,2.0,0.0,0.0,0.0,0.0,0.0,0.0,0.0,0.0,0.0,0.0,0.0,0.0,6944.4443,288.0,0.0,288.0,288.0,288.0,288.0,0.0,288.0,288.0,0.0,0.0,0.0,0.0,0.0,0.0,0.0,0.0,0.0,64.0,0.0,6944.4443,0.0,0.0,0.0,0.0,0.0,0.0,0.0,0.0,0.0,0.0,1.0,0.0,0.0,0.0,0.0,0.0,0.0,0.0,64.0,0.0,0.0,0.0,0.0,0.0,0.0,2.0,0.0,0.0,0.0,251.0,-1.0,0.0,32.0,0.0,0.0,0.0,0.0,0.0,0.0,0.0,0.0
8080.0,2564.0,3.0,4.0,156.0,220.0,156.0,0.0,52.0,90.06664,185.0,0.0,55.0,88.223206,146645.86,2730.1091,427.33334,293.9195,802.0,0.0,1143.0,571.5,548.00775,959.0,184.0,2146.0,715.3333,768.0445,1527.0,0.0,0.0,0.0,0.0,0.0,104.0,136.0,1170.0468,1560.0624,0.0,185.0,47.0,77.56472,6016.2856,0.0,0.0,0.0,1.0,0.0,0.0,0.0,0.0,1.0,53.714287,52.0,55.0,104.0,0.0,0.0,0.0,0.0,0.0,0.0,3.0,156.0,4.0,220.0,64240.0,254.0,1.0,32.0,0.0,0.0,0.0,0.0,0.0,0.0,0.0,0.0
8080.0,527.0,2.0,0.0,0.0,0.0,0.0,0.0,0.0,0.0,0.0,0.0,0.0,0.0,0.0,3795.0664,527.0,0.0,527.0,527.0,527.0,527.0,0.0,527.0,527.0,0.0,0.0,0.0,0.0,0.0,0.0,0.0,0.0,0.0,64.0,0.0,3795.0664,0.0,0.0,0.0,0.0,0.0,0.0,0.0,0.0,0.0,0.0,1.0,0.0,0.0,0.0,0.0,0.0,0.0,0.0,64.0,0.0,0.0,0.0,0.0,0.0,0.0,2.0,0.0,0.0,0.0,251.0,-1.0,0.0,32.0,0.0,0.0,0.0,0.0,0.0,0.0,0.0,0.0
8080.0,12284.0,3.0,4.0,156.0,220.0,156.0,0.0,52.0,90.06664,185.0,0.0,55.0,88.223206,30608.922,569.847,2047.3334,3359.1555,8839.0,0.0,2860.0,1430.0,677.4083,1909.0,951.0,10898.0,3632.6667,4624.857,8839.0,0.0,0.0,0.0,0.0,0.0,104.0,136.0,244.22012,325.62683,0.0,185.0,47.0,77.56472,6016.2856,0.0,0.0,0.0,1.0,0.0,0.0,0.0,0.0,1.0,53.714287,52.0,55.0,104.0,0.0,0.0,0.0,0.0,0.0,0.0,3.0,156.0,4.0,220.0,64240.0,254.0,1.0,32.0,0.0,0.0,0.0,0.0,0.0,0.0,0.0,0.0
8080.0,663.0,1.0,1.0,0.0,35.0,0.0,0.0,0.0,0.0,35.0,35.0,35.0,0.0,52790.348,3016.5913,663.0,0.0,663.0,663.0,0.0,0.0,0.0,0.0,0.0,0.0,0.0,0.0,0.0,0.0,0.0,0.0,0.0,0.0,32.0,32.0,1508.2957,1508.2957,0.0,35.0,11.666667,20.20726,408.33334,0.0,0.0,0.0,0.0,1.0,0.0,0.0,0.0,1.0,17.5,0.0,35.0,32.0,0.0,0.0,0.0,0.0,0.0,0.0,1.0,0.0,1.0,35.0,251.0,254.0,0.0,32.0,0.0,0.0,0.0,0.0,0.0,0.0,0.0,0.0
8080.0,2896.0,3.0,4.0,156.0,220.0,156.0,0.0,52.0,90.06664,185.0,0.0,55.0,88.223206,129834.26,2417.127,482.66666,455.38364,1299.0,0.0,1284.0,642.0,627.9108,1086.0,198.0,2252.0,750.6667,672.72156,1299.0,0.0,0.0,0.0,0.0,0.0,104.0,136.0,1035.9116,1381.2155,0.0,185.0,47.0,77.56472,6016.2856,0.0,0.0,0.0,1.0,0.0,0.0,0.0,0.0,1.0,53.714287,52.0,55.0,104.0,0.0,0.0,0.0,0.0,0.0,0.0,3.0,156.0,4.0,220.0,64240.0,254.0,1.0,32.0,0.0,0.0,0.0,0.0,0.0,0.0,0.0,0.0
8080.0,866.0,2.0,0.0,0.0,0.0,0.0,0.0,0.0,0.0,0.0,0.0,0.0,0.0,0.0,2309.4688,866.0,0.0,866.0,866.0,866.0,866.0,0.0,866.0,866.0,0.0,0.0,0.0,0.0,0.0,0.0,0.0,0.0,0.0,64.0,0.0,2309.4688,0.0,0.0,0.0,0.0,0.0,0.0,0.0,0.0,0.0,0.0,1.0,0.0,0.0,0.0,0.0,0.0,0.0,0.0,64.0,0.0,0.0,0.0,0.0,0.0,0.0,2.0,0.0,0.0,0.0,251.0,-1.0,0.0,32.0,0.0,0.0,0.0,0.0,0.0,0.0,0.0,0.0
8080.0,8139.0,3.0,4.0,156.0,220.0,156.0,0.0,52.0,90.06664,185.0,0.0,55.0,88.223206,46197.32,860.0565,1356.5,1070.3877,2933.0,1.0,5476.0,2738.0,3101.3704,4931.0,545.0,5206.0,1735.3334,1732.0048,3465.0,1.0,0.0,0.0,0.0,0.0,104.0,136.0,368.59564,491.46088,0.0,185.0,47.0,77.56472,6016.2856,0.0,0.0,0.0,1.0,0.0,0.0,0.0,0.0,1.0,53.714287,52.0,55.0,104.0,0.0,0.0,0.0,0.0,0.0,0.0,3.0,156.0,4.0,220.0,64240.0,254.0,1.0,32.0,0.0,0.0,0.0,0.0,0.0,0.0,0.0,0.0
8080.0,368.0,2.0,0.0,0.0,0.0,0.0,0.0,0.0,0.0,0.0,0.0,0.0,0.0,0.0,5434.7827,368.0,0.0,368.0,368.0,368.0,368.0,0.0,368.0,368.0,0.0,0.0,0.0,0.0,0.0,0.0,0.0,0.0,0.0,64.0,0.0,5434.7827,0.0,0.0,0.0,0.0,0.0,0.0,0.0,0.0,0.0,0.0,1.0,0.0,0.0,0.0,0.0,0.0,0.0,0.0,64.0,0.0,0.0,0.0,0.0,0.0,0.0,2.0,0.0,0.0,0.0,251.0,-1.0,0.0,32.0,0.0,0.0,0.0,0.0,0.0,0.0,0.0,0.0
8080.0,2723.0,3.0,4.0,156.0,220.0,156.0,0.0,52.0,90.06664,185.0,0.0,55.0,88.223206,138083.0,2570.694,453.83334,338.39468,971.0,0.0,1251.0,625.5,630.03217,1071.0,180.0,2122.0,707.3333,619.14484,1151.0,0.0,0.0,0.0,0.0,0.0,104.0,136.0,1101.7261,1468.968,0.0,185.0,47.0,77.56472,6016.2856,0.0,0.0,0.0,1.0,0.0,0.0,0.0,0.0,1.0,53.714287,52.0,55.0,104.0,0.0,0.0,0.0,0.0,0.0,0.0,3.0,156.0,4.0,220.0,64240.0,254.0,1.0,32.0,0.0,0.0,0.0,0.0,0.0,0.0,0.0,0.0
8080.0,979.0,2.0,0.0,0.0,0.0,0.0,0.0,0.0,0.0,0.0,0.0,0.0,0.0,0.0,2042.9009,979.0,0.0,979.0,979.0,979.0,979.0,0.0,979.0,979.0,0.0,0.0,0.0,0.0,0.0,0.0,0.0,0.0,0.0,64.0,0.0,2042.9009,0.0,0.0,0.0,0.0,0.0,0.0,0.0,0.0,0.0,0.0,1.0,0.0,0.0,0.0,0.0,0.0,0.0,0.0,64.0,0.0,0.0,0.0,0.0,0.0,0.0,2.0,0.0,0.0,0.0,251.0,-1.0,0.0,32.0,0.0,0.0,0.0,0.0,0.0,0.0,0.0,0.0
8080.0,2681.0,3.0,4.0,156.0,220.0,156.0,0.0,52.0,90.06664,185.0,0.0,55.0,88.223206,140246.17,2610.966,446.83334,332.37292,929.0,0.0,1063.0,531.5,451.84125,851.0,212.0,2203.0,734.3333,758.0174,1514.0,0.0,0.0,0.0,0.0,0.0,104.0,136.0,1118.9855,1491.9806,0.0,185.0,47.0,77.56472,6016.2856,0.0,0.0,0.0,1.0,0.0,0.0,0.0,0.0,1.0,53.714287,52.0,55.0,104.0,0.0,0.0,0.0,0.0,0.0,0.0,3.0,156.0,4.0,220.0,64240.0,254.0,1.0,32.0,0.0,0.0,0.0,0.0,0.0,0.0,0.0,0.0
8080.0,697.0,2.0,0.0,0.0,0.0,0.0,0.0,0.0,0.0,0.0,0.0,0.0,0.0,0.0,2869.4404,697.0,0.0,697.0,697.0,697.0,697.0,0.0,697.0,697.0,0.0,0.0,0.0,0.0,0.0,0.0,0.0,0.0,0.0,64.0,0.0,2869.4404,0.0,0.0,0.0,0.0,0.0,0.0,0.0,0.0,0.0,0.0,1.0,0.0,0.0,0.0,0.0,0.0,0.0,0.0,64.0,0.0,0.0,0.0,0.0,0.0,0.0,2.0,0.0,0.0,0.0,251.0,-1.0,0.0,32.0,0.0,0.0,0.0,0.0,0.0,0.0,0.0,0.0
8080.0,3525.0,3.0,4.0,156.0,220.0,156.0,0.0,52.0,90.06664,185.0,0.0,55.0,88.223206,106666.664,1985.8156,587.5,711.3294,1983.0,0.0,1093.0,546.5,559.3215,942.0,151.0,3070.0,1023.3333,993.03186,1983.0,0.0,0.0,0.0,0.0,0.0,104.0,136.0,851.06384,1134.7518,0.0,185.0,47.0,77.56472,6016.2856,0.0,0.0,0.0,1.0,0.0,0.0,0.0,0.0,1.0,53.714287,52.0,55.0,104.0,0.0,0.0,0.0,0.0,0.0,0.0,3.0,156.0,4.0,220.0,64240.0,254.0,1.0,32.0,0.0,0.0,0.0,0.0,0.0,0.0,0.0,0.0
8080.0,590.0,2.0,0.0,0.0,0.0,0.0,0.0,0.0,0.0,0.0,0.0,0.0,0.0,0.0,3389.8306,590.0,0.0,590.0,590.0,590.0,590.0,0.0,590.0,590.0,0.0,0.0,0.0,0.0,0.0,0.0,0.0,0.0,0.0,64.0,0.0,3389.8306,0.0,0.0,0.0,0.0,0.0,0.0,0.0,0.0,0.0,0.0,1.0,0.0,0.0,0.0,0.0,0.0,0.0,0.0,64.0,0.0,0.0,0.0,0.0,0.0,0.0,2.0,0.0,0.0,0.0,251.0,-1.0,0.0,32.0,0.0,0.0,0.0,0.0,0.0,0.0,0.0,0.0
8080.0,4201.0,3.0,4.0,156.0,220.0,156.0,0.0,52.0,90.06664,185.0,0.0,55.0,88.223206,89502.5,1666.2699,700.1667,582.08295,1693.0,0.0,1826.0,913.0,838.62866,1506.0,320.0,3264.0,1088.0,944.2081,1693.0,0.0,0.0,0.0,0.0,0.0,104.0,136.0,714.11566,952.15424,0.0,185.0,47.0,77.56472,6016.2856,0.0,0.0,0.0,1.0,0.0,0.0,0.0,0.0,1.0,53.714287,52.0,55.0,104.0,0.0,0.0,0.0,0.0,0.0,0.0,3.0,156.0,4.0,220.0,64240.0,254.0,1.0,32.0,0.0,0.0,0.0,0.0,0.0,0.0,0.0,0.0
8080.0,984.0,2.0,0.0,0.0,0.0,0.0,0.0,0.0,0.0,0.0,0.0,0.0,0.0,0.0,2032.5204,984.0,0.0,984.0,984.0,984.0,984.0,0.0,984.0,984.0,0.0,0.0,0.0,0.0,0.0,0.0,0.0,0.0,0.0,64.0,0.0,2032.5204,0.0,0.0,0.0,0.0,0.0,0.0,0.0,0.0,0.0,0.0,1.0,0.0,0.0,0.0,0.0,0.0,0.0,0.0,64.0,0.0,0.0,0.0,0.0,0.0,0.0,2.0,0.0,0.0,0.0,251.0,-1.0,0.0,32.0,0.0,0.0,0.0,0.0,0.0,0.0,0.0,0.0
8080.0,5622.0,3.0,4.0,156.0,220.0,156.0,0.0,52.0,90.06664,185.0,0.0,55.0,88.223206,66880.12,1245.1085,937.0,1171.6979,3252.0,1.0,1857.0,928.5,870.4484,1544.0,313.0,4898.0,1632.6666,1625.535,3252.0,1.0,0.0,0.0,0.0,0.0,104.0,136.0,533.6179,711.4906,0.0,185.0,47.0,77.56472,6016.2856,0.0,0.0,0.0,1.0,0.0,0.0,0.0,0.0,1.0,53.714287,52.0,55.0,104.0,0.0,0.0,0.0,0.0,0.0,0.0,3.0,156.0,4.0,220.0,64240.0,254.0,1.0,32.0,0.0,0.0,0.0,0.0,0.0,0.0,0.0,0.0
8080.0,1115.0,2.0,0.0,0.0,0.0,0.0,0.0,0.0,0.0,0.0,0.0,0.0,0.0,0.0,1793.7219,1115.0,0.0,1115.0,1115.0,1115.0,1115.0,0.0,1115.0,1115.0,0.0,0.0,0.0,0.0,0.0,0.0,0.0,0.0,0.0,64.0,0.0,1793.7219,0.0,0.0,0.0,0.0,0.0,0.0,0.0,0.0,0.0,0.0,1.0,0.0,0.0,0.0,0.0,0.0,0.0,0.0,64.0,0.0,0.0,0.0,0.0,0.0,0.0,2.0,0.0,0.0,0.0,251.0,-1.0,0.0,32.0,0.0,0.0,0.0,0.0,0.0,0.0,0.0,0.0
8080.0,8673.0,3.0,4.0,156.0,220.0,156.0,0.0,52.0,90.06664,185.0,0.0,55.0,88.223206,43352.934,807.1025,1445.5,2188.839,5854.0,269.0,2059.0,1029.5,1074.0952,1789.0,270.0,7435.0,2478.3333,2969.5632,5854.0,269.0,0.0,0.0,0.0,0.0,104.0,136.0,345.90106,461.20142,0.0,185.0,47.0,77.56472,6016.2856,0.0,0.0,0.0,1.0,0.0,0.0,0.0,0.0,1.0,53.714287,52.0,55.0,104.0,0.0,0.0,0.0,0.0,0.0,0.0,3.0,156.0,4.0,220.0,64240.0,254.0,1.0,32.0,0.0,0.0,0.0,0.0,0.0,0.0,0.0,0.0
8080.0,1347.0,2.0,0.0,0.0,0.0,0.0,0.0,0.0,0.0,0.0,0.0,0.0,0.0,0.0,1484.781,1347.0,0.0,1347.0,1347.0,1347.0,1347.0,0.0,1347.0,1347.0,0.0,0.0,0.0,0.0,0.0,0.0,0.0,0.0,0.0,64.0,0.0,1484.781,0.0,0.0,0.0,0.0,0.0,0.0,0.0,0.0,0.0,0.0,1.0,0.0,0.0,0.0,0.0,0.0,0.0,0.0,64.0,0.0,0.0,0.0,0.0,0.0,0.0,2.0,0.0,0.0,0.0,251.0,-1.0,0.0,32.0,0.0,0.0,0.0,0.0,0.0,0.0,0.0,0.0
8080.0,2088.0,3.0,4.0,156.0,220.0,156.0,0.0,52.0,90.06664,185.0,0.0,55.0,88.223206,180076.62,3352.4905,348.0,328.89148,935.0,0.0,807.0,403.5,461.74072,730.0,77.0,1747.0,582.3333,508.0515,935.0,0.0,0.0,0.0,0.0,0.0,104.0,136.0,1436.7816,1915.7089,0.0,185.0,47.0,77.56472,6016.2856,0.0,0.0,0.0,1.0,0.0,0.0,0.0,0.0,1.0,53.714287,52.0,55.0,104.0,0.0,0.0,0.0,0.0,0.0,0.0,3.0,156.0,4.0,220.0,64240.0,254.0,1.0,32.0,0.0,0.0,0.0,0.0,0.0,0.0,0.0,0.0
8080.0,514.0,2.0,0.0,0.0,0.0,0.0,0.0,0.0,0.0,0.0,0.0,0.0,0.0,0.0,3891.0505,514.0,0.0,514.0,514.0,514.0,514.0,0.0,514.0,514.0,0.0,0.0,0.0,0.0,0.0,0.0,0.0,0.0,0.0,64.0,0.0,3891.0505,0.0,0.0,0.0,0.0,0.0,0.0,0.0,0.0,0.0,0.0,1.0,0.0,0.0,0.0,0.0,0.0,0.0,0.0,64.0,0.0,0.0,0.0,0.0,0.0,0.0,2.0,0.0,0.0,0.0,251.0,-1.0,0.0,32.0,0.0,0.0,0.0,0.0,0.0,0.0,0.0,0.0
8080.0,2187.0,3.0,4.0,156.0,220.0,156.0,0.0,52.0,90.06664,185.0,0.0,55.0,88.223206,171925.02,3200.7317,364.5,350.63757,1021.0,0.0,858.0,429.0,394.56558,708.0,150.0,1806.0,602.0,534.53436,1021.0,0.0,0.0,0.0,0.0,0.0,104.0,136.0,1371.7421,1828.9895,0.0,185.0,47.0,77.56472,6016.2856,0.0,0.0,0.0,1.0,0.0,0.0,0.0,0.0,1.0,53.714287,52.0,55.0,104.0,0.0,0.0,0.0,0.0,0.0,0.0,3.0,156.0,4.0,220.0,64240.0,254.0,1.0,32.0,0.0,0.0,0.0,0.0,0.0,0.0,0.0,0.0
8080.0,380.0,2.0,0.0,0.0,0.0,0.0,0.0,0.0,0.0,0.0,0.0,0.0,0.0,0.0,5263.1577,380.0,0.0,380.0,380.0,380.0,380.0,0.0,380.0,380.0,0.0,0.0,0.0,0.0,0.0,0.0,0.0,0.0,0.0,64.0,0.0,5263.1577,0.0,0.0,0.0,0.0,0.0,0.0,0.0,0.0,0.0,0.0,1.0,0.0,0.0,0.0,0.0,0.0,0.0,0.0,64.0,0.0,0.0,0.0,0.0,0.0,0.0,2.0,0.0,0.0,0.0,251.0,-1.0,0.0,32.0,0.0,0.0,0.0,0.0,0.0,0.0,0.0,0.0
8080.0,4287.0,3.0,4.0,156.0,220.0,156.0,0.0,52.0,90.06664,185.0,0.0,55.0,88.223206,87707.02,1632.8435,714.5,647.19574,1867.0,0.0,1779.0,889.5,917.1175,1538.0,241.0,3418.0,1139.3334,999.2619,1867.0,0.0,0.0,0.0,0.0,0.0,104.0,136.0,699.79004,933.0534,0.0,185.0,47.0,77.56472,6016.2856,0.0,0.0,0.0,1.0,0.0,0.0,0.0,0.0,1.0,53.714287,52.0,55.0,104.0,0.0,0.0,0.0,0.0,0.0,0.0,3.0,156.0,4.0,220.0,64240.0,254.0,1.0,32.0,0.0,0.0,0.0,0.0,0.0,0.0,0.0,0.0
8080.0,882.0,2.0,0.0,0.0,0.0,0.0,0.0,0.0,0.0,0.0,0.0,0.0,0.0,0.0,2267.5737,882.0,0.0,882.0,882.0,882.0,882.0,0.0,882.0,882.0,0.0,0.0,0.0,0.0,0.0,0.0,0.0,0.0,0.0,64.0,0.0,2267.5737,0.0,0.0,0.0,0.0,0.0,0.0,0.0,0.0,0.0,0.0,1.0,0.0,0.0,0.0,0.0,0.0,0.0,0.0,64.0,0.0,0.0,0.0,0.0,0.0,0.0,2.0,0.0,0.0,0.0,251.0,-1.0,0.0,32.0,0.0,0.0,0.0,0.0,0.0,0.0,0.0,0.0
8080.0,5138.0,3.0,4.0,156.0,220.0,156.0,0.0,52.0,90.06664,185.0,0.0,55.0,88.223206,73180.23,1362.3978,856.3333,989.2653,2778.0,0.0,1755.0,877.5,836.5073,1469.0,286.0,4247.0,1415.6666,1389.7677,2778.0,0.0,0.0,0.0,0.0,0.0,104.0,136.0,583.88477,778.51306,0.0,185.0,47.0,77.56472,6016.2856,0.0,0.0,0.0,1.0,0.0,0.0,0.0,0.0,1.0,53.714287,52.0,55.0,104.0,0.0,0.0,0.0,0.0,0.0,0.0,3.0,156.0,4.0,220.0,64240.0,254.0,1.0,32.0,0.0,0.0,0.0,0.0,0.0,0.0,0.0,0.0
8080.0,443.0,2.0,0.0,0.0,0.0,0.0,0.0,0.0,0.0,0.0,0.0,0.0,0.0,0.0,4514.673,443.0,0.0,443.0,443.0,443.0,443.0,0.0,443.0,443.0,0.0,0.0,0.0,0.0,0.0,0.0,0.0,0.0,0.0,64.0,0.0,4514.673,0.0,0.0,0.0,0.0,0.0,0.0,0.0,0.0,0.0,0.0,1.0,0.0,0.0,0.0,0.0,0.0,0.0,0.0,64.0,0.0,0.0,0.0,0.0,0.0,0.0,2.0,0.0,0.0,0.0,251.0,-1.0,0.0,32.0,0.0,0.0,0.0,0.0,0.0,0.0,0.0,0.0
8080.0,2677.0,3.0,4.0,156.0,220.0,156.0,0.0,52.0,90.06664,185.0,0.0,55.0,88.223206,140455.73,2614.8674,446.16666,321.91888,894.0,0.0,1188.0,594.0,623.66815,1035.0,153.0,2171.0,723.6667,655.3185,1277.0,0.0,0.0,0.0,0.0,0.0,104.0,136.0,1120.6575,1494.21,0.0,185.0,47.0,77.56472,6016.2856,0.0,0.0,0.0,1.0,0.0,0.0,0.0,0.0,1.0,53.714287,52.0,55.0,104.0,0.0,0.0,0.0,0.0,0.0,0.0,3.0,156.0,4.0,220.0,64240.0,254.0,1.0,32.0,0.0,0.0,0.0,0.0,0.0,0.0,0.0,0.0
8080.0,497.0,2.0,0.0,0.0,0.0,0.0,0.0,0.0,0.0,0.0,0.0,0.0,0.0,0.0,4024.1448,497.0,0.0,497.0,497.0,497.0,497.0,0.0,497.0,497.0,0.0,0.0,0.0,0.0,0.0,0.0,0.0,0.0,0.0,64.0,0.0,4024.1448,0.0,0.0,0.0,0.0,0.0,0.0,0.0,0.0,0.0,0.0,1.0,0.0,0.0,0.0,0.0,0.0,0.0,0.0,64.0,0.0,0.0,0.0,0.0,0.0,0.0,2.0,0.0,0.0,0.0,251.0,-1.0,0.0,32.0,0.0,0.0,0.0,0.0,0.0,0.0,0.0,0.0
8080.0,622.0,1.0,1.0,0.0,0.0,0.0,0.0,0.0,0.0,0.0,0.0,0.0,0.0,0.0,3215.434,622.0,0.0,622.0,622.0,0.0,0.0,0.0,0.0,0.0,0.0,0.0,0.0,0.0,0.0,0.0,0.0,0.0,0.0,32.0,32.0,1607.717,1607.717,0.0,0.0,0.0,0.0,0.0,0.0,0.0,0.0,0.0,1.0,1.0,0.0,0.0,1.0,0.0,0.0,0.0,32.0,0.0,0.0,0.0,0.0,0.0,0.0,1.0,0.0,1.0,0.0,251.0,254.0,0.0,32.0,0.0,0.0,0.0,0.0,0.0,0.0,0.0,0.0
8080.0,426.0,1.0,1.0,0.0,0.0,0.0,0.0,0.0,0.0,0.0,0.0,0.0,0.0,0.0,4694.8354,426.0,0.0,426.0,426.0,0.0,0.0,0.0,0.0,0.0,0.0,0.0,0.0,0.0,0.0,0.0,0.0,0.0,0.0,32.0,32.0,2347.4177,2347.4177,0.0,0.0,0.0,0.0,0.0,0.0,0.0,0.0,0.0,1.0,0.0,0.0,0.0,1.0,0.0,0.0,0.0,32.0,0.0,0.0,0.0,0.0,0.0,0.0,1.0,0.0,1.0,0.0,251.0,254.0,0.0,32.0,0.0,0.0,0.0,0.0,0.0,0.0,0.0,0.0
8080.0,474.0,2.0,1.0,0.0,0.0,0.0,0.0,0.0,0.0,0.0,0.0,0.0,0.0,0.0,6329.114,237.0,87.681244,299.0,175.0,175.0,175.0,0.0,175.0,175.0,0.0,0.0,0.0,0.0,0.0,0.0,0.0,0.0,0.0,76.0,32.0,4219.409,2109.7046,0.0,0.0,0.0,0.0,0.0,0.0,0.0,0.0,0.0,1.0,1.0,0.0,0.0,0.0,0.0,0.0,0.0,76.0,0.0,0.0,0.0,0.0,0.0,0.0,2.0,0.0,1.0,0.0,251.0,254.0,0.0,32.0,0.0,0.0,0.0,0.0,0.0,0.0,0.0,0.0
8080.0,598.0,1.0,1.0,0.0,0.0,0.0,0.0,0.0,0.0,0.0,0.0,0.0,0.0,0.0,3344.4817,598.0,0.0,598.0,598.0,0.0,0.0,0.0,0.0,0.0,0.0,0.0,0.0,0.0,0.0,0.0,0.0,0.0,0.0,32.0,32.0,1672.2408,1672.2408,0.0,0.0,0.0,0.0,0.0,0.0,0.0,0.0,0.0,1.0,0.0,0.0,0.0,1.0,0.0,0.0,0.0,32.0,0.0,0.0,0.0,0.0,0.0,0.0,1.0,0.0,1.0,0.0,251.0,254.0,0.0,32.0,0.0,0.0,0.0,0.0,0.0,0.0,0.0,0.0
8080.0,474.0,1.0,1.0,0.0,0.0,0.0,0.0,0.0,0.0,0.0,0.0,0.0,0.0,0.0,4219.409,474.0,0.0,474.0,474.0,0.0,0.0,0.0,0.0,0.0,0.0,0.0,0.0,0.0,0.0,0.0,0.0,0.0,0.0,32.0,32.0,2109.7046,2109.7046,0.0,0.0,0.0,0.0,0.0,0.0,0.0,0.0,0.0,1.0,1.0,0.0,0.0,1.0,0.0,0.0,0.0,32.0,0.0,0.0,0.0,0.0,0.0,0.0,1.0,0.0,1.0,0.0,251.0,254.0,0.0,32.0,0.0,0.0,0.0,0.0,0.0,0.0,0.0,0.0
