destination_port,flow_duration,total_fwd_packets,total_backward_packets,total_length_of_fwd_packets,total_length_of_bwd_packets,fwd_packet_length_max,fwd_packet_length_min,fwd_packet_length_mean,fwd_packet_length_std,bwd_packet_length_max,bwd_packet_length_min,bwd_packet_length_mean,bwd_packet_length_std,flow_bytes_s,flow_packets_s,flow_iat_mean,flow_iat_std,flow_iat_max,flow_iat_min,fwd_iat_total,fwd_iat_mean,fwd_iat_std,fwd_iat_max,fwd_iat_min,bwd_iat_total,bwd_iat_mean,bwd_iat_std,bwd_iat_max,bwd_iat_min,fwd_psh_flags,bwd_psh_flags,fwd_urg_flags,bwd_urg_flags,fwd_header_length,bwd_header_length,fwd_packets_s,bwd_packets_s,min_packet_length,max_packet_length,packet_length_mean,packet_length_std,packet_length_variance,fin_flag_count,syn_flag_count,rst_flag_count,psh_flag_count,ack_flag_count,urg_flag_count,cwe_flag_count,ece_flag_count,down_up_ratio,average_packet_size,avg_fwd_segment_size,avg_bwd_segment_size,fwd_header_length.1,fwd_avg_bytes_bulk,fwd_avg_packets_bulk,fwd_avg_bulk_rate,bwd_avg_bytes_bulk,bwd_avg_packets_bulk,bwd_avg_bulk_rate,subflow_fwd_packets,subflow_fwd_bytes,subflow_bwd_packets,subflow_bwd_bytes,init_win_bytes_forward,init_win_bytes_backward,act_data_pkt_fwd,min_seg_size_forward,active_mean,active_std,active_max,active_min,idle_mean,idle_std,idle_max,idle_min,ground_truth_class
8080.0,29183.0,3.0,4.0,111.0,220.0,111.0,0.0,37.0,64.08588,185.0,0.0,55.0,88.223206,11342.22,239.86568,4863.8335,10549.01,26366.0,94.0,1993.0,996.5,1242.3866,1875.0,118.0,27586.0,9195.333,14879.184,26366.0,94.0,0.0,0.0,0.0,0.0,104.0,136.0,102.799576,137.0661,0.0,185.0,41.375,69.77093,4867.982,0.0,0.0,0.0,1.0,0.0,0.0,0.0,0.0,1.0,47.285713,37.0,55.0,104.0,0.0,0.0,0.0,0.0,0.0,0.0,3.0,111.0,4.0,220.0,64240.0,255.0,1.0,32.0,0.0,0.0,0.0,0.0,0.0,0.0,0.0,0.0,Normal
8080.0,111.0,2.0,0.0,0.0,0.0,0.0,0.0,0.0,0.0,0.0,0.0,0.0,0.0,0.0,18018.018,111.0,0.0,111.0,111.0,111.0,111.0,0.0,111.0,111.0,0.0,0.0,0.0,0.0,0.0,0.0,0.0,0.0,0.0,64.0,0.0,18018.018,0.0,0.0,0.0,0.0,0.0,0.0,0.0,0.0,0.0,0.0,1.0,0.0,0.0,0.0,0.0,0.0,0.0,0.0,64.0,0.0,0.0,0.0,0.0,0.0,0.0,2.0,0.0,0.0,0.0,251.0,-1.0,0.0,32.0,0.0,0.0,0.0,0.0,0.0,0.0,0.0,0.0,Normal
8080.0,2087.0,3.0,4.0,111.0,220.0,111.0,0.0,37.0,64.08588,185.0,0.0,55.0,88.223206,158600.86,3354.0967,347.83334,360.5692,993.0,0.0,769.0,384.5,521.1377,753.0,16.0,1694.0,564.6667,510.3453,993.0,0.0,0.0,0.0,0.0,0.0,104.0,136.0,1437.4701,1916.6267,0.0,185.0,41.375,69.77093,4867.982,0.0,0.0,0.0,1.0,0.0,0.0,0.0,0.0,1.0,47.285713,37.0,55.0,104.0,0.0,0.0,0.0,0.0,0.0,0.0,3.0,111.0,4.0,220.0,64240.0,255.0,1.0,32.0,0.0,0.0,0.0,0.0,0.0,0.0,0.0,0.0,Normal
8080.0,136.0,2.0,0.0,0.0,0.0,0.0,0.0,0.0,0.0,0.0,0.0,0.0,0.0,0.0,14705.883,136.0,0.0,136.0,136.0,136.0,136.0,0.0,136.0,136.0,0.0,0.0,0.0,0.0,0.0,0.0,0.0,0.0,0.0,64.0,0.0,14705.883,0.0,0.0,0.0,0.0,0.0,0.0,0.0,0.0,0.0,0.0,1.0,0.0,0.0,0.0,0.0,0.0,0.0,0.0,64.0,0.0,0.0,0.0,0.0,0.0,0.0,2.0,0.0,0.0,0.0,251.0,-1.0,0.0,32.0,0.0,0.0,0.0,0.0,0.0,0.0,0.0,0.0,Normal
8080.0,5177.0,3.0,4.0,111.0,220.0,111.0,0.0,37.0,64.08588,185.0,0.0,55.0,88.223206,63936.645,1352.1344,862.8333,1341.2769,3554.0,22.0,1154.0,577.0,784.88855,1132.0,22.0,4510.0,1503.3334,1824.0015,3554.0,62.0,0.0,0.0,0.0,0.0,104.0,136.0,579.4862,772.64825,0.0,185.0,41.375,69.77093,4867.982,0.0,0.0,0.0,1.0,0.0,0.0,0.0,0.0,1.0,47.285713,37.0,55.0,104.0,0.0,0.0,0.0,0.0,0.0,0.0,3.0,111.0,4.0,220.0,64240.0,255.0,1.0,32.0,0.0,0.0,0.0,0.0,0.0,0.0,0.0,0.0,Normal
8080.0,1080.0,2.0,0.0,0.0,0.0,0.0,0.0,0.0,0.0,0.0,0.0,0.0,0.0,0.0,1851.8518,1080.0,0.0,1080.0,1080.0,1080.0,1080.0,0.0,1080.0,1080.0,0.0,0.0,0.0,0.0,0.0,0.0,0.0,0.0,0.0,64.0,0.0,1851.8518,0.0,0.0,0.0,0.0,0.0,0.0,0.0,0.0,0.0,0.0,1.0,0.0,0.0,0.0,0.0,0.0,0.0,0.0,64.0,0.0,0.0,0.0,0.0,0.0,0.0,2.0,0.0,0.0,0.0,251.0,-1.0,0.0,32.0,0.0,0.0,0.0,0.0,0.0,0.0,0.0,0.0,Normal
8080.0,11935.0,3.0,4.0,111.0,220.0,111.0,0.0,37.0,64.08588,185.0,0.0,55.0,88.223206,27733.557,586.51025,1989.1666,1976.3962,5071.0,0.0,6661.0,3330.5,4551.6465,6549.0,112.0,6864.0,2288.0,1982.2858,3489.0,0.0,0.0,0.0,0.0,0.0,104.0,136.0,251.36154,335.1487,0.0,185.0,41.375,69.77093,4867.982,0.0,0.0,0.0,1.0,0.0,0.0,0.0,0.0,1.0,47.285713,37.0,55.0,104.0,0.0,0.0,0.0,0.0,0.0,0.0,3.0,111.0,4.0,220.0,64240.0,255.0,1.0,32.0,0.0,0.0,0.0,0.0,0.0,0.0,0.0,0.0,Normal
8080.0,232.0,2.0,0.0,0.0,0.0,0.0,0.0,0.0,0.0,0.0,0.0,0.0,0.0,0.0,8620.689,232.0,0.0,232.0,232.0,232.0,232.0,0.0,232.0,232.0,0.0,0.0,0.0,0.0,0.0,0.0,0.0,0.0,0.0,64.0,0.0,8620.689,0.0,0.0,0.0,0.0,0.0,0.0,0.0,0.0,0.0,0.0,1.0,0.0,0.0,0.0,0.0,0.0,0.0,0.0,64.0,0.0,0.0,0.0,0.0,0.0,0.0,2.0,0.0,0.0,0.0,251.0,-1.0,0.0,32.0,0.0,0.0,0.0,0.0,0.0,0.0,0.0,0.0,Normal
8080.0,5668.0,3.0,4.0,111.0,220.0,111.0,0.0,37.0,64.08588,185.0,0.0,55.0,88.223206,58398.023,1235.0035,944.6667,1343.0085,3655.0,104.0,1211.0,605.5,709.2281,1107.0,104.0,4962.0,1654.0,1739.1829,3655.0,506.0,0.0,0.0,0.0,0.0,104.0,136.0,529.28723,705.7163,0.0,185.0,41.375,69.77093,4867.982,0.0,0.0,0.0,1.0,0.0,0.0,0.0,0.0,1.0,47.285713,37.0,55.0,104.0,0.0,0.0,0.0,0.0,0.0,0.0,3.0,111.0,4.0,220.0,64240.0,255.0,1.0,32.0,0.0,0.0,0.0,0.0,0.0,0.0,0.0,0.0,Normal
8080.0,256.0,2.0,0.0,0.0,0.0,0.0,0.0,0.0,0.0,0.0,0.0,0.0,0.0,0.0,7812.5,256.0,0.0,256.0,256.0,256.0,256.0,0.0,256.0,256.0,0.0,0.0,0.0,0.0,0.0,0.0,0.0,0.0,0.0,64.0,0.0,7812.5,0.0,0.0,0.0,0.0,0.0,0.0,0.0,0.0,0.0,0.0,1.0,0.0,0.0,0.0,0.0,0.0,0.0,0.0,64.0,0.0,0.0,0.0,0.0,0.0,0.0,2.0,0.0,0.0,0.0,251.0,-1.0,0.0,32.0,0.0,0.0,0.0,0.0,0.0,0.0,0.0,0.0,Normal
8080.0,3201.0,3.0,4.0,111.0,220.0,111.0,0.0,37.0,64.08588,185.0,0.0,55.0,88.223206,103405.19,2186.8167,533.5,631.46967,1783.0,12.0,859.0,429.5,590.43414,847.0,12.0,2776.0,925.3333,792.90625,1783.0,219.0,0.0,0.0,0.0,0.0,104.0,136.0,937.2071,1249.6095,0.0,185.0,41.375,69.77093,4867.982,0.0,0.0,0.0,1.0,0.0,0.0,0.0,0.0,1.0,47.285713,37.0,55.0,104.0,0.0,0.0,0.0,0.0,0.0,0.0,3.0,111.0,4.0,220.0,64240.0,255.0,1.0,32.0,0.0,0.0,0.0,0.0,0.0,0.0,0.0,0.0,Normal
8080.0,172.0,2.0,0.0,0.0,0.0,0.0,0.0,0.0,0.0,0.0,0.0,0.0,0.0,0.0,11627.907,172.0,0.0,172.0,172.0,172.0,172.0,0.0,172.0,172.0,0.0,0.0,0.0,0.0,0.0,0.0,0.0,0.0,0.0,64.0,0.0,11627.907,0.0,0.0,0.0,0.0,0.0,0.0,0.0,0.0,0.0,0.0,1.0,0.0,0.0,0.0,0.0,0.0,0.0,0.0,64.0,0.0,0.0,0.0,0.0,0.0,0.0,2.0,0.0,0.0,0.0,251.0,-1.0,0.0,32.0,0.0,0.0,0.0,0.0,0.0,0.0,0.0,0.0,Normal
8080.0,5418.0,3.0,4.0,111.0,220.0,111.0,0.0,37.0,64.08588,185.0,0.0,55.0,88.223206,61092.652,1291.9896,903.0,1424.6794,3781.0,13.0,1068.0,534.0,736.80524,1055.0,13.0,4779.0,1593.0,1910.3813,3781.0,256.0,0.0,0.0,0.0,0.0,104.0,136.0,553.70984,738.2798,0.0,185.0,41.375,69.77093,4867.982,0.0,0.0,0.0,1.0,0.0,0.0,0.0,0.0,1.0,47.285713,37.0,55.0,104.0,0.0,0.0,0.0,0.0,0.0,0.0,3.0,111.0,4.0,220.0,64240.0,255.0,1.0,32.0,0.0,0.0,0.0,0.0,0.0,0.0,0.0,0.0,Normal
8080.0,125.0,2.0,0.0,0.0,0.0,0.0,0.0,0.0,0.0,0.0,0.0,0.0,0.0,0.0,16000.0,125.0,0.0,125.0,125.0,125.0,125.0,0.0,125.0,125.0,0.0,0.0,0.0,0.0,0.0,0.0,0.0,0.0,0.0,64.0,0.0,16000.0,0.0,0.0,0.0,0.0,0.0,0.0,0.0,0.0,0.0,0.0,1.0,0.0,0.0,0.0,0.0,0.0,0.0,0.0,64.0,0.0,0.0,0.0,0.0,0.0,0.0,2.0,0.0,0.0,0.0,251.0,-1.0,0.0,32.0,0.0,0.0,0.0,0.0,0.0,0.0,0.0,0.0,Normal
8080.0,6751.0,3.0,4.0,111.0,220.0,111.0,0.0,37.0,64.08588,185.0,0.0,55.0,88.223206,49029.773,1036.8834,1125.1666,2082.3992,5351.0,0.0,984.0,492.0,677.4083,971.0,13.0,6259.0,2086.3333,2863.5034,5351.0,0.0,0.0,0.0,0.0,0.0,104.0,136.0,444.3786,592.5048,0.0,185.0,41.375,69.77093,4867.982,0.0,0.0,0.0,1.0,0.0,0.0,0.0,0.0,1.0,47.285713,37.0,55.0,104.0,0.0,0.0,0.0,0.0,0.0,0.0,3.0,111.0,4.0,220.0,64240.0,255.0,1.0,32.0,0.0,0.0,0.0,0.0,0.0,0.0,0.0,0.0,Normal
8080.0,145.0,2.0,0.0,0.0,0.0,0.0,0.0,0.0,0.0,0.0,0.0,0.0,0.0,0.0,13793.104,145.0,0.0,145.0,145.0,145.0,145.0,0.0,145.0,145.0,0.0,0.0,0.0,0.0,0.0,0.0,0.0,0.0,0.0,64.0,0.0,13793.104,0.0,0.0,0.0,0.0,0.0,0.0,0.0,0.0,0.0,0.0,1.0,0.0,0.0,0.0,0.0,0.0,0.0,0.0,64.0,0.0,0.0,0.0,0.0,0.0,0.0,2.0,0.0,0.0,0.0,251.0,-1.0,0.0,32.0,0.0,0.0,0.0,0.0,0.0,0.0,0.0,0.0,Normal
8080.0,3365.0,3.0,4.0,111.0,220.0,111.0,0.0,37.0,64.08588,185.0,0.0,55.0,88.223206,98365.53,2080.2378,560.8333,514.141,1468.0,1.0,1289.0,644.5,692.25757,1134.0,155.0,2702.0,900.6667,787.9444,1468.0,1.0,0.0,0.0,0.0,0.0,104.0,136.0,891.53046,1188.7073,0.0,185.0,41.375,69.77093,4867.982,0.0,0.0,0.0,1.0,0.0,0.0,0.0,0.0,1.0,47.285713,37.0,55.0,104.0,0.0,0.0,0.0,0.0,0.0,0.0,3.0,111.0,4.0,220.0,64240.0,255.0,1.0,32.0,0.0,0.0,0.0,0.0,0.0,0.0,0.0,0.0,Normal
8080.0,629.0,2.0,0.0,0.0,0.0,0.0,0.0,0.0,0.0,0.0,0.0,0.0,0.0,0.0,3179.6501,629.0,0.0,629.0,629.0,629.0,629.0,0.0,629.0,629.0,0.0,0.0,0.0,0.0,0.0,0.0,0.0,0.0,0.0,64.0,0.0,3179.6501,0.0,0.0,0.0,0.0,0.0,0.0,0.0,0.0,0.0,0.0,1.0,0.0,0.0,0.0,0.0,0.0,0.0,0.0,64.0,0.0,0.0,0.0,0.0,0.0,0.0,2.0,0.0,0.0,0.0,251.0,-1.0,0.0,32.0,0.0,0.0,0.0,0.0,0.0,0.0,0.0,0.0,Normal
8080.0,8004.0,4.0,4.0,111.0,220.0,111.0,0.0,27.75,55.5,185.0,0.0,55.0,88.223206,41354.324,999.50024,1143.4286,1361.5967,3945.0,18.0,4059.0,1353.0,1456.2894,2906.0,18.0,7405.0,2468.3333,1772.7782,4460.0,1063.0,0.0,0.0,0.0,0.0,136.0,136.0,499.75012,499.75012,0.0,185.0,36.77778,66.70603,4449.6943,0.0,0.0,0.0,1.0,0.0,0.0,0.0,0.0,1.0,41.375,27.75,55.0,136.0,0.0,0.0,0.0,0.0,0.0,0.0,4.0,111.0,4.0,220.0,64240.0,255.0,1.0,32.0,0.0,0.0,0.0,0.0,0.0,0.0,0.0,0.0,Normal
8080.0,3133.0,3.0,4.0,111.0,220.0,111.0,0.0,37.0,64.08588,185.0,0.0,55.0,88.223206,105649.54,2234.2803,522.1667,590.3773,1675.0,14.0,900.0,450.0,616.5971,886.0,14.0,2651.0,883.6667,753.4091,1675.0,175.0,0.0,0.0,0.0,0.0,104.0,136.0,957.54865,1276.7316,0.0,185.0,41.375,69.77093,4867.982,0.0,0.0,0.0,1.0,0.0,0.0,0.0,0.0,1.0,47.285713,37.0,55.0,104.0,0.0,0.0,0.0,0.0,0.0,0.0,3.0,111.0,4.0,220.0,64240.0,255.0,1.0,32.0,0.0,0.0,0.0,0.0,0.0,0.0,0.0,0.0,Normal
8080.0,246.0,2.0,0.0,0.0,0.0,0.0,0.0,0.0,0.0,0.0,0.0,0.0,0.0,0.0,8130.0815,246.0,0.0,246.0,246.0,246.0,246.0,0.0,246.0,246.0,0.0,0.0,0.0,0.0,0.0,0.0,0.0,0.0,0.0,64.0,0.0,8130.0815,0.0,0.0,0.0,0.0,0.0,0.0,0.0,0.0,0.0,0.0,1.0,0.0,0.0,0.0,0.0,0.0,0.0,0.0,64.0,0.0,0.0,0.0,0.0,0.0,0.0,2.0,0.0,0.0,0.0,251.0,-1.0,0.0,32.0,0.0,0.0,0.0,0.0,0.0,0.0,0.0,0.0,Normal
8080.0,5854.0,3.0,4.0,111.0,220.0,111.0,0.0,37.0,64.08588,185.0,0.0,55.0,88.223206,56542.535,1195.7635,975.6667,1221.6558,3233.0,0.0,2265.0,1132.5,1465.8324,2169.0,96.0,4428.0,1476.0,1634.715,3233.0,0.0,0.0,0.0,0.0,0.0,104.0,136.0,512.4701,683.29346,0.0,185.0,41.375,69.77093,4867.982,0.0,0.0,0.0,1.0,0.0,0.0,0.0,0.0,1.0,47.285713,37.0,55.0,104.0,0.0,0.0,0.0,0.0,0.0,0.0,3.0,111.0,4.0,220.0,64240.0,255.0,1.0,32.0,0.0,0.0,0.0,0.0,0.0,0.0,0.0,0.0,Normal
8080.0,143.0,2.0,0.0,0.0,0.0,0.0,0.0,0.0,0.0,0.0,0.0,0.0,0.0,0.0,13986.014,143.0,0.0,143.0,143.0,143.0,143.0,0.0,143.0,143.0,0.0,0.0,0.0,0.0,0.0,0.0,0.0,0.0,0.0,64.0,0.0,13986.014,0.0,0.0,0.0,0.0,0.0,0.0,0.0,0.0,0.0,0.0,1.0,0.0,0.0,0.0,0.0,0.0,0.0,0.0,64.0,0.0,0.0,0.0,0.0,0.0,0.0,2.0,0.0,0.0,0.0,251.0,-1.0,0.0,32.0,0.0,0.0,0.0,0.0,0.0,0.0,0.0,0.0,Normal
8080.0,10044.0,3.0,4.0,111.0,220.0,111.0,0.0,37.0,64.08588,185.0,0.0,55.0,88.223206,32954.996,696.9335,1674.0,3379.012,8555.0,0.0,1253.0,626.5,617.3042,1063.0,190.0,9343.0,3114.3333,4728.2,8555.0,0.0,0.0,0.0,0.0,0.0,104.0,136.0,298.6858,398.2477,0.0,185.0,41.375,69.77093,4867.982,0.0,0.0,0.0,1.0,0.0,0.0,0.0,0.0,1.0,47.285713,37.0,55.0,104.0,0.0,0.0,0.0,0.0,0.0,0.0,3.0,111.0,4.0,220.0,64240.0,255.0,1.0,32.0,0.0,0.0,0.0,0.0,0.0,0.0,0.0,0.0,Normal
8080.0,164.0,2.0,0.0,0.0,0.0,0.0,0.0,0.0,0.0,0.0,0.0,0.0,0.0,0.0,12195.122,164.0,0.0,164.0,164.0,164.0,164.0,0.0,164.0,164.0,0.0,0.0,0.0,0.0,0.0,0.0,0.0,0.0,0.0,64.0,0.0,12195.122,0.0,0.0,0.0,0.0,0.0,0.0,0.0,0.0,0.0,0.0,1.0,0.0,0.0,0.0,0.0,0.0,0.0,0.0,64.0,0.0,0.0,0.0,0.0,0.0,0.0,2.0,0.0,0.0,0.0,251.0,-1.0,0.0,32.0,0.0,0.0,0.0,0.0,0.0,0.0,0.0,0.0,Normal
8080.0,3484.0,3.0,4.0,111.0,220.0,111.0,0.0,37.0,64.08588,185.0,0.0,55.0,88.223206,95005.74,2009.1848,580.6667,798.49347,2188.0,114.0,936.0,468.0,500.6316,822.0,114.0,3090.0,1030.0,1056.3839,2188.0,119.0,0.0,0.0,0.0,0.0,104.0,136.0,861.0792,1148.1056,0.0,185.0,41.375,69.77093,4867.982,0.0,0.0,0.0,1.0,0.0,0.0,0.0,0.0,1.0,47.285713,37.0,55.0,104.0,0.0,0.0,0.0,0.0,0.0,0.0,3.0,111.0,4.0,220.0,64240.0,255.0,1.0,32.0,0.0,0.0,0.0,0.0,0.0,0.0,0.0,0.0,Normal
8080.0,149.0,2.0,0.0,0.0,0.0,0.0,0.0,0.0,0.0,0.0,0.0,0.0,0.0,0.0,13422.818,149.0,0.0,149.0,149.0,149.0,149.0,0.0,149.0,149.0,0.0,0.0,0.0,0.0,0.0,0.0,0.0,0.0,0.0,64.0,0.0,13422.818,0.0,0.0,0.0,0.0,0.0,0.0,0.0,0.0,0.0,0.0,1.0,0.0,0.0,0.0,0.0,0.0,0.0,0.0,64.0,0.0,0.0,0.0,0.0,0.0,0.0,2.0,0.0,0.0,0.0,251.0,-1.0,0.0,32.0,0.0,0.0,0.0,0.0,0.0,0.0,0.0,0.0,Normal
8080.0,5598.0,3.0,4.0,111.0,220.0,111.0,0.0,37.0,64.08588,185.0,0.0,55.0,88.223206,59128.26,1250.4465,933.0,1495.6665,3960.0,67.0,1229.0,614.5,651.24536,1075.0,154.0,5019.0,1673.0,2033.8837,3960.0,67.0,0.0,0.0,0.0,0.0,104.0,136.0,535.9057,714.5409,0.0,185.0,41.375,69.77093,4867.982,0.0,0.0,0.0,1.0,0.0,0.0,0.0,0.0,1.0,47.285713,37.0,55.0,104.0,0.0,0.0,0.0,0.0,0.0,0.0,3.0,111.0,4.0,220.0,64240.0,255.0,1.0,32.0,0.0,0.0,0.0,0.0,0.0,0.0,0.0,0.0,Normal
8080.0,389.0,2.0,0.0,0.0,0.0,0.0,0.0,0.0,0.0,0.0,0.0,0.0,0.0,0.0,5141.388,389.0,0.0,389.0,389.0,389.0,389.0,0.0,389.0,389.0,0.0,0.0,0.0,0.0,0.0,0.0,0.0,0.0,0.0,64.0,0.0,5141.388,0.0,0.0,0.0,0.0,0.0,0.0,0.0,0.0,0.0,0.0,1.0,0.0,0.0,0.0,0.0,0.0,0.0,0.0,64.0,0.0,0.0,0.0,0.0,0.0,0.0,2.0,0.0,0.0,0.0,251.0,-1.0,0.0,32.0,0.0,0.0,0.0,0.0,0.0,0.0,0.0,0.0,Normal
8080.0,3907.0,3.0,4.0,111.0,220.0,111.0,0.0,37.0,64.08588,185.0,0.0,55.0,88.223206,84719.734,1791.656,651.1667,718.0199,2006.0,73.0,1401.0,700.5,887.419,1328.0,73.0,3422.0,1140.6666,936.7205,2006.0,146.0,0.0,0.0,0.0,0.0,104.0,136.0,767.8526,1023.8034,0.0,185.0,41.375,69.77093,4867.982,0.0,0.0,0.0,1.0,0.0,0.0,0.0,0.0,1.0,47.285713,37.0,55.0,104.0,0.0,0.0,0.0,0.0,0.0,0.0,3.0,111.0,4.0,220.0,64240.0,255.0,1.0,32.0,0.0,0.0,0.0,0.0,0.0,0.0,0.0,0.0,Normal
8080.0,193.0,2.0,0.0,0.0,0.0,0.0,0.0,0.0,0.0,0.0,0.0,0.0,0.0,0.0,10362.694,193.0,0.0,193.0,193.0,193.0,193.0,0.0,193.0,193.0,0.0,0.0,0.0,0.0,0.0,0.0,0.0,0.0,0.0,64.0,0.0,10362.694,0.0,0.0,0.0,0.0,0.0,0.0,0.0,0.0,0.0,0.0,1.0,0.0,0.0,0.0,0.0,0.0,0.0,0.0,64.0,0.0,0.0,0.0,0.0,0.0,0.0,2.0,0.0,0.0,0.0,251.0,-1.0,0.0,32.0,0.0,0.0,0.0,0.0,0.0,0.0,0.0,0.0,Normal
8080.0,2038.0,3.0,4.0,111.0,220.0,111.0,0.0,37.0,64.08588,185.0,0.0,55.0,88.223206,162414.12,3434.74,339.66666,392.65796,1074.0,0.0,708.0,354.0,485.07526,697.0,11.0,1666.0,555.3333,537.93805,1074.0,0.0,0.0,0.0,0.0,0.0,104.0,136.0,1472.0314,1962.7085,0.0,185.0,41.375,69.77093,4867.982,0.0,0.0,0.0,1.0,0.0,0.0,0.0,0.0,1.0,47.285713,37.0,55.0,104.0,0.0,0.0,0.0,0.0,0.0,0.0,3.0,111.0,4.0,220.0,64240.0,255.0,1.0,32.0,0.0,0.0,0.0,0.0,0.0,0.0,0.0,0.0,Normal
8080.0,95.0,2.0,0.0,0.0,0.0,0.0,0.0,0.0,0.0,0.0,0.0,0.0,0.0,0.0,21052.63,95.0,0.0,95.0,95.0,95.0,95.0,0.0,95.0,95.0,0.0,0.0,0.0,0.0,0.0,0.0,0.0,0.0,0.0,64.0,0.0,21052.63,0.0,0.0,0.0,0.0,0.0,0.0,0.0,0.0,0.0,0.0,1.0,0.0,0.0,0.0,0.0,0.0,0.0,0.0,64.0,0.0,0.0,0.0,0.0,0.0,0.0,2.0,0.0,0.0,0.0,251.0,-1.0,0.0,32.0,0.0,0.0,0.0,0.0,0.0,0.0,0.0,0.0,Normal
8080.0,3811.0,3.0,4.0,111.0,220.0,111.0,0.0,37.0,64.08588,185.0,0.0,55.0,88.223206,86853.84,1836.7882,635.1667,651.92346,1951.0,226.0,1148.0,574.0,492.14633,922.0,226.0,3323.0,1107.6666,829.84595,1951.0,292.0,0.0,0.0,0.0,0.0,104.0,136.0,787.19495,1049.5933,0.0,185.0,41.375,69.77093,4867.982,0.0,0.0,0.0,1.0,0.0,0.0,0.0,0.0,1.0,47.285713,37.0,55.0,104.0,0.0,0.0,0.0,0.0,0.0,0.0,3.0,111.0,4.0,220.0,64240.0,255.0,1.0,32.0,0.0,0.0,0.0,0.0,0.0,0.0,0.0,0.0,Normal
8080.0,267.0,2.0,0.0,0.0,0.0,0.0,0.0,0.0,0.0,0.0,0.0,0.0,0.0,0.0,7490.6367,267.0,0.0,267.0,267.0,267.0,267.0,0.0,267.0,267.0,0.0,0.0,0.0,0.0,0.0,0.0,0.0,0.0,0.0,64.0,0.0,7490.6367,0.0,0.0,0.0,0.0,0.0,0.0,0.0,0.0,0.0,0.0,1.0,0.0,0.0,0.0,0.0,0.0,0.0,0.0,64.0,0.0,0.0,0.0,0.0,0.0,0.0,2.0,0.0,0.0,0.0,251.0,-1.0,0.0,32.0,0.0,0.0,0.0,0.0,0.0,0.0,0.0,0.0,Normal
8080.0,6306.0,3.0,4.0,111.0,220.0,111.0,0.0,37.0,64.08588,185.0,0.0,55.0,88.223206,52489.69,1110.054,1051.0,1771.4866,4639.0,0.0,1318.0,659.0,654.7809,1122.0,196.0,5680.0,1893.3334,2434.119,4639.0,0.0,0.0,0.0,0.0,0.0,104.0,136.0,475.7374,634.3165,0.0,185.0,41.375,69.77093,4867.982,0.0,0.0,0.0,1.0,0.0,0.0,0.0,0.0,1.0,47.285713,37.0,55.0,104.0,0.0,0.0,0.0,0.0,0.0,0.0,3.0,111.0,4.0,220.0,64240.0,255.0,1.0,32.0,0.0,0.0,0.0,0.0,0.0,0.0,0.0,0.0,Normal
8080.0,205.0,2.0,0.0,0.0,0.0,0.0,0.0,0.0,0.0,0.0,0.0,0.0,0.0,0.0,9756.098,205.0,0.0,205.0,205.0,205.0,205.0,0.0,205.0,205.0,0.0,0.0,0.0,0.0,0.0,0.0,0.0,0.0,0.0,64.0,0.0,9756.098,0.0,0.0,0.0,0.0,0.0,0.0,0.0,0.0,0.0,0.0,1.0,0.0,0.0,0.0,0.0,0.0,0.0,0.0,64.0,0.0,0.0,0.0,0.0,0.0,0.0,2.0,0.0,0.0,0.0,251.0,-1.0,0.0,32.0,0.0,0.0,0.0,0.0,0.0,0.0,0.0,0.0,Normal
8080.0,2740.0,3.0,4.0,111.0,220.0,111.0,0.0,37.0,64.08588,185.0,0.0,55.0,88.223206,120802.92,2554.7446,456.66666,531.59674,1481.0,10.0,851.0,425.5,587.6057,841.0,10.0,2365.0,788.3333,699.6001,1481.0,82.0,0.0,0.0,0.0,0.0,104.0,136.0,1094.8905,1459.854,0.0,185.0,41.375,69.77093,4867.982,0.0,0.0,0.0,1.0,0.0,0.0,0.0,0.0,1.0,47.285713,37.0,55.0,104.0,0.0,0.0,0.0,0.0,0.0,0.0,3.0,111.0,4.0,220.0,64240.0,255.0,1.0,32.0,0.0,0.0,0.0,0.0,0.0,0.0,0.0,0.0,Normal
8080.0,1267.0,2.0,0.0,0.0,0.0,0.0,0.0,0.0,0.0,0.0,0.0,0.0,0.0,0.0,1578.532,1267.0,0.0,1267.0,1267.0,1267.0,1267.0,0.0,1267.0,1267.0,0.0,0.0,0.0,0.0,0.0,0.0,0.0,0.0,0.0,64.0,0.0,1578.532,0.0,0.0,0.0,0.0,0.0,0.0,0.0,0.0,0.0,0.0,1.0,0.0,0.0,0.0,0.0,0.0,0.0,0.0,64.0,0.0,0.0,0.0,0.0,0.0,0.0,2.0,0.0,0.0,0.0,251.0,-1.0,0.0,32.0,0.0,0.0,0.0,0.0,0.0,0.0,0.0,0.0,Normal
8080.0,5531.0,3.0,4.0,111.0,220.0,111.0,0.0,37.0,64.08588,185.0,0.0,55.0,88.223206,59844.51,1265.5939,921.8333,1691.731,4351.0,0.0,871.0,435.5,605.99054,864.0,7.0,5034.0,1678.0,2339.94,4351.0,0.0,0.0,0.0,0.0,0.0,104.0,136.0,542.3974,723.19653,0.0,185.0,41.375,69.77093,4867.982,0.0,0.0,0.0,1.0,0.0,0.0,0.0,0.0,1.0,47.285713,37.0,55.0,104.0,0.0,0.0,0.0,0.0,0.0,0.0,3.0,111.0,4.0,220.0,64240.0,255.0,1.0,32.0,0.0,0.0,0.0,0.0,0.0,0.0,0.0,0.0,Normal
8080.0,5.0,2.0,0.0,0.0,0.0,0.0,0.0,0.0,0.0,0.0,0.0,0.0,0.0,0.0,400000.0,5.0,0.0,5.0,5.0,5.0,5.0,0.0,5.0,5.0,0.0,0.0,0.0,0.0,0.0,0.0,0.0,0.0,0.0,64.0,0.0,400000.0,0.0,0.0,0.0,0.0,0.0,0.0,0.0,0.0,0.0,0.0,1.0,0.0,0.0,0.0,0.0,0.0,0.0,0.0,64.0,0.0,0.0,0.0,0.0,0.0,0.0,2.0,0.0,0.0,0.0,251.0,-1.0,0.0,32.0,0.0,0.0,0.0,0.0,0.0,0.0,0.0,0.0,Normal
8080.0,3134.0,3.0,4.0,111.0,220.0,111.0,0.0,37.0,64.08588,185.0,0.0,55.0,88.223206,105615.83,2233.5674,522.3333,521.7937,1462.0,1.0,1382.0,691.0,745.2905,1218.0,164.0,2459.0,819.6667,746.2911,1462.0,1.0,0.0,0.0,0.0,0.0,104.0,136.0,957.24316,1276.3242,0.0,185.0,41.375,69.77093,4867.982,0.0,0.0,0.0,1.0,0.0,0.0,0.0,0.0,1.0,47.285713,37.0,55.0,104.0,0.0,0.0,0.0,0.0,0.0,0.0,3.0,111.0,4.0,220.0,64240.0,255.0,1.0,32.0,0.0,0.0,0.0,0.0,0.0,0.0,0.0,0.0,Normal
8080.0,373.0,2.0,0.0,0.0,0.0,0.0,0.0,0.0,0.0,0.0,0.0,0.0,0.0,0.0,5361.93,373.0,0.0,373.0,373.0,373.0,373.0,0.0,373.0,373.0,0.0,0.0,0.0,0.0,0.0,0.0,0.0,0.0,0.0,64.0,0.0,5361.93,0.0,0.0,0.0,0.0,0.0,0.0,0.0,0.0,0.0,0.0,1.0,0.0,0.0,0.0,0.0,0.0,0.0,0.0,64.0,0.0,0.0,0.0,0.0,0.0,0.0,2.0,0.0,0.0,0.0,251.0,-1.0,0.0,32.0,0.0,0.0,0.0,0.0,0.0,0.0,0.0,0.0,Normal
8080.0,5315.0,3.0,4.0,111.0,220.0,111.0,0.0,37.0,64.08588,185.0,0.0,55.0,88.223206,62276.574,1317.0272,885.8333,1458.086,3834.0,0.0,1126.0,563.0,592.5555,982.0,144.0,4754.0,1584.6666,2001.5558,3834.0,0.0,0.0,0.0,0.0,0.0,104.0,136.0,564.44025,752.58704,0.0,185.0,41.375,69.77093,4867.982,0.0,0.0,0.0,1.0,0.0,0.0,0.0,0.0,1.0,47.285713,37.0,55.0,104.0,0.0,0.0,0.0,0.0,0.0,0.0,3.0,111.0,4.0,220.0,64240.0,255.0,1.0,32.0,0.0,0.0,0.0,0.0,0.0,0.0,0.0,0.0,Normal
8080.0,158.0,2.0,0.0,0.0,0.0,0.0,0.0,0.0,0.0,0.0,0.0,0.0,0.0,0.0,12658.228,158.0,0.0,158.0,158.0,158.0,158.0,0.0,158.0,158.0,0.0,0.0,0.0,0.0,0.0,0.0,0.0,0.0,0.0,64.0,0.0,12658.228,0.0,0.0,0.0,0.0,0.0,0.0,0.0,0.0,0.0,0.0,1.0,0.0,0.0,0.0,0.0,0.0,0.0,0.0,64.0,0.0,0.0,0.0,0.0,0.0,0.0,2.0,0.0,0.0,0.0,251.0,-1.0,0.0,32.0,0.0,0.0,0.0,0.0,0.0,0.0,0.0,0.0,Normal
8080.0,7453.0,3.0,4.0,111.0,220.0,111.0,0.0,37.0,64.08588,185.0,0.0,55.0,88.223206,44411.645,939.2191,1242.1666,2411.5903,6153.0,1.0,1028.0,514.0,489.3179,860.0,168.0,6969.0,2323.0,3341.7546,6153.0,1.0,0.0,0.0,0.0,0.0,104.0,136.0,402.52246,536.69666,0.0,185.0,41.375,69.77093,4867.982,0.0,0.0,0.0,1.0,0.0,0.0,0.0,0.0,1.0,47.285713,37.0,55.0,104.0,0.0,0.0,0.0,0.0,0.0,0.0,3.0,111.0,4.0,220.0,64240.0,255.0,1.0,32.0,0.0,0.0,0.0,0.0,0.0,0.0,0.0,0.0,Normal
8080.0,14.0,2.0,0.0,0.0,0.0,0.0,0.0,0.0,0.0,0.0,0.0,0.0,0.0,0.0,142857.14,14.0,0.0,14.0,14.0,14.0,14.0,0.0,14.0,14.0,0.0,0.0,0.0,0.0,0.0,0.0,0.0,0.0,0.0,64.0,0.0,142857.14,0.0,0.0,0.0,0.0,0.0,0.0,0.0,0.0,0.0,0.0,1.0,0.0,0.0,0.0,0.0,0.0,0.0,0.0,64.0,0.0,0.0,0.0,0.0,0.0,0.0,2.0,0.0,0.0,0.0,251.0,-1.0,0.0,32.0,0.0,0.0,0.0,0.0,0.0,0.0,0.0,0.0,Normal
8080.0,3415.0,3.0,4.0,111.0,220.0,111.0,0.0,37.0,64.08588,185.0,0.0,55.0,88.223206,96925.33,2049.7803,569.1667,624.1091,1763.0,0.0,1180.0,590.0,627.9108,1034.0,146.0,2851.0,950.3333,889.5259,1763.0,0.0,0.0,0.0,0.0,0.0,104.0,136.0,878.4773,1171.3031,0.0,185.0,41.375,69.77093,4867.982,0.0,0.0,0.0,1.0,0.0,0.0,0.0,0.0,1.0,47.285713,37.0,55.0,104.0,0.0,0.0,0.0,0.0,0.0,0.0,3.0,111.0,4.0,220.0,64240.0,255.0,1.0,32.0,0.0,0.0,0.0,0.0,0.0,0.0,0.0,0.0,Normal
8080.0,172.0,2.0,0.0,0.0,0.0,0.0,0.0,0.0,0.0,0.0,0.0,0.0,0.0,0.0,11627.907,172.0,0.0,172.0,172.0,172.0,172.0,0.0,172.0,172.0,0.0,0.0,0.0,0.0,0.0,0.0,0.0,0.0,0.0,64.0,0.0,11627.907,0.0,0.0,0.0,0.0,0.0,0.0,0.0,0.0,0.0,0.0,1.0,0.0,0.0,0.0,0.0,0.0,0.0,0.0,64.0,0.0,0.0,0.0,0.0,0.0,0.0,2.0,0.0,0.0,0.0,251.0,-1.0,0.0,32.0,0.0,0.0,0.0,0.0,0.0,0.0,0.0,0.0,Normal
8080.0,2531.0,3.0,4.0,111.0,220.0,111.0,0.0,37.0,64.08588,185.0,0.0,55.0,88.223206,130778.35,2765.7053,421.83334,399.5094,1126.0,0.0,1058.0,529.0,613.7687,963.0,95.0,2001.0,667.0,591.11505,1126.0,0.0,0.0,0.0,0.0,0.0,104.0,136.0,1185.3022,1580.403,0.0,185.0,41.375,69.77093,4867.982,0.0,0.0,0.0,1.0,0.0,0.0,0.0,0.0,1.0,47.285713,37.0,55.0,104.0,0.0,0.0,0.0,0.0,0.0,0.0,3.0,111.0,4.0,220.0,64240.0,255.0,1.0,32.0,0.0,0.0,0.0,0.0,0.0,0.0,0.0,0.0,Normal
8080.0,227.0,2.0,0.0,0.0,0.0,0.0,0.0,0.0,0.0,0.0,0.0,0.0,0.0,0.0,8810.572,227.0,0.0,227.0,227.0,227.0,227.0,0.0,227.0,227.0,0.0,0.0,0.0,0.0,0.0,0.0,0.0,0.0,0.0,64.0,0.0,8810.572,0.0,0.0,0.0,0.0,0.0,0.0,0.0,0.0,0.0,0.0,1.0,0.0,0.0,0.0,0.0,0.0,0.0,0.0,64.0,0.0,0.0,0.0,0.0,0.0,0.0,2.0,0.0,0.0,0.0,251.0,-1.0,0.0,32.0,0.0,0.0,0.0,0.0,0.0,0.0,0.0,0.0,Normal
8080.0,1795.0,3.0,4.0,111.0,220.0,111.0,0.0,37.0,64.08588,185.0,0.0,55.0,88.223206,184401.11,3899.7214,299.16666,296.8437,862.0,0.0,697.0,348.5,309.00568,567.0,130.0,1487.0,495.66666,445.31598,862.0,0.0,0.0,0.0,0.0,0.0,104.0,136.0,1671.3092,2228.4124,0.0,185.0,41.375,69.77093,4867.982,0.0,0.0,0.0,1.0,0.0,0.0,0.0,0.0,1.0,47.285713,37.0,55.0,104.0,0.0,0.0,0.0,0.0,0.0,0.0,3.0,111.0,4.0,220.0,64240.0,255.0,1.0,32.0,0.0,0.0,0.0,0.0,0.0,0.0,0.0,0.0,Normal
8080.0,85.0,2.0,0.0,0.0,0.0,0.0,0.0,0.0,0.0,0.0,0.0,0.0,0.0,0.0,23529.412,85.0,0.0,85.0,85.0,85.0,85.0,0.0,85.0,85.0,0.0,0.0,0.0,0.0,0.0,0.0,0.0,0.0,0.0,64.0,0.0,23529.412,0.0,0.0,0.0,0.0,0.0,0.0,0.0,0.0,0.0,0.0,1.0,0.0,0.0,0.0,0.0,0.0,0.0,0.0,64.0,0.0,0.0,0.0,0.0,0.0,0.0,2.0,0.0,0.0,0.0,251.0,-1.0,0.0,32.0,0.0,0.0,0.0,0.0,0.0,0.0,0.0,0.0,Normal
8080.0,8946.0,3.0,4.0,111.0,220.0,111.0,0.0,37.0,64.08588,185.0,0.0,55.0,88.223206,36999.777,782.4726,1491.0,2849.0967,7281.0,0.0,1396.0,698.0,722.66315,1209.0,187.0,8149.0,2716.3333,3976.8696,7281.0,0.0,0.0,0.0,0.0,0.0,104.0,136.0,335.3454,447.1272,0.0,185.0,41.375,69.77093,4867.982,0.0,0.0,0.0,1.0,0.0,0.0,0.0,0.0,1.0,47.285713,37.0,55.0,104.0,0.0,0.0,0.0,0.0,0.0,0.0,3.0,111.0,4.0,220.0,64240.0,255.0,1.0,32.0,0.0,0.0,0.0,0.0,0.0,0.0,0.0,0.0,Normal
8080.0,237.0,2.0,0.0,0.0,0.0,0.0,0.0,0.0,0.0,0.0,0.0,0.0,0.0,0.0,8438.818,237.0,0.0,237.0,237.0,237.0,237.0,0.0,237.0,237.0,0.0,0.0,0.0,0.0,0.0,0.0,0.0,0.0,0.0,64.0,0.0,8438.818,0.0,0.0,0.0,0.0,0.0,0.0,0.0,0.0,0.0,0.0,1.0,0.0,0.0,0.0,0.0,0.0,0.0,0.0,64.0,0.0,0.0,0.0,0.0,0.0,0.0,2.0,0.0,0.0,0.0,251.0,-1.0,0.0,32.0,0.0,0.0,0.0,0.0,0.0,0.0,0.0,0.0,Normal
8080.0,4235.0,3.0,4.0,111.0,220.0,111.0,0.0,37.0,64.08588,185.0,0.0,55.0,88.223206,78158.2,1652.8926,705.8333,883.0763,2473.0,142.0,1235.0,617.5,672.45856,1093.0,142.0,3608.0,1202.6666,1152.8185,2473.0,223.0,0.0,0.0,0.0,0.0,104.0,136.0,708.3825,944.51,0.0,185.0,41.375,69.77093,4867.982,0.0,0.0,0.0,1.0,0.0,0.0,0.0,0.0,1.0,47.285713,37.0,55.0,104.0,0.0,0.0,0.0,0.0,0.0,0.0,3.0,111.0,4.0,220.0,64240.0,255.0,1.0,32.0,0.0,0.0,0.0,0.0,0.0,0.0,0.0,0.0,Normal
8080.0,143.0,2.0,0.0,0.0,0.0,0.0,0.0,0.0,0.0,0.0,0.0,0.0,0.0,0.0,13986.014,143.0,0.0,143.0,143.0,143.0,143.0,0.0,143.0,143.0,0.0,0.0,0.0,0.0,0.0,0.0,0.0,0.0,0.0,64.0,0.0,13986.014,0.0,0.0,0.0,0.0,0.0,0.0,0.0,0.0,0.0,0.0,1.0,0.0,0.0,0.0,0.0,0.0,0.0,0.0,64.0,0.0,0.0,0.0,0.0,0.0,0.0,2.0,0.0,0.0,0.0,251.0,-1.0,0.0,32.0,0.0,0.0,0.0,0.0,0.0,0.0,0.0,0.0,Normal
8080.0,4544.0,3.0,4.0,111.0,220.0,111.0,0.0,37.0,64.08588,185.0,0.0,55.0,88.223206,72843.31,1540.4929,757.3333,681.3703,1716.0,0.0,2273.0,1136.5,1423.406,2143.0,130.0,2828.0,942.6667,827.7888,1551.0,0.0,0.0,0.0,0.0,0.0,104.0,136.0,660.21124,880.2817,0.0,185.0,41.375,69.77093,4867.982,0.0,0.0,0.0,1.0,0.0,0.0,0.0,0.0,1.0,47.285713,37.0,55.0,104.0,0.0,0.0,0.0,0.0,0.0,0.0,3.0,111.0,4.0,220.0,64240.0,255.0,1.0,32.0,0.0,0.0,0.0,0.0,0.0,0.0,0.0,0.0,Normal
8080.0,108.0,2.0,0.0,0.0,0.0,0.0,0.0,0.0,0.0,0.0,0.0,0.0,0.0,0.0,18518.518,108.0,0.0,108.0,108.0,108.0,108.0,0.0,108.0,108.0,0.0,0.0,0.0,0.0,0.0,0.0,0.0,0.0,0.0,64.0,0.0,18518.518,0.0,0.0,0.0,0.0,0.0,0.0,0.0,0.0,0.0,0.0,1.0,0.0,0.0,0.0,0.0,0.0,0.0,0.0,64.0,0.0,0.0,0.0,0.0,0.0,0.0,2.0,0.0,0.0,0.0,251.0,-1.0,0.0,32.0,0.0,0.0,0.0,0.0,0.0,0.0,0.0,0.0,Normal
8080.0,3955.0,3.0,4.0,111.0,220.0,111.0,0.0,37.0,64.08588,185.0,0.0,55.0,88.223206,83691.53,1769.9115,659.1667,787.00275,2213.0,128.0,1244.0,622.0,697.2073,1115.0,129.0,3311.0,1103.6666,1048.9072,2213.0,128.0,0.0,0.0,0.0,0.0,104.0,136.0,758.5335,1011.378,0.0,185.0,41.375,69.77093,4867.982,0.0,0.0,0.0,1.0,0.0,0.0,0.0,0.0,1.0,47.285713,37.0,55.0,104.0,0.0,0.0,0.0,0.0,0.0,0.0,3.0,111.0,4.0,220.0,64240.0,255.0,1.0,32.0,0.0,0.0,0.0,0.0,0.0,0.0,0.0,0.0,Normal
8080.0,147.0,2.0,0.0,0.0,0.0,0.0,0.0,0.0,0.0,0.0,0.0,0.0,0.0,0.0,13605.442,147.0,0.0,147.0,147.0,147.0,147.0,0.0,147.0,147.0,0.0,0.0,0.0,0.0,0.0,0.0,0.0,0.0,0.0,64.0,0.0,13605.442,0.0,0.0,0.0,0.0,0.0,0.0,0.0,0.0,0.0,0.0,1.0,0.0,0.0,0.0,0.0,0.0,0.0,0.0,64.0,0.0,0.0,0.0,0.0,0.0,0.0,2.0,0.0,0.0,0.0,251.0,-1.0,0.0,32.0,0.0,0.0,0.0,0.0,0.0,0.0,0.0,0.0,Normal
8080.0,5291.0,3.0,4.0,111.0,220.0,111.0,0.0,37.0,64.08588,185.0,0.0,55.0,88.223206,62559.062,1323.0013,881.8333,1480.7,3878.0,0.0,1113.0,556.5,591.8484,975.0,138.0,4754.0,1584.6666,2033.8086,3878.0,0.0,0.0,0.0,0.0,0.0,104.0,136.0,567.00055,756.00073,0.0,185.0,41.375,69.77093,4867.982,0.0,0.0,0.0,1.0,0.0,0.0,0.0,0.0,1.0,47.285713,37.0,55.0,104.0,0.0,0.0,0.0,0.0,0.0,0.0,3.0,111.0,4.0,220.0,64240.0,255.0,1.0,32.0,0.0,0.0,0.0,0.0,0.0,0.0,0.0,0.0,Normal
8080.0,159.0,2.0,0.0,0.0,0.0,0.0,0.0,0.0,0.0,0.0,0.0,0.0,0.0,0.0,12578.616,159.0,0.0,159.0,159.0,159.0,159.0,0.0,159.0,159.0,0.0,0.0,0.0,0.0,0.0,0.0,0.0,0.0,0.0,64.0,0.0,12578.616,0.0,0.0,0.0,0.0,0.0,0.0,0.0,0.0,0.0,0.0,1.0,0.0,0.0,0.0,0.0,0.0,0.0,0.0,64.0,0.0,0.0,0.0,0.0,0.0,0.0,2.0,0.0,0.0,0.0,251.0,-1.0,0.0,32.0,0.0,0.0,0.0,0.0,0.0,0.0,0.0,0.0,Normal
8080.0,2900.0,3.0,4.0,111.0,220.0,111.0,0.0,37.0,64.08588,185.0,0.0,55.0,88.223206,114137.93,2413.7932,483.33334,509.51886,1454.0,85.0,1095.0,547.5,624.3753,989.0,106.0,2345.0,781.6667,684.8243,1454.0,85.0,0.0,0.0,0.0,0.0,104.0,136.0,1034.4828,1379.3103,0.0,185.0,41.375,69.77093,4867.982,0.0,0.0,0.0,1.0,0.0,0.0,0.0,0.0,1.0,47.285713,37.0,55.0,104.0,0.0,0.0,0.0,0.0,0.0,0.0,3.0,111.0,4.0,220.0,64240.0,255.0,1.0,32.0,0.0,0.0,0.0,0.0,0.0,0.0,0.0,0.0,Normal
8080.0,367.0,2.0,0.0,0.0,0.0,0.0,0.0,0.0,0.0,0.0,0.0,0.0,0.0,0.0,5449.5913,367.0,0.0,367.0,367.0,367.0,367.0,0.0,367.0,367.0,0.0,0.0,0.0,0.0,0.0,0.0,0.0,0.0,0.0,64.0,0.0,5449.5913,0.0,0.0,0.0,0.0,0.0,0.0,0.0,0.0,0.0,0.0,1.0,0.0,0.0,0.0,0.0,0.0,0.0,0.0,64.0,0.0,0.0,0.0,0.0,0.0,0.0,2.0,0.0,0.0,0.0,251.0,-1.0,0.0,32.0,0.0,0.0,0.0,0.0,0.0,0.0,0.0,0.0,Normal
8080.0,5786.0,3.0,4.0,111.0,220.0,111.0,0.0,37.0,64.08588,185.0,0.0,55.0,88.223206,57207.05,1209.8168,964.3333,1455.8123,3900.0,1.0,1386.0,693.0,633.5677,1141.0,245.0,5158.0,1719.3334,1990.192,3900.0,1.0,0.0,0.0,0.0,0.0,104.0,136.0,518.4929,691.3239,0.0,185.0,41.375,69.77093,4867.982,0.0,0.0,0.0,1.0,0.0,0.0,0.0,0.0,1.0,47.285713,37.0,55.0,104.0,0.0,0.0,0.0,0.0,0.0,0.0,3.0,111.0,4.0,220.0,64240.0,255.0,1.0,32.0,0.0,0.0,0.0,0.0,0.0,0.0,0.0,0.0,Normal
8080.0,134.0,2.0,0.0,0.0,0.0,0.0,0.0,0.0,0.0,0.0,0.0,0.0,0.0,0.0,14925.373,134.0,0.0,134.0,134.0,134.0,134.0,0.0,134.0,134.0,0.0,0.0,0.0,0.0,0.0,0.0,0.0,0.0,0.0,64.0,0.0,14925.373,0.0,0.0,0.0,0.0,0.0,0.0,0.0,0.0,0.0,0.0,1.0,0.0,0.0,0.0,0.0,0.0,0.0,0.0,64.0,0.0,0.0,0.0,0.0,0.0,0.0,2.0,0.0,0.0,0.0,251.0,-1.0,0.0,32.0,0.0,0.0,0.0,0.0,0.0,0.0,0.0,0.0,Normal
8080.0,3525.0,3.0,4.0,111.0,220.0,111.0,0.0,37.0,64.08588,185.0,0.0,55.0,88.223206,93900.71,1985.8156,587.5,620.1357,1820.0,131.0,1113.0,556.5,601.74786,982.0,131.0,2988.0,996.0,783.71423,1820.0,260.0,0.0,0.0,0.0,0.0,104.0,136.0,851.06384,1134.7518,0.0,185.0,41.375,69.77093,4867.982,0.0,0.0,0.0,1.0,0.0,0.0,0.0,0.0,1.0,47.285713,37.0,55.0,104.0,0.0,0.0,0.0,0.0,0.0,0.0,3.0,111.0,4.0,220.0,64240.0,255.0,1.0,32.0,0.0,0.0,0.0,0.0,0.0,0.0,0.0,0.0,Normal
8080.0,309.0,2.0,0.0,0.0,0.0,0.0,0.0,0.0,0.0,0.0,0.0,0.0,0.0,0.0,6472.4917,309.0,0.0,309.0,309.0,309.0,309.0,0.0,309.0,309.0,0.0,0.0,0.0,0.0,0.0,0.0,0.0,0.0,0.0,64.0,0.0,6472.4917,0.0,0.0,0.0,0.0,0.0,0.0,0.0,0.0,0.0,0.0,1.0,0.0,0.0,0.0,0.0,0.0,0.0,0.0,64.0,0.0,0.0,0.0,0.0,0.0,0.0,2.0,0.0,0.0,0.0,251.0,-1.0,0.0,32.0,0.0,0.0,0.0,0.0,0.0,0.0,0.0,0.0,Normal
8080.0,5900.0,3.0,4.0,111.0,220.0,111.0,0.0,37.0,64.08588,185.0,0.0,55.0,88.223206,56101.695,1186.4407,983.3333,1670.96,4380.0,127.0,1057.0,528.5,555.0788,921.0,136.0,5384.0,1794.6666,2270.1511,4380.0,127.0,0.0,0.0,0.0,0.0,104.0,136.0,508.47458,677.9661,0.0,185.0,41.375,69.77093,4867.982,0.0,0.0,0.0,1.0,0.0,0.0,0.0,0.0,1.0,47.285713,37.0,55.0,104.0,0.0,0.0,0.0,0.0,0.0,0.0,3.0,111.0,4.0,220.0,64240.0,255.0,1.0,32.0,0.0,0.0,0.0,0.0,0.0,0.0,0.0,0.0,Normal
8080.0,168.0,2.0,0.0,0.0,0.0,0.0,0.0,0.0,0.0,0.0,0.0,0.0,0.0,0.0,11904.762,168.0,0.0,168.0,168.0,168.0,168.0,0.0,168.0,168.0,0.0,0.0,0.0,0.0,0.0,0.0,0.0,0.0,0.0,64.0,0.0,11904.762,0.0,0.0,0.0,0.0,0.0,0.0,0.0,0.0,0.0,0.0,1.0,0.0,0.0,0.0,0.0,0.0,0.0,0.0,64.0,0.0,0.0,0.0,0.0,0.0,0.0,2.0,0.0,0.0,0.0,251.0,-1.0,0.0,32.0,0.0,0.0,0.0,0.0,0.0,0.0,0.0,0.0,Normal
8080.0,3368.0,3.0,4.0,111.0,220.0,111.0,0.0,37.0,64.08588,185.0,0.0,55.0,88.223206,98277.91,2078.3848,561.3333,661.19275,1812.0,1.0,1101.0,550.5,753.0687,1083.0,18.0,2837.0,945.6667,908.0376,1812.0,1.0,0.0,0.0,0.0,0.0,104.0,136.0,890.7363,1187.6484,0.0,185.0,41.375,69.77093,4867.982,0.0,0.0,0.0,1.0,0.0,0.0,0.0,0.0,1.0,47.285713,37.0,55.0,104.0,0.0,0.0,0.0,0.0,0.0,0.0,3.0,111.0,4.0,220.0,64240.0,255.0,1.0,32.0,0.0,0.0,0.0,0.0,0.0,0.0,0.0,0.0,Normal
8080.0,80.0,2.0,0.0,0.0,0.0,0.0,0.0,0.0,0.0,0.0,0.0,0.0,0.0,0.0,25000.0,80.0,0.0,80.0,80.0,80.0,80.0,0.0,80.0,80.0,0.0,0.0,0.0,0.0,0.0,0.0,0.0,0.0,0.0,64.0,0.0,25000.0,0.0,0.0,0.0,0.0,0.0,0.0,0.0,0.0,0.0,0.0,1.0,0.0,0.0,0.0,0.0,0.0,0.0,0.0,64.0,0.0,0.0,0.0,0.0,0.0,0.0,2.0,0.0,0.0,0.0,251.0,-1.0,0.0,32.0,0.0,0.0,0.0,0.0,0.0,0.0,0.0,0.0,Normal
8080.0,5937.0,3.0,4.0,111.0,220.0,111.0,0.0,37.0,64.08588,185.0,0.0,55.0,88.223206,55752.062,1179.0466,989.5,1520.0391,4070.0,99.0,1345.0,672.5,611.64734,1105.0,240.0,5332.0,1777.3334,2055.5447,4070.0,99.0,0.0,0.0,0.0,0.0,104.0,136.0,505.30573,673.74097,0.0,185.0,41.375,69.77093,4867.982,0.0,0.0,0.0,1.0,0.0,0.0,0.0,0.0,1.0,47.285713,37.0,55.0,104.0,0.0,0.0,0.0,0.0,0.0,0.0,3.0,111.0,4.0,220.0,64240.0,255.0,1.0,32.0,0.0,0.0,0.0,0.0,0.0,0.0,0.0,0.0,Normal
8080.0,124.0,2.0,0.0,0.0,0.0,0.0,0.0,0.0,0.0,0.0,0.0,0.0,0.0,0.0,16129.032,124.0,0.0,124.0,124.0,124.0,124.0,0.0,124.0,124.0,0.0,0.0,0.0,0.0,0.0,0.0,0.0,0.0,0.0,64.0,0.0,16129.032,0.0,0.0,0.0,0.0,0.0,0.0,0.0,0.0,0.0,0.0,1.0,0.0,0.0,0.0,0.0,0.0,0.0,0.0,64.0,0.0,0.0,0.0,0.0,0.0,0.0,2.0,0.0,0.0,0.0,251.0,-1.0,0.0,32.0,0.0,0.0,0.0,0.0,0.0,0.0,0.0,0.0,Normal
8080.0,5811.0,3.0,4.0,111.0,220.0,111.0,0.0,37.0,64.08588,185.0,0.0,55.0,88.223206,56960.938,1204.6119,968.5,1518.5715,4046.0,133.0,1255.0,627.5,647.0027,1085.0,170.0,5195.0,1731.6666,2052.3223,4046.0,133.0,0.0,0.0,0.0,0.0,104.0,136.0,516.26227,688.3497,0.0,185.0,41.375,69.77093,4867.982,0.0,0.0,0.0,1.0,0.0,0.0,0.0,0.0,1.0,47.285713,37.0,55.0,104.0,0.0,0.0,0.0,0.0,0.0,0.0,3.0,111.0,4.0,220.0,64240.0,255.0,1.0,32.0,0.0,0.0,0.0,0.0,0.0,0.0,0.0,0.0,Normal
8080.0,1176.0,2.0,0.0,0.0,0.0,0.0,0.0,0.0,0.0,0.0,0.0,0.0,0.0,0.0,1700.6803,1176.0,0.0,1176.0,1176.0,1176.0,1176.0,0.0,1176.0,1176.0,0.0,0.0,0.0,0.0,0.0,0.0,0.0,0.0,0.0,64.0,0.0,1700.6803,0.0,0.0,0.0,0.0,0.0,0.0,0.0,0.0,0.0,0.0,1.0,0.0,0.0,0.0,0.0,0.0,0.0,0.0,64.0,0.0,0.0,0.0,0.0,0.0,0.0,2.0,0.0,0.0,0.0,251.0,-1.0,0.0,32.0,0.0,0.0,0.0,0.0,0.0,0.0,0.0,0.0,Normal
8080.0,3284.0,3.0,4.0,111.0,220.0,111.0,0.0,37.0,64.08588,185.0,0.0,55.0,88.223206,100791.72,2131.5469,547.3333,727.517,1983.0,0.0,956.0,478.0,560.02856,874.0,82.0,2803.0,934.3333,996.4318,1983.0,0.0,0.0,0.0,0.0,0.0,104.0,136.0,913.5201,1218.0269,0.0,185.0,41.375,69.77093,4867.982,0.0,0.0,0.0,1.0,0.0,0.0,0.0,0.0,1.0,47.285713,37.0,55.0,104.0,0.0,0.0,0.0,0.0,0.0,0.0,3.0,111.0,4.0,220.0,64240.0,255.0,1.0,32.0,0.0,0.0,0.0,0.0,0.0,0.0,0.0,0.0,Normal
8080.0,17.0,2.0,0.0,0.0,0.0,0.0,0.0,0.0,0.0,0.0,0.0,0.0,0.0,0.0,117647.06,17.0,0.0,17.0,17.0,17.0,17.0,0.0,17.0,17.0,0.0,0.0,0.0,0.0,0.0,0.0,0.0,0.0,0.0,64.0,0.0,117647.06,0.0,0.0,0.0,0.0,0.0,0.0,0.0,0.0,0.0,0.0,1.0,0.0,0.0,0.0,0.0,0.0,0.0,0.0,64.0,0.0,0.0,0.0,0.0,0.0,0.0,2.0,0.0,0.0,0.0,251.0,-1.0,0.0,32.0,0.0,0.0,0.0,0.0,0.0,0.0,0.0,0.0,Normal
8080.0,5348.0,3.0,4.0,111.0,220.0,111.0,0.0,37.0,64.08588,185.0,0.0,55.0,88.223206,61892.297,1308.9005,891.3333,1429.4807,3786.0,60.0,1145.0,572.5,591.8484,991.0,154.0,4806.0,1602.0,1944.1945,3786.0,60.0,0.0,0.0,0.0,0.0,104.0,136.0,560.9574,747.9432,0.0,185.0,41.375,69.77093,4867.982,0.0,0.0,0.0,1.0,0.0,0.0,0.0,0.0,1.0,47.285713,37.0,55.0,104.0,0.0,0.0,0.0,0.0,0.0,0.0,3.0,111.0,4.0,220.0,64240.0,255.0,1.0,32.0,0.0,0.0,0.0,0.0,0.0,0.0,0.0,0.0,Normal
8080.0,151.0,2.0,0.0,0.0,0.0,0.0,0.0,0.0,0.0,0.0,0.0,0.0,0.0,0.0,13245.033,151.0,0.0,151.0,151.0,151.0,151.0,0.0,151.0,151.0,0.0,0.0,0.0,0.0,0.0,0.0,0.0,0.0,0.0,64.0,0.0,13245.033,0.0,0.0,0.0,0.0,0.0,0.0,0.0,0.0,0.0,0.0,1.0,0.0,0.0,0.0,0.0,0.0,0.0,0.0,64.0,0.0,0.0,0.0,0.0,0.0,0.0,2.0,0.0,0.0,0.0,251.0,-1.0,0.0,32.0,0.0,0.0,0.0,0.0,0.0,0.0,0.0,0.0,Normal
8080.0,3188.0,3.0,4.0,111.0,220.0,111.0,0.0,37.0,64.08588,185.0,0.0,55.0,88.223206,103826.85,2195.734,531.3333,609.0273,1725.0,69.0,1033.0,516.5,573.4636,922.0,111.0,2713.0,904.3333,828.0974,1725.0,69.0,0.0,0.0,0.0,0.0,104.0,136.0,941.0289,1254.7052,0.0,185.0,41.375,69.77093,4867.982,0.0,0.0,0.0,1.0,0.0,0.0,0.0,0.0,1.0,47.285713,37.0,55.0,104.0,0.0,0.0,0.0,0.0,0.0,0.0,3.0,111.0,4.0,220.0,64240.0,255.0,1.0,32.0,0.0,0.0,0.0,0.0,0.0,0.0,0.0,0.0,Normal
8080.0,216.0,2.0,0.0,0.0,0.0,0.0,0.0,0.0,0.0,0.0,0.0,0.0,0.0,0.0,9259.259,216.0,0.0,216.0,216.0,216.0,216.0,0.0,216.0,216.0,0.0,0.0,0.0,0.0,0.0,0.0,0.0,0.0,0.0,64.0,0.0,9259.259,0.0,0.0,0.0,0.0,0.0,0.0,0.0,0.0,0.0,0.0,1.0,0.0,0.0,0.0,0.0,0.0,0.0,0.0,64.0,0.0,0.0,0.0,0.0,0.0,0.0,2.0,0.0,0.0,0.0,251.0,-1.0,0.0,32.0,0.0,0.0,0.0,0.0,0.0,0.0,0.0,0.0,Normal
8080.0,3168.0,3.0,4.0,111.0,220.0,111.0,0.0,37.0,64.08588,185.0,0.0,55.0,88.223206,104482.32,2209.596,528.0,494.97595,1418.0,0.0,1323.0,661.5,689.42914,1149.0,174.0,2509.0,836.3333,742.5108,1418.0,0.0,0.0,0.0,0.0,0.0,104.0,136.0,946.9697,1262.6262,0.0,185.0,41.375,69.77093,4867.982,0.0,0.0,0.0,1.0,0.0,0.0,0.0,0.0,1.0,47.285713,37.0,55.0,104.0,0.0,0.0,0.0,0.0,0.0,0.0,3.0,111.0,4.0,220.0,64240.0,255.0,1.0,32.0,0.0,0.0,0.0,0.0,0.0,0.0,0.0,0.0,Normal
8080.0,212.0,2.0,0.0,0.0,0.0,0.0,0.0,0.0,0.0,0.0,0.0,0.0,0.0,0.0,9433.962,212.0,0.0,212.0,212.0,212.0,212.0,0.0,212.0,212.0,0.0,0.0,0.0,0.0,0.0,0.0,0.0,0.0,0.0,64.0,0.0,9433.962,0.0,0.0,0.0,0.0,0.0,0.0,0.0,0.0,0.0,0.0,1.0,0.0,0.0,0.0,0.0,0.0,0.0,0.0,64.0,0.0,0.0,0.0,0.0,0.0,0.0,2.0,0.0,0.0,0.0,251.0,-1.0,0.0,32.0,0.0,0.0,0.0,0.0,0.0,0.0,0.0,0.0,Normal
8080.0,2943.0,3.0,4.0,111.0,220.0,111.0,0.0,37.0,64.08588,185.0,0.0,55.0,88.223206,112470.266,2378.5254,490.5,489.6222,1383.0,1.0,1194.0,597.0,668.92303,1070.0,124.0,2343.0,781.0,707.9859,1383.0,1.0,0.0,0.0,0.0,0.0,104.0,136.0,1019.368,1359.1573,0.0,185.0,41.375,69.77093,4867.982,0.0,0.0,0.0,1.0,0.0,0.0,0.0,0.0,1.0,47.285713,37.0,55.0,104.0,0.0,0.0,0.0,0.0,0.0,0.0,3.0,111.0,4.0,220.0,64240.0,255.0,1.0,32.0,0.0,0.0,0.0,0.0,0.0,0.0,0.0,0.0,Normal
8080.0,149.0,2.0,0.0,0.0,0.0,0.0,0.0,0.0,0.0,0.0,0.0,0.0,0.0,0.0,13422.818,149.0,0.0,149.0,149.0,149.0,149.0,0.0,149.0,149.0,0.0,0.0,0.0,0.0,0.0,0.0,0.0,0.0,0.0,64.0,0.0,13422.818,0.0,0.0,0.0,0.0,0.0,0.0,0.0,0.0,0.0,0.0,1.0,0.0,0.0,0.0,0.0,0.0,0.0,0.0,64.0,0.0,0.0,0.0,0.0,0.0,0.0,2.0,0.0,0.0,0.0,251.0,-1.0,0.0,32.0,0.0,0.0,0.0,0.0,0.0,0.0,0.0,0.0,Normal
8080.0,2487.0,3.0,4.0,111.0,220.0,111.0,0.0,37.0,64.08588,185.0,0.0,55.0,88.223206,133092.08,2814.636,414.5,427.76663,1174.0,0.0,909.0,454.5,627.20374,898.0,11.0,2016.0,672.0,605.18097,1174.0,0.0,0.0,0.0,0.0,0.0,104.0,136.0,1206.2726,1608.3635,0.0,185.0,41.375,69.77093,4867.982,0.0,0.0,0.0,1.0,0.0,0.0,0.0,0.0,1.0,47.285713,37.0,55.0,104.0,0.0,0.0,0.0,0.0,0.0,0.0,3.0,111.0,4.0,220.0,64240.0,255.0,1.0,32.0,0.0,0.0,0.0,0.0,0.0,0.0,0.0,0.0,Normal
8080.0,177.0,2.0,0.0,0.0,0.0,0.0,0.0,0.0,0.0,0.0,0.0,0.0,0.0,0.0,11299.435,177.0,0.0,177.0,177.0,177.0,177.0,0.0,177.0,177.0,0.0,0.0,0.0,0.0,0.0,0.0,0.0,0.0,0.0,64.0,0.0,11299.435,0.0,0.0,0.0,0.0,0.0,0.0,0.0,0.0,0.0,0.0,1.0,0.0,0.0,0.0,0.0,0.0,0.0,0.0,64.0,0.0,0.0,0.0,0.0,0.0,0.0,2.0,0.0,0.0,0.0,251.0,-1.0,0.0,32.0,0.0,0.0,0.0,0.0,0.0,0.0,0.0,0.0,Normal
8080.0,3088.0,3.0,4.0,111.0,220.0,111.0,0.0,37.0,64.08588,185.0,0.0,55.0,88.223206,107189.12,2266.8394,514.6667,529.3761,1509.0,0.0,1201.0,600.5,617.3042,1037.0,164.0,2515.0,838.3333,768.3452,1509.0,0.0,0.0,0.0,0.0,0.0,104.0,136.0,971.50256,1295.3368,0.0,185.0,41.375,69.77093,4867.982,0.0,0.0,0.0,1.0,0.0,0.0,0.0,0.0,1.0,47.285713,37.0,55.0,104.0,0.0,0.0,0.0,0.0,0.0,0.0,3.0,111.0,4.0,220.0,64240.0,255.0,1.0,32.0,0.0,0.0,0.0,0.0,0.0,0.0,0.0,0.0,Normal
8080.0,213.0,2.0,0.0,0.0,0.0,0.0,0.0,0.0,0.0,0.0,0.0,0.0,0.0,0.0,9389.671,213.0,0.0,213.0,213.0,213.0,213.0,0.0,213.0,213.0,0.0,0.0,0.0,0.0,0.0,0.0,0.0,0.0,0.0,64.0,0.0,9389.671,0.0,0.0,0.0,0.0,0.0,0.0,0.0,0.0,0.0,0.0,1.0,0.0,0.0,0.0,0.0,0.0,0.0,0.0,64.0,0.0,0.0,0.0,0.0,0.0,0.0,2.0,0.0,0.0,0.0,251.0,-1.0,0.0,32.0,0.0,0.0,0.0,0.0,0.0,0.0,0.0,0.0,Normal
8080.0,3096.0,3.0,4.0,111.0,220.0,111.0,0.0,37.0,64.08588,185.0,0.0,55.0,88.223206,106912.15,2260.982,516.0,556.53107,1575.0,1.0,1140.0,570.0,610.94025,1002.0,138.0,2588.0,862.6667,797.55524,1575.0,1.0,0.0,0.0,0.0,0.0,104.0,136.0,968.99225,1291.9896,0.0,185.0,41.375,69.77093,4867.982,0.0,0.0,0.0,1.0,0.0,0.0,0.0,0.0,1.0,47.285713,37.0,55.0,104.0,0.0,0.0,0.0,0.0,0.0,0.0,3.0,111.0,4.0,220.0,64240.0,255.0,1.0,32.0,0.0,0.0,0.0,0.0,0.0,0.0,0.0,0.0,Normal
8080.0,139.0,2.0,0.0,0.0,0.0,0.0,0.0,0.0,0.0,0.0,0.0,0.0,0.0,0.0,14388.489,139.0,0.0,139.0,139.0,139.0,139.0,0.0,139.0,139.0,0.0,0.0,0.0,0.0,0.0,0.0,0.0,0.0,0.0,64.0,0.0,14388.489,0.0,0.0,0.0,0.0,0.0,0.0,0.0,0.0,0.0,0.0,1.0,0.0,0.0,0.0,0.0,0.0,0.0,0.0,64.0,0.0,0.0,0.0,0.0,0.0,0.0,2.0,0.0,0.0,0.0,251.0,-1.0,0.0,32.0,0.0,0.0,0.0,0.0,0.0,0.0,0.0,0.0,Normal
8080.0,3222.0,3.0,4.0,111.0,220.0,111.0,0.0,37.0,64.08588,185.0,0.0,55.0,88.223206,102731.23,2172.5637,537.0,495.62244,1494.0,98.0,1113.0,556.5,648.41693,1015.0,98.0,2698.0,899.3333,635.2994,1494.0,230.0,0.0,0.0,0.0,0.0,104.0,136.0,931.0987,1241.465,0.0,185.0,41.375,69.77093,4867.982,0.0,0.0,0.0,1.0,0.0,0.0,0.0,0.0,1.0,47.285713,37.0,55.0,104.0,0.0,0.0,0.0,0.0,0.0,0.0,3.0,111.0,4.0,220.0,64240.0,255.0,1.0,32.0,0.0,0.0,0.0,0.0,0.0,0.0,0.0,0.0,Normal
8080.0,119.0,2.0,0.0,0.0,0.0,0.0,0.0,0.0,0.0,0.0,0.0,0.0,0.0,0.0,16806.723,119.0,0.0,119.0,119.0,119.0,119.0,0.0,119.0,119.0,0.0,0.0,0.0,0.0,0.0,0.0,0.0,0.0,0.0,64.0,0.0,16806.723,0.0,0.0,0.0,0.0,0.0,0.0,0.0,0.0,0.0,0.0,1.0,0.0,0.0,0.0,0.0,0.0,0.0,0.0,64.0,0.0,0.0,0.0,0.0,0.0,0.0,2.0,0.0,0.0,0.0,251.0,-1.0,0.0,32.0,0.0,0.0,0.0,0.0,0.0,0.0,0.0,0.0,Normal
8080.0,3435.0,3.0,4.0,111.0,220.0,111.0,0.0,37.0,64.08588,185.0,0.0,55.0,88.223206,96360.99,2037.8457,572.5,521.8347,1468.0,0.0,1453.0,726.5,828.02203,1312.0,141.0,2660.0,886.6667,780.17773,1468.0,0.0,0.0,0.0,0.0,0.0,104.0,136.0,873.3624,1164.4833,0.0,185.0,41.375,69.77093,4867.982,0.0,0.0,0.0,1.0,0.0,0.0,0.0,0.0,1.0,47.285713,37.0,55.0,104.0,0.0,0.0,0.0,0.0,0.0,0.0,3.0,111.0,4.0,220.0,64240.0,255.0,1.0,32.0,0.0,0.0,0.0,0.0,0.0,0.0,0.0,0.0,Normal
8080.0,78.0,2.0,0.0,0.0,0.0,0.0,0.0,0.0,0.0,0.0,0.0,0.0,0.0,0.0,25641.025,78.0,0.0,78.0,78.0,78.0,78.0,0.0,78.0,78.0,0.0,0.0,0.0,0.0,0.0,0.0,0.0,0.0,0.0,64.0,0.0,25641.025,0.0,0.0,0.0,0.0,0.0,0.0,0.0,0.0,0.0,0.0,1.0,0.0,0.0,0.0,0.0,0.0,0.0,0.0,64.0,0.0,0.0,0.0,0.0,0.0,0.0,2.0,0.0,0.0,0.0,251.0,-1.0,0.0,32.0,0.0,0.0,0.0,0.0,0.0,0.0,0.0,0.0,Normal
8080.0,3513.0,3.0,4.0,111.0,220.0,111.0,0.0,37.0,64.08588,185.0,0.0,55.0,88.223206,94221.46,1992.5989,585.5,679.9267,1927.0,1.0,1207.0,603.5,471.64023,937.0,270.0,3033.0,1011.0,966.4347,1927.0,1.0,0.0,0.0,0.0,0.0,104.0,136.0,853.97095,1138.6279,0.0,185.0,41.375,69.77093,4867.982,0.0,0.0,0.0,1.0,0.0,0.0,0.0,0.0,1.0,47.285713,37.0,55.0,104.0,0.0,0.0,0.0,0.0,0.0,0.0,3.0,111.0,4.0,220.0,64240.0,255.0,1.0,32.0,0.0,0.0,0.0,0.0,0.0,0.0,0.0,0.0,Normal
8080.0,111.0,2.0,0.0,0.0,0.0,0.0,0.0,0.0,0.0,0.0,0.0,0.0,0.0,0.0,18018.018,111.0,0.0,111.0,111.0,111.0,111.0,0.0,111.0,111.0,0.0,0.0,0.0,0.0,0.0,0.0,0.0,0.0,0.0,64.0,0.0,18018.018,0.0,0.0,0.0,0.0,0.0,0.0,0.0,0.0,0.0,0.0,1.0,0.0,0.0,0.0,0.0,0.0,0.0,0.0,64.0,0.0,0.0,0.0,0.0,0.0,0.0,2.0,0.0,0.0,0.0,251.0,-1.0,0.0,32.0,0.0,0.0,0.0,0.0,0.0,0.0,0.0,0.0,Normal
8080.0,5765.0,3.0,4.0,111.0,220.0,111.0,0.0,37.0,64.08588,185.0,0.0,55.0,88.223206,57415.438,1214.2238,960.8333,1412.2559,3782.0,18.0,1241.0,620.5,852.06366,1223.0,18.0,5132.0,1710.6666,1893.7438,3782.0,68.0,0.0,0.0,0.0,0.0,104.0,136.0,520.3816,693.84216,0.0,185.0,41.375,69.77093,4867.982,0.0,0.0,0.0,1.0,0.0,0.0,0.0,0.0,1.0,47.285713,37.0,55.0,104.0,0.0,0.0,0.0,0.0,0.0,0.0,3.0,111.0,4.0,220.0,64240.0,255.0,1.0,32.0,0.0,0.0,0.0,0.0,0.0,0.0,0.0,0.0,Normal
8080.0,176.0,2.0,0.0,0.0,0.0,0.0,0.0,0.0,0.0,0.0,0.0,0.0,0.0,0.0,11363.637,176.0,0.0,176.0,176.0,176.0,176.0,0.0,176.0,176.0,0.0,0.0,0.0,0.0,0.0,0.0,0.0,0.0,0.0,64.0,0.0,11363.637,0.0,0.0,0.0,0.0,0.0,0.0,0.0,0.0,0.0,0.0,1.0,0.0,0.0,0.0,0.0,0.0,0.0,0.0,64.0,0.0,0.0,0.0,0.0,0.0,0.0,2.0,0.0,0.0,0.0,251.0,-1.0,0.0,32.0,0.0,0.0,0.0,0.0,0.0,0.0,0.0,0.0,Normal
8080.0,3300.0,3.0,4.0,111.0,220.0,111.0,0.0,37.0,64.08588,185.0,0.0,55.0,88.223206,100303.03,2121.2122,550.0,629.4575,1757.0,0.0,1203.0,601.5,665.38745,1072.0,131.0,2793.0,931.0,883.19366,1757.0,0.0,0.0,0.0,0.0,0.0,104.0,136.0,909.0909,1212.1212,0.0,185.0,41.375,69.77093,4867.982,0.0,0.0,0.0,1.0,0.0,0.0,0.0,0.0,1.0,47.285713,37.0,55.0,104.0,0.0,0.0,0.0,0.0,0.0,0.0,3.0,111.0,4.0,220.0,64240.0,255.0,1.0,32.0,0.0,0.0,0.0,0.0,0.0,0.0,0.0,0.0,Normal
8080.0,169.0,2.0,0.0,0.0,0.0,0.0,0.0,0.0,0.0,0.0,0.0,0.0,0.0,0.0,11834.319,169.0,0.0,169.0,169.0,169.0,169.0,0.0,169.0,169.0,0.0,0.0,0.0,0.0,0.0,0.0,0.0,0.0,0.0,64.0,0.0,11834.319,0.0,0.0,0.0,0.0,0.0,0.0,0.0,0.0,0.0,0.0,1.0,0.0,0.0,0.0,0.0,0.0,0.0,0.0,64.0,0.0,0.0,0.0,0.0,0.0,0.0,2.0,0.0,0.0,0.0,251.0,-1.0,0.0,32.0,0.0,0.0,0.0,0.0,0.0,0.0,0.0,0.0,Normal
8080.0,6386.0,3.0,4.0,111.0,220.0,111.0,0.0,37.0,64.08588,185.0,0.0,55.0,88.223206,51832.133,1096.1478,1064.3334,1749.182,4590.0,72.0,1413.0,706.5,832.2647,1295.0,118.0,5548.0,1849.3334,2408.13,4590.0,72.0,0.0,0.0,0.0,0.0,104.0,136.0,469.77765,626.3702,0.0,185.0,41.375,69.77093,4867.982,0.0,0.0,0.0,1.0,0.0,0.0,0.0,0.0,1.0,47.285713,37.0,55.0,104.0,0.0,0.0,0.0,0.0,0.0,0.0,3.0,111.0,4.0,220.0,64240.0,255.0,1.0,32.0,0.0,0.0,0.0,0.0,0.0,0.0,0.0,0.0,Normal
8080.0,195.0,2.0,0.0,0.0,0.0,0.0,0.0,0.0,0.0,0.0,0.0,0.0,0.0,0.0,10256.41,195.0,0.0,195.0,195.0,195.0,195.0,0.0,195.0,195.0,0.0,0.0,0.0,0.0,0.0,0.0,0.0,0.0,0.0,64.0,0.0,10256.41,0.0,0.0,0.0,0.0,0.0,0.0,0.0,0.0,0.0,0.0,1.0,0.0,0.0,0.0,0.0,0.0,0.0,0.0,64.0,0.0,0.0,0.0,0.0,0.0,0.0,2.0,0.0,0.0,0.0,251.0,-1.0,0.0,32.0,0.0,0.0,0.0,0.0,0.0,0.0,0.0,0.0,Normal
8080.0,3597.0,3.0,4.0,111.0,220.0,111.0,0.0,37.0,64.08588,185.0,0.0,55.0,88.223206,92021.125,1946.0662,599.5,599.94025,1751.0,116.0,1142.0,571.0,643.46716,1026.0,116.0,3040.0,1013.3333,820.2587,1751.0,130.0,0.0,0.0,0.0,0.0,104.0,136.0,834.0284,1112.0378,0.0,185.0,41.375,69.77093,4867.982,0.0,0.0,0.0,1.0,0.0,0.0,0.0,0.0,1.0,47.285713,37.0,55.0,104.0,0.0,0.0,0.0,0.0,0.0,0.0,3.0,111.0,4.0,220.0,64240.0,255.0,1.0,32.0,0.0,0.0,0.0,0.0,0.0,0.0,0.0,0.0,Normal
8080.0,187.0,2.0,0.0,0.0,0.0,0.0,0.0,0.0,0.0,0.0,0.0,0.0,0.0,0.0,10695.1875,187.0,0.0,187.0,187.0,187.0,187.0,0.0,187.0,187.0,0.0,0.0,0.0,0.0,0.0,0.0,0.0,0.0,0.0,64.0,0.0,10695.1875,0.0,0.0,0.0,0.0,0.0,0.0,0.0,0.0,0.0,0.0,1.0,0.0,0.0,0.0,0.0,0.0,0.0,0.0,64.0,0.0,0.0,0.0,0.0,0.0,0.0,2.0,0.0,0.0,0.0,251.0,-1.0,0.0,32.0,0.0,0.0,0.0,0.0,0.0,0.0,0.0,0.0,Normal
8080.0,4899.0,4.0,4.0,111.0,220.0,111.0,0.0,27.75,55.5,185.0,0.0,55.0,88.223206,67564.81,1632.9863,699.8571,637.9614,1912.0,11.0,4888.0,1629.3334,1674.9807,3359.0,15.0,4078.0,1359.3334,548.05963,1912.0,816.0,0.0,0.0,0.0,0.0,136.0,136.0,816.49316,816.49316,0.0,185.0,36.77778,66.70603,4449.6943,0.0,0.0,0.0,1.0,0.0,0.0,0.0,0.0,1.0,41.375,27.75,55.0,136.0,0.0,0.0,0.0,0.0,0.0,0.0,4.0,111.0,4.0,220.0,64240.0,255.0,1.0,32.0,0.0,0.0,0.0,0.0,0.0,0.0,0.0,0.0,Normal
8080.0,4874.0,3.0,4.0,111.0,220.0,111.0,0.0,37.0,64.08588,185.0,0.0,55.0,88.223206,67911.37,1436.192,812.3333,1432.3015,3718.0,0.0,929.0,464.5,475.88287,801.0,128.0,4426.0,1475.3334,1974.204,3718.0,0.0,0.0,0.0,0.0,0.0,104.0,136.0,615.51086,820.68115,0.0,185.0,41.375,69.77093,4867.982,0.0,0.0,0.0,1.0,0.0,0.0,0.0,0.0,1.0,47.285713,37.0,55.0,104.0,0.0,0.0,0.0,0.0,0.0,0.0,3.0,111.0,4.0,220.0,64240.0,255.0,1.0,32.0,0.0,0.0,0.0,0.0,0.0,0.0,0.0,0.0,Normal
8080.0,122.0,2.0,0.0,0.0,0.0,0.0,0.0,0.0,0.0,0.0,0.0,0.0,0.0,0.0,16393.443,122.0,0.0,122.0,122.0,122.0,122.0,0.0,122.0,122.0,0.0,0.0,0.0,0.0,0.0,0.0,0.0,0.0,0.0,64.0,0.0,16393.443,0.0,0.0,0.0,0.0,0.0,0.0,0.0,0.0,0.0,0.0,1.0,0.0,0.0,0.0,0.0,0.0,0.0,0.0,64.0,0.0,0.0,0.0,0.0,0.0,0.0,2.0,0.0,0.0,0.0,251.0,-1.0,0.0,32.0,0.0,0.0,0.0,0.0,0.0,0.0,0.0,0.0,Normal
8080.0,6890.0,3.0,4.0,111.0,220.0,111.0,0.0,37.0,64.08588,185.0,0.0,55.0,88.223206,48040.637,1015.96515,1148.3334,1822.9949,4827.0,133.0,1566.0,783.0,793.3738,1344.0,222.0,5967.0,1989.0,2496.3276,4827.0,133.0,0.0,0.0,0.0,0.0,104.0,136.0,435.41364,580.5515,0.0,185.0,41.375,69.77093,4867.982,0.0,0.0,0.0,1.0,0.0,0.0,0.0,0.0,1.0,47.285713,37.0,55.0,104.0,0.0,0.0,0.0,0.0,0.0,0.0,3.0,111.0,4.0,220.0,64240.0,255.0,1.0,32.0,0.0,0.0,0.0,0.0,0.0,0.0,0.0,0.0,Normal
8080.0,217.0,2.0,0.0,0.0,0.0,0.0,0.0,0.0,0.0,0.0,0.0,0.0,0.0,0.0,9216.59,217.0,0.0,217.0,217.0,217.0,217.0,0.0,217.0,217.0,0.0,0.0,0.0,0.0,0.0,0.0,0.0,0.0,0.0,64.0,0.0,9216.59,0.0,0.0,0.0,0.0,0.0,0.0,0.0,0.0,0.0,0.0,1.0,0.0,0.0,0.0,0.0,0.0,0.0,0.0,64.0,0.0,0.0,0.0,0.0,0.0,0.0,2.0,0.0,0.0,0.0,251.0,-1.0,0.0,32.0,0.0,0.0,0.0,0.0,0.0,0.0,0.0,0.0,Normal
8080.0,5209.0,3.0,4.0,111.0,220.0,111.0,0.0,37.0,64.08588,185.0,0.0,55.0,88.223206,63543.867,1343.828,868.1667,1392.1407,3685.0,90.0,1129.0,564.5,639.93164,1017.0,112.0,4665.0,1555.0,1887.505,3685.0,90.0,0.0,0.0,0.0,0.0,104.0,136.0,575.9263,767.90173,0.0,185.0,41.375,69.77093,4867.982,0.0,0.0,0.0,1.0,0.0,0.0,0.0,0.0,1.0,47.285713,37.0,55.0,104.0,0.0,0.0,0.0,0.0,0.0,0.0,3.0,111.0,4.0,220.0,64240.0,255.0,1.0,32.0,0.0,0.0,0.0,0.0,0.0,0.0,0.0,0.0,Normal
8080.0,135.0,2.0,0.0,0.0,0.0,0.0,0.0,0.0,0.0,0.0,0.0,0.0,0.0,0.0,14814.814,135.0,0.0,135.0,135.0,135.0,135.0,0.0,135.0,135.0,0.0,0.0,0.0,0.0,0.0,0.0,0.0,0.0,0.0,64.0,0.0,14814.814,0.0,0.0,0.0,0.0,0.0,0.0,0.0,0.0,0.0,0.0,1.0,0.0,0.0,0.0,0.0,0.0,0.0,0.0,64.0,0.0,0.0,0.0,0.0,0.0,0.0,2.0,0.0,0.0,0.0,251.0,-1.0,0.0,32.0,0.0,0.0,0.0,0.0,0.0,0.0,0.0,0.0,Normal
8080.0,2958.0,3.0,4.0,111.0,220.0,111.0,0.0,37.0,64.08588,185.0,0.0,55.0,88.223206,111899.93,2366.4639,493.0,429.81345,1299.0,125.0,1138.0,569.0,627.9108,1013.0,125.0,2387.0,795.6667,583.5686,1299.0,156.0,0.0,0.0,0.0,0.0,104.0,136.0,1014.1988,1352.265,0.0,185.0,41.375,69.77093,4867.982,0.0,0.0,0.0,1.0,0.0,0.0,0.0,0.0,1.0,47.285713,37.0,55.0,104.0,0.0,0.0,0.0,0.0,0.0,0.0,3.0,111.0,4.0,220.0,64240.0,255.0,1.0,32.0,0.0,0.0,0.0,0.0,0.0,0.0,0.0,0.0,Normal
8080.0,540.0,2.0,0.0,0.0,0.0,0.0,0.0,0.0,0.0,0.0,0.0,0.0,0.0,0.0,3703.7036,540.0,0.0,540.0,540.0,540.0,540.0,0.0,540.0,540.0,0.0,0.0,0.0,0.0,0.0,0.0,0.0,0.0,0.0,64.0,0.0,3703.7036,0.0,0.0,0.0,0.0,0.0,0.0,0.0,0.0,0.0,0.0,1.0,0.0,0.0,0.0,0.0,0.0,0.0,0.0,64.0,0.0,0.0,0.0,0.0,0.0,0.0,2.0,0.0,0.0,0.0,251.0,-1.0,0.0,32.0,0.0,0.0,0.0,0.0,0.0,0.0,0.0,0.0,Normal
8080.0,2994.0,3.0,4.0,111.0,220.0,111.0,0.0,37.0,64.08588,185.0,0.0,55.0,88.223206,110554.445,2338.0093,499.0,340.60358,1058.0,13.0,1141.0,570.5,788.4241,1128.0,13.0,2417.0,805.6667,332.4219,1058.0,429.0,0.0,0.0,0.0,0.0,104.0,136.0,1002.004,1336.0054,0.0,185.0,41.375,69.77093,4867.982,0.0,0.0,0.0,1.0,0.0,0.0,0.0,0.0,1.0,47.285713,37.0,55.0,104.0,0.0,0.0,0.0,0.0,0.0,0.0,3.0,111.0,4.0,220.0,64240.0,255.0,1.0,32.0,0.0,0.0,0.0,0.0,0.0,0.0,0.0,0.0,Normal
8080.0,289.0,2.0,0.0,0.0,0.0,0.0,0.0,0.0,0.0,0.0,0.0,0.0,0.0,0.0,6920.415,289.0,0.0,289.0,289.0,289.0,289.0,0.0,289.0,289.0,0.0,0.0,0.0,0.0,0.0,0.0,0.0,0.0,0.0,64.0,0.0,6920.415,0.0,0.0,0.0,0.0,0.0,0.0,0.0,0.0,0.0,0.0,1.0,0.0,0.0,0.0,0.0,0.0,0.0,0.0,64.0,0.0,0.0,0.0,0.0,0.0,0.0,2.0,0.0,0.0,0.0,251.0,-1.0,0.0,32.0,0.0,0.0,0.0,0.0,0.0,0.0,0.0,0.0,Normal
8080.0,3037.0,3.0,4.0,111.0,220.0,111.0,0.0,37.0,64.08588,185.0,0.0,55.0,88.223206,108989.13,2304.9062,506.16666,451.1822,1300.0,1.0,1313.0,656.5,686.6007,1142.0,171.0,2515.0,838.3333,726.4257,1300.0,1.0,0.0,0.0,0.0,0.0,104.0,136.0,987.8169,1317.0892,0.0,185.0,41.375,69.77093,4867.982,0.0,0.0,0.0,1.0,0.0,0.0,0.0,0.0,1.0,47.285713,37.0,55.0,104.0,0.0,0.0,0.0,0.0,0.0,0.0,3.0,111.0,4.0,220.0,64240.0,255.0,1.0,32.0,0.0,0.0,0.0,0.0,0.0,0.0,0.0,0.0,Normal
8080.0,102.0,2.0,0.0,0.0,0.0,0.0,0.0,0.0,0.0,0.0,0.0,0.0,0.0,0.0,19607.844,102.0,0.0,102.0,102.0,102.0,102.0,0.0,102.0,102.0,0.0,0.0,0.0,0.0,0.0,0.0,0.0,0.0,0.0,64.0,0.0,19607.844,0.0,0.0,0.0,0.0,0.0,0.0,0.0,0.0,0.0,0.0,1.0,0.0,0.0,0.0,0.0,0.0,0.0,0.0,64.0,0.0,0.0,0.0,0.0,0.0,0.0,2.0,0.0,0.0,0.0,251.0,-1.0,0.0,32.0,0.0,0.0,0.0,0.0,0.0,0.0,0.0,0.0,Normal
8080.0,3761.0,3.0,4.0,111.0,220.0,111.0,0.0,37.0,64.08588,185.0,0.0,55.0,88.223206,88008.51,1861.2072,626.8333,584.4195,1632.0,17.0,1526.0,763.0,1055.0033,1509.0,17.0,2814.0,938.0,695.00214,1632.0,242.0,0.0,0.0,0.0,0.0,104.0,136.0,797.6602,1063.5469,0.0,185.0,41.375,69.77093,4867.982,0.0,0.0,0.0,1.0,0.0,0.0,0.0,0.0,1.0,47.285713,37.0,55.0,104.0,0.0,0.0,0.0,0.0,0.0,0.0,3.0,111.0,4.0,220.0,64240.0,255.0,1.0,32.0,0.0,0.0,0.0,0.0,0.0,0.0,0.0,0.0,Normal
8080.0,550.0,2.0,0.0,0.0,0.0,0.0,0.0,0.0,0.0,0.0,0.0,0.0,0.0,0.0,3636.3635,550.0,0.0,550.0,550.0,550.0,550.0,0.0,550.0,550.0,0.0,0.0,0.0,0.0,0.0,0.0,0.0,0.0,0.0,64.0,0.0,3636.3635,0.0,0.0,0.0,0.0,0.0,0.0,0.0,0.0,0.0,0.0,1.0,0.0,0.0,0.0,0.0,0.0,0.0,0.0,64.0,0.0,0.0,0.0,0.0,0.0,0.0,2.0,0.0,0.0,0.0,251.0,-1.0,0.0,32.0,0.0,0.0,0.0,0.0,0.0,0.0,0.0,0.0,Normal
8080.0,2525.0,3.0,4.0,111.0,220.0,111.0,0.0,37.0,64.08588,185.0,0.0,55.0,88.223206,131089.11,2772.2773,420.83334,397.5014,1040.0,0.0,1232.0,616.0,732.5626,1134.0,98.0,1793.0,597.6667,537.1185,1040.0,0.0,0.0,0.0,0.0,0.0,104.0,136.0,1188.1188,1584.1584,0.0,185.0,41.375,69.77093,4867.982,0.0,0.0,0.0,1.0,0.0,0.0,0.0,0.0,1.0,47.285713,37.0,55.0,104.0,0.0,0.0,0.0,0.0,0.0,0.0,3.0,111.0,4.0,220.0,64240.0,255.0,1.0,32.0,0.0,0.0,0.0,0.0,0.0,0.0,0.0,0.0,Normal
8080.0,723.0,2.0,0.0,0.0,0.0,0.0,0.0,0.0,0.0,0.0,0.0,0.0,0.0,0.0,2766.2517,723.0,0.0,723.0,723.0,723.0,723.0,0.0,723.0,723.0,0.0,0.0,0.0,0.0,0.0,0.0,0.0,0.0,0.0,64.0,0.0,2766.2517,0.0,0.0,0.0,0.0,0.0,0.0,0.0,0.0,0.0,0.0,1.0,0.0,0.0,0.0,0.0,0.0,0.0,0.0,64.0,0.0,0.0,0.0,0.0,0.0,0.0,2.0,0.0,0.0,0.0,251.0,-1.0,0.0,32.0,0.0,0.0,0.0,0.0,0.0,0.0,0.0,0.0,Normal
8080.0,4094.0,3.0,4.0,111.0,220.0,111.0,0.0,37.0,64.08588,185.0,0.0,55.0,88.223206,80850.02,1709.8192,682.3333,843.3411,2305.0,0.0,1292.0,646.0,704.2784,1144.0,148.0,3284.0,1094.6666,1156.845,2305.0,0.0,0.0,0.0,0.0,0.0,104.0,136.0,732.77966,977.03955,0.0,185.0,41.375,69.77093,4867.982,0.0,0.0,0.0,1.0,0.0,0.0,0.0,0.0,1.0,47.285713,37.0,55.0,104.0,0.0,0.0,0.0,0.0,0.0,0.0,3.0,111.0,4.0,220.0,64240.0,255.0,1.0,32.0,0.0,0.0,0.0,0.0,0.0,0.0,0.0,0.0,Normal
8080.0,230.0,2.0,0.0,0.0,0.0,0.0,0.0,0.0,0.0,0.0,0.0,0.0,0.0,0.0,8695.652,230.0,0.0,230.0,230.0,230.0,230.0,0.0,230.0,230.0,0.0,0.0,0.0,0.0,0.0,0.0,0.0,0.0,0.0,64.0,0.0,8695.652,0.0,0.0,0.0,0.0,0.0,0.0,0.0,0.0,0.0,0.0,1.0,0.0,0.0,0.0,0.0,0.0,0.0,0.0,64.0,0.0,0.0,0.0,0.0,0.0,0.0,2.0,0.0,0.0,0.0,251.0,-1.0,0.0,32.0,0.0,0.0,0.0,0.0,0.0,0.0,0.0,0.0,Normal
8080.0,4812.0,3.0,4.0,111.0,220.0,111.0,0.0,37.0,64.08588,185.0,0.0,55.0,88.223206,68786.37,1454.6965,802.0,1168.53,3153.0,103.0,1144.0,572.0,663.2662,1041.0,103.0,4136.0,1378.6666,1567.6748,3153.0,181.0,0.0,0.0,0.0,0.0,104.0,136.0,623.4414,831.2552,0.0,185.0,41.375,69.77093,4867.982,0.0,0.0,0.0,1.0,0.0,0.0,0.0,0.0,1.0,47.285713,37.0,55.0,104.0,0.0,0.0,0.0,0.0,0.0,0.0,3.0,111.0,4.0,220.0,64240.0,255.0,1.0,32.0,0.0,0.0,0.0,0.0,0.0,0.0,0.0,0.0,Normal
8080.0,117.0,2.0,0.0,0.0,0.0,0.0,0.0,0.0,0.0,0.0,0.0,0.0,0.0,0.0,17094.018,117.0,0.0,117.0,117.0,117.0,117.0,0.0,117.0,117.0,0.0,0.0,0.0,0.0,0.0,0.0,0.0,0.0,0.0,64.0,0.0,17094.018,0.0,0.0,0.0,0.0,0.0,0.0,0.0,0.0,0.0,0.0,1.0,0.0,0.0,0.0,0.0,0.0,0.0,0.0,64.0,0.0,0.0,0.0,0.0,0.0,0.0,2.0,0.0,0.0,0.0,251.0,-1.0,0.0,32.0,0.0,0.0,0.0,0.0,0.0,0.0,0.0,0.0,Normal
8080.0,3250.0,3.0,4.0,111.0,220.0,111.0,0.0,37.0,64.08588,185.0,0.0,55.0,88.223206,101846.16,2153.8462,541.6667,309.2854,1131.0,255.0,1330.0,665.0,579.8276,1075.0,255.0,2729.0,909.6667,492.80557,1253.0,345.0,0.0,0.0,0.0,0.0,104.0,136.0,923.0769,1230.7693,0.0,185.0,41.375,69.77093,4867.982,0.0,0.0,0.0,1.0,0.0,0.0,0.0,0.0,1.0,47.285713,37.0,55.0,104.0,0.0,0.0,0.0,0.0,0.0,0.0,3.0,111.0,4.0,220.0,64240.0,255.0,1.0,32.0,0.0,0.0,0.0,0.0,0.0,0.0,0.0,0.0,Normal
8080.0,246.0,2.0,0.0,0.0,0.0,0.0,0.0,0.0,0.0,0.0,0.0,0.0,0.0,0.0,8130.0815,246.0,0.0,246.0,246.0,246.0,246.0,0.0,246.0,246.0,0.0,0.0,0.0,0.0,0.0,0.0,0.0,0.0,0.0,64.0,0.0,8130.0815,0.0,0.0,0.0,0.0,0.0,0.0,0.0,0.0,0.0,0.0,1.0,0.0,0.0,0.0,0.0,0.0,0.0,0.0,64.0,0.0,0.0,0.0,0.0,0.0,0.0,2.0,0.0,0.0,0.0,251.0,-1.0,0.0,32.0,0.0,0.0,0.0,0.0,0.0,0.0,0.0,0.0,Normal
8080.0,3225.0,3.0,4.0,111.0,220.0,111.0,0.0,37.0,64.08588,185.0,0.0,55.0,88.223206,102635.66,2170.5427,537.5,591.8401,1680.0,1.0,1120.0,560.0,548.71484,948.0,172.0,2708.0,902.6667,846.3772,1680.0,1.0,0.0,0.0,0.0,0.0,104.0,136.0,930.23254,1240.31,0.0,185.0,41.375,69.77093,4867.982,0.0,0.0,0.0,1.0,0.0,0.0,0.0,0.0,1.0,47.285713,37.0,55.0,104.0,0.0,0.0,0.0,0.0,0.0,0.0,3.0,111.0,4.0,220.0,64240.0,255.0,1.0,32.0,0.0,0.0,0.0,0.0,0.0,0.0,0.0,0.0,Normal
8080.0,130.0,2.0,0.0,0.0,0.0,0.0,0.0,0.0,0.0,0.0,0.0,0.0,0.0,0.0,15384.615,130.0,0.0,130.0,130.0,130.0,130.0,0.0,130.0,130.0,0.0,0.0,0.0,0.0,0.0,0.0,0.0,0.0,0.0,64.0,0.0,15384.615,0.0,0.0,0.0,0.0,0.0,0.0,0.0,0.0,0.0,0.0,1.0,0.0,0.0,0.0,0.0,0.0,0.0,0.0,64.0,0.0,0.0,0.0,0.0,0.0,0.0,2.0,0.0,0.0,0.0,251.0,-1.0,0.0,32.0,0.0,0.0,0.0,0.0,0.0,0.0,0.0,0.0,Normal
8080.0,2883.0,3.0,4.0,111.0,220.0,111.0,0.0,37.0,64.08588,185.0,0.0,55.0,88.223206,114810.96,2428.0264,480.5,471.05997,1350.0,0.0,1083.0,541.5,518.30927,908.0,175.0,2545.0,848.3333,738.7546,1350.0,0.0,0.0,0.0,0.0,0.0,104.0,136.0,1040.5828,1387.4436,0.0,185.0,41.375,69.77093,4867.982,0.0,0.0,0.0,1.0,0.0,0.0,0.0,0.0,1.0,47.285713,37.0,55.0,104.0,0.0,0.0,0.0,0.0,0.0,0.0,3.0,111.0,4.0,220.0,64240.0,255.0,1.0,32.0,0.0,0.0,0.0,0.0,0.0,0.0,0.0,0.0,Normal
8080.0,113.0,2.0,0.0,0.0,0.0,0.0,0.0,0.0,0.0,0.0,0.0,0.0,0.0,0.0,17699.115,113.0,0.0,113.0,113.0,113.0,113.0,0.0,113.0,113.0,0.0,0.0,0.0,0.0,0.0,0.0,0.0,0.0,0.0,64.0,0.0,17699.115,0.0,0.0,0.0,0.0,0.0,0.0,0.0,0.0,0.0,0.0,1.0,0.0,0.0,0.0,0.0,0.0,0.0,0.0,64.0,0.0,0.0,0.0,0.0,0.0,0.0,2.0,0.0,0.0,0.0,251.0,-1.0,0.0,32.0,0.0,0.0,0.0,0.0,0.0,0.0,0.0,0.0,Normal
8080.0,3249.0,3.0,4.0,111.0,220.0,111.0,0.0,37.0,64.08588,185.0,0.0,55.0,88.223206,101877.5,2154.509,541.5,523.4328,1412.0,0.0,1357.0,678.5,927.01697,1334.0,23.0,2496.0,832.0,738.9614,1412.0,0.0,0.0,0.0,0.0,0.0,104.0,136.0,923.361,1231.1481,0.0,185.0,41.375,69.77093,4867.982,0.0,0.0,0.0,1.0,0.0,0.0,0.0,0.0,1.0,47.285713,37.0,55.0,104.0,0.0,0.0,0.0,0.0,0.0,0.0,3.0,111.0,4.0,220.0,64240.0,255.0,1.0,32.0,0.0,0.0,0.0,0.0,0.0,0.0,0.0,0.0,Normal
8080.0,639.0,2.0,0.0,0.0,0.0,0.0,0.0,0.0,0.0,0.0,0.0,0.0,0.0,0.0,3129.8904,639.0,0.0,639.0,639.0,639.0,639.0,0.0,639.0,639.0,0.0,0.0,0.0,0.0,0.0,0.0,0.0,0.0,0.0,64.0,0.0,3129.8904,0.0,0.0,0.0,0.0,0.0,0.0,0.0,0.0,0.0,0.0,1.0,0.0,0.0,0.0,0.0,0.0,0.0,0.0,64.0,0.0,0.0,0.0,0.0,0.0,0.0,2.0,0.0,0.0,0.0,251.0,-1.0,0.0,32.0,0.0,0.0,0.0,0.0,0.0,0.0,0.0,0.0,Normal
8080.0,3086.0,3.0,4.0,111.0,220.0,111.0,0.0,37.0,64.08588,185.0,0.0,55.0,88.223206,107258.586,2268.3086,514.3333,413.0456,1129.0,26.0,1447.0,723.5,986.41394,1421.0,26.0,2461.0,820.3333,552.9126,1150.0,182.0,0.0,0.0,0.0,0.0,104.0,136.0,972.1322,1296.1763,0.0,185.0,41.375,69.77093,4867.982,0.0,0.0,0.0,1.0,0.0,0.0,0.0,0.0,1.0,47.285713,37.0,55.0,104.0,0.0,0.0,0.0,0.0,0.0,0.0,3.0,111.0,4.0,220.0,64240.0,255.0,1.0,32.0,0.0,0.0,0.0,0.0,0.0,0.0,0.0,0.0,Normal
8080.0,181.0,2.0,0.0,0.0,0.0,0.0,0.0,0.0,0.0,0.0,0.0,0.0,0.0,0.0,11049.724,181.0,0.0,181.0,181.0,181.0,181.0,0.0,181.0,181.0,0.0,0.0,0.0,0.0,0.0,0.0,0.0,0.0,0.0,64.0,0.0,11049.724,0.0,0.0,0.0,0.0,0.0,0.0,0.0,0.0,0.0,0.0,1.0,0.0,0.0,0.0,0.0,0.0,0.0,0.0,64.0,0.0,0.0,0.0,0.0,0.0,0.0,2.0,0.0,0.0,0.0,251.0,-1.0,0.0,32.0,0.0,0.0,0.0,0.0,0.0,0.0,0.0,0.0,Normal
8080.0,3647.0,3.0,4.0,111.0,220.0,111.0,0.0,37.0,64.08588,185.0,0.0,55.0,88.223206,90759.53,1919.3857,607.8333,568.0086,1747.0,286.0,1278.0,639.0,499.21738,992.0,286.0,3078.0,1026.0,718.0188,1747.0,311.0,0.0,0.0,0.0,0.0,104.0,136.0,822.59393,1096.7919,0.0,185.0,41.375,69.77093,4867.982,0.0,0.0,0.0,1.0,0.0,0.0,0.0,0.0,1.0,47.285713,37.0,55.0,104.0,0.0,0.0,0.0,0.0,0.0,0.0,3.0,111.0,4.0,220.0,64240.0,255.0,1.0,32.0,0.0,0.0,0.0,0.0,0.0,0.0,0.0,0.0,Normal
8080.0,346.0,2.0,0.0,0.0,0.0,0.0,0.0,0.0,0.0,0.0,0.0,0.0,0.0,0.0,5780.3467,346.0,0.0,346.0,346.0,346.0,346.0,0.0,346.0,346.0,0.0,0.0,0.0,0.0,0.0,0.0,0.0,0.0,0.0,64.0,0.0,5780.3467,0.0,0.0,0.0,0.0,0.0,0.0,0.0,0.0,0.0,0.0,1.0,0.0,0.0,0.0,0.0,0.0,0.0,0.0,64.0,0.0,0.0,0.0,0.0,0.0,0.0,2.0,0.0,0.0,0.0,251.0,-1.0,0.0,32.0,0.0,0.0,0.0,0.0,0.0,0.0,0.0,0.0,Normal
8080.0,3228.0,3.0,4.0,111.0,220.0,111.0,0.0,37.0,64.08588,185.0,0.0,55.0,88.223206,102540.27,2168.5254,538.0,361.98618,1180.0,170.0,1369.0,684.5,727.61285,1199.0,170.0,2606.0,868.6667,545.31854,1187.0,239.0,0.0,0.0,0.0,0.0,104.0,136.0,929.36804,1239.1573,0.0,185.0,41.375,69.77093,4867.982,0.0,0.0,0.0,1.0,0.0,0.0,0.0,0.0,1.0,47.285713,37.0,55.0,104.0,0.0,0.0,0.0,0.0,0.0,0.0,3.0,111.0,4.0,220.0,64240.0,255.0,1.0,32.0,0.0,0.0,0.0,0.0,0.0,0.0,0.0,0.0,Normal
8080.0,249.0,2.0,0.0,0.0,0.0,0.0,0.0,0.0,0.0,0.0,0.0,0.0,0.0,0.0,8032.1284,249.0,0.0,249.0,249.0,249.0,249.0,0.0,249.0,249.0,0.0,0.0,0.0,0.0,0.0,0.0,0.0,0.0,0.0,64.0,0.0,8032.1284,0.0,0.0,0.0,0.0,0.0,0.0,0.0,0.0,0.0,0.0,1.0,0.0,0.0,0.0,0.0,0.0,0.0,0.0,64.0,0.0,0.0,0.0,0.0,0.0,0.0,2.0,0.0,0.0,0.0,251.0,-1.0,0.0,32.0,0.0,0.0,0.0,0.0,0.0,0.0,0.0,0.0,Normal
8080.0,3883.0,3.0,4.0,111.0,220.0,111.0,0.0,37.0,64.08588,185.0,0.0,55.0,88.223206,85243.37,1802.7299,647.1667,422.58228,1313.0,0.0,1885.0,942.5,618.71844,1380.0,505.0,3141.0,1047.0,942.5831,1828.0,0.0,0.0,0.0,0.0,0.0,104.0,136.0,772.5985,1030.1313,0.0,185.0,41.375,69.77093,4867.982,0.0,0.0,0.0,1.0,0.0,0.0,0.0,0.0,1.0,47.285713,37.0,55.0,104.0,0.0,0.0,0.0,0.0,0.0,0.0,3.0,111.0,4.0,220.0,64240.0,255.0,1.0,32.0,0.0,0.0,0.0,0.0,0.0,0.0,0.0,0.0,Normal
8080.0,178.0,2.0,0.0,0.0,0.0,0.0,0.0,0.0,0.0,0.0,0.0,0.0,0.0,0.0,11235.955,178.0,0.0,178.0,178.0,178.0,178.0,0.0,178.0,178.0,0.0,0.0,0.0,0.0,0.0,0.0,0.0,0.0,0.0,64.0,0.0,11235.955,0.0,0.0,0.0,0.0,0.0,0.0,0.0,0.0,0.0,0.0,1.0,0.0,0.0,0.0,0.0,0.0,0.0,0.0,64.0,0.0,0.0,0.0,0.0,0.0,0.0,2.0,0.0,0.0,0.0,251.0,-1.0,0.0,32.0,0.0,0.0,0.0,0.0,0.0,0.0,0.0,0.0,Normal
8080.0,4073.0,3.0,4.0,111.0,220.0,111.0,0.0,37.0,64.08588,185.0,0.0,55.0,88.223206,81266.88,1718.6349,678.8333,967.8255,2611.0,0.0,1100.0,550.0,612.3545,983.0,117.0,3542.0,1180.6666,1323.2839,2611.0,0.0,0.0,0.0,0.0,0.0,104.0,136.0,736.5578,982.0771,0.0,185.0,41.375,69.77093,4867.982,0.0,0.0,0.0,1.0,0.0,0.0,0.0,0.0,1.0,47.285713,37.0,55.0,104.0,0.0,0.0,0.0,0.0,0.0,0.0,3.0,111.0,4.0,220.0,64240.0,255.0,1.0,32.0,0.0,0.0,0.0,0.0,0.0,0.0,0.0,0.0,Normal
8080.0,153.0,2.0,0.0,0.0,0.0,0.0,0.0,0.0,0.0,0.0,0.0,0.0,0.0,0.0,13071.8955,153.0,0.0,153.0,153.0,153.0,153.0,0.0,153.0,153.0,0.0,0.0,0.0,0.0,0.0,0.0,0.0,0.0,0.0,64.0,0.0,13071.8955,0.0,0.0,0.0,0.0,0.0,0.0,0.0,0.0,0.0,0.0,1.0,0.0,0.0,0.0,0.0,0.0,0.0,0.0,64.0,0.0,0.0,0.0,0.0,0.0,0.0,2.0,0.0,0.0,0.0,251.0,-1.0,0.0,32.0,0.0,0.0,0.0,0.0,0.0,0.0,0.0,0.0,Normal
8080.0,2640.0,3.0,4.0,111.0,220.0,111.0,0.0,37.0,64.08588,185.0,0.0,55.0,88.223206,125378.79,2651.5151,440.0,479.0044,1340.0,0.0,1013.0,506.5,562.1499,904.0,109.0,2116.0,705.3333,672.78925,1340.0,0.0,0.0,0.0,0.0,0.0,104.0,136.0,1136.3636,1515.1515,0.0,185.0,41.375,69.77093,4867.982,0.0,0.0,0.0,1.0,0.0,0.0,0.0,0.0,1.0,47.285713,37.0,55.0,104.0,0.0,0.0,0.0,0.0,0.0,0.0,3.0,111.0,4.0,220.0,64240.0,255.0,1.0,32.0,0.0,0.0,0.0,0.0,0.0,0.0,0.0,0.0,Normal
8080.0,10.0,2.0,0.0,0.0,0.0,0.0,0.0,0.0,0.0,0.0,0.0,0.0,0.0,0.0,200000.0,10.0,0.0,10.0,10.0,10.0,10.0,0.0,10.0,10.0,0.0,0.0,0.0,0.0,0.0,0.0,0.0,0.0,0.0,64.0,0.0,200000.0,0.0,0.0,0.0,0.0,0.0,0.0,0.0,0.0,0.0,0.0,1.0,0.0,0.0,0.0,0.0,0.0,0.0,0.0,64.0,0.0,0.0,0.0,0.0,0.0,0.0,2.0,0.0,0.0,0.0,251.0,-1.0,0.0,32.0,0.0,0.0,0.0,0.0,0.0,0.0,0.0,0.0,Normal
8080.0,3446.0,3.0,4.0,111.0,220.0,111.0,0.0,37.0,64.08588,185.0,0.0,55.0,88.223206,96053.4,2031.3407,574.3333,495.0744,1230.0,1.0,1693.0,846.5,1072.681,1605.0,88.0,2395.0,798.3333,691.299,1230.0,1.0,0.0,0.0,0.0,0.0,104.0,136.0,870.5746,1160.7661,0.0,185.0,41.375,69.77093,4867.982,0.0,0.0,0.0,1.0,0.0,0.0,0.0,0.0,1.0,47.285713,37.0,55.0,104.0,0.0,0.0,0.0,0.0,0.0,0.0,3.0,111.0,4.0,220.0,64240.0,255.0,1.0,32.0,0.0,0.0,0.0,0.0,0.0,0.0,0.0,0.0,Normal
8080.0,128.0,2.0,0.0,0.0,0.0,0.0,0.0,0.0,0.0,0.0,0.0,0.0,0.0,0.0,15625.0,128.0,0.0,128.0,128.0,128.0,128.0,0.0,128.0,128.0,0.0,0.0,0.0,0.0,0.0,0.0,0.0,0.0,0.0,64.0,0.0,15625.0,0.0,0.0,0.0,0.0,0.0,0.0,0.0,0.0,0.0,0.0,1.0,0.0,0.0,0.0,0.0,0.0,0.0,0.0,64.0,0.0,0.0,0.0,0.0,0.0,0.0,2.0,0.0,0.0,0.0,251.0,-1.0,0.0,32.0,0.0,0.0,0.0,0.0,0.0,0.0,0.0,0.0,Normal
8080.0,7843.0,3.0,4.0,111.0,220.0,111.0,0.0,37.0,64.08588,185.0,0.0,55.0,88.223206,42203.24,892.5156,1307.1666,2253.6506,5851.0,0.0,1635.0,817.5,939.74493,1482.0,153.0,6816.0,2272.0,3136.8354,5851.0,0.0,0.0,0.0,0.0,0.0,104.0,136.0,382.50668,510.0089,0.0,185.0,41.375,69.77093,4867.982,0.0,0.0,0.0,1.0,0.0,0.0,0.0,0.0,1.0,47.285713,37.0,55.0,104.0,0.0,0.0,0.0,0.0,0.0,0.0,3.0,111.0,4.0,220.0,64240.0,255.0,1.0,32.0,0.0,0.0,0.0,0.0,0.0,0.0,0.0,0.0,Normal
8080.0,12.0,2.0,0.0,0.0,0.0,0.0,0.0,0.0,0.0,0.0,0.0,0.0,0.0,0.0,166666.67,12.0,0.0,12.0,12.0,12.0,12.0,0.0,12.0,12.0,0.0,0.0,0.0,0.0,0.0,0.0,0.0,0.0,0.0,64.0,0.0,166666.67,0.0,0.0,0.0,0.0,0.0,0.0,0.0,0.0,0.0,0.0,1.0,0.0,0.0,0.0,0.0,0.0,0.0,0.0,64.0,0.0,0.0,0.0,0.0,0.0,0.0,2.0,0.0,0.0,0.0,251.0,-1.0,0.0,32.0,0.0,0.0,0.0,0.0,0.0,0.0,0.0,0.0,Normal
8080.0,3228.0,3.0,4.0,111.0,220.0,111.0,0.0,37.0,64.08588,185.0,0.0,55.0,88.223206,102540.27,2168.5254,538.0,494.34076,1479.0,165.0,1238.0,619.0,642.053,1073.0,165.0,2579.0,859.6667,653.30646,1479.0,177.0,0.0,0.0,0.0,0.0,104.0,136.0,929.36804,1239.1573,0.0,185.0,41.375,69.77093,4867.982,0.0,0.0,0.0,1.0,0.0,0.0,0.0,0.0,1.0,47.285713,37.0,55.0,104.0,0.0,0.0,0.0,0.0,0.0,0.0,3.0,111.0,4.0,220.0,64240.0,255.0,1.0,32.0,0.0,0.0,0.0,0.0,0.0,0.0,0.0,0.0,Normal
8080.0,170.0,2.0,0.0,0.0,0.0,0.0,0.0,0.0,0.0,0.0,0.0,0.0,0.0,0.0,11764.706,170.0,0.0,170.0,170.0,170.0,170.0,0.0,170.0,170.0,0.0,0.0,0.0,0.0,0.0,0.0,0.0,0.0,0.0,64.0,0.0,11764.706,0.0,0.0,0.0,0.0,0.0,0.0,0.0,0.0,0.0,0.0,1.0,0.0,0.0,0.0,0.0,0.0,0.0,0.0,64.0,0.0,0.0,0.0,0.0,0.0,0.0,2.0,0.0,0.0,0.0,251.0,-1.0,0.0,32.0,0.0,0.0,0.0,0.0,0.0,0.0,0.0,0.0,Normal
8080.0,3506.0,3.0,4.0,111.0,220.0,111.0,0.0,37.0,64.08588,185.0,0.0,55.0,88.223206,94409.586,1996.5773,584.3333,494.96774,1454.0,35.0,1349.0,674.5,904.3896,1314.0,35.0,2920.0,973.3333,665.313,1454.0,214.0,0.0,0.0,0.0,0.0,104.0,136.0,855.67596,1140.9014,0.0,185.0,41.375,69.77093,4867.982,0.0,0.0,0.0,1.0,0.0,0.0,0.0,0.0,1.0,47.285713,37.0,55.0,104.0,0.0,0.0,0.0,0.0,0.0,0.0,3.0,111.0,4.0,220.0,64240.0,255.0,1.0,32.0,0.0,0.0,0.0,0.0,0.0,0.0,0.0,0.0,Normal
8080.0,154.0,2.0,0.0,0.0,0.0,0.0,0.0,0.0,0.0,0.0,0.0,0.0,0.0,0.0,12987.013,154.0,0.0,154.0,154.0,154.0,154.0,0.0,154.0,154.0,0.0,0.0,0.0,0.0,0.0,0.0,0.0,0.0,0.0,64.0,0.0,12987.013,0.0,0.0,0.0,0.0,0.0,0.0,0.0,0.0,0.0,0.0,1.0,0.0,0.0,0.0,0.0,0.0,0.0,0.0,64.0,0.0,0.0,0.0,0.0,0.0,0.0,2.0,0.0,0.0,0.0,251.0,-1.0,0.0,32.0,0.0,0.0,0.0,0.0,0.0,0.0,0.0,0.0,Normal
8080.0,3981.0,3.0,4.0,111.0,220.0,111.0,0.0,37.0,64.08588,185.0,0.0,55.0,88.223206,83144.94,1758.3522,663.5,581.8257,1519.0,0.0,1285.0,642.5,645.5885,1099.0,186.0,3394.0,1131.3334,995.80133,1875.0,0.0,0.0,0.0,0.0,0.0,104.0,136.0,753.5795,1004.77264,0.0,185.0,41.375,69.77093,4867.982,0.0,0.0,0.0,1.0,0.0,0.0,0.0,0.0,1.0,47.285713,37.0,55.0,104.0,0.0,0.0,0.0,0.0,0.0,0.0,3.0,111.0,4.0,220.0,64240.0,255.0,1.0,32.0,0.0,0.0,0.0,0.0,0.0,0.0,0.0,0.0,Normal
8080.0,204.0,2.0,0.0,0.0,0.0,0.0,0.0,0.0,0.0,0.0,0.0,0.0,0.0,0.0,9803.922,204.0,0.0,204.0,204.0,204.0,204.0,0.0,204.0,204.0,0.0,0.0,0.0,0.0,0.0,0.0,0.0,0.0,0.0,64.0,0.0,9803.922,0.0,0.0,0.0,0.0,0.0,0.0,0.0,0.0,0.0,0.0,1.0,0.0,0.0,0.0,0.0,0.0,0.0,0.0,64.0,0.0,0.0,0.0,0.0,0.0,0.0,2.0,0.0,0.0,0.0,251.0,-1.0,0.0,32.0,0.0,0.0,0.0,0.0,0.0,0.0,0.0,0.0,Normal
8080.0,1683.0,3.0,4.0,111.0,220.0,111.0,0.0,37.0,64.08588,185.0,0.0,55.0,88.223206,196672.61,4159.2393,280.5,192.73064,489.0,0.0,823.0,411.5,446.1844,727.0,96.0,1258.0,419.33334,389.20474,769.0,0.0,0.0,0.0,0.0,0.0,104.0,136.0,1782.5312,2376.7083,0.0,185.0,41.375,69.77093,4867.982,0.0,0.0,0.0,1.0,0.0,0.0,0.0,0.0,1.0,47.285713,37.0,55.0,104.0,0.0,0.0,0.0,0.0,0.0,0.0,3.0,111.0,4.0,220.0,64240.0,255.0,1.0,32.0,0.0,0.0,0.0,0.0,0.0,0.0,0.0,0.0,Normal
8080.0,121.0,2.0,0.0,0.0,0.0,0.0,0.0,0.0,0.0,0.0,0.0,0.0,0.0,0.0,16528.926,121.0,0.0,121.0,121.0,121.0,121.0,0.0,121.0,121.0,0.0,0.0,0.0,0.0,0.0,0.0,0.0,0.0,0.0,64.0,0.0,16528.926,0.0,0.0,0.0,0.0,0.0,0.0,0.0,0.0,0.0,0.0,1.0,0.0,0.0,0.0,0.0,0.0,0.0,0.0,64.0,0.0,0.0,0.0,0.0,0.0,0.0,2.0,0.0,0.0,0.0,251.0,-1.0,0.0,32.0,0.0,0.0,0.0,0.0,0.0,0.0,0.0,0.0,Normal
8080.0,3521.0,3.0,4.0,111.0,220.0,111.0,0.0,37.0,64.08588,185.0,0.0,55.0,88.223206,94007.38,1988.0715,586.8333,468.8618,1141.0,0.0,1623.0,811.5,1120.7643,1604.0,19.0,2676.0,892.0,797.21826,1535.0,0.0,0.0,0.0,0.0,0.0,104.0,136.0,852.0307,1136.0409,0.0,185.0,41.375,69.77093,4867.982,0.0,0.0,0.0,1.0,0.0,0.0,0.0,0.0,1.0,47.285713,37.0,55.0,104.0,0.0,0.0,0.0,0.0,0.0,0.0,3.0,111.0,4.0,220.0,64240.0,255.0,1.0,32.0,0.0,0.0,0.0,0.0,0.0,0.0,0.0,0.0,Normal
8080.0,225.0,2.0,0.0,0.0,0.0,0.0,0.0,0.0,0.0,0.0,0.0,0.0,0.0,0.0,8888.889,225.0,0.0,225.0,225.0,225.0,225.0,0.0,225.0,225.0,0.0,0.0,0.0,0.0,0.0,0.0,0.0,0.0,0.0,64.0,0.0,8888.889,0.0,0.0,0.0,0.0,0.0,0.0,0.0,0.0,0.0,0.0,1.0,0.0,0.0,0.0,0.0,0.0,0.0,0.0,64.0,0.0,0.0,0.0,0.0,0.0,0.0,2.0,0.0,0.0,0.0,251.0,-1.0,0.0,32.0,0.0,0.0,0.0,0.0,0.0,0.0,0.0,0.0,Normal
8080.0,2886.0,3.0,4.0,111.0,220.0,111.0,0.0,37.0,64.08588,185.0,0.0,55.0,88.223206,114691.62,2425.5024,481.0,459.12918,1236.0,0.0,1193.0,596.5,822.3652,1178.0,15.0,2221.0,740.3333,653.3149,1236.0,0.0,0.0,0.0,0.0,0.0,104.0,136.0,1039.5011,1386.0013,0.0,185.0,41.375,69.77093,4867.982,0.0,0.0,0.0,1.0,0.0,0.0,0.0,0.0,1.0,47.285713,37.0,55.0,104.0,0.0,0.0,0.0,0.0,0.0,0.0,3.0,111.0,4.0,220.0,64240.0,255.0,1.0,32.0,0.0,0.0,0.0,0.0,0.0,0.0,0.0,0.0,Normal
8080.0,501.0,2.0,0.0,0.0,0.0,0.0,0.0,0.0,0.0,0.0,0.0,0.0,0.0,0.0,3992.0159,501.0,0.0,501.0,501.0,501.0,501.0,0.0,501.0,501.0,0.0,0.0,0.0,0.0,0.0,0.0,0.0,0.0,0.0,64.0,0.0,3992.0159,0.0,0.0,0.0,0.0,0.0,0.0,0.0,0.0,0.0,0.0,1.0,0.0,0.0,0.0,0.0,0.0,0.0,0.0,64.0,0.0,0.0,0.0,0.0,0.0,0.0,2.0,0.0,0.0,0.0,251.0,-1.0,0.0,32.0,0.0,0.0,0.0,0.0,0.0,0.0,0.0,0.0,Normal
8080.0,3428.0,3.0,4.0,111.0,220.0,111.0,0.0,37.0,64.08588,185.0,0.0,55.0,88.223206,96557.76,2042.007,571.3333,776.9295,2102.0,1.0,987.0,493.5,608.8189,924.0,63.0,2885.0,961.6667,1061.9606,2102.0,1.0,0.0,0.0,0.0,0.0,104.0,136.0,875.1459,1166.8611,0.0,185.0,41.375,69.77093,4867.982,0.0,0.0,0.0,1.0,0.0,0.0,0.0,0.0,1.0,47.285713,37.0,55.0,104.0,0.0,0.0,0.0,0.0,0.0,0.0,3.0,111.0,4.0,220.0,64240.0,255.0,1.0,32.0,0.0,0.0,0.0,0.0,0.0,0.0,0.0,0.0,Normal
8080.0,118.0,2.0,0.0,0.0,0.0,0.0,0.0,0.0,0.0,0.0,0.0,0.0,0.0,0.0,16949.152,118.0,0.0,118.0,118.0,118.0,118.0,0.0,118.0,118.0,0.0,0.0,0.0,0.0,0.0,0.0,0.0,0.0,0.0,64.0,0.0,16949.152,0.0,0.0,0.0,0.0,0.0,0.0,0.0,0.0,0.0,0.0,1.0,0.0,0.0,0.0,0.0,0.0,0.0,0.0,64.0,0.0,0.0,0.0,0.0,0.0,0.0,2.0,0.0,0.0,0.0,251.0,-1.0,0.0,32.0,0.0,0.0,0.0,0.0,0.0,0.0,0.0,0.0,Normal
8080.0,5449.0,3.0,4.0,111.0,220.0,111.0,0.0,37.0,64.08588,185.0,0.0,55.0,88.223206,60745.09,1284.6394,908.1667,456.4587,1264.0,20.0,1994.0,997.0,1381.6866,1974.0,20.0,4375.0,1458.3334,639.7064,2184.0,976.0,0.0,0.0,0.0,0.0,104.0,136.0,550.55975,734.07965,0.0,185.0,41.375,69.77093,4867.982,0.0,0.0,0.0,1.0,0.0,0.0,0.0,0.0,1.0,47.285713,37.0,55.0,104.0,0.0,0.0,0.0,0.0,0.0,0.0,3.0,111.0,4.0,220.0,64240.0,255.0,1.0,32.0,0.0,0.0,0.0,0.0,0.0,0.0,0.0,0.0,Normal
8080.0,1432.0,2.0,0.0,0.0,0.0,0.0,0.0,0.0,0.0,0.0,0.0,0.0,0.0,0.0,1396.6481,1432.0,0.0,1432.0,1432.0,1432.0,1432.0,0.0,1432.0,1432.0,0.0,0.0,0.0,0.0,0.0,0.0,0.0,0.0,0.0,64.0,0.0,1396.6481,0.0,0.0,0.0,0.0,0.0,0.0,0.0,0.0,0.0,0.0,1.0,0.0,0.0,0.0,0.0,0.0,0.0,0.0,64.0,0.0,0.0,0.0,0.0,0.0,0.0,2.0,0.0,0.0,0.0,251.0,-1.0,0.0,32.0,0.0,0.0,0.0,0.0,0.0,0.0,0.0,0.0,Normal
8080.0,2892.0,3.0,4.0,111.0,220.0,111.0,0.0,37.0,64.08588,185.0,0.0,55.0,88.223206,114453.664,2420.4702,482.0,422.8891,1207.0,1.0,1206.0,603.0,677.4083,1082.0,124.0,2319.0,773.0,670.2925,1207.0,1.0,0.0,0.0,0.0,0.0,104.0,136.0,1037.3444,1383.1259,0.0,185.0,41.375,69.77093,4867.982,0.0,0.0,0.0,1.0,0.0,0.0,0.0,0.0,1.0,47.285713,37.0,55.0,104.0,0.0,0.0,0.0,0.0,0.0,0.0,3.0,111.0,4.0,220.0,64240.0,255.0,1.0,32.0,0.0,0.0,0.0,0.0,0.0,0.0,0.0,0.0,Normal
8080.0,113.0,2.0,0.0,0.0,0.0,0.0,0.0,0.0,0.0,0.0,0.0,0.0,0.0,0.0,17699.115,113.0,0.0,113.0,113.0,113.0,113.0,0.0,113.0,113.0,0.0,0.0,0.0,0.0,0.0,0.0,0.0,0.0,0.0,64.0,0.0,17699.115,0.0,0.0,0.0,0.0,0.0,0.0,0.0,0.0,0.0,0.0,1.0,0.0,0.0,0.0,0.0,0.0,0.0,0.0,64.0,0.0,0.0,0.0,0.0,0.0,0.0,2.0,0.0,0.0,0.0,251.0,-1.0,0.0,32.0,0.0,0.0,0.0,0.0,0.0,0.0,0.0,0.0,Normal
8080.0,2495.0,3.0,4.0,111.0,220.0,111.0,0.0,37.0,64.08588,185.0,0.0,55.0,88.223206,132665.33,2805.6113,415.83334,357.13718,1029.0,0.0,1107.0,553.5,583.3631,966.0,141.0,1989.0,663.0,575.2104,1029.0,0.0,0.0,0.0,0.0,0.0,104.0,136.0,1202.4048,1603.2064,0.0,185.0,41.375,69.77093,4867.982,0.0,0.0,0.0,1.0,0.0,0.0,0.0,0.0,1.0,47.285713,37.0,55.0,104.0,0.0,0.0,0.0,0.0,0.0,0.0,3.0,111.0,4.0,220.0,64240.0,255.0,1.0,32.0,0.0,0.0,0.0,0.0,0.0,0.0,0.0,0.0,Normal
8080.0,94.0,2.0,0.0,0.0,0.0,0.0,0.0,0.0,0.0,0.0,0.0,0.0,0.0,0.0,21276.596,94.0,0.0,94.0,94.0,94.0,94.0,0.0,94.0,94.0,0.0,0.0,0.0,0.0,0.0,0.0,0.0,0.0,0.0,64.0,0.0,21276.596,0.0,0.0,0.0,0.0,0.0,0.0,0.0,0.0,0.0,0.0,1.0,0.0,0.0,0.0,0.0,0.0,0.0,0.0,64.0,0.0,0.0,0.0,0.0,0.0,0.0,2.0,0.0,0.0,0.0,251.0,-1.0,0.0,32.0,0.0,0.0,0.0,0.0,0.0,0.0,0.0,0.0,Normal
8080.0,2967.0,3.0,4.0,111.0,220.0,111.0,0.0,37.0,64.08588,185.0,0.0,55.0,88.223206,111560.5,2359.2854,494.5,484.81284,1323.0,0.0,1191.0,595.5,813.8799,1171.0,20.0,2402.0,800.6667,704.0485,1323.0,0.0,0.0,0.0,0.0,0.0,104.0,136.0,1011.1224,1348.1631,0.0,185.0,41.375,69.77093,4867.982,0.0,0.0,0.0,1.0,0.0,0.0,0.0,0.0,1.0,47.285713,37.0,55.0,104.0,0.0,0.0,0.0,0.0,0.0,0.0,3.0,111.0,4.0,220.0,64240.0,255.0,1.0,32.0,0.0,0.0,0.0,0.0,0.0,0.0,0.0,0.0,Normal
8080.0,130.0,2.0,0.0,0.0,0.0,0.0,0.0,0.0,0.0,0.0,0.0,0.0,0.0,0.0,15384.615,130.0,0.0,130.0,130.0,130.0,130.0,0.0,130.0,130.0,0.0,0.0,0.0,0.0,0.0,0.0,0.0,0.0,0.0,64.0,0.0,15384.615,0.0,0.0,0.0,0.0,0.0,0.0,0.0,0.0,0.0,0.0,1.0,0.0,0.0,0.0,0.0,0.0,0.0,0.0,64.0,0.0,0.0,0.0,0.0,0.0,0.0,2.0,0.0,0.0,0.0,251.0,-1.0,0.0,32.0,0.0,0.0,0.0,0.0,0.0,0.0,0.0,0.0,Normal
8080.0,3002.0,3.0,4.0,111.0,220.0,111.0,0.0,37.0,64.08588,185.0,0.0,55.0,88.223206,110259.83,2331.7788,500.33334,500.83838,1425.0,0.0,1162.0,581.0,636.3961,1031.0,131.0,2438.0,812.6667,733.3187,1425.0,0.0,0.0,0.0,0.0,0.0,104.0,136.0,999.3338,1332.4451,0.0,185.0,41.375,69.77093,4867.982,0.0,0.0,0.0,1.0,0.0,0.0,0.0,0.0,1.0,47.285713,37.0,55.0,104.0,0.0,0.0,0.0,0.0,0.0,0.0,3.0,111.0,4.0,220.0,64240.0,255.0,1.0,32.0,0.0,0.0,0.0,0.0,0.0,0.0,0.0,0.0,Normal
8080.0,104.0,2.0,0.0,0.0,0.0,0.0,0.0,0.0,0.0,0.0,0.0,0.0,0.0,0.0,19230.77,104.0,0.0,104.0,104.0,104.0,104.0,0.0,104.0,104.0,0.0,0.0,0.0,0.0,0.0,0.0,0.0,0.0,0.0,64.0,0.0,19230.77,0.0,0.0,0.0,0.0,0.0,0.0,0.0,0.0,0.0,0.0,1.0,0.0,0.0,0.0,0.0,0.0,0.0,0.0,64.0,0.0,0.0,0.0,0.0,0.0,0.0,2.0,0.0,0.0,0.0,251.0,-1.0,0.0,32.0,0.0,0.0,0.0,0.0,0.0,0.0,0.0,0.0,Normal
8080.0,2612.0,3.0,4.0,111.0,220.0,111.0,0.0,37.0,64.08588,185.0,0.0,55.0,88.223206,126722.82,2679.9387,435.33334,418.47086,1131.0,0.0,1100.0,550.0,753.7758,1083.0,17.0,2099.0,699.6667,611.38556,1131.0,0.0,0.0,0.0,0.0,0.0,104.0,136.0,1148.5452,1531.3936,0.0,185.0,41.375,69.77093,4867.982,0.0,0.0,0.0,1.0,0.0,0.0,0.0,0.0,1.0,47.285713,37.0,55.0,104.0,0.0,0.0,0.0,0.0,0.0,0.0,3.0,111.0,4.0,220.0,64240.0,255.0,1.0,32.0,0.0,0.0,0.0,0.0,0.0,0.0,0.0,0.0,Normal
8080.0,137.0,2.0,0.0,0.0,0.0,0.0,0.0,0.0,0.0,0.0,0.0,0.0,0.0,0.0,14598.54,137.0,0.0,137.0,137.0,137.0,137.0,0.0,137.0,137.0,0.0,0.0,0.0,0.0,0.0,0.0,0.0,0.0,0.0,64.0,0.0,14598.54,0.0,0.0,0.0,0.0,0.0,0.0,0.0,0.0,0.0,0.0,1.0,0.0,0.0,0.0,0.0,0.0,0.0,0.0,64.0,0.0,0.0,0.0,0.0,0.0,0.0,2.0,0.0,0.0,0.0,251.0,-1.0,0.0,32.0,0.0,0.0,0.0,0.0,0.0,0.0,0.0,0.0,Normal
8080.0,2866.0,3.0,4.0,111.0,220.0,111.0,0.0,37.0,64.08588,185.0,0.0,55.0,88.223206,115491.98,2442.4285,477.66666,299.42856,1031.0,149.0,1085.0,542.5,556.49304,936.0,149.0,2327.0,775.6667,323.40738,1031.0,412.0,0.0,0.0,0.0,0.0,104.0,136.0,1046.755,1395.6735,0.0,185.0,41.375,69.77093,4867.982,0.0,0.0,0.0,1.0,0.0,0.0,0.0,0.0,1.0,47.285713,37.0,55.0,104.0,0.0,0.0,0.0,0.0,0.0,0.0,3.0,111.0,4.0,220.0,64240.0,255.0,1.0,32.0,0.0,0.0,0.0,0.0,0.0,0.0,0.0,0.0,Normal
8080.0,309.0,2.0,0.0,0.0,0.0,0.0,0.0,0.0,0.0,0.0,0.0,0.0,0.0,0.0,6472.4917,309.0,0.0,309.0,309.0,309.0,309.0,0.0,309.0,309.0,0.0,0.0,0.0,0.0,0.0,0.0,0.0,0.0,0.0,64.0,0.0,6472.4917,0.0,0.0,0.0,0.0,0.0,0.0,0.0,0.0,0.0,0.0,1.0,0.0,0.0,0.0,0.0,0.0,0.0,0.0,64.0,0.0,0.0,0.0,0.0,0.0,0.0,2.0,0.0,0.0,0.0,251.0,-1.0,0.0,32.0,0.0,0.0,0.0,0.0,0.0,0.0,0.0,0.0,Normal
8080.0,3596.0,3.0,4.0,111.0,220.0,111.0,0.0,37.0,64.08588,185.0,0.0,55.0,88.223206,92046.72,1946.6073,599.3333,480.97263,1491.0,73.0,1290.0,645.0,808.9302,1217.0,73.0,2914.0,971.3333,543.93964,1491.0,406.0,0.0,0.0,0.0,0.0,104.0,136.0,834.2603,1112.347,0.0,185.0,41.375,69.77093,4867.982,0.0,0.0,0.0,1.0,0.0,0.0,0.0,0.0,1.0,47.285713,37.0,55.0,104.0,0.0,0.0,0.0,0.0,0.0,0.0,3.0,111.0,4.0,220.0,64240.0,255.0,1.0,32.0,0.0,0.0,0.0,0.0,0.0,0.0,0.0,0.0,Normal
8080.0,13.0,2.0,0.0,0.0,0.0,0.0,0.0,0.0,0.0,0.0,0.0,0.0,0.0,0.0,153846.16,13.0,0.0,13.0,13.0,13.0,13.0,0.0,13.0,13.0,0.0,0.0,0.0,0.0,0.0,0.0,0.0,0.0,0.0,64.0,0.0,153846.16,0.0,0.0,0.0,0.0,0.0,0.0,0.0,0.0,0.0,0.0,1.0,0.0,0.0,0.0,0.0,0.0,0.0,0.0,64.0,0.0,0.0,0.0,0.0,0.0,0.0,2.0,0.0,0.0,0.0,251.0,-1.0,0.0,32.0,0.0,0.0,0.0,0.0,0.0,0.0,0.0,0.0,Normal
8080.0,2818.0,3.0,4.0,111.0,220.0,111.0,0.0,37.0,64.08588,185.0,0.0,55.0,88.223206,117459.19,2484.0312,469.66666,324.06274,973.0,159.0,1372.0,686.0,745.2905,1213.0,159.0,2116.0,705.3333,469.6875,980.0,163.0,0.0,0.0,0.0,0.0,104.0,136.0,1064.5848,1419.4464,0.0,185.0,41.375,69.77093,4867.982,0.0,0.0,0.0,1.0,0.0,0.0,0.0,0.0,1.0,47.285713,37.0,55.0,104.0,0.0,0.0,0.0,0.0,0.0,0.0,3.0,111.0,4.0,220.0,64240.0,255.0,1.0,32.0,0.0,0.0,0.0,0.0,0.0,0.0,0.0,0.0,Normal
8080.0,72.0,2.0,0.0,0.0,0.0,0.0,0.0,0.0,0.0,0.0,0.0,0.0,0.0,0.0,27777.777,72.0,0.0,72.0,72.0,72.0,72.0,0.0,72.0,72.0,0.0,0.0,0.0,0.0,0.0,0.0,0.0,0.0,0.0,64.0,0.0,27777.777,0.0,0.0,0.0,0.0,0.0,0.0,0.0,0.0,0.0,0.0,1.0,0.0,0.0,0.0,0.0,0.0,0.0,0.0,64.0,0.0,0.0,0.0,0.0,0.0,0.0,2.0,0.0,0.0,0.0,251.0,-1.0,0.0,32.0,0.0,0.0,0.0,0.0,0.0,0.0,0.0,0.0,Normal
8080.0,5619.0,3.0,4.0,111.0,220.0,111.0,0.0,37.0,64.08588,185.0,0.0,55.0,88.223206,58907.277,1245.7733,936.5,1544.1302,4045.0,0.0,1139.0,569.5,784.1814,1124.0,15.0,5038.0,1679.3334,2108.0315,4045.0,0.0,0.0,0.0,0.0,0.0,104.0,136.0,533.90283,711.8704,0.0,185.0,41.375,69.77093,4867.982,0.0,0.0,0.0,1.0,0.0,0.0,0.0,0.0,1.0,47.285713,37.0,55.0,104.0,0.0,0.0,0.0,0.0,0.0,0.0,3.0,111.0,4.0,220.0,64240.0,255.0,1.0,32.0,0.0,0.0,0.0,0.0,0.0,0.0,0.0,0.0,Normal
8080.0,556.0,2.0,0.0,0.0,0.0,0.0,0.0,0.0,0.0,0.0,0.0,0.0,0.0,0.0,3597.1223,556.0,0.0,556.0,556.0,556.0,556.0,0.0,556.0,556.0,0.0,0.0,0.0,0.0,0.0,0.0,0.0,0.0,0.0,64.0,0.0,3597.1223,0.0,0.0,0.0,0.0,0.0,0.0,0.0,0.0,0.0,0.0,1.0,0.0,0.0,0.0,0.0,0.0,0.0,0.0,64.0,0.0,0.0,0.0,0.0,0.0,0.0,2.0,0.0,0.0,0.0,251.0,-1.0,0.0,32.0,0.0,0.0,0.0,0.0,0.0,0.0,0.0,0.0,Normal
8080.0,3226.0,3.0,4.0,111.0,220.0,111.0,0.0,37.0,64.08588,185.0,0.0,55.0,88.223206,102603.84,2169.8699,537.6667,557.86615,1636.0,144.0,1049.0,524.5,538.1083,905.0,144.0,2644.0,881.3333,710.22906,1636.0,226.0,0.0,0.0,0.0,0.0,104.0,136.0,929.9442,1239.9257,0.0,185.0,41.375,69.77093,4867.982,0.0,0.0,0.0,1.0,0.0,0.0,0.0,0.0,1.0,47.285713,37.0,55.0,104.0,0.0,0.0,0.0,0.0,0.0,0.0,3.0,111.0,4.0,220.0,64240.0,255.0,1.0,32.0,0.0,0.0,0.0,0.0,0.0,0.0,0.0,0.0,Normal
8080.0,105.0,2.0,0.0,0.0,0.0,0.0,0.0,0.0,0.0,0.0,0.0,0.0,0.0,0.0,19047.62,105.0,0.0,105.0,105.0,105.0,105.0,0.0,105.0,105.0,0.0,0.0,0.0,0.0,0.0,0.0,0.0,0.0,0.0,64.0,0.0,19047.62,0.0,0.0,0.0,0.0,0.0,0.0,0.0,0.0,0.0,0.0,1.0,0.0,0.0,0.0,0.0,0.0,0.0,0.0,64.0,0.0,0.0,0.0,0.0,0.0,0.0,2.0,0.0,0.0,0.0,251.0,-1.0,0.0,32.0,0.0,0.0,0.0,0.0,0.0,0.0,0.0,0.0,Normal
8080.0,5442.0,3.0,4.0,111.0,220.0,111.0,0.0,37.0,64.08588,185.0,0.0,55.0,88.223206,60823.227,1286.2917,907.0,1340.8141,3593.0,110.0,1401.0,700.5,770.0393,1245.0,156.0,4608.0,1536.0,1825.2241,3593.0,110.0,0.0,0.0,0.0,0.0,104.0,136.0,551.26794,735.02386,0.0,185.0,41.375,69.77093,4867.982,0.0,0.0,0.0,1.0,0.0,0.0,0.0,0.0,1.0,47.285713,37.0,55.0,104.0,0.0,0.0,0.0,0.0,0.0,0.0,3.0,111.0,4.0,220.0,64240.0,255.0,1.0,32.0,0.0,0.0,0.0,0.0,0.0,0.0,0.0,0.0,Normal
8080.0,191.0,2.0,0.0,0.0,0.0,0.0,0.0,0.0,0.0,0.0,0.0,0.0,0.0,0.0,10471.204,191.0,0.0,191.0,191.0,191.0,191.0,0.0,191.0,191.0,0.0,0.0,0.0,0.0,0.0,0.0,0.0,0.0,0.0,64.0,0.0,10471.204,0.0,0.0,0.0,0.0,0.0,0.0,0.0,0.0,0.0,0.0,1.0,0.0,0.0,0.0,0.0,0.0,0.0,0.0,64.0,0.0,0.0,0.0,0.0,0.0,0.0,2.0,0.0,0.0,0.0,251.0,-1.0,0.0,32.0,0.0,0.0,0.0,0.0,0.0,0.0,0.0,0.0,Normal
8080.0,3238.0,3.0,4.0,111.0,220.0,111.0,0.0,37.0,64.08588,185.0,0.0,55.0,88.223206,102223.59,2161.8284,539.6667,644.3225,1813.0,71.0,1019.0,509.5,538.1083,890.0,129.0,2737.0,912.3333,872.5144,1813.0,71.0,0.0,0.0,0.0,0.0,104.0,136.0,926.49786,1235.3304,0.0,185.0,41.375,69.77093,4867.982,0.0,0.0,0.0,1.0,0.0,0.0,0.0,0.0,1.0,47.285713,37.0,55.0,104.0,0.0,0.0,0.0,0.0,0.0,0.0,3.0,111.0,4.0,220.0,64240.0,255.0,1.0,32.0,0.0,0.0,0.0,0.0,0.0,0.0,0.0,0.0,Normal
8080.0,69.0,2.0,0.0,0.0,0.0,0.0,0.0,0.0,0.0,0.0,0.0,0.0,0.0,0.0,28985.508,69.0,0.0,69.0,69.0,69.0,69.0,0.0,69.0,69.0,0.0,0.0,0.0,0.0,0.0,0.0,0.0,0.0,0.0,64.0,0.0,28985.508,0.0,0.0,0.0,0.0,0.0,0.0,0.0,0.0,0.0,0.0,1.0,0.0,0.0,0.0,0.0,0.0,0.0,0.0,64.0,0.0,0.0,0.0,0.0,0.0,0.0,2.0,0.0,0.0,0.0,251.0,-1.0,0.0,32.0,0.0,0.0,0.0,0.0,0.0,0.0,0.0,0.0,Normal
8080.0,3902.0,3.0,4.0,111.0,220.0,111.0,0.0,37.0,64.08588,185.0,0.0,55.0,88.223206,84828.3,1793.9518,650.3333,581.6424,1801.0,248.0,1433.0,716.5,621.5469,1156.0,277.0,3287.0,1095.6666,786.22284,1801.0,248.0,0.0,0.0,0.0,0.0,104.0,136.0,768.8365,1025.1154,0.0,185.0,41.375,69.77093,4867.982,0.0,0.0,0.0,1.0,0.0,0.0,0.0,0.0,1.0,47.285713,37.0,55.0,104.0,0.0,0.0,0.0,0.0,0.0,0.0,3.0,111.0,4.0,220.0,64240.0,255.0,1.0,32.0,0.0,0.0,0.0,0.0,0.0,0.0,0.0,0.0,Normal
8080.0,301.0,2.0,0.0,0.0,0.0,0.0,0.0,0.0,0.0,0.0,0.0,0.0,0.0,0.0,6644.518,301.0,0.0,301.0,301.0,301.0,301.0,0.0,301.0,301.0,0.0,0.0,0.0,0.0,0.0,0.0,0.0,0.0,0.0,64.0,0.0,6644.518,0.0,0.0,0.0,0.0,0.0,0.0,0.0,0.0,0.0,0.0,1.0,0.0,0.0,0.0,0.0,0.0,0.0,0.0,64.0,0.0,0.0,0.0,0.0,0.0,0.0,2.0,0.0,0.0,0.0,251.0,-1.0,0.0,32.0,0.0,0.0,0.0,0.0,0.0,0.0,0.0,0.0,Normal
8080.0,3166.0,3.0,4.0,111.0,220.0,111.0,0.0,37.0,64.08588,185.0,0.0,55.0,88.223206,104548.33,2210.9917,527.6667,545.7416,1507.0,0.0,1257.0,628.5,811.05145,1202.0,55.0,2536.0,845.3333,770.1054,1507.0,0.0,0.0,0.0,0.0,0.0,104.0,136.0,947.56793,1263.4238,0.0,185.0,41.375,69.77093,4867.982,0.0,0.0,0.0,1.0,0.0,0.0,0.0,0.0,1.0,47.285713,37.0,55.0,104.0,0.0,0.0,0.0,0.0,0.0,0.0,3.0,111.0,4.0,220.0,64240.0,255.0,1.0,32.0,0.0,0.0,0.0,0.0,0.0,0.0,0.0,0.0,Normal
8080.0,138.0,2.0,0.0,0.0,0.0,0.0,0.0,0.0,0.0,0.0,0.0,0.0,0.0,0.0,14492.754,138.0,0.0,138.0,138.0,138.0,138.0,0.0,138.0,138.0,0.0,0.0,0.0,0.0,0.0,0.0,0.0,0.0,0.0,64.0,0.0,14492.754,0.0,0.0,0.0,0.0,0.0,0.0,0.0,0.0,0.0,0.0,1.0,0.0,0.0,0.0,0.0,0.0,0.0,0.0,64.0,0.0,0.0,0.0,0.0,0.0,0.0,2.0,0.0,0.0,0.0,251.0,-1.0,0.0,32.0,0.0,0.0,0.0,0.0,0.0,0.0,0.0,0.0,Normal
8080.0,2799.0,3.0,4.0,111.0,220.0,111.0,0.0,37.0,64.08588,185.0,0.0,55.0,88.223206,118256.52,2500.893,466.5,406.80942,1268.0,167.0,1020.0,510.0,485.07526,853.0,167.0,2335.0,778.3333,514.0237,1268.0,243.0,0.0,0.0,0.0,0.0,104.0,136.0,1071.8114,1429.0818,0.0,185.0,41.375,69.77093,4867.982,0.0,0.0,0.0,1.0,0.0,0.0,0.0,0.0,1.0,47.285713,37.0,55.0,104.0,0.0,0.0,0.0,0.0,0.0,0.0,3.0,111.0,4.0,220.0,64240.0,255.0,1.0,32.0,0.0,0.0,0.0,0.0,0.0,0.0,0.0,0.0,Normal
8080.0,343.0,2.0,0.0,0.0,0.0,0.0,0.0,0.0,0.0,0.0,0.0,0.0,0.0,0.0,5830.904,343.0,0.0,343.0,343.0,343.0,343.0,0.0,343.0,343.0,0.0,0.0,0.0,0.0,0.0,0.0,0.0,0.0,0.0,64.0,0.0,5830.904,0.0,0.0,0.0,0.0,0.0,0.0,0.0,0.0,0.0,0.0,1.0,0.0,0.0,0.0,0.0,0.0,0.0,0.0,64.0,0.0,0.0,0.0,0.0,0.0,0.0,2.0,0.0,0.0,0.0,251.0,-1.0,0.0,32.0,0.0,0.0,0.0,0.0,0.0,0.0,0.0,0.0,Normal
8080.0,289.0,1.0,1.0,0.0,0.0,0.0,0.0,0.0,0.0,0.0,0.0,0.0,0.0,0.0,6920.415,289.0,0.0,289.0,289.0,0.0,0.0,0.0,0.0,0.0,0.0,0.0,0.0,0.0,0.0,0.0,0.0,0.0,0.0,32.0,32.0,3460.2075,3460.2075,0.0,0.0,0.0,0.0,0.0,0.0,0.0,0.0,0.0,1.0,1.0,0.0,0.0,1.0,0.0,0.0,0.0,32.0,0.0,0.0,0.0,0.0,0.0,0.0,1.0,0.0,1.0,0.0,251.0,255.0,0.0,32.0,0.0,0.0,0.0,0.0,0.0,0.0,0.0,0.0,Normal
8080.0,291.0,1.0,1.0,0.0,0.0,0.0,0.0,0.0,0.0,0.0,0.0,0.0,0.0,0.0,6872.852,291.0,0.0,291.0,291.0,0.0,0.0,0.0,0.0,0.0,0.0,0.0,0.0,0.0,0.0,0.0,0.0,0.0,0.0,32.0,32.0,3436.426,3436.426,0.0,0.0,0.0,0.0,0.0,0.0,0.0,0.0,0.0,1.0,1.0,0.0,0.0,1.0,0.0,0.0,0.0,32.0,0.0,0.0,0.0,0.0,0.0,0.0,1.0,0.0,1.0,0.0,251.0,255.0,0.0,32.0,0.0,0.0,0.0,0.0,0.0,0.0,0.0,0.0,Normal
46544.0,457.0,2.0,1.0,35.0,0.0,35.0,0.0,17.5,24.748737,0.0,0.0,0.0,0.0,76586.43,6564.5513,228.5,154.85638,338.0,119.0,338.0,338.0,0.0,338.0,338.0,0.0,0.0,0.0,0.0,0.0,1.0,0.0,0.0,0.0,64.0,44.0,4376.3677,2188.1838,0.0,35.0,17.5,20.20726,408.33334,0.0,1.0,0.0,0.0,1.0,1.0,0.0,0.0,0.0,23.333334,17.5,0.0,64.0,0.0,0.0,0.0,0.0,0.0,0.0,2.0,35.0,1.0,0.0,255.0,251.0,0.0,32.0,0.0,0.0,0.0,0.0,0.0,0.0,0.0,0.0,Normal
8080.0,5800.0,3.0,4.0,111.0,220.0,111.0,0.0,37.0,64.08588,185.0,0.0,55.0,88.223206,57068.965,1206.8966,966.6667,1529.8198,4023.0,138.0,1390.0,695.0,787.717,1252.0,138.0,4824.0,1608.0,2104.2246,4023.0,169.0,0.0,0.0,0.0,0.0,104.0,136.0,517.2414,689.65515,0.0,185.0,41.375,69.77093,4867.982,0.0,0.0,0.0,1.0,0.0,0.0,0.0,0.0,1.0,47.285713,37.0,55.0,104.0,0.0,0.0,0.0,0.0,0.0,0.0,3.0,111.0,4.0,220.0,64240.0,255.0,1.0,32.0,0.0,0.0,0.0,0.0,0.0,0.0,0.0,0.0,Normal
8080.0,201.0,2.0,0.0,0.0,0.0,0.0,0.0,0.0,0.0,0.0,0.0,0.0,0.0,0.0,9950.249,201.0,0.0,201.0,201.0,201.0,201.0,0.0,201.0,201.0,0.0,0.0,0.0,0.0,0.0,0.0,0.0,0.0,0.0,64.0,0.0,9950.249,0.0,0.0,0.0,0.0,0.0,0.0,0.0,0.0,0.0,0.0,1.0,0.0,0.0,0.0,0.0,0.0,0.0,0.0,64.0,0.0,0.0,0.0,0.0,0.0,0.0,2.0,0.0,0.0,0.0,251.0,-1.0,0.0,32.0,0.0,0.0,0.0,0.0,0.0,0.0,0.0,0.0,Normal
8080.0,5656.0,3.0,4.0,111.0,220.0,111.0,0.0,37.0,64.08588,185.0,0.0,55.0,88.223206,58521.92,1237.6238,942.6667,1440.7496,3859.0,153.0,1332.0,666.0,663.2662,1135.0,197.0,5002.0,1667.3334,1943.6292,3859.0,153.0,0.0,0.0,0.0,0.0,104.0,136.0,530.41016,707.21356,0.0,185.0,41.375,69.77093,4867.982,0.0,0.0,0.0,1.0,0.0,0.0,0.0,0.0,1.0,47.285713,37.0,55.0,104.0,0.0,0.0,0.0,0.0,0.0,0.0,3.0,111.0,4.0,220.0,64240.0,255.0,1.0,32.0,0.0,0.0,0.0,0.0,0.0,0.0,0.0,0.0,Normal
8080.0,117.0,2.0,0.0,0.0,0.0,0.0,0.0,0.0,0.0,0.0,0.0,0.0,0.0,0.0,17094.018,117.0,0.0,117.0,117.0,117.0,117.0,0.0,117.0,117.0,0.0,0.0,0.0,0.0,0.0,0.0,0.0,0.0,0.0,64.0,0.0,17094.018,0.0,0.0,0.0,0.0,0.0,0.0,0.0,0.0,0.0,0.0,1.0,0.0,0.0,0.0,0.0,0.0,0.0,0.0,64.0,0.0,0.0,0.0,0.0,0.0,0.0,2.0,0.0,0.0,0.0,251.0,-1.0,0.0,32.0,0.0,0.0,0.0,0.0,0.0,0.0,0.0,0.0,Normal
8080.0,3529.0,3.0,4.0,111.0,220.0,111.0,0.0,37.0,64.08588,185.0,0.0,55.0,88.223206,93794.27,1983.5647,588.1667,635.23016,1798.0,0.0,1362.0,681.0,677.4083,1160.0,202.0,2876.0,958.6667,904.9206,1798.0,0.0,0.0,0.0,0.0,0.0,104.0,136.0,850.0992,1133.4656,0.0,185.0,41.375,69.77093,4867.982,0.0,0.0,0.0,1.0,0.0,0.0,0.0,0.0,1.0,47.285713,37.0,55.0,104.0,0.0,0.0,0.0,0.0,0.0,0.0,3.0,111.0,4.0,220.0,64240.0,255.0,1.0,32.0,0.0,0.0,0.0,0.0,0.0,0.0,0.0,0.0,Normal
8080.0,220.0,2.0,0.0,0.0,0.0,0.0,0.0,0.0,0.0,0.0,0.0,0.0,0.0,0.0,9090.909,220.0,0.0,220.0,220.0,220.0,220.0,0.0,220.0,220.0,0.0,0.0,0.0,0.0,0.0,0.0,0.0,0.0,0.0,64.0,0.0,9090.909,0.0,0.0,0.0,0.0,0.0,0.0,0.0,0.0,0.0,0.0,1.0,0.0,0.0,0.0,0.0,0.0,0.0,0.0,64.0,0.0,0.0,0.0,0.0,0.0,0.0,2.0,0.0,0.0,0.0,251.0,-1.0,0.0,32.0,0.0,0.0,0.0,0.0,0.0,0.0,0.0,0.0,Normal
8080.0,4261.0,3.0,4.0,111.0,220.0,111.0,0.0,37.0,64.08588,185.0,0.0,55.0,88.223206,77681.3,1642.8069,710.1667,604.709,1577.0,21.0,2351.0,1175.5,1632.7096,2330.0,21.0,2684.0,894.6667,596.41626,1243.0,206.0,0.0,0.0,0.0,0.0,104.0,136.0,704.06006,938.74677,0.0,185.0,41.375,69.77093,4867.982,0.0,0.0,0.0,1.0,0.0,0.0,0.0,0.0,1.0,47.285713,37.0,55.0,104.0,0.0,0.0,0.0,0.0,0.0,0.0,3.0,111.0,4.0,220.0,64240.0,255.0,1.0,32.0,0.0,0.0,0.0,0.0,0.0,0.0,0.0,0.0,Normal
8080.0,180.0,2.0,0.0,0.0,0.0,0.0,0.0,0.0,0.0,0.0,0.0,0.0,0.0,0.0,11111.111,180.0,0.0,180.0,180.0,180.0,180.0,0.0,180.0,180.0,0.0,0.0,0.0,0.0,0.0,0.0,0.0,0.0,0.0,64.0,0.0,11111.111,0.0,0.0,0.0,0.0,0.0,0.0,0.0,0.0,0.0,0.0,1.0,0.0,0.0,0.0,0.0,0.0,0.0,0.0,64.0,0.0,0.0,0.0,0.0,0.0,0.0,2.0,0.0,0.0,0.0,251.0,-1.0,0.0,32.0,0.0,0.0,0.0,0.0,0.0,0.0,0.0,0.0,Normal
8080.0,2910.0,3.0,4.0,111.0,220.0,111.0,0.0,37.0,64.08588,185.0,0.0,55.0,88.223206,113745.7,2405.4983,485.0,483.2635,1397.0,0.0,1158.0,579.0,526.08746,951.0,207.0,2378.0,792.6667,717.28955,1397.0,0.0,0.0,0.0,0.0,0.0,104.0,136.0,1030.9279,1374.5704,0.0,185.0,41.375,69.77093,4867.982,0.0,0.0,0.0,1.0,0.0,0.0,0.0,0.0,1.0,47.285713,37.0,55.0,104.0,0.0,0.0,0.0,0.0,0.0,0.0,3.0,111.0,4.0,220.0,64240.0,255.0,1.0,32.0,0.0,0.0,0.0,0.0,0.0,0.0,0.0,0.0,Normal
8080.0,204.0,2.0,0.0,0.0,0.0,0.0,0.0,0.0,0.0,0.0,0.0,0.0,0.0,0.0,9803.922,204.0,0.0,204.0,204.0,204.0,204.0,0.0,204.0,204.0,0.0,0.0,0.0,0.0,0.0,0.0,0.0,0.0,0.0,64.0,0.0,9803.922,0.0,0.0,0.0,0.0,0.0,0.0,0.0,0.0,0.0,0.0,1.0,0.0,0.0,0.0,0.0,0.0,0.0,0.0,64.0,0.0,0.0,0.0,0.0,0.0,0.0,2.0,0.0,0.0,0.0,251.0,-1.0,0.0,32.0,0.0,0.0,0.0,0.0,0.0,0.0,0.0,0.0,Normal
8080.0,3956.0,3.0,4.0,111.0,220.0,111.0,0.0,37.0,64.08588,185.0,0.0,55.0,88.223206,83670.375,1769.4641,659.3333,786.2642,2133.0,1.0,1137.0,568.5,789.83826,1127.0,10.0,3242.0,1080.6666,1066.2628,2133.0,1.0,0.0,0.0,0.0,0.0,104.0,136.0,758.34174,1011.1224,0.0,185.0,41.375,69.77093,4867.982,0.0,0.0,0.0,1.0,0.0,0.0,0.0,0.0,1.0,47.285713,37.0,55.0,104.0,0.0,0.0,0.0,0.0,0.0,0.0,3.0,111.0,4.0,220.0,64240.0,255.0,1.0,32.0,0.0,0.0,0.0,0.0,0.0,0.0,0.0,0.0,Normal
8080.0,16.0,2.0,0.0,0.0,0.0,0.0,0.0,0.0,0.0,0.0,0.0,0.0,0.0,0.0,125000.0,16.0,0.0,16.0,16.0,16.0,16.0,0.0,16.0,16.0,0.0,0.0,0.0,0.0,0.0,0.0,0.0,0.0,0.0,64.0,0.0,125000.0,0.0,0.0,0.0,0.0,0.0,0.0,0.0,0.0,0.0,0.0,1.0,0.0,0.0,0.0,0.0,0.0,0.0,0.0,64.0,0.0,0.0,0.0,0.0,0.0,0.0,2.0,0.0,0.0,0.0,251.0,-1.0,0.0,32.0,0.0,0.0,0.0,0.0,0.0,0.0,0.0,0.0,Normal
8080.0,11606.0,3.0,4.0,111.0,220.0,111.0,0.0,37.0,64.08588,185.0,0.0,55.0,88.223206,28519.73,603.1363,1934.3334,2414.043,6490.0,167.0,3649.0,1824.5,2344.059,3482.0,167.0,8871.0,2957.0,3060.1355,6490.0,1137.0,0.0,0.0,0.0,0.0,104.0,136.0,258.487,344.64932,0.0,185.0,41.375,69.77093,4867.982,0.0,0.0,0.0,1.0,0.0,0.0,0.0,0.0,1.0,47.285713,37.0,55.0,104.0,0.0,0.0,0.0,0.0,0.0,0.0,3.0,111.0,4.0,220.0,64240.0,255.0,1.0,32.0,0.0,0.0,0.0,0.0,0.0,0.0,0.0,0.0,Normal
8080.0,404.0,2.0,0.0,0.0,0.0,0.0,0.0,0.0,0.0,0.0,0.0,0.0,0.0,0.0,4950.495,404.0,0.0,404.0,404.0,404.0,404.0,0.0,404.0,404.0,0.0,0.0,0.0,0.0,0.0,0.0,0.0,0.0,0.0,64.0,0.0,4950.495,0.0,0.0,0.0,0.0,0.0,0.0,0.0,0.0,0.0,0.0,1.0,0.0,0.0,0.0,0.0,0.0,0.0,0.0,64.0,0.0,0.0,0.0,0.0,0.0,0.0,2.0,0.0,0.0,0.0,251.0,-1.0,0.0,32.0,0.0,0.0,0.0,0.0,0.0,0.0,0.0,0.0,Normal
8080.0,2576.0,3.0,4.0,111.0,220.0,111.0,0.0,37.0,64.08588,185.0,0.0,55.0,88.223206,128493.79,2717.3914,429.33334,391.0896,1084.0,0.0,1183.0,591.5,700.7428,1087.0,96.0,2023.0,674.3333,588.4729,1084.0,0.0,0.0,0.0,0.0,0.0,104.0,136.0,1164.5963,1552.795,0.0,185.0,41.375,69.77093,4867.982,0.0,0.0,0.0,1.0,0.0,0.0,0.0,0.0,1.0,47.285713,37.0,55.0,104.0,0.0,0.0,0.0,0.0,0.0,0.0,3.0,111.0,4.0,220.0,64240.0,255.0,1.0,32.0,0.0,0.0,0.0,0.0,0.0,0.0,0.0,0.0,Normal
8080.0,156.0,2.0,0.0,0.0,0.0,0.0,0.0,0.0,0.0,0.0,0.0,0.0,0.0,0.0,12820.513,156.0,0.0,156.0,156.0,156.0,156.0,0.0,156.0,156.0,0.0,0.0,0.0,0.0,0.0,0.0,0.0,0.0,0.0,64.0,0.0,12820.513,0.0,0.0,0.0,0.0,0.0,0.0,0.0,0.0,0.0,0.0,1.0,0.0,0.0,0.0,0.0,0.0,0.0,0.0,64.0,0.0,0.0,0.0,0.0,0.0,0.0,2.0,0.0,0.0,0.0,251.0,-1.0,0.0,32.0,0.0,0.0,0.0,0.0,0.0,0.0,0.0,0.0,Normal
8080.0,2806.0,3.0,4.0,111.0,220.0,111.0,0.0,37.0,64.08588,185.0,0.0,55.0,88.223206,117961.51,2494.6543,467.66666,490.30588,1379.0,1.0,1131.0,565.5,601.74786,991.0,140.0,2224.0,741.3333,694.71313,1379.0,1.0,0.0,0.0,0.0,0.0,104.0,136.0,1069.1376,1425.5167,0.0,185.0,41.375,69.77093,4867.982,0.0,0.0,0.0,1.0,0.0,0.0,0.0,0.0,1.0,47.285713,37.0,55.0,104.0,0.0,0.0,0.0,0.0,0.0,0.0,3.0,111.0,4.0,220.0,64240.0,255.0,1.0,32.0,0.0,0.0,0.0,0.0,0.0,0.0,0.0,0.0,Normal
8080.0,166.0,2.0,0.0,0.0,0.0,0.0,0.0,0.0,0.0,0.0,0.0,0.0,0.0,0.0,12048.192,166.0,0.0,166.0,166.0,166.0,166.0,0.0,166.0,166.0,0.0,0.0,0.0,0.0,0.0,0.0,0.0,0.0,0.0,64.0,0.0,12048.192,0.0,0.0,0.0,0.0,0.0,0.0,0.0,0.0,0.0,0.0,1.0,0.0,0.0,0.0,0.0,0.0,0.0,0.0,64.0,0.0,0.0,0.0,0.0,0.0,0.0,2.0,0.0,0.0,0.0,251.0,-1.0,0.0,32.0,0.0,0.0,0.0,0.0,0.0,0.0,0.0,0.0,Normal
8080.0,6137.0,3.0,4.0,111.0,220.0,111.0,0.0,37.0,64.08588,185.0,0.0,55.0,88.223206,53935.15,1140.6224,1022.8333,1622.2043,4302.0,136.0,1431.0,715.5,699.3286,1210.0,221.0,5364.0,1788.0,2212.7295,4302.0,136.0,0.0,0.0,0.0,0.0,104.0,136.0,488.8382,651.78424,0.0,185.0,41.375,69.77093,4867.982,0.0,0.0,0.0,1.0,0.0,0.0,0.0,0.0,1.0,47.285713,37.0,55.0,104.0,0.0,0.0,0.0,0.0,0.0,0.0,3.0,111.0,4.0,220.0,64240.0,255.0,1.0,32.0,0.0,0.0,0.0,0.0,0.0,0.0,0.0,0.0,Normal
8080.0,146.0,2.0,0.0,0.0,0.0,0.0,0.0,0.0,0.0,0.0,0.0,0.0,0.0,0.0,13698.63,146.0,0.0,146.0,146.0,146.0,146.0,0.0,146.0,146.0,0.0,0.0,0.0,0.0,0.0,0.0,0.0,0.0,0.0,64.0,0.0,13698.63,0.0,0.0,0.0,0.0,0.0,0.0,0.0,0.0,0.0,0.0,1.0,0.0,0.0,0.0,0.0,0.0,0.0,0.0,64.0,0.0,0.0,0.0,0.0,0.0,0.0,2.0,0.0,0.0,0.0,251.0,-1.0,0.0,32.0,0.0,0.0,0.0,0.0,0.0,0.0,0.0,0.0,Normal
8080.0,8785.0,4.0,4.0,111.0,220.0,111.0,0.0,27.75,55.5,185.0,0.0,55.0,88.223206,37677.86,910.6431,1255.0,1244.4944,3690.0,22.0,8763.0,2921.0,2322.8281,5036.0,435.0,7083.0,2361.0,1347.3607,3690.0,996.0,0.0,0.0,0.0,0.0,136.0,136.0,455.32156,455.32156,0.0,185.0,36.77778,66.70603,4449.6943,0.0,0.0,0.0,1.0,0.0,0.0,0.0,0.0,1.0,41.375,27.75,55.0,136.0,0.0,0.0,0.0,0.0,0.0,0.0,4.0,111.0,4.0,220.0,64240.0,255.0,1.0,32.0,0.0,0.0,0.0,0.0,0.0,0.0,0.0,0.0,Normal
8080.0,3865.0,3.0,4.0,111.0,220.0,111.0,0.0,37.0,64.08588,185.0,0.0,55.0,88.223206,85640.36,1811.1255,644.1667,863.28314,2361.0,0.0,1202.0,601.0,533.1585,978.0,224.0,3271.0,1090.3334,1190.7856,2361.0,0.0,0.0,0.0,0.0,0.0,104.0,136.0,776.19666,1034.9288,0.0,185.0,41.375,69.77093,4867.982,0.0,0.0,0.0,1.0,0.0,0.0,0.0,0.0,1.0,47.285713,37.0,55.0,104.0,0.0,0.0,0.0,0.0,0.0,0.0,3.0,111.0,4.0,220.0,64240.0,255.0,1.0,32.0,0.0,0.0,0.0,0.0,0.0,0.0,0.0,0.0,Normal
8080.0,119.0,2.0,0.0,0.0,0.0,0.0,0.0,0.0,0.0,0.0,0.0,0.0,0.0,0.0,16806.723,119.0,0.0,119.0,119.0,119.0,119.0,0.0,119.0,119.0,0.0,0.0,0.0,0.0,0.0,0.0,0.0,0.0,0.0,64.0,0.0,16806.723,0.0,0.0,0.0,0.0,0.0,0.0,0.0,0.0,0.0,0.0,1.0,0.0,0.0,0.0,0.0,0.0,0.0,0.0,64.0,0.0,0.0,0.0,0.0,0.0,0.0,2.0,0.0,0.0,0.0,251.0,-1.0,0.0,32.0,0.0,0.0,0.0,0.0,0.0,0.0,0.0,0.0,Normal
8080.0,3640.0,3.0,4.0,111.0,220.0,111.0,0.0,37.0,64.08588,185.0,0.0,55.0,88.223206,90934.06,1923.0769,606.6667,670.79254,1762.0,0.0,842.0,421.0,439.8204,732.0,110.0,3282.0,1094.0,955.1272,1762.0,0.0,0.0,0.0,0.0,0.0,104.0,136.0,824.17584,1098.9011,0.0,185.0,41.375,69.77093,4867.982,0.0,0.0,0.0,1.0,0.0,0.0,0.0,0.0,1.0,47.285713,37.0,55.0,104.0,0.0,0.0,0.0,0.0,0.0,0.0,3.0,111.0,4.0,220.0,64240.0,255.0,1.0,32.0,0.0,0.0,0.0,0.0,0.0,0.0,0.0,0.0,Normal
8080.0,214.0,2.0,0.0,0.0,0.0,0.0,0.0,0.0,0.0,0.0,0.0,0.0,0.0,0.0,9345.794,214.0,0.0,214.0,214.0,214.0,214.0,0.0,214.0,214.0,0.0,0.0,0.0,0.0,0.0,0.0,0.0,0.0,0.0,64.0,0.0,9345.794,0.0,0.0,0.0,0.0,0.0,0.0,0.0,0.0,0.0,0.0,1.0,0.0,0.0,0.0,0.0,0.0,0.0,0.0,64.0,0.0,0.0,0.0,0.0,0.0,0.0,2.0,0.0,0.0,0.0,251.0,-1.0,0.0,32.0,0.0,0.0,0.0,0.0,0.0,0.0,0.0,0.0,Normal
8080.0,7370.0,3.0,4.0,111.0,220.0,111.0,0.0,37.0,64.08588,185.0,0.0,55.0,88.223206,44911.805,949.79645,1228.3334,2017.5691,5287.0,0.0,1430.0,715.0,985.70685,1412.0,18.0,6542.0,2180.6667,2762.3787,5287.0,0.0,0.0,0.0,0.0,0.0,104.0,136.0,407.05563,542.74084,0.0,185.0,41.375,69.77093,4867.982,0.0,0.0,0.0,1.0,0.0,0.0,0.0,0.0,1.0,47.285713,37.0,55.0,104.0,0.0,0.0,0.0,0.0,0.0,0.0,3.0,111.0,4.0,220.0,64240.0,255.0,1.0,32.0,0.0,0.0,0.0,0.0,0.0,0.0,0.0,0.0,Normal
8080.0,251.0,2.0,0.0,0.0,0.0,0.0,0.0,0.0,0.0,0.0,0.0,0.0,0.0,0.0,7968.1274,251.0,0.0,251.0,251.0,251.0,251.0,0.0,251.0,251.0,0.0,0.0,0.0,0.0,0.0,0.0,0.0,0.0,0.0,64.0,0.0,7968.1274,0.0,0.0,0.0,0.0,0.0,0.0,0.0,0.0,0.0,0.0,1.0,0.0,0.0,0.0,0.0,0.0,0.0,0.0,64.0,0.0,0.0,0.0,0.0,0.0,0.0,2.0,0.0,0.0,0.0,251.0,-1.0,0.0,32.0,0.0,0.0,0.0,0.0,0.0,0.0,0.0,0.0,Normal
8080.0,9199.0,3.0,4.0,111.0,220.0,111.0,0.0,37.0,64.08588,185.0,0.0,55.0,88.223206,35982.17,760.9523,1533.1666,2859.5286,7358.0,126.0,1250.0,625.0,705.69257,1124.0,126.0,8566.0,2855.3333,3919.5808,7358.0,207.0,0.0,0.0,0.0,0.0,104.0,136.0,326.1224,434.82986,0.0,185.0,41.375,69.77093,4867.982,0.0,0.0,0.0,1.0,0.0,0.0,0.0,0.0,1.0,47.285713,37.0,55.0,104.0,0.0,0.0,0.0,0.0,0.0,0.0,3.0,111.0,4.0,220.0,64240.0,255.0,1.0,32.0,0.0,0.0,0.0,0.0,0.0,0.0,0.0,0.0,Normal
8080.0,251.0,2.0,0.0,0.0,0.0,0.0,0.0,0.0,0.0,0.0,0.0,0.0,0.0,0.0,7968.1274,251.0,0.0,251.0,251.0,251.0,251.0,0.0,251.0,251.0,0.0,0.0,0.0,0.0,0.0,0.0,0.0,0.0,0.0,64.0,0.0,7968.1274,0.0,0.0,0.0,0.0,0.0,0.0,0.0,0.0,0.0,0.0,1.0,0.0,0.0,0.0,0.0,0.0,0.0,0.0,64.0,0.0,0.0,0.0,0.0,0.0,0.0,2.0,0.0,0.0,0.0,251.0,-1.0,0.0,32.0,0.0,0.0,0.0,0.0,0.0,0.0,0.0,0.0,Normal
8080.0,3363.0,3.0,4.0,111.0,220.0,111.0,0.0,37.0,64.08588,185.0,0.0,55.0,88.223206,98424.02,2081.4749,560.5,630.421,1759.0,0.0,1204.0,602.0,677.4083,1081.0,123.0,2726.0,908.6667,880.9497,1759.0,0.0,0.0,0.0,0.0,0.0,104.0,136.0,892.06067,1189.4142,0.0,185.0,41.375,69.77093,4867.982,0.0,0.0,0.0,1.0,0.0,0.0,0.0,0.0,1.0,47.285713,37.0,55.0,104.0,0.0,0.0,0.0,0.0,0.0,0.0,3.0,111.0,4.0,220.0,64240.0,255.0,1.0,32.0,0.0,0.0,0.0,0.0,0.0,0.0,0.0,0.0,Normal
8080.0,139.0,2.0,0.0,0.0,0.0,0.0,0.0,0.0,0.0,0.0,0.0,0.0,0.0,0.0,14388.489,139.0,0.0,139.0,139.0,139.0,139.0,0.0,139.0,139.0,0.0,0.0,0.0,0.0,0.0,0.0,0.0,0.0,0.0,64.0,0.0,14388.489,0.0,0.0,0.0,0.0,0.0,0.0,0.0,0.0,0.0,0.0,1.0,0.0,0.0,0.0,0.0,0.0,0.0,0.0,64.0,0.0,0.0,0.0,0.0,0.0,0.0,2.0,0.0,0.0,0.0,251.0,-1.0,0.0,32.0,0.0,0.0,0.0,0.0,0.0,0.0,0.0,0.0,Normal
8080.0,4174.0,3.0,4.0,111.0,220.0,111.0,0.0,37.0,64.08588,185.0,0.0,55.0,88.223206,79300.43,1677.0483,695.6667,776.88727,2046.0,0.0,1780.0,890.0,1118.643,1681.0,99.0,3024.0,1008.0,1023.32983,2046.0,0.0,0.0,0.0,0.0,0.0,104.0,136.0,718.73505,958.31335,0.0,185.0,41.375,69.77093,4867.982,0.0,0.0,0.0,1.0,0.0,0.0,0.0,0.0,1.0,47.285713,37.0,55.0,104.0,0.0,0.0,0.0,0.0,0.0,0.0,3.0,111.0,4.0,220.0,64240.0,255.0,1.0,32.0,0.0,0.0,0.0,0.0,0.0,0.0,0.0,0.0,Normal
8080.0,127.0,2.0,0.0,0.0,0.0,0.0,0.0,0.0,0.0,0.0,0.0,0.0,0.0,0.0,15748.031,127.0,0.0,127.0,127.0,127.0,127.0,0.0,127.0,127.0,0.0,0.0,0.0,0.0,0.0,0.0,0.0,0.0,0.0,64.0,0.0,15748.031,0.0,0.0,0.0,0.0,0.0,0.0,0.0,0.0,0.0,0.0,1.0,0.0,0.0,0.0,0.0,0.0,0.0,0.0,64.0,0.0,0.0,0.0,0.0,0.0,0.0,2.0,0.0,0.0,0.0,251.0,-1.0,0.0,32.0,0.0,0.0,0.0,0.0,0.0,0.0,0.0,0.0,Normal
8080.0,2828.0,3.0,4.0,111.0,220.0,111.0,0.0,37.0,64.08588,185.0,0.0,55.0,88.223206,117043.84,2475.2476,471.33334,413.52567,1197.0,0.0,1239.0,619.5,628.6179,1064.0,175.0,2247.0,749.0,652.80396,1197.0,0.0,0.0,0.0,0.0,0.0,104.0,136.0,1060.8203,1414.4271,0.0,185.0,41.375,69.77093,4867.982,0.0,0.0,0.0,1.0,0.0,0.0,0.0,0.0,1.0,47.285713,37.0,55.0,104.0,0.0,0.0,0.0,0.0,0.0,0.0,3.0,111.0,4.0,220.0,64240.0,255.0,1.0,32.0,0.0,0.0,0.0,0.0,0.0,0.0,0.0,0.0,Normal
8080.0,186.0,2.0,0.0,0.0,0.0,0.0,0.0,0.0,0.0,0.0,0.0,0.0,0.0,0.0,10752.688,186.0,0.0,186.0,186.0,186.0,186.0,0.0,186.0,186.0,0.0,0.0,0.0,0.0,0.0,0.0,0.0,0.0,0.0,64.0,0.0,10752.688,0.0,0.0,0.0,0.0,0.0,0.0,0.0,0.0,0.0,0.0,1.0,0.0,0.0,0.0,0.0,0.0,0.0,0.0,64.0,0.0,0.0,0.0,0.0,0.0,0.0,2.0,0.0,0.0,0.0,251.0,-1.0,0.0,32.0,0.0,0.0,0.0,0.0,0.0,0.0,0.0,0.0,Normal
8080.0,2907.0,3.0,4.0,111.0,220.0,111.0,0.0,37.0,64.08588,185.0,0.0,55.0,88.223206,113863.086,2407.9807,484.5,529.09686,1514.0,67.0,1049.0,524.5,535.27985,903.0,146.0,2402.0,800.6667,723.71423,1514.0,67.0,0.0,0.0,0.0,0.0,104.0,136.0,1031.9917,1375.989,0.0,185.0,41.375,69.77093,4867.982,0.0,0.0,0.0,1.0,0.0,0.0,0.0,0.0,1.0,47.285713,37.0,55.0,104.0,0.0,0.0,0.0,0.0,0.0,0.0,3.0,111.0,4.0,220.0,64240.0,255.0,1.0,32.0,0.0,0.0,0.0,0.0,0.0,0.0,0.0,0.0,Normal
8080.0,117.0,2.0,0.0,0.0,0.0,0.0,0.0,0.0,0.0,0.0,0.0,0.0,0.0,0.0,17094.018,117.0,0.0,117.0,117.0,117.0,117.0,0.0,117.0,117.0,0.0,0.0,0.0,0.0,0.0,0.0,0.0,0.0,0.0,64.0,0.0,17094.018,0.0,0.0,0.0,0.0,0.0,0.0,0.0,0.0,0.0,0.0,1.0,0.0,0.0,0.0,0.0,0.0,0.0,0.0,64.0,0.0,0.0,0.0,0.0,0.0,0.0,2.0,0.0,0.0,0.0,251.0,-1.0,0.0,32.0,0.0,0.0,0.0,0.0,0.0,0.0,0.0,0.0,Normal
8080.0,3216.0,3.0,4.0,111.0,220.0,111.0,0.0,37.0,64.08588,185.0,0.0,55.0,88.223206,102922.88,2176.617,536.0,506.7891,1429.0,0.0,1448.0,724.0,782.0601,1277.0,171.0,2521.0,840.3333,747.00226,1429.0,0.0,0.0,0.0,0.0,0.0,104.0,136.0,932.8358,1243.7811,0.0,185.0,41.375,69.77093,4867.982,0.0,0.0,0.0,1.0,0.0,0.0,0.0,0.0,1.0,47.285713,37.0,55.0,104.0,0.0,0.0,0.0,0.0,0.0,0.0,3.0,111.0,4.0,220.0,64240.0,255.0,1.0,32.0,0.0,0.0,0.0,0.0,0.0,0.0,0.0,0.0,Normal
8080.0,79.0,2.0,0.0,0.0,0.0,0.0,0.0,0.0,0.0,0.0,0.0,0.0,0.0,0.0,25316.455,79.0,0.0,79.0,79.0,79.0,79.0,0.0,79.0,79.0,0.0,0.0,0.0,0.0,0.0,0.0,0.0,0.0,0.0,64.0,0.0,25316.455,0.0,0.0,0.0,0.0,0.0,0.0,0.0,0.0,0.0,0.0,1.0,0.0,0.0,0.0,0.0,0.0,0.0,0.0,64.0,0.0,0.0,0.0,0.0,0.0,0.0,2.0,0.0,0.0,0.0,251.0,-1.0,0.0,32.0,0.0,0.0,0.0,0.0,0.0,0.0,0.0,0.0,Normal
8080.0,3705.0,3.0,4.0,111.0,220.0,111.0,0.0,37.0,64.08588,185.0,0.0,55.0,88.223206,89338.734,1889.3387,617.5,754.0005,2051.0,1.0,1208.0,604.0,832.9718,1193.0,15.0,3025.0,1008.3333,1025.4567,2051.0,1.0,0.0,0.0,0.0,0.0,104.0,136.0,809.7166,1079.6222,0.0,185.0,41.375,69.77093,4867.982,0.0,0.0,0.0,1.0,0.0,0.0,0.0,0.0,1.0,47.285713,37.0,55.0,104.0,0.0,0.0,0.0,0.0,0.0,0.0,3.0,111.0,4.0,220.0,64240.0,255.0,1.0,32.0,0.0,0.0,0.0,0.0,0.0,0.0,0.0,0.0,Normal
8080.0,71.0,2.0,0.0,0.0,0.0,0.0,0.0,0.0,0.0,0.0,0.0,0.0,0.0,0.0,28169.014,71.0,0.0,71.0,71.0,71.0,71.0,0.0,71.0,71.0,0.0,0.0,0.0,0.0,0.0,0.0,0.0,0.0,0.0,64.0,0.0,28169.014,0.0,0.0,0.0,0.0,0.0,0.0,0.0,0.0,0.0,0.0,1.0,0.0,0.0,0.0,0.0,0.0,0.0,0.0,64.0,0.0,0.0,0.0,0.0,0.0,0.0,2.0,0.0,0.0,0.0,251.0,-1.0,0.0,32.0,0.0,0.0,0.0,0.0,0.0,0.0,0.0,0.0,Normal
8080.0,2734.0,3.0,4.0,111.0,220.0,111.0,0.0,37.0,64.08588,185.0,0.0,55.0,88.223206,121068.03,2560.351,455.66666,480.67398,1358.0,0.0,1080.0,540.0,572.7565,945.0,135.0,2214.0,738.0,686.6469,1358.0,0.0,0.0,0.0,0.0,0.0,104.0,136.0,1097.2933,1463.0577,0.0,185.0,41.375,69.77093,4867.982,0.0,0.0,0.0,1.0,0.0,0.0,0.0,0.0,1.0,47.285713,37.0,55.0,104.0,0.0,0.0,0.0,0.0,0.0,0.0,3.0,111.0,4.0,220.0,64240.0,255.0,1.0,32.0,0.0,0.0,0.0,0.0,0.0,0.0,0.0,0.0,Normal
8080.0,99.0,2.0,0.0,0.0,0.0,0.0,0.0,0.0,0.0,0.0,0.0,0.0,0.0,0.0,20202.02,99.0,0.0,99.0,99.0,99.0,99.0,0.0,99.0,99.0,0.0,0.0,0.0,0.0,0.0,0.0,0.0,0.0,0.0,64.0,0.0,20202.02,0.0,0.0,0.0,0.0,0.0,0.0,0.0,0.0,0.0,0.0,1.0,0.0,0.0,0.0,0.0,0.0,0.0,0.0,64.0,0.0,0.0,0.0,0.0,0.0,0.0,2.0,0.0,0.0,0.0,251.0,-1.0,0.0,32.0,0.0,0.0,0.0,0.0,0.0,0.0,0.0,0.0,Normal
8080.0,3532.0,3.0,4.0,111.0,220.0,111.0,0.0,37.0,64.08588,185.0,0.0,55.0,88.223206,93714.61,1981.88,588.6667,749.63184,2061.0,13.0,955.0,477.5,656.9022,942.0,13.0,3053.0,1017.6667,995.13684,2061.0,79.0,0.0,0.0,0.0,0.0,104.0,136.0,849.37714,1132.5028,0.0,185.0,41.375,69.77093,4867.982,0.0,0.0,0.0,1.0,0.0,0.0,0.0,0.0,1.0,47.285713,37.0,55.0,104.0,0.0,0.0,0.0,0.0,0.0,0.0,3.0,111.0,4.0,220.0,64240.0,255.0,1.0,32.0,0.0,0.0,0.0,0.0,0.0,0.0,0.0,0.0,Normal
8080.0,202.0,2.0,0.0,0.0,0.0,0.0,0.0,0.0,0.0,0.0,0.0,0.0,0.0,0.0,9900.99,202.0,0.0,202.0,202.0,202.0,202.0,0.0,202.0,202.0,0.0,0.0,0.0,0.0,0.0,0.0,0.0,0.0,0.0,64.0,0.0,9900.99,0.0,0.0,0.0,0.0,0.0,0.0,0.0,0.0,0.0,0.0,1.0,0.0,0.0,0.0,0.0,0.0,0.0,0.0,64.0,0.0,0.0,0.0,0.0,0.0,0.0,2.0,0.0,0.0,0.0,251.0,-1.0,0.0,32.0,0.0,0.0,0.0,0.0,0.0,0.0,0.0,0.0,Normal
8080.0,7471.0,3.0,4.0,111.0,220.0,111.0,0.0,37.0,64.08588,185.0,0.0,55.0,88.223206,44304.645,936.95624,1245.1666,2294.8735,5910.0,1.0,1235.0,617.5,625.7895,1060.0,175.0,6875.0,2291.6667,3170.3462,5910.0,1.0,0.0,0.0,0.0,0.0,104.0,136.0,401.55267,535.40356,0.0,185.0,41.375,69.77093,4867.982,0.0,0.0,0.0,1.0,0.0,0.0,0.0,0.0,1.0,47.285713,37.0,55.0,104.0,0.0,0.0,0.0,0.0,0.0,0.0,3.0,111.0,4.0,220.0,64240.0,255.0,1.0,32.0,0.0,0.0,0.0,0.0,0.0,0.0,0.0,0.0,Normal
8080.0,168.0,2.0,0.0,0.0,0.0,0.0,0.0,0.0,0.0,0.0,0.0,0.0,0.0,0.0,11904.762,168.0,0.0,168.0,168.0,168.0,168.0,0.0,168.0,168.0,0.0,0.0,0.0,0.0,0.0,0.0,0.0,0.0,0.0,64.0,0.0,11904.762,0.0,0.0,0.0,0.0,0.0,0.0,0.0,0.0,0.0,0.0,1.0,0.0,0.0,0.0,0.0,0.0,0.0,0.0,64.0,0.0,0.0,0.0,0.0,0.0,0.0,2.0,0.0,0.0,0.0,251.0,-1.0,0.0,32.0,0.0,0.0,0.0,0.0,0.0,0.0,0.0,0.0,Normal
8080.0,3730.0,3.0,4.0,111.0,220.0,111.0,0.0,37.0,64.08588,185.0,0.0,55.0,88.223206,88739.945,1876.6757,621.6667,640.66644,1864.0,112.0,1349.0,674.5,700.7428,1170.0,179.0,3103.0,1034.3334,879.66833,1864.0,112.0,0.0,0.0,0.0,0.0,104.0,136.0,804.28955,1072.3861,0.0,185.0,41.375,69.77093,4867.982,0.0,0.0,0.0,1.0,0.0,0.0,0.0,0.0,1.0,47.285713,37.0,55.0,104.0,0.0,0.0,0.0,0.0,0.0,0.0,3.0,111.0,4.0,220.0,64240.0,255.0,1.0,32.0,0.0,0.0,0.0,0.0,0.0,0.0,0.0,0.0,Normal
8080.0,264.0,2.0,0.0,0.0,0.0,0.0,0.0,0.0,0.0,0.0,0.0,0.0,0.0,0.0,7575.758,264.0,0.0,264.0,264.0,264.0,264.0,0.0,264.0,264.0,0.0,0.0,0.0,0.0,0.0,0.0,0.0,0.0,0.0,64.0,0.0,7575.758,0.0,0.0,0.0,0.0,0.0,0.0,0.0,0.0,0.0,0.0,1.0,0.0,0.0,0.0,0.0,0.0,0.0,0.0,64.0,0.0,0.0,0.0,0.0,0.0,0.0,2.0,0.0,0.0,0.0,251.0,-1.0,0.0,32.0,0.0,0.0,0.0,0.0,0.0,0.0,0.0,0.0,Normal
8080.0,3013.0,3.0,4.0,111.0,220.0,111.0,0.0,37.0,64.08588,185.0,0.0,55.0,88.223206,109857.28,2323.2659,502.16666,598.79895,1637.0,0.0,997.0,498.5,683.7723,982.0,15.0,2518.0,839.3333,819.29504,1637.0,0.0,0.0,0.0,0.0,0.0,104.0,136.0,995.68536,1327.5804,0.0,185.0,41.375,69.77093,4867.982,0.0,0.0,0.0,1.0,0.0,0.0,0.0,0.0,1.0,47.285713,37.0,55.0,104.0,0.0,0.0,0.0,0.0,0.0,0.0,3.0,111.0,4.0,220.0,64240.0,255.0,1.0,32.0,0.0,0.0,0.0,0.0,0.0,0.0,0.0,0.0,Normal
8080.0,110.0,2.0,0.0,0.0,0.0,0.0,0.0,0.0,0.0,0.0,0.0,0.0,0.0,0.0,18181.818,110.0,0.0,110.0,110.0,110.0,110.0,0.0,110.0,110.0,0.0,0.0,0.0,0.0,0.0,0.0,0.0,0.0,0.0,64.0,0.0,18181.818,0.0,0.0,0.0,0.0,0.0,0.0,0.0,0.0,0.0,0.0,1.0,0.0,0.0,0.0,0.0,0.0,0.0,0.0,64.0,0.0,0.0,0.0,0.0,0.0,0.0,2.0,0.0,0.0,0.0,251.0,-1.0,0.0,32.0,0.0,0.0,0.0,0.0,0.0,0.0,0.0,0.0,Normal
8080.0,2995.0,3.0,4.0,111.0,220.0,111.0,0.0,37.0,64.08588,185.0,0.0,55.0,88.223206,110517.53,2337.2288,499.16666,522.0695,1473.0,0.0,1169.0,584.5,632.8606,1032.0,137.0,2401.0,800.3333,744.7525,1473.0,0.0,0.0,0.0,0.0,0.0,104.0,136.0,1001.66943,1335.5593,0.0,185.0,41.375,69.77093,4867.982,0.0,0.0,0.0,1.0,0.0,0.0,0.0,0.0,1.0,47.285713,37.0,55.0,104.0,0.0,0.0,0.0,0.0,0.0,0.0,3.0,111.0,4.0,220.0,64240.0,255.0,1.0,32.0,0.0,0.0,0.0,0.0,0.0,0.0,0.0,0.0,Normal
8080.0,145.0,2.0,0.0,0.0,0.0,0.0,0.0,0.0,0.0,0.0,0.0,0.0,0.0,0.0,13793.104,145.0,0.0,145.0,145.0,145.0,145.0,0.0,145.0,145.0,0.0,0.0,0.0,0.0,0.0,0.0,0.0,0.0,0.0,64.0,0.0,13793.104,0.0,0.0,0.0,0.0,0.0,0.0,0.0,0.0,0.0,0.0,1.0,0.0,0.0,0.0,0.0,0.0,0.0,0.0,64.0,0.0,0.0,0.0,0.0,0.0,0.0,2.0,0.0,0.0,0.0,251.0,-1.0,0.0,32.0,0.0,0.0,0.0,0.0,0.0,0.0,0.0,0.0,Normal
8080.0,7024.0,3.0,4.0,111.0,220.0,111.0,0.0,37.0,64.08588,185.0,0.0,55.0,88.223206,47124.145,996.5831,1170.6666,2161.5288,5563.0,0.0,1117.0,558.5,607.4047,988.0,129.0,6447.0,2149.0,2989.4668,5563.0,0.0,0.0,0.0,0.0,0.0,104.0,136.0,427.10706,569.4761,0.0,185.0,41.375,69.77093,4867.982,0.0,0.0,0.0,1.0,0.0,0.0,0.0,0.0,1.0,47.285713,37.0,55.0,104.0,0.0,0.0,0.0,0.0,0.0,0.0,3.0,111.0,4.0,220.0,64240.0,255.0,1.0,32.0,0.0,0.0,0.0,0.0,0.0,0.0,0.0,0.0,Normal
8080.0,331.0,2.0,0.0,0.0,0.0,0.0,0.0,0.0,0.0,0.0,0.0,0.0,0.0,0.0,6042.296,331.0,0.0,331.0,331.0,331.0,331.0,0.0,331.0,331.0,0.0,0.0,0.0,0.0,0.0,0.0,0.0,0.0,0.0,64.0,0.0,6042.296,0.0,0.0,0.0,0.0,0.0,0.0,0.0,0.0,0.0,0.0,1.0,0.0,0.0,0.0,0.0,0.0,0.0,0.0,64.0,0.0,0.0,0.0,0.0,0.0,0.0,2.0,0.0,0.0,0.0,251.0,-1.0,0.0,32.0,0.0,0.0,0.0,0.0,0.0,0.0,0.0,0.0,Normal
8080.0,73965.0,3.0,4.0,111.0,220.0,111.0,0.0,37.0,64.08588,185.0,0.0,55.0,88.223206,4475.0894,94.63936,12327.5,26459.277,66229.0,379.0,6412.0,3206.0,3661.399,5795.0,617.0,69095.0,23031.666,37413.17,66229.0,945.0,0.0,0.0,0.0,0.0,104.0,136.0,40.559723,54.07963,0.0,185.0,41.375,69.77093,4867.982,0.0,0.0,0.0,1.0,0.0,0.0,0.0,0.0,1.0,47.285713,37.0,55.0,104.0,0.0,0.0,0.0,0.0,0.0,0.0,3.0,111.0,4.0,220.0,64240.0,255.0,1.0,32.0,0.0,0.0,0.0,0.0,0.0,0.0,0.0,0.0,Normal
8080.0,1706.0,2.0,0.0,0.0,0.0,0.0,0.0,0.0,0.0,0.0,0.0,0.0,0.0,0.0,1172.3329,1706.0,0.0,1706.0,1706.0,1706.0,1706.0,0.0,1706.0,1706.0,0.0,0.0,0.0,0.0,0.0,0.0,0.0,0.0,0.0,64.0,0.0,1172.3329,0.0,0.0,0.0,0.0,0.0,0.0,0.0,0.0,0.0,0.0,1.0,0.0,0.0,0.0,0.0,0.0,0.0,0.0,64.0,0.0,0.0,0.0,0.0,0.0,0.0,2.0,0.0,0.0,0.0,251.0,-1.0,0.0,32.0,0.0,0.0,0.0,0.0,0.0,0.0,0.0,0.0,Normal
8080.0,3735.0,3.0,4.0,111.0,220.0,111.0,0.0,37.0,64.08588,185.0,0.0,55.0,88.223206,88621.15,1874.1633,622.5,713.9848,1990.0,18.0,1195.0,597.5,819.53674,1177.0,18.0,3082.0,1027.3334,945.4953,1990.0,100.0,0.0,0.0,0.0,0.0,104.0,136.0,803.2128,1070.9504,0.0,185.0,41.375,69.77093,4867.982,0.0,0.0,0.0,1.0,0.0,0.0,0.0,0.0,1.0,47.285713,37.0,55.0,104.0,0.0,0.0,0.0,0.0,0.0,0.0,3.0,111.0,4.0,220.0,64240.0,255.0,1.0,32.0,0.0,0.0,0.0,0.0,0.0,0.0,0.0,0.0,Normal
8080.0,202.0,2.0,0.0,0.0,0.0,0.0,0.0,0.0,0.0,0.0,0.0,0.0,0.0,0.0,9900.99,202.0,0.0,202.0,202.0,202.0,202.0,0.0,202.0,202.0,0.0,0.0,0.0,0.0,0.0,0.0,0.0,0.0,0.0,64.0,0.0,9900.99,0.0,0.0,0.0,0.0,0.0,0.0,0.0,0.0,0.0,0.0,1.0,0.0,0.0,0.0,0.0,0.0,0.0,0.0,64.0,0.0,0.0,0.0,0.0,0.0,0.0,2.0,0.0,0.0,0.0,251.0,-1.0,0.0,32.0,0.0,0.0,0.0,0.0,0.0,0.0,0.0,0.0,Normal
8080.0,2921.0,3.0,4.0,111.0,220.0,111.0,0.0,37.0,64.08588,185.0,0.0,55.0,88.223206,113317.36,2396.4397,486.83334,460.7574,1343.0,0.0,1117.0,558.5,502.75293,914.0,203.0,2399.0,799.6667,707.2428,1343.0,0.0,0.0,0.0,0.0,0.0,104.0,136.0,1027.0455,1369.394,0.0,185.0,41.375,69.77093,4867.982,0.0,0.0,0.0,1.0,0.0,0.0,0.0,0.0,1.0,47.285713,37.0,55.0,104.0,0.0,0.0,0.0,0.0,0.0,0.0,3.0,111.0,4.0,220.0,64240.0,255.0,1.0,32.0,0.0,0.0,0.0,0.0,0.0,0.0,0.0,0.0,Normal
8080.0,135.0,2.0,0.0,0.0,0.0,0.0,0.0,0.0,0.0,0.0,0.0,0.0,0.0,0.0,14814.814,135.0,0.0,135.0,135.0,135.0,135.0,0.0,135.0,135.0,0.0,0.0,0.0,0.0,0.0,0.0,0.0,0.0,0.0,64.0,0.0,14814.814,0.0,0.0,0.0,0.0,0.0,0.0,0.0,0.0,0.0,0.0,1.0,0.0,0.0,0.0,0.0,0.0,0.0,0.0,64.0,0.0,0.0,0.0,0.0,0.0,0.0,2.0,0.0,0.0,0.0,251.0,-1.0,0.0,32.0,0.0,0.0,0.0,0.0,0.0,0.0,0.0,0.0,Normal
8080.0,6409.0,3.0,4.0,111.0,220.0,111.0,0.0,37.0,64.08588,185.0,0.0,55.0,88.223206,51646.12,1092.2141,1068.1666,1563.938,4179.0,29.0,1646.0,823.0,1122.8856,1617.0,29.0,5387.0,1795.6666,2113.7986,4179.0,148.0,0.0,0.0,0.0,0.0,104.0,136.0,468.09174,624.1223,0.0,185.0,41.375,69.77093,4867.982,0.0,0.0,0.0,1.0,0.0,0.0,0.0,0.0,1.0,47.285713,37.0,55.0,104.0,0.0,0.0,0.0,0.0,0.0,0.0,3.0,111.0,4.0,220.0,64240.0,255.0,1.0,32.0,0.0,0.0,0.0,0.0,0.0,0.0,0.0,0.0,Normal
8080.0,272.0,2.0,0.0,0.0,0.0,0.0,0.0,0.0,0.0,0.0,0.0,0.0,0.0,0.0,7352.9414,272.0,0.0,272.0,272.0,272.0,272.0,0.0,272.0,272.0,0.0,0.0,0.0,0.0,0.0,0.0,0.0,0.0,0.0,64.0,0.0,7352.9414,0.0,0.0,0.0,0.0,0.0,0.0,0.0,0.0,0.0,0.0,1.0,0.0,0.0,0.0,0.0,0.0,0.0,0.0,64.0,0.0,0.0,0.0,0.0,0.0,0.0,2.0,0.0,0.0,0.0,251.0,-1.0,0.0,32.0,0.0,0.0,0.0,0.0,0.0,0.0,0.0,0.0,Normal
8080.0,4578.0,3.0,4.0,111.0,220.0,111.0,0.0,37.0,64.08588,185.0,0.0,55.0,88.223206,72302.31,1529.052,763.0,759.55383,2136.0,118.0,1909.0,954.5,1170.2617,1782.0,127.0,3575.0,1191.6666,1015.1977,2136.0,118.0,0.0,0.0,0.0,0.0,104.0,136.0,655.308,873.744,0.0,185.0,41.375,69.77093,4867.982,0.0,0.0,0.0,1.0,0.0,0.0,0.0,0.0,1.0,47.285713,37.0,55.0,104.0,0.0,0.0,0.0,0.0,0.0,0.0,3.0,111.0,4.0,220.0,64240.0,255.0,1.0,32.0,0.0,0.0,0.0,0.0,0.0,0.0,0.0,0.0,Normal
8080.0,161.0,2.0,0.0,0.0,0.0,0.0,0.0,0.0,0.0,0.0,0.0,0.0,0.0,0.0,12422.36,161.0,0.0,161.0,161.0,161.0,161.0,0.0,161.0,161.0,0.0,0.0,0.0,0.0,0.0,0.0,0.0,0.0,0.0,64.0,0.0,12422.36,0.0,0.0,0.0,0.0,0.0,0.0,0.0,0.0,0.0,0.0,1.0,0.0,0.0,0.0,0.0,0.0,0.0,0.0,64.0,0.0,0.0,0.0,0.0,0.0,0.0,2.0,0.0,0.0,0.0,251.0,-1.0,0.0,32.0,0.0,0.0,0.0,0.0,0.0,0.0,0.0,0.0,Normal
8080.0,4710.0,3.0,4.0,111.0,220.0,111.0,0.0,37.0,64.08588,185.0,0.0,55.0,88.223206,70276.01,1486.1996,785.0,787.2568,2329.0,122.0,1516.0,758.0,899.4398,1394.0,122.0,4081.0,1360.3334,964.527,2329.0,400.0,0.0,0.0,0.0,0.0,104.0,136.0,636.9427,849.2569,0.0,185.0,41.375,69.77093,4867.982,0.0,0.0,0.0,1.0,0.0,0.0,0.0,0.0,1.0,47.285713,37.0,55.0,104.0,0.0,0.0,0.0,0.0,0.0,0.0,3.0,111.0,4.0,220.0,64240.0,255.0,1.0,32.0,0.0,0.0,0.0,0.0,0.0,0.0,0.0,0.0,Normal
8080.0,298.0,2.0,0.0,0.0,0.0,0.0,0.0,0.0,0.0,0.0,0.0,0.0,0.0,0.0,6711.409,298.0,0.0,298.0,298.0,298.0,298.0,0.0,298.0,298.0,0.0,0.0,0.0,0.0,0.0,0.0,0.0,0.0,0.0,64.0,0.0,6711.409,0.0,0.0,0.0,0.0,0.0,0.0,0.0,0.0,0.0,0.0,1.0,0.0,0.0,0.0,0.0,0.0,0.0,0.0,64.0,0.0,0.0,0.0,0.0,0.0,0.0,2.0,0.0,0.0,0.0,251.0,-1.0,0.0,32.0,0.0,0.0,0.0,0.0,0.0,0.0,0.0,0.0,Normal
8080.0,3247.0,3.0,4.0,111.0,220.0,111.0,0.0,37.0,64.08588,185.0,0.0,55.0,88.223206,101940.25,2155.8362,541.1667,595.25806,1680.0,0.0,1249.0,624.5,620.1326,1063.0,186.0,2662.0,887.3333,843.99133,1680.0,0.0,0.0,0.0,0.0,0.0,104.0,136.0,923.9298,1231.9064,0.0,185.0,41.375,69.77093,4867.982,0.0,0.0,0.0,1.0,0.0,0.0,0.0,0.0,1.0,47.285713,37.0,55.0,104.0,0.0,0.0,0.0,0.0,0.0,0.0,3.0,111.0,4.0,220.0,64240.0,255.0,1.0,32.0,0.0,0.0,0.0,0.0,0.0,0.0,0.0,0.0,Normal
8080.0,235.0,2.0,0.0,0.0,0.0,0.0,0.0,0.0,0.0,0.0,0.0,0.0,0.0,0.0,8510.639,235.0,0.0,235.0,235.0,235.0,235.0,0.0,235.0,235.0,0.0,0.0,0.0,0.0,0.0,0.0,0.0,0.0,0.0,64.0,0.0,8510.639,0.0,0.0,0.0,0.0,0.0,0.0,0.0,0.0,0.0,0.0,1.0,0.0,0.0,0.0,0.0,0.0,0.0,0.0,64.0,0.0,0.0,0.0,0.0,0.0,0.0,2.0,0.0,0.0,0.0,251.0,-1.0,0.0,32.0,0.0,0.0,0.0,0.0,0.0,0.0,0.0,0.0,Normal
8080.0,5877.0,3.0,4.0,111.0,220.0,111.0,0.0,37.0,64.08588,185.0,0.0,55.0,88.223206,56321.254,1191.0839,979.5,1584.9951,4184.0,0.0,1337.0,668.5,659.73065,1135.0,202.0,5315.0,1771.6666,2164.3254,4184.0,0.0,0.0,0.0,0.0,0.0,104.0,136.0,510.4645,680.6194,0.0,185.0,41.375,69.77093,4867.982,0.0,0.0,0.0,1.0,0.0,0.0,0.0,0.0,1.0,47.285713,37.0,55.0,104.0,0.0,0.0,0.0,0.0,0.0,0.0,3.0,111.0,4.0,220.0,64240.0,255.0,1.0,32.0,0.0,0.0,0.0,0.0,0.0,0.0,0.0,0.0,Normal
8080.0,244.0,2.0,0.0,0.0,0.0,0.0,0.0,0.0,0.0,0.0,0.0,0.0,0.0,0.0,8196.722,244.0,0.0,244.0,244.0,244.0,244.0,0.0,244.0,244.0,0.0,0.0,0.0,0.0,0.0,0.0,0.0,0.0,0.0,64.0,0.0,8196.722,0.0,0.0,0.0,0.0,0.0,0.0,0.0,0.0,0.0,0.0,1.0,0.0,0.0,0.0,0.0,0.0,0.0,0.0,64.0,0.0,0.0,0.0,0.0,0.0,0.0,2.0,0.0,0.0,0.0,251.0,-1.0,0.0,32.0,0.0,0.0,0.0,0.0,0.0,0.0,0.0,0.0,Normal
8080.0,3731.0,3.0,4.0,111.0,220.0,111.0,0.0,37.0,64.08588,185.0,0.0,55.0,88.223206,88716.164,1876.1726,621.8333,742.09796,2086.0,1.0,1253.0,626.5,535.27985,1005.0,248.0,3191.0,1063.6666,1043.085,2086.0,1.0,0.0,0.0,0.0,0.0,104.0,136.0,804.074,1072.0986,0.0,185.0,41.375,69.77093,4867.982,0.0,0.0,0.0,1.0,0.0,0.0,0.0,0.0,1.0,47.285713,37.0,55.0,104.0,0.0,0.0,0.0,0.0,0.0,0.0,3.0,111.0,4.0,220.0,64240.0,255.0,1.0,32.0,0.0,0.0,0.0,0.0,0.0,0.0,0.0,0.0,Normal
8080.0,136.0,2.0,0.0,0.0,0.0,0.0,0.0,0.0,0.0,0.0,0.0,0.0,0.0,0.0,14705.883,136.0,0.0,136.0,136.0,136.0,136.0,0.0,136.0,136.0,0.0,0.0,0.0,0.0,0.0,0.0,0.0,0.0,0.0,64.0,0.0,14705.883,0.0,0.0,0.0,0.0,0.0,0.0,0.0,0.0,0.0,0.0,1.0,0.0,0.0,0.0,0.0,0.0,0.0,0.0,64.0,0.0,0.0,0.0,0.0,0.0,0.0,2.0,0.0,0.0,0.0,251.0,-1.0,0.0,32.0,0.0,0.0,0.0,0.0,0.0,0.0,0.0,0.0,Normal
8080.0,3674.0,3.0,4.0,111.0,220.0,111.0,0.0,37.0,64.08588,185.0,0.0,55.0,88.223206,90092.54,1905.2804,612.3333,526.80457,1363.0,164.0,1816.0,908.0,1047.9323,1649.0,167.0,2492.0,830.6667,610.6835,1363.0,164.0,0.0,0.0,0.0,0.0,104.0,136.0,816.5487,1088.7316,0.0,185.0,41.375,69.77093,4867.982,0.0,0.0,0.0,1.0,0.0,0.0,0.0,0.0,1.0,47.285713,37.0,55.0,104.0,0.0,0.0,0.0,0.0,0.0,0.0,3.0,111.0,4.0,220.0,64240.0,255.0,1.0,32.0,0.0,0.0,0.0,0.0,0.0,0.0,0.0,0.0,Normal
8080.0,202.0,2.0,0.0,0.0,0.0,0.0,0.0,0.0,0.0,0.0,0.0,0.0,0.0,0.0,9900.99,202.0,0.0,202.0,202.0,202.0,202.0,0.0,202.0,202.0,0.0,0.0,0.0,0.0,0.0,0.0,0.0,0.0,0.0,64.0,0.0,9900.99,0.0,0.0,0.0,0.0,0.0,0.0,0.0,0.0,0.0,0.0,1.0,0.0,0.0,0.0,0.0,0.0,0.0,0.0,64.0,0.0,0.0,0.0,0.0,0.0,0.0,2.0,0.0,0.0,0.0,251.0,-1.0,0.0,32.0,0.0,0.0,0.0,0.0,0.0,0.0,0.0,0.0,Normal
8080.0,2965.0,3.0,4.0,111.0,220.0,111.0,0.0,37.0,64.08588,185.0,0.0,55.0,88.223206,111635.75,2360.877,494.16666,563.6529,1546.0,0.0,998.0,499.0,688.722,986.0,12.0,2464.0,821.3333,777.52,1546.0,0.0,0.0,0.0,0.0,0.0,104.0,136.0,1011.8044,1349.0725,0.0,185.0,41.375,69.77093,4867.982,0.0,0.0,0.0,1.0,0.0,0.0,0.0,0.0,1.0,47.285713,37.0,55.0,104.0,0.0,0.0,0.0,0.0,0.0,0.0,3.0,111.0,4.0,220.0,64240.0,255.0,1.0,32.0,0.0,0.0,0.0,0.0,0.0,0.0,0.0,0.0,Normal
8080.0,187.0,2.0,0.0,0.0,0.0,0.0,0.0,0.0,0.0,0.0,0.0,0.0,0.0,0.0,10695.1875,187.0,0.0,187.0,187.0,187.0,187.0,0.0,187.0,187.0,0.0,0.0,0.0,0.0,0.0,0.0,0.0,0.0,0.0,64.0,0.0,10695.1875,0.0,0.0,0.0,0.0,0.0,0.0,0.0,0.0,0.0,0.0,1.0,0.0,0.0,0.0,0.0,0.0,0.0,0.0,64.0,0.0,0.0,0.0,0.0,0.0,0.0,2.0,0.0,0.0,0.0,251.0,-1.0,0.0,32.0,0.0,0.0,0.0,0.0,0.0,0.0,0.0,0.0,Normal
8080.0,4380.0,3.0,4.0,111.0,220.0,111.0,0.0,37.0,64.08588,185.0,0.0,55.0,88.223206,75570.77,1598.1735,730.0,927.06354,2540.0,0.0,1341.0,670.5,770.0393,1215.0,126.0,3631.0,1210.3334,1274.1979,2540.0,0.0,0.0,0.0,0.0,0.0,104.0,136.0,684.9315,913.242,0.0,185.0,41.375,69.77093,4867.982,0.0,0.0,0.0,1.0,0.0,0.0,0.0,0.0,1.0,47.285713,37.0,55.0,104.0,0.0,0.0,0.0,0.0,0.0,0.0,3.0,111.0,4.0,220.0,64240.0,255.0,1.0,32.0,0.0,0.0,0.0,0.0,0.0,0.0,0.0,0.0,Normal
8080.0,119.0,2.0,0.0,0.0,0.0,0.0,0.0,0.0,0.0,0.0,0.0,0.0,0.0,0.0,16806.723,119.0,0.0,119.0,119.0,119.0,119.0,0.0,119.0,119.0,0.0,0.0,0.0,0.0,0.0,0.0,0.0,0.0,0.0,64.0,0.0,16806.723,0.0,0.0,0.0,0.0,0.0,0.0,0.0,0.0,0.0,0.0,1.0,0.0,0.0,0.0,0.0,0.0,0.0,0.0,64.0,0.0,0.0,0.0,0.0,0.0,0.0,2.0,0.0,0.0,0.0,251.0,-1.0,0.0,32.0,0.0,0.0,0.0,0.0,0.0,0.0,0.0,0.0,Normal
8080.0,4327.0,3.0,4.0,111.0,220.0,111.0,0.0,37.0,64.08588,185.0,0.0,55.0,88.223206,76496.414,1617.749,721.1667,692.8767,1983.0,0.0,1418.0,709.0,610.94025,1141.0,277.0,3798.0,1266.0,1099.6013,1983.0,0.0,0.0,0.0,0.0,0.0,104.0,136.0,693.321,924.42804,0.0,185.0,41.375,69.77093,4867.982,0.0,0.0,0.0,1.0,0.0,0.0,0.0,0.0,1.0,47.285713,37.0,55.0,104.0,0.0,0.0,0.0,0.0,0.0,0.0,3.0,111.0,4.0,220.0,64240.0,255.0,1.0,32.0,0.0,0.0,0.0,0.0,0.0,0.0,0.0,0.0,Normal
8080.0,1151.0,2.0,0.0,0.0,0.0,0.0,0.0,0.0,0.0,0.0,0.0,0.0,0.0,0.0,1737.6195,1151.0,0.0,1151.0,1151.0,1151.0,1151.0,0.0,1151.0,1151.0,0.0,0.0,0.0,0.0,0.0,0.0,0.0,0.0,0.0,64.0,0.0,1737.6195,0.0,0.0,0.0,0.0,0.0,0.0,0.0,0.0,0.0,0.0,1.0,0.0,0.0,0.0,0.0,0.0,0.0,0.0,64.0,0.0,0.0,0.0,0.0,0.0,0.0,2.0,0.0,0.0,0.0,251.0,-1.0,0.0,32.0,0.0,0.0,0.0,0.0,0.0,0.0,0.0,0.0,Normal
8080.0,6821.0,3.0,4.0,111.0,220.0,111.0,0.0,37.0,64.08588,185.0,0.0,55.0,88.223206,48526.61,1026.2424,1136.8334,2174.809,5556.0,1.0,913.0,456.5,630.03217,902.0,11.0,6325.0,2108.3333,3010.2952,5556.0,1.0,0.0,0.0,0.0,0.0,104.0,136.0,439.8182,586.42426,0.0,185.0,41.375,69.77093,4867.982,0.0,0.0,0.0,1.0,0.0,0.0,0.0,0.0,1.0,47.285713,37.0,55.0,104.0,0.0,0.0,0.0,0.0,0.0,0.0,3.0,111.0,4.0,220.0,64240.0,255.0,1.0,32.0,0.0,0.0,0.0,0.0,0.0,0.0,0.0,0.0,Normal
8080.0,157.0,2.0,0.0,0.0,0.0,0.0,0.0,0.0,0.0,0.0,0.0,0.0,0.0,0.0,12738.854,157.0,0.0,157.0,157.0,157.0,157.0,0.0,157.0,157.0,0.0,0.0,0.0,0.0,0.0,0.0,0.0,0.0,0.0,64.0,0.0,12738.854,0.0,0.0,0.0,0.0,0.0,0.0,0.0,0.0,0.0,0.0,1.0,0.0,0.0,0.0,0.0,0.0,0.0,0.0,64.0,0.0,0.0,0.0,0.0,0.0,0.0,2.0,0.0,0.0,0.0,251.0,-1.0,0.0,32.0,0.0,0.0,0.0,0.0,0.0,0.0,0.0,0.0,Normal
8080.0,3413.0,3.0,4.0,111.0,220.0,111.0,0.0,37.0,64.08588,185.0,0.0,55.0,88.223206,96982.125,2050.9814,568.8333,655.90045,1870.0,103.0,1068.0,534.0,609.52606,965.0,103.0,2896.0,965.3333,846.67426,1870.0,192.0,0.0,0.0,0.0,0.0,104.0,136.0,878.99207,1171.9895,0.0,185.0,41.375,69.77093,4867.982,0.0,0.0,0.0,1.0,0.0,0.0,0.0,0.0,1.0,47.285713,37.0,55.0,104.0,0.0,0.0,0.0,0.0,0.0,0.0,3.0,111.0,4.0,220.0,64240.0,255.0,1.0,32.0,0.0,0.0,0.0,0.0,0.0,0.0,0.0,0.0,Normal
8080.0,205.0,2.0,0.0,0.0,0.0,0.0,0.0,0.0,0.0,0.0,0.0,0.0,0.0,0.0,9756.098,205.0,0.0,205.0,205.0,205.0,205.0,0.0,205.0,205.0,0.0,0.0,0.0,0.0,0.0,0.0,0.0,0.0,0.0,64.0,0.0,9756.098,0.0,0.0,0.0,0.0,0.0,0.0,0.0,0.0,0.0,0.0,1.0,0.0,0.0,0.0,0.0,0.0,0.0,0.0,64.0,0.0,0.0,0.0,0.0,0.0,0.0,2.0,0.0,0.0,0.0,251.0,-1.0,0.0,32.0,0.0,0.0,0.0,0.0,0.0,0.0,0.0,0.0,Normal
8080.0,5933.0,3.0,4.0,111.0,220.0,111.0,0.0,37.0,64.08588,185.0,0.0,55.0,88.223206,55789.652,1179.8416,988.8333,1131.7356,3160.0,145.0,2048.0,1024.0,1243.0938,1903.0,145.0,4704.0,1568.0,1482.5225,3160.0,227.0,0.0,0.0,0.0,0.0,104.0,136.0,505.6464,674.1952,0.0,185.0,41.375,69.77093,4867.982,0.0,0.0,0.0,1.0,0.0,0.0,0.0,0.0,1.0,47.285713,37.0,55.0,104.0,0.0,0.0,0.0,0.0,0.0,0.0,3.0,111.0,4.0,220.0,64240.0,255.0,1.0,32.0,0.0,0.0,0.0,0.0,0.0,0.0,0.0,0.0,Normal
8080.0,112.0,2.0,0.0,0.0,0.0,0.0,0.0,0.0,0.0,0.0,0.0,0.0,0.0,0.0,17857.143,112.0,0.0,112.0,112.0,112.0,112.0,0.0,112.0,112.0,0.0,0.0,0.0,0.0,0.0,0.0,0.0,0.0,0.0,64.0,0.0,17857.143,0.0,0.0,0.0,0.0,0.0,0.0,0.0,0.0,0.0,0.0,1.0,0.0,0.0,0.0,0.0,0.0,0.0,0.0,64.0,0.0,0.0,0.0,0.0,0.0,0.0,2.0,0.0,0.0,0.0,251.0,-1.0,0.0,32.0,0.0,0.0,0.0,0.0,0.0,0.0,0.0,0.0,Normal
8080.0,3984.0,3.0,4.0,111.0,220.0,111.0,0.0,37.0,64.08588,185.0,0.0,55.0,88.223206,83082.33,1757.0281,664.0,789.3362,2193.0,0.0,1343.0,671.5,743.16925,1197.0,146.0,3305.0,1101.6666,1096.5365,2193.0,0.0,0.0,0.0,0.0,0.0,104.0,136.0,753.012,1004.01605,0.0,185.0,41.375,69.77093,4867.982,0.0,0.0,0.0,1.0,0.0,0.0,0.0,0.0,1.0,47.285713,37.0,55.0,104.0,0.0,0.0,0.0,0.0,0.0,0.0,3.0,111.0,4.0,220.0,64240.0,255.0,1.0,32.0,0.0,0.0,0.0,0.0,0.0,0.0,0.0,0.0,Normal
8080.0,122.0,2.0,0.0,0.0,0.0,0.0,0.0,0.0,0.0,0.0,0.0,0.0,0.0,0.0,16393.443,122.0,0.0,122.0,122.0,122.0,122.0,0.0,122.0,122.0,0.0,0.0,0.0,0.0,0.0,0.0,0.0,0.0,0.0,64.0,0.0,16393.443,0.0,0.0,0.0,0.0,0.0,0.0,0.0,0.0,0.0,0.0,1.0,0.0,0.0,0.0,0.0,0.0,0.0,0.0,64.0,0.0,0.0,0.0,0.0,0.0,0.0,2.0,0.0,0.0,0.0,251.0,-1.0,0.0,32.0,0.0,0.0,0.0,0.0,0.0,0.0,0.0,0.0,Normal
8080.0,4522.0,3.0,4.0,111.0,220.0,111.0,0.0,37.0,64.08588,185.0,0.0,55.0,88.223206,73197.7,1547.9877,753.6667,896.97125,2517.0,162.0,1428.0,714.0,780.6459,1266.0,162.0,3681.0,1227.0,1180.0317,2517.0,202.0,0.0,0.0,0.0,0.0,104.0,136.0,663.4233,884.56433,0.0,185.0,41.375,69.77093,4867.982,0.0,0.0,0.0,1.0,0.0,0.0,0.0,0.0,1.0,47.285713,37.0,55.0,104.0,0.0,0.0,0.0,0.0,0.0,0.0,3.0,111.0,4.0,220.0,64240.0,255.0,1.0,32.0,0.0,0.0,0.0,0.0,0.0,0.0,0.0,0.0,Normal
8080.0,308.0,2.0,0.0,0.0,0.0,0.0,0.0,0.0,0.0,0.0,0.0,0.0,0.0,0.0,6493.5063,308.0,0.0,308.0,308.0,308.0,308.0,0.0,308.0,308.0,0.0,0.0,0.0,0.0,0.0,0.0,0.0,0.0,0.0,64.0,0.0,6493.5063,0.0,0.0,0.0,0.0,0.0,0.0,0.0,0.0,0.0,0.0,1.0,0.0,0.0,0.0,0.0,0.0,0.0,0.0,64.0,0.0,0.0,0.0,0.0,0.0,0.0,2.0,0.0,0.0,0.0,251.0,-1.0,0.0,32.0,0.0,0.0,0.0,0.0,0.0,0.0,0.0,0.0,Normal
8080.0,4195.0,3.0,4.0,111.0,220.0,111.0,0.0,37.0,64.08588,185.0,0.0,55.0,88.223206,78903.45,1668.6532,699.1667,924.3972,2564.0,129.0,986.0,493.0,514.77374,857.0,129.0,3701.0,1233.6666,1210.2108,2564.0,198.0,0.0,0.0,0.0,0.0,104.0,136.0,715.1371,953.5161,0.0,185.0,41.375,69.77093,4867.982,0.0,0.0,0.0,1.0,0.0,0.0,0.0,0.0,1.0,47.285713,37.0,55.0,104.0,0.0,0.0,0.0,0.0,0.0,0.0,3.0,111.0,4.0,220.0,64240.0,255.0,1.0,32.0,0.0,0.0,0.0,0.0,0.0,0.0,0.0,0.0,Normal
8080.0,259.0,2.0,0.0,0.0,0.0,0.0,0.0,0.0,0.0,0.0,0.0,0.0,0.0,0.0,7722.008,259.0,0.0,259.0,259.0,259.0,259.0,0.0,259.0,259.0,0.0,0.0,0.0,0.0,0.0,0.0,0.0,0.0,0.0,64.0,0.0,7722.008,0.0,0.0,0.0,0.0,0.0,0.0,0.0,0.0,0.0,0.0,1.0,0.0,0.0,0.0,0.0,0.0,0.0,0.0,64.0,0.0,0.0,0.0,0.0,0.0,0.0,2.0,0.0,0.0,0.0,251.0,-1.0,0.0,32.0,0.0,0.0,0.0,0.0,0.0,0.0,0.0,0.0,Normal
8080.0,3055.0,3.0,4.0,111.0,220.0,111.0,0.0,37.0,64.08588,185.0,0.0,55.0,88.223206,108346.97,2291.3257,509.16666,468.33127,1345.0,0.0,1365.0,682.5,682.35803,1165.0,200.0,2420.0,806.6667,711.5183,1345.0,0.0,0.0,0.0,0.0,0.0,104.0,136.0,981.9967,1309.329,0.0,185.0,41.375,69.77093,4867.982,0.0,0.0,0.0,1.0,0.0,0.0,0.0,0.0,1.0,47.285713,37.0,55.0,104.0,0.0,0.0,0.0,0.0,0.0,0.0,3.0,111.0,4.0,220.0,64240.0,255.0,1.0,32.0,0.0,0.0,0.0,0.0,0.0,0.0,0.0,0.0,Normal
8080.0,138.0,2.0,0.0,0.0,0.0,0.0,0.0,0.0,0.0,0.0,0.0,0.0,0.0,0.0,14492.754,138.0,0.0,138.0,138.0,138.0,138.0,0.0,138.0,138.0,0.0,0.0,0.0,0.0,0.0,0.0,0.0,0.0,0.0,64.0,0.0,14492.754,0.0,0.0,0.0,0.0,0.0,0.0,0.0,0.0,0.0,0.0,1.0,0.0,0.0,0.0,0.0,0.0,0.0,0.0,64.0,0.0,0.0,0.0,0.0,0.0,0.0,2.0,0.0,0.0,0.0,251.0,-1.0,0.0,32.0,0.0,0.0,0.0,0.0,0.0,0.0,0.0,0.0,Normal
8080.0,3235.0,3.0,4.0,111.0,220.0,111.0,0.0,37.0,64.08588,185.0,0.0,55.0,88.223206,102318.39,2163.833,539.1667,515.30164,1299.0,0.0,1570.0,785.0,1090.3586,1556.0,14.0,2316.0,772.0,683.27814,1299.0,0.0,0.0,0.0,0.0,0.0,104.0,136.0,927.35706,1236.4761,0.0,185.0,41.375,69.77093,4867.982,0.0,0.0,0.0,1.0,0.0,0.0,0.0,0.0,1.0,47.285713,37.0,55.0,104.0,0.0,0.0,0.0,0.0,0.0,0.0,3.0,111.0,4.0,220.0,64240.0,255.0,1.0,32.0,0.0,0.0,0.0,0.0,0.0,0.0,0.0,0.0,Normal
8080.0,151.0,2.0,0.0,0.0,0.0,0.0,0.0,0.0,0.0,0.0,0.0,0.0,0.0,0.0,13245.033,151.0,0.0,151.0,151.0,151.0,151.0,0.0,151.0,151.0,0.0,0.0,0.0,0.0,0.0,0.0,0.0,0.0,0.0,64.0,0.0,13245.033,0.0,0.0,0.0,0.0,0.0,0.0,0.0,0.0,0.0,0.0,1.0,0.0,0.0,0.0,0.0,0.0,0.0,0.0,64.0,0.0,0.0,0.0,0.0,0.0,0.0,2.0,0.0,0.0,0.0,251.0,-1.0,0.0,32.0,0.0,0.0,0.0,0.0,0.0,0.0,0.0,0.0,Normal
8080.0,3097.0,3.0,4.0,111.0,220.0,111.0,0.0,37.0,64.08588,185.0,0.0,55.0,88.223206,106877.625,2260.252,516.1667,546.05145,1524.0,0.0,1271.0,635.5,724.7844,1148.0,123.0,2495.0,831.6667,771.4949,1524.0,0.0,0.0,0.0,0.0,0.0,104.0,136.0,968.6794,1291.5725,0.0,185.0,41.375,69.77093,4867.982,0.0,0.0,0.0,1.0,0.0,0.0,0.0,0.0,1.0,47.285713,37.0,55.0,104.0,0.0,0.0,0.0,0.0,0.0,0.0,3.0,111.0,4.0,220.0,64240.0,255.0,1.0,32.0,0.0,0.0,0.0,0.0,0.0,0.0,0.0,0.0,Normal
8080.0,123.0,2.0,0.0,0.0,0.0,0.0,0.0,0.0,0.0,0.0,0.0,0.0,0.0,0.0,16260.163,123.0,0.0,123.0,123.0,123.0,123.0,0.0,123.0,123.0,0.0,0.0,0.0,0.0,0.0,0.0,0.0,0.0,0.0,64.0,0.0,16260.163,0.0,0.0,0.0,0.0,0.0,0.0,0.0,0.0,0.0,0.0,1.0,0.0,0.0,0.0,0.0,0.0,0.0,0.0,64.0,0.0,0.0,0.0,0.0,0.0,0.0,2.0,0.0,0.0,0.0,251.0,-1.0,0.0,32.0,0.0,0.0,0.0,0.0,0.0,0.0,0.0,0.0,Normal
8080.0,2935.0,3.0,4.0,111.0,220.0,111.0,0.0,37.0,64.08588,185.0,0.0,55.0,88.223206,112776.83,2385.0085,489.16666,421.69534,1311.0,140.0,1035.0,517.5,533.8656,895.0,140.0,2432.0,810.6667,540.1447,1311.0,238.0,0.0,0.0,0.0,0.0,104.0,136.0,1022.1465,1362.862,0.0,185.0,41.375,69.77093,4867.982,0.0,0.0,0.0,1.0,0.0,0.0,0.0,0.0,1.0,47.285713,37.0,55.0,104.0,0.0,0.0,0.0,0.0,0.0,0.0,3.0,111.0,4.0,220.0,64240.0,255.0,1.0,32.0,0.0,0.0,0.0,0.0,0.0,0.0,0.0,0.0,Normal
8080.0,571.0,2.0,0.0,0.0,0.0,0.0,0.0,0.0,0.0,0.0,0.0,0.0,0.0,0.0,3502.627,571.0,0.0,571.0,571.0,571.0,571.0,0.0,571.0,571.0,0.0,0.0,0.0,0.0,0.0,0.0,0.0,0.0,0.0,64.0,0.0,3502.627,0.0,0.0,0.0,0.0,0.0,0.0,0.0,0.0,0.0,0.0,1.0,0.0,0.0,0.0,0.0,0.0,0.0,0.0,64.0,0.0,0.0,0.0,0.0,0.0,0.0,2.0,0.0,0.0,0.0,251.0,-1.0,0.0,32.0,0.0,0.0,0.0,0.0,0.0,0.0,0.0,0.0,Normal
8080.0,2958.0,3.0,4.0,111.0,220.0,111.0,0.0,37.0,64.08588,185.0,0.0,55.0,88.223206,111899.93,2366.4639,493.0,353.71344,1173.0,188.0,1155.0,577.5,550.8362,967.0,188.0,2455.0,818.3333,488.61163,1173.0,261.0,0.0,0.0,0.0,0.0,104.0,136.0,1014.1988,1352.265,0.0,185.0,41.375,69.77093,4867.982,0.0,0.0,0.0,1.0,0.0,0.0,0.0,0.0,1.0,47.285713,37.0,55.0,104.0,0.0,0.0,0.0,0.0,0.0,0.0,3.0,111.0,4.0,220.0,64240.0,255.0,1.0,32.0,0.0,0.0,0.0,0.0,0.0,0.0,0.0,0.0,Normal
8080.0,340.0,2.0,0.0,0.0,0.0,0.0,0.0,0.0,0.0,0.0,0.0,0.0,0.0,0.0,5882.353,340.0,0.0,340.0,340.0,340.0,340.0,0.0,340.0,340.0,0.0,0.0,0.0,0.0,0.0,0.0,0.0,0.0,0.0,64.0,0.0,5882.353,0.0,0.0,0.0,0.0,0.0,0.0,0.0,0.0,0.0,0.0,1.0,0.0,0.0,0.0,0.0,0.0,0.0,0.0,64.0,0.0,0.0,0.0,0.0,0.0,0.0,2.0,0.0,0.0,0.0,251.0,-1.0,0.0,32.0,0.0,0.0,0.0,0.0,0.0,0.0,0.0,0.0,Normal
8080.0,6931.0,3.0,4.0,111.0,220.0,111.0,0.0,37.0,64.08588,185.0,0.0,55.0,88.223206,47756.457,1009.95526,1155.1666,1702.6339,4602.0,239.0,1538.0,769.0,749.5332,1299.0,239.0,6072.0,2024.0,2276.1396,4602.0,292.0,0.0,0.0,0.0,0.0,104.0,136.0,432.83798,577.1173,0.0,185.0,41.375,69.77093,4867.982,0.0,0.0,0.0,1.0,0.0,0.0,0.0,0.0,1.0,47.285713,37.0,55.0,104.0,0.0,0.0,0.0,0.0,0.0,0.0,3.0,111.0,4.0,220.0,64240.0,255.0,1.0,32.0,0.0,0.0,0.0,0.0,0.0,0.0,0.0,0.0,Normal
8080.0,540.0,2.0,0.0,0.0,0.0,0.0,0.0,0.0,0.0,0.0,0.0,0.0,0.0,0.0,3703.7036,540.0,0.0,540.0,540.0,540.0,540.0,0.0,540.0,540.0,0.0,0.0,0.0,0.0,0.0,0.0,0.0,0.0,0.0,64.0,0.0,3703.7036,0.0,0.0,0.0,0.0,0.0,0.0,0.0,0.0,0.0,0.0,1.0,0.0,0.0,0.0,0.0,0.0,0.0,0.0,64.0,0.0,0.0,0.0,0.0,0.0,0.0,2.0,0.0,0.0,0.0,251.0,-1.0,0.0,32.0,0.0,0.0,0.0,0.0,0.0,0.0,0.0,0.0,Normal
8080.0,8029.0,3.0,4.0,111.0,220.0,111.0,0.0,37.0,64.08588,185.0,0.0,55.0,88.223206,41225.56,871.8396,1338.1666,1480.4866,4256.0,177.0,1668.0,834.0,929.1383,1491.0,177.0,7326.0,2442.0,1577.6476,4256.0,1390.0,0.0,0.0,0.0,0.0,104.0,136.0,373.64554,498.19406,0.0,185.0,41.375,69.77093,4867.982,0.0,0.0,0.0,1.0,0.0,0.0,0.0,0.0,1.0,47.285713,37.0,55.0,104.0,0.0,0.0,0.0,0.0,0.0,0.0,3.0,111.0,4.0,220.0,64240.0,255.0,1.0,32.0,0.0,0.0,0.0,0.0,0.0,0.0,0.0,0.0,Normal
8080.0,583.0,2.0,0.0,0.0,0.0,0.0,0.0,0.0,0.0,0.0,0.0,0.0,0.0,0.0,3430.5317,583.0,0.0,583.0,583.0,583.0,583.0,0.0,583.0,583.0,0.0,0.0,0.0,0.0,0.0,0.0,0.0,0.0,0.0,64.0,0.0,3430.5317,0.0,0.0,0.0,0.0,0.0,0.0,0.0,0.0,0.0,0.0,1.0,0.0,0.0,0.0,0.0,0.0,0.0,0.0,64.0,0.0,0.0,0.0,0.0,0.0,0.0,2.0,0.0,0.0,0.0,251.0,-1.0,0.0,32.0,0.0,0.0,0.0,0.0,0.0,0.0,0.0,0.0,Normal
8080.0,2865.0,3.0,4.0,111.0,220.0,111.0,0.0,37.0,64.08588,185.0,0.0,55.0,88.223206,115532.29,2443.281,477.5,473.70276,1274.0,1.0,1198.0,599.0,824.4865,1182.0,16.0,2189.0,729.6667,656.2136,1274.0,1.0,0.0,0.0,0.0,0.0,104.0,136.0,1047.1204,1396.1605,0.0,185.0,41.375,69.77093,4867.982,0.0,0.0,0.0,1.0,0.0,0.0,0.0,0.0,1.0,47.285713,37.0,55.0,104.0,0.0,0.0,0.0,0.0,0.0,0.0,3.0,111.0,4.0,220.0,64240.0,255.0,1.0,32.0,0.0,0.0,0.0,0.0,0.0,0.0,0.0,0.0,Normal
8080.0,53.0,2.0,0.0,0.0,0.0,0.0,0.0,0.0,0.0,0.0,0.0,0.0,0.0,0.0,37735.848,53.0,0.0,53.0,53.0,53.0,53.0,0.0,53.0,53.0,0.0,0.0,0.0,0.0,0.0,0.0,0.0,0.0,0.0,64.0,0.0,37735.848,0.0,0.0,0.0,0.0,0.0,0.0,0.0,0.0,0.0,0.0,1.0,0.0,0.0,0.0,0.0,0.0,0.0,0.0,64.0,0.0,0.0,0.0,0.0,0.0,0.0,2.0,0.0,0.0,0.0,251.0,-1.0,0.0,32.0,0.0,0.0,0.0,0.0,0.0,0.0,0.0,0.0,Normal
8080.0,3531.0,3.0,4.0,111.0,220.0,111.0,0.0,37.0,64.08588,185.0,0.0,55.0,88.223206,93741.15,1982.4413,588.5,629.08844,1783.0,1.0,1344.0,672.0,695.7931,1164.0,180.0,3001.0,1000.3333,910.54346,1783.0,1.0,0.0,0.0,0.0,0.0,104.0,136.0,849.6177,1132.8236,0.0,185.0,41.375,69.77093,4867.982,0.0,0.0,0.0,1.0,0.0,0.0,0.0,0.0,1.0,47.285713,37.0,55.0,104.0,0.0,0.0,0.0,0.0,0.0,0.0,3.0,111.0,4.0,220.0,64240.0,255.0,1.0,32.0,0.0,0.0,0.0,0.0,0.0,0.0,0.0,0.0,Normal
8080.0,274.0,2.0,0.0,0.0,0.0,0.0,0.0,0.0,0.0,0.0,0.0,0.0,0.0,0.0,7299.27,274.0,0.0,274.0,274.0,274.0,274.0,0.0,274.0,274.0,0.0,0.0,0.0,0.0,0.0,0.0,0.0,0.0,0.0,64.0,0.0,7299.27,0.0,0.0,0.0,0.0,0.0,0.0,0.0,0.0,0.0,0.0,1.0,0.0,0.0,0.0,0.0,0.0,0.0,0.0,64.0,0.0,0.0,0.0,0.0,0.0,0.0,2.0,0.0,0.0,0.0,251.0,-1.0,0.0,32.0,0.0,0.0,0.0,0.0,0.0,0.0,0.0,0.0,Normal
8080.0,6234.0,3.0,4.0,111.0,220.0,111.0,0.0,37.0,64.08588,185.0,0.0,55.0,88.223206,53095.926,1122.8745,1039.0,1274.3287,3328.0,0.0,2419.0,1209.5,1554.9279,2309.0,110.0,4529.0,1509.6666,1685.3345,3328.0,0.0,0.0,0.0,0.0,0.0,104.0,136.0,481.23196,641.6426,0.0,185.0,41.375,69.77093,4867.982,0.0,0.0,0.0,1.0,0.0,0.0,0.0,0.0,1.0,47.285713,37.0,55.0,104.0,0.0,0.0,0.0,0.0,0.0,0.0,3.0,111.0,4.0,220.0,64240.0,255.0,1.0,32.0,0.0,0.0,0.0,0.0,0.0,0.0,0.0,0.0,Normal
8080.0,101.0,2.0,0.0,0.0,0.0,0.0,0.0,0.0,0.0,0.0,0.0,0.0,0.0,0.0,19801.98,101.0,0.0,101.0,101.0,101.0,101.0,0.0,101.0,101.0,0.0,0.0,0.0,0.0,0.0,0.0,0.0,0.0,0.0,64.0,0.0,19801.98,0.0,0.0,0.0,0.0,0.0,0.0,0.0,0.0,0.0,0.0,1.0,0.0,0.0,0.0,0.0,0.0,0.0,0.0,64.0,0.0,0.0,0.0,0.0,0.0,0.0,2.0,0.0,0.0,0.0,251.0,-1.0,0.0,32.0,0.0,0.0,0.0,0.0,0.0,0.0,0.0,0.0,Normal
8080.0,5480.0,3.0,4.0,111.0,220.0,111.0,0.0,37.0,64.08588,185.0,0.0,55.0,88.223206,60401.46,1277.3723,913.3333,1131.3119,3153.0,127.0,1222.0,611.0,684.4794,1095.0,127.0,4830.0,1610.0,1336.9529,3153.0,796.0,0.0,0.0,0.0,0.0,104.0,136.0,547.44525,729.927,0.0,185.0,41.375,69.77093,4867.982,0.0,0.0,0.0,1.0,0.0,0.0,0.0,0.0,1.0,47.285713,37.0,55.0,104.0,0.0,0.0,0.0,0.0,0.0,0.0,3.0,111.0,4.0,220.0,64240.0,255.0,1.0,32.0,0.0,0.0,0.0,0.0,0.0,0.0,0.0,0.0,Normal
8080.0,124.0,2.0,0.0,0.0,0.0,0.0,0.0,0.0,0.0,0.0,0.0,0.0,0.0,0.0,16129.032,124.0,0.0,124.0,124.0,124.0,124.0,0.0,124.0,124.0,0.0,0.0,0.0,0.0,0.0,0.0,0.0,0.0,0.0,64.0,0.0,16129.032,0.0,0.0,0.0,0.0,0.0,0.0,0.0,0.0,0.0,0.0,1.0,0.0,0.0,0.0,0.0,0.0,0.0,0.0,64.0,0.0,0.0,0.0,0.0,0.0,0.0,2.0,0.0,0.0,0.0,251.0,-1.0,0.0,32.0,0.0,0.0,0.0,0.0,0.0,0.0,0.0,0.0,Normal
8080.0,19405.0,4.0,5.0,111.0,220.0,111.0,0.0,27.75,55.5,185.0,0.0,44.0,80.26518,17057.459,463.798,2425.625,4592.5596,13662.0,150.0,17867.0,5955.6665,7779.5474,14795.0,150.0,17126.0,4281.5,6289.0444,13662.0,229.0,0.0,0.0,0.0,0.0,136.0,168.0,206.13245,257.66556,0.0,185.0,33.1,63.957363,4090.5444,0.0,0.0,0.0,1.0,0.0,0.0,0.0,0.0,1.0,36.77778,27.75,44.0,136.0,0.0,0.0,0.0,0.0,0.0,0.0,4.0,111.0,5.0,220.0,64240.0,255.0,1.0,32.0,0.0,0.0,0.0,0.0,0.0,0.0,0.0,0.0,Normal
8080.0,1258.0,2.0,0.0,0.0,0.0,0.0,0.0,0.0,0.0,0.0,0.0,0.0,0.0,0.0,1589.8251,1258.0,0.0,1258.0,1258.0,1258.0,1258.0,0.0,1258.0,1258.0,0.0,0.0,0.0,0.0,0.0,0.0,0.0,0.0,0.0,64.0,0.0,1589.8251,0.0,0.0,0.0,0.0,0.0,0.0,0.0,0.0,0.0,0.0,1.0,0.0,0.0,0.0,0.0,0.0,0.0,0.0,64.0,0.0,0.0,0.0,0.0,0.0,0.0,2.0,0.0,0.0,0.0,251.0,-1.0,0.0,32.0,0.0,0.0,0.0,0.0,0.0,0.0,0.0,0.0,Normal
8080.0,2404.0,3.0,4.0,111.0,220.0,111.0,0.0,37.0,64.08588,185.0,0.0,55.0,88.223206,137687.19,2911.8137,400.66666,339.24307,944.0,0.0,1010.0,505.0,606.69763,934.0,76.0,1898.0,632.6667,547.9282,954.0,0.0,0.0,0.0,0.0,0.0,104.0,136.0,1247.9202,1663.8936,0.0,185.0,41.375,69.77093,4867.982,0.0,0.0,0.0,1.0,0.0,0.0,0.0,0.0,1.0,47.285713,37.0,55.0,104.0,0.0,0.0,0.0,0.0,0.0,0.0,3.0,111.0,4.0,220.0,64240.0,255.0,1.0,32.0,0.0,0.0,0.0,0.0,0.0,0.0,0.0,0.0,Normal
8080.0,100.0,2.0,0.0,0.0,0.0,0.0,0.0,0.0,0.0,0.0,0.0,0.0,0.0,0.0,20000.0,100.0,0.0,100.0,100.0,100.0,100.0,0.0,100.0,100.0,0.0,0.0,0.0,0.0,0.0,0.0,0.0,0.0,0.0,64.0,0.0,20000.0,0.0,0.0,0.0,0.0,0.0,0.0,0.0,0.0,0.0,0.0,1.0,0.0,0.0,0.0,0.0,0.0,0.0,0.0,64.0,0.0,0.0,0.0,0.0,0.0,0.0,2.0,0.0,0.0,0.0,251.0,-1.0,0.0,32.0,0.0,0.0,0.0,0.0,0.0,0.0,0.0,0.0,Normal
8080.0,2959.0,3.0,4.0,111.0,220.0,111.0,0.0,37.0,64.08588,185.0,0.0,55.0,88.223206,111862.12,2365.664,493.16666,481.51196,1319.0,0.0,1305.0,652.5,802.5662,1220.0,85.0,2262.0,754.0,679.50793,1319.0,0.0,0.0,0.0,0.0,0.0,104.0,136.0,1013.856,1351.808,0.0,185.0,41.375,69.77093,4867.982,0.0,0.0,0.0,1.0,0.0,0.0,0.0,0.0,1.0,47.285713,37.0,55.0,104.0,0.0,0.0,0.0,0.0,0.0,0.0,3.0,111.0,4.0,220.0,64240.0,255.0,1.0,32.0,0.0,0.0,0.0,0.0,0.0,0.0,0.0,0.0,Normal
8080.0,154.0,2.0,0.0,0.0,0.0,0.0,0.0,0.0,0.0,0.0,0.0,0.0,0.0,0.0,12987.013,154.0,0.0,154.0,154.0,154.0,154.0,0.0,154.0,154.0,0.0,0.0,0.0,0.0,0.0,0.0,0.0,0.0,0.0,64.0,0.0,12987.013,0.0,0.0,0.0,0.0,0.0,0.0,0.0,0.0,0.0,0.0,1.0,0.0,0.0,0.0,0.0,0.0,0.0,0.0,64.0,0.0,0.0,0.0,0.0,0.0,0.0,2.0,0.0,0.0,0.0,251.0,-1.0,0.0,32.0,0.0,0.0,0.0,0.0,0.0,0.0,0.0,0.0,Normal
8080.0,3289.0,3.0,4.0,111.0,220.0,111.0,0.0,37.0,64.08588,185.0,0.0,55.0,88.223206,100638.49,2128.3064,548.1667,518.0882,1382.0,0.0,1443.0,721.5,994.89923,1425.0,18.0,2531.0,843.6667,739.86646,1382.0,0.0,0.0,0.0,0.0,0.0,104.0,136.0,912.13135,1216.1752,0.0,185.0,41.375,69.77093,4867.982,0.0,0.0,0.0,1.0,0.0,0.0,0.0,0.0,1.0,47.285713,37.0,55.0,104.0,0.0,0.0,0.0,0.0,0.0,0.0,3.0,111.0,4.0,220.0,64240.0,255.0,1.0,32.0,0.0,0.0,0.0,0.0,0.0,0.0,0.0,0.0,Normal
8080.0,103.0,2.0,0.0,0.0,0.0,0.0,0.0,0.0,0.0,0.0,0.0,0.0,0.0,0.0,19417.477,103.0,0.0,103.0,103.0,103.0,103.0,0.0,103.0,103.0,0.0,0.0,0.0,0.0,0.0,0.0,0.0,0.0,0.0,64.0,0.0,19417.477,0.0,0.0,0.0,0.0,0.0,0.0,0.0,0.0,0.0,0.0,1.0,0.0,0.0,0.0,0.0,0.0,0.0,0.0,64.0,0.0,0.0,0.0,0.0,0.0,0.0,2.0,0.0,0.0,0.0,251.0,-1.0,0.0,32.0,0.0,0.0,0.0,0.0,0.0,0.0,0.0,0.0,Normal
8080.0,5041.0,3.0,4.0,111.0,220.0,111.0,0.0,37.0,64.08588,185.0,0.0,55.0,88.223206,65661.58,1388.6134,840.1667,1139.7314,3132.0,127.0,1426.0,713.0,623.66815,1154.0,272.0,4326.0,1442.0,1537.1971,3132.0,127.0,0.0,0.0,0.0,0.0,104.0,136.0,595.12,793.49335,0.0,185.0,41.375,69.77093,4867.982,0.0,0.0,0.0,1.0,0.0,0.0,0.0,0.0,1.0,47.285713,37.0,55.0,104.0,0.0,0.0,0.0,0.0,0.0,0.0,3.0,111.0,4.0,220.0,64240.0,255.0,1.0,32.0,0.0,0.0,0.0,0.0,0.0,0.0,0.0,0.0,Normal
8080.0,159.0,2.0,0.0,0.0,0.0,0.0,0.0,0.0,0.0,0.0,0.0,0.0,0.0,0.0,12578.616,159.0,0.0,159.0,159.0,159.0,159.0,0.0,159.0,159.0,0.0,0.0,0.0,0.0,0.0,0.0,0.0,0.0,0.0,64.0,0.0,12578.616,0.0,0.0,0.0,0.0,0.0,0.0,0.0,0.0,0.0,0.0,1.0,0.0,0.0,0.0,0.0,0.0,0.0,0.0,64.0,0.0,0.0,0.0,0.0,0.0,0.0,2.0,0.0,0.0,0.0,251.0,-1.0,0.0,32.0,0.0,0.0,0.0,0.0,0.0,0.0,0.0,0.0,Normal
8080.0,2381.0,3.0,4.0,111.0,220.0,111.0,0.0,37.0,64.08588,185.0,0.0,55.0,88.223206,139017.22,2939.9412,396.83334,365.88547,1080.0,123.0,973.0,486.5,514.06665,850.0,123.0,1871.0,623.6667,479.4709,1080.0,124.0,0.0,0.0,0.0,0.0,104.0,136.0,1259.9749,1679.9664,0.0,185.0,41.375,69.77093,4867.982,0.0,0.0,0.0,1.0,0.0,0.0,0.0,0.0,1.0,47.285713,37.0,55.0,104.0,0.0,0.0,0.0,0.0,0.0,0.0,3.0,111.0,4.0,220.0,64240.0,255.0,1.0,32.0,0.0,0.0,0.0,0.0,0.0,0.0,0.0,0.0,Normal
8080.0,175.0,2.0,0.0,0.0,0.0,0.0,0.0,0.0,0.0,0.0,0.0,0.0,0.0,0.0,11428.571,175.0,0.0,175.0,175.0,175.0,175.0,0.0,175.0,175.0,0.0,0.0,0.0,0.0,0.0,0.0,0.0,0.0,0.0,64.0,0.0,11428.571,0.0,0.0,0.0,0.0,0.0,0.0,0.0,0.0,0.0,0.0,1.0,0.0,0.0,0.0,0.0,0.0,0.0,0.0,64.0,0.0,0.0,0.0,0.0,0.0,0.0,2.0,0.0,0.0,0.0,251.0,-1.0,0.0,32.0,0.0,0.0,0.0,0.0,0.0,0.0,0.0,0.0,Normal
8080.0,2518.0,3.0,4.0,111.0,220.0,111.0,0.0,37.0,64.08588,185.0,0.0,55.0,88.223206,131453.53,2779.9841,419.66666,429.21866,1227.0,0.0,852.0,426.0,414.36456,719.0,133.0,2117.0,705.6667,633.92926,1227.0,0.0,0.0,0.0,0.0,0.0,104.0,136.0,1191.4218,1588.5624,0.0,185.0,41.375,69.77093,4867.982,0.0,0.0,0.0,1.0,0.0,0.0,0.0,0.0,1.0,47.285713,37.0,55.0,104.0,0.0,0.0,0.0,0.0,0.0,0.0,3.0,111.0,4.0,220.0,64240.0,255.0,1.0,32.0,0.0,0.0,0.0,0.0,0.0,0.0,0.0,0.0,Normal
8080.0,157.0,2.0,0.0,0.0,0.0,0.0,0.0,0.0,0.0,0.0,0.0,0.0,0.0,0.0,12738.854,157.0,0.0,157.0,157.0,157.0,157.0,0.0,157.0,157.0,0.0,0.0,0.0,0.0,0.0,0.0,0.0,0.0,0.0,64.0,0.0,12738.854,0.0,0.0,0.0,0.0,0.0,0.0,0.0,0.0,0.0,0.0,1.0,0.0,0.0,0.0,0.0,0.0,0.0,0.0,64.0,0.0,0.0,0.0,0.0,0.0,0.0,2.0,0.0,0.0,0.0,251.0,-1.0,0.0,32.0,0.0,0.0,0.0,0.0,0.0,0.0,0.0,0.0,Normal
8080.0,1577.0,3.0,4.0,111.0,220.0,111.0,0.0,37.0,64.08588,185.0,0.0,55.0,88.223206,209892.2,4438.808,262.83334,215.48218,529.0,1.0,819.0,409.5,490.025,756.0,63.0,1087.0,362.33334,313.23688,557.0,1.0,0.0,0.0,0.0,0.0,104.0,136.0,1902.3462,2536.4617,0.0,185.0,41.375,69.77093,4867.982,0.0,0.0,0.0,1.0,0.0,0.0,0.0,0.0,1.0,47.285713,37.0,55.0,104.0,0.0,0.0,0.0,0.0,0.0,0.0,3.0,111.0,4.0,220.0,64240.0,255.0,1.0,32.0,0.0,0.0,0.0,0.0,0.0,0.0,0.0,0.0,Normal
8080.0,78.0,2.0,0.0,0.0,0.0,0.0,0.0,0.0,0.0,0.0,0.0,0.0,0.0,0.0,25641.025,78.0,0.0,78.0,78.0,78.0,78.0,0.0,78.0,78.0,0.0,0.0,0.0,0.0,0.0,0.0,0.0,0.0,0.0,64.0,0.0,25641.025,0.0,0.0,0.0,0.0,0.0,0.0,0.0,0.0,0.0,0.0,1.0,0.0,0.0,0.0,0.0,0.0,0.0,0.0,64.0,0.0,0.0,0.0,0.0,0.0,0.0,2.0,0.0,0.0,0.0,251.0,-1.0,0.0,32.0,0.0,0.0,0.0,0.0,0.0,0.0,0.0,0.0,Normal
8080.0,1600.0,3.0,4.0,111.0,220.0,111.0,0.0,37.0,64.08588,185.0,0.0,55.0,88.223206,206875.0,4375.0,266.66666,228.22241,581.0,0.0,753.0,376.5,521.1377,745.0,8.0,1203.0,401.0,347.88074,622.0,0.0,0.0,0.0,0.0,0.0,104.0,136.0,1875.0,2500.0,0.0,185.0,41.375,69.77093,4867.982,0.0,0.0,0.0,1.0,0.0,0.0,0.0,0.0,1.0,47.285713,37.0,55.0,104.0,0.0,0.0,0.0,0.0,0.0,0.0,3.0,111.0,4.0,220.0,64240.0,255.0,1.0,32.0,0.0,0.0,0.0,0.0,0.0,0.0,0.0,0.0,Normal
8080.0,10.0,2.0,0.0,0.0,0.0,0.0,0.0,0.0,0.0,0.0,0.0,0.0,0.0,0.0,200000.0,10.0,0.0,10.0,10.0,10.0,10.0,0.0,10.0,10.0,0.0,0.0,0.0,0.0,0.0,0.0,0.0,0.0,0.0,64.0,0.0,200000.0,0.0,0.0,0.0,0.0,0.0,0.0,0.0,0.0,0.0,0.0,1.0,0.0,0.0,0.0,0.0,0.0,0.0,0.0,64.0,0.0,0.0,0.0,0.0,0.0,0.0,2.0,0.0,0.0,0.0,251.0,-1.0,0.0,32.0,0.0,0.0,0.0,0.0,0.0,0.0,0.0,0.0,Normal
8080.0,8206.0,3.0,4.0,111.0,220.0,111.0,0.0,37.0,64.08588,185.0,0.0,55.0,88.223206,40336.34,853.03436,1367.6666,1478.5562,3650.0,20.0,4535.0,2267.5,3178.445,4515.0,20.0,4556.0,1518.6666,1276.3892,2738.0,192.0,0.0,0.0,0.0,0.0,104.0,136.0,365.58615,487.4482,0.0,185.0,41.375,69.77093,4867.982,0.0,0.0,0.0,1.0,0.0,0.0,0.0,0.0,1.0,47.285713,37.0,55.0,104.0,0.0,0.0,0.0,0.0,0.0,0.0,3.0,111.0,4.0,220.0,64240.0,255.0,1.0,32.0,0.0,0.0,0.0,0.0,0.0,0.0,0.0,0.0,Normal
8080.0,222.0,2.0,0.0,0.0,0.0,0.0,0.0,0.0,0.0,0.0,0.0,0.0,0.0,0.0,9009.009,222.0,0.0,222.0,222.0,222.0,222.0,0.0,222.0,222.0,0.0,0.0,0.0,0.0,0.0,0.0,0.0,0.0,0.0,64.0,0.0,9009.009,0.0,0.0,0.0,0.0,0.0,0.0,0.0,0.0,0.0,0.0,1.0,0.0,0.0,0.0,0.0,0.0,0.0,0.0,64.0,0.0,0.0,0.0,0.0,0.0,0.0,2.0,0.0,0.0,0.0,251.0,-1.0,0.0,32.0,0.0,0.0,0.0,0.0,0.0,0.0,0.0,0.0,Normal
8080.0,3138.0,3.0,4.0,111.0,220.0,111.0,0.0,37.0,64.08588,185.0,0.0,55.0,88.223206,105481.195,2230.7202,523.0,556.1022,1577.0,0.0,1129.0,564.5,603.1621,991.0,138.0,2599.0,866.3333,799.94147,1577.0,0.0,0.0,0.0,0.0,0.0,104.0,136.0,956.02295,1274.6973,0.0,185.0,41.375,69.77093,4867.982,0.0,0.0,0.0,1.0,0.0,0.0,0.0,0.0,1.0,47.285713,37.0,55.0,104.0,0.0,0.0,0.0,0.0,0.0,0.0,3.0,111.0,4.0,220.0,64240.0,255.0,1.0,32.0,0.0,0.0,0.0,0.0,0.0,0.0,0.0,0.0,Normal
8080.0,164.0,2.0,0.0,0.0,0.0,0.0,0.0,0.0,0.0,0.0,0.0,0.0,0.0,0.0,12195.122,164.0,0.0,164.0,164.0,164.0,164.0,0.0,164.0,164.0,0.0,0.0,0.0,0.0,0.0,0.0,0.0,0.0,0.0,64.0,0.0,12195.122,0.0,0.0,0.0,0.0,0.0,0.0,0.0,0.0,0.0,0.0,1.0,0.0,0.0,0.0,0.0,0.0,0.0,0.0,64.0,0.0,0.0,0.0,0.0,0.0,0.0,2.0,0.0,0.0,0.0,251.0,-1.0,0.0,32.0,0.0,0.0,0.0,0.0,0.0,0.0,0.0,0.0,Normal
8080.0,2210.0,3.0,4.0,111.0,220.0,111.0,0.0,37.0,64.08588,185.0,0.0,55.0,88.223206,149773.75,3167.421,368.33334,442.96262,1210.0,0.0,717.0,358.5,491.4392,706.0,11.0,1829.0,609.6667,605.054,1210.0,0.0,0.0,0.0,0.0,0.0,104.0,136.0,1357.4661,1809.9547,0.0,185.0,41.375,69.77093,4867.982,0.0,0.0,0.0,1.0,0.0,0.0,0.0,0.0,1.0,47.285713,37.0,55.0,104.0,0.0,0.0,0.0,0.0,0.0,0.0,3.0,111.0,4.0,220.0,64240.0,255.0,1.0,32.0,0.0,0.0,0.0,0.0,0.0,0.0,0.0,0.0,Normal
8080.0,98.0,2.0,0.0,0.0,0.0,0.0,0.0,0.0,0.0,0.0,0.0,0.0,0.0,0.0,20408.164,98.0,0.0,98.0,98.0,98.0,98.0,0.0,98.0,98.0,0.0,0.0,0.0,0.0,0.0,0.0,0.0,0.0,0.0,64.0,0.0,20408.164,0.0,0.0,0.0,0.0,0.0,0.0,0.0,0.0,0.0,0.0,1.0,0.0,0.0,0.0,0.0,0.0,0.0,0.0,64.0,0.0,0.0,0.0,0.0,0.0,0.0,2.0,0.0,0.0,0.0,251.0,-1.0,0.0,32.0,0.0,0.0,0.0,0.0,0.0,0.0,0.0,0.0,Normal
8080.0,7640.0,3.0,4.0,111.0,220.0,111.0,0.0,37.0,64.08588,185.0,0.0,55.0,88.223206,43324.605,916.23035,1273.3334,2541.8477,6453.0,0.0,936.0,468.0,427.0925,770.0,166.0,7205.0,2401.6667,3528.6475,6453.0,0.0,0.0,0.0,0.0,0.0,104.0,136.0,392.67017,523.5602,0.0,185.0,41.375,69.77093,4867.982,0.0,0.0,0.0,1.0,0.0,0.0,0.0,0.0,1.0,47.285713,37.0,55.0,104.0,0.0,0.0,0.0,0.0,0.0,0.0,3.0,111.0,4.0,220.0,64240.0,255.0,1.0,32.0,0.0,0.0,0.0,0.0,0.0,0.0,0.0,0.0,Normal
8080.0,1195.0,1.0,1.0,0.0,35.0,0.0,0.0,0.0,0.0,35.0,35.0,35.0,0.0,29288.703,1673.6401,1195.0,0.0,1195.0,1195.0,0.0,0.0,0.0,0.0,0.0,0.0,0.0,0.0,0.0,0.0,0.0,0.0,0.0,0.0,32.0,32.0,836.82007,836.82007,0.0,35.0,11.666667,20.20726,408.33334,0.0,0.0,0.0,0.0,1.0,0.0,0.0,0.0,1.0,17.5,0.0,35.0,32.0,0.0,0.0,0.0,0.0,0.0,0.0,1.0,0.0,1.0,35.0,251.0,255.0,0.0,32.0,0.0,0.0,0.0,0.0,0.0,0.0,0.0,0.0,Normal
8080.0,20.0,2.0,0.0,0.0,0.0,0.0,0.0,0.0,0.0,0.0,0.0,0.0,0.0,0.0,100000.0,20.0,0.0,20.0,20.0,20.0,20.0,0.0,20.0,20.0,0.0,0.0,0.0,0.0,0.0,0.0,0.0,0.0,0.0,76.0,0.0,100000.0,0.0,0.0,0.0,0.0,0.0,0.0,0.0,0.0,0.0,0.0,1.0,0.0,0.0,0.0,0.0,0.0,0.0,0.0,76.0,0.0,0.0,0.0,0.0,0.0,0.0,2.0,0.0,0.0,0.0,251.0,-1.0,0.0,32.0,0.0,0.0,0.0,0.0,0.0,0.0,0.0,0.0,Normal
8080.0,5361.0,3.0,4.0,111.0,220.0,111.0,0.0,37.0,64.08588,185.0,0.0,55.0,88.223206,61742.21,1305.7266,893.5,1262.0868,3342.0,69.0,1739.0,869.5,976.51447,1560.0,179.0,4202.0,1400.6666,1719.5646,3342.0,69.0,0.0,0.0,0.0,0.0,104.0,136.0,559.5971,746.12946,0.0,185.0,41.375,69.77093,4867.982,0.0,0.0,0.0,1.0,0.0,0.0,0.0,0.0,1.0,47.285713,37.0,55.0,104.0,0.0,0.0,0.0,0.0,0.0,0.0,3.0,111.0,4.0,220.0,64240.0,255.0,1.0,32.0,0.0,0.0,0.0,0.0,0.0,0.0,0.0,0.0,Normal
8080.0,622.0,2.0,0.0,0.0,0.0,0.0,0.0,0.0,0.0,0.0,0.0,0.0,0.0,0.0,3215.434,622.0,0.0,622.0,622.0,622.0,622.0,0.0,622.0,622.0,0.0,0.0,0.0,0.0,0.0,0.0,0.0,0.0,0.0,64.0,0.0,3215.434,0.0,0.0,0.0,0.0,0.0,0.0,0.0,0.0,0.0,0.0,1.0,0.0,0.0,0.0,0.0,0.0,0.0,0.0,64.0,0.0,0.0,0.0,0.0,0.0,0.0,2.0,0.0,0.0,0.0,251.0,-1.0,0.0,32.0,0.0,0.0,0.0,0.0,0.0,0.0,0.0,0.0,Normal
8080.0,2314.0,3.0,4.0,111.0,220.0,111.0,0.0,37.0,64.08588,185.0,0.0,55.0,88.223206,143042.34,3025.065,385.66666,364.21405,933.0,1.0,1101.0,550.5,758.7256,1087.0,14.0,1680.0,560.0,493.05475,933.0,1.0,0.0,0.0,0.0,0.0,104.0,136.0,1296.4563,1728.6085,0.0,185.0,41.375,69.77093,4867.982,0.0,0.0,0.0,1.0,0.0,0.0,0.0,0.0,1.0,47.285713,37.0,55.0,104.0,0.0,0.0,0.0,0.0,0.0,0.0,3.0,111.0,4.0,220.0,64240.0,255.0,1.0,32.0,0.0,0.0,0.0,0.0,0.0,0.0,0.0,0.0,Normal
8080.0,424.0,2.0,0.0,0.0,0.0,0.0,0.0,0.0,0.0,0.0,0.0,0.0,0.0,0.0,4716.981,424.0,0.0,424.0,424.0,424.0,424.0,0.0,424.0,424.0,0.0,0.0,0.0,0.0,0.0,0.0,0.0,0.0,0.0,64.0,0.0,4716.981,0.0,0.0,0.0,0.0,0.0,0.0,0.0,0.0,0.0,0.0,1.0,0.0,0.0,0.0,0.0,0.0,0.0,0.0,64.0,0.0,0.0,0.0,0.0,0.0,0.0,2.0,0.0,0.0,0.0,251.0,-1.0,0.0,32.0,0.0,0.0,0.0,0.0,0.0,0.0,0.0,0.0,Normal
8080.0,4256.0,3.0,4.0,111.0,220.0,111.0,0.0,37.0,64.08588,185.0,0.0,55.0,88.223206,77772.555,1644.7368,709.3333,677.7677,1949.0,0.0,1637.0,818.5,760.1398,1356.0,281.0,3391.0,1130.3334,1011.1886,1949.0,0.0,0.0,0.0,0.0,0.0,104.0,136.0,704.8872,939.8496,0.0,185.0,41.375,69.77093,4867.982,0.0,0.0,0.0,1.0,0.0,0.0,0.0,0.0,1.0,47.285713,37.0,55.0,104.0,0.0,0.0,0.0,0.0,0.0,0.0,3.0,111.0,4.0,220.0,64240.0,255.0,1.0,32.0,0.0,0.0,0.0,0.0,0.0,0.0,0.0,0.0,Normal
8080.0,289.0,2.0,0.0,0.0,0.0,0.0,0.0,0.0,0.0,0.0,0.0,0.0,0.0,0.0,6920.415,289.0,0.0,289.0,289.0,289.0,289.0,0.0,289.0,289.0,0.0,0.0,0.0,0.0,0.0,0.0,0.0,0.0,0.0,64.0,0.0,6920.415,0.0,0.0,0.0,0.0,0.0,0.0,0.0,0.0,0.0,0.0,1.0,0.0,0.0,0.0,0.0,0.0,0.0,0.0,64.0,0.0,0.0,0.0,0.0,0.0,0.0,2.0,0.0,0.0,0.0,251.0,-1.0,0.0,32.0,0.0,0.0,0.0,0.0,0.0,0.0,0.0,0.0,Normal
8080.0,20004.0,3.0,4.0,111.0,220.0,111.0,0.0,37.0,64.08588,185.0,0.0,55.0,88.223206,16546.691,349.93002,3334.0,3507.4177,8001.0,45.0,11349.0,5674.5,7961.3154,11304.0,45.0,14221.0,4740.3335,4073.5803,8001.0,174.0,0.0,0.0,0.0,0.0,104.0,136.0,149.97,199.96,0.0,185.0,41.375,69.77093,4867.982,0.0,0.0,0.0,1.0,0.0,0.0,0.0,0.0,1.0,47.285713,37.0,55.0,104.0,0.0,0.0,0.0,0.0,0.0,0.0,3.0,111.0,4.0,220.0,64240.0,255.0,1.0,32.0,0.0,0.0,0.0,0.0,0.0,0.0,0.0,0.0,Normal
8080.0,543.0,2.0,0.0,0.0,0.0,0.0,0.0,0.0,0.0,0.0,0.0,0.0,0.0,0.0,3683.2412,543.0,0.0,543.0,543.0,543.0,543.0,0.0,543.0,543.0,0.0,0.0,0.0,0.0,0.0,0.0,0.0,0.0,0.0,64.0,0.0,3683.2412,0.0,0.0,0.0,0.0,0.0,0.0,0.0,0.0,0.0,0.0,1.0,0.0,0.0,0.0,0.0,0.0,0.0,0.0,64.0,0.0,0.0,0.0,0.0,0.0,0.0,2.0,0.0,0.0,0.0,251.0,-1.0,0.0,32.0,0.0,0.0,0.0,0.0,0.0,0.0,0.0,0.0,Normal
8080.0,3711.0,3.0,4.0,111.0,220.0,111.0,0.0,37.0,64.08588,185.0,0.0,55.0,88.223206,89194.29,1886.284,618.5,594.1726,1753.0,0.0,1404.0,702.0,507.70267,1061.0,343.0,3177.0,1059.0,931.75696,1753.0,0.0,0.0,0.0,0.0,0.0,104.0,136.0,808.4074,1077.8766,0.0,185.0,41.375,69.77093,4867.982,0.0,0.0,0.0,1.0,0.0,0.0,0.0,0.0,1.0,47.285713,37.0,55.0,104.0,0.0,0.0,0.0,0.0,0.0,0.0,3.0,111.0,4.0,220.0,64240.0,255.0,1.0,32.0,0.0,0.0,0.0,0.0,0.0,0.0,0.0,0.0,Normal
8080.0,337.0,2.0,0.0,0.0,0.0,0.0,0.0,0.0,0.0,0.0,0.0,0.0,0.0,0.0,5934.7183,337.0,0.0,337.0,337.0,337.0,337.0,0.0,337.0,337.0,0.0,0.0,0.0,0.0,0.0,0.0,0.0,0.0,0.0,64.0,0.0,5934.7183,0.0,0.0,0.0,0.0,0.0,0.0,0.0,0.0,0.0,0.0,1.0,0.0,0.0,0.0,0.0,0.0,0.0,0.0,64.0,0.0,0.0,0.0,0.0,0.0,0.0,2.0,0.0,0.0,0.0,251.0,-1.0,0.0,32.0,0.0,0.0,0.0,0.0,0.0,0.0,0.0,0.0,Normal
8080.0,2195.0,3.0,4.0,111.0,220.0,111.0,0.0,37.0,64.08588,185.0,0.0,55.0,88.223206,150797.27,3189.0662,365.83334,343.0705,800.0,1.0,1215.0,607.5,836.5073,1199.0,16.0,1395.0,465.0,402.9541,727.0,1.0,0.0,0.0,0.0,0.0,104.0,136.0,1366.7426,1822.3235,0.0,185.0,41.375,69.77093,4867.982,0.0,0.0,0.0,1.0,0.0,0.0,0.0,0.0,1.0,47.285713,37.0,55.0,104.0,0.0,0.0,0.0,0.0,0.0,0.0,3.0,111.0,4.0,220.0,64240.0,255.0,1.0,32.0,0.0,0.0,0.0,0.0,0.0,0.0,0.0,0.0,Normal
8080.0,11.0,2.0,0.0,0.0,0.0,0.0,0.0,0.0,0.0,0.0,0.0,0.0,0.0,0.0,181818.19,11.0,0.0,11.0,11.0,11.0,11.0,0.0,11.0,11.0,0.0,0.0,0.0,0.0,0.0,0.0,0.0,0.0,0.0,64.0,0.0,181818.19,0.0,0.0,0.0,0.0,0.0,0.0,0.0,0.0,0.0,0.0,1.0,0.0,0.0,0.0,0.0,0.0,0.0,0.0,64.0,0.0,0.0,0.0,0.0,0.0,0.0,2.0,0.0,0.0,0.0,251.0,-1.0,0.0,32.0,0.0,0.0,0.0,0.0,0.0,0.0,0.0,0.0,Normal
8080.0,2837.0,3.0,4.0,111.0,220.0,111.0,0.0,37.0,64.08588,185.0,0.0,55.0,88.223206,116672.54,2467.395,472.83334,476.87332,1316.0,0.0,1234.0,617.0,742.4621,1142.0,92.0,2223.0,741.0,673.52136,1316.0,0.0,0.0,0.0,0.0,0.0,104.0,136.0,1057.4551,1409.9401,0.0,185.0,41.375,69.77093,4867.982,0.0,0.0,0.0,1.0,0.0,0.0,0.0,0.0,1.0,47.285713,37.0,55.0,104.0,0.0,0.0,0.0,0.0,0.0,0.0,3.0,111.0,4.0,220.0,64240.0,255.0,1.0,32.0,0.0,0.0,0.0,0.0,0.0,0.0,0.0,0.0,Normal
8080.0,12.0,2.0,0.0,0.0,0.0,0.0,0.0,0.0,0.0,0.0,0.0,0.0,0.0,0.0,166666.67,12.0,0.0,12.0,12.0,12.0,12.0,0.0,12.0,12.0,0.0,0.0,0.0,0.0,0.0,0.0,0.0,0.0,0.0,64.0,0.0,166666.67,0.0,0.0,0.0,0.0,0.0,0.0,0.0,0.0,0.0,0.0,1.0,0.0,0.0,0.0,0.0,0.0,0.0,0.0,64.0,0.0,0.0,0.0,0.0,0.0,0.0,2.0,0.0,0.0,0.0,251.0,-1.0,0.0,32.0,0.0,0.0,0.0,0.0,0.0,0.0,0.0,0.0,Normal
8080.0,6480.0,3.0,4.0,111.0,220.0,111.0,0.0,37.0,64.08588,185.0,0.0,55.0,88.223206,51080.246,1080.247,1080.0,1475.1556,3928.0,1.0,2208.0,1104.0,1138.4419,1909.0,299.0,5067.0,1689.0,2020.6516,3928.0,1.0,0.0,0.0,0.0,0.0,104.0,136.0,462.96295,617.28394,0.0,185.0,41.375,69.77093,4867.982,0.0,0.0,0.0,1.0,0.0,0.0,0.0,0.0,1.0,47.285713,37.0,55.0,104.0,0.0,0.0,0.0,0.0,0.0,0.0,3.0,111.0,4.0,220.0,64240.0,255.0,1.0,32.0,0.0,0.0,0.0,0.0,0.0,0.0,0.0,0.0,Normal
8080.0,366.0,2.0,0.0,0.0,0.0,0.0,0.0,0.0,0.0,0.0,0.0,0.0,0.0,0.0,5464.481,366.0,0.0,366.0,366.0,366.0,366.0,0.0,366.0,366.0,0.0,0.0,0.0,0.0,0.0,0.0,0.0,0.0,0.0,64.0,0.0,5464.481,0.0,0.0,0.0,0.0,0.0,0.0,0.0,0.0,0.0,0.0,1.0,0.0,0.0,0.0,0.0,0.0,0.0,0.0,64.0,0.0,0.0,0.0,0.0,0.0,0.0,2.0,0.0,0.0,0.0,251.0,-1.0,0.0,32.0,0.0,0.0,0.0,0.0,0.0,0.0,0.0,0.0,Normal
8080.0,3351.0,3.0,4.0,111.0,220.0,111.0,0.0,37.0,64.08588,185.0,0.0,55.0,88.223206,98776.484,2088.9287,558.5,497.2431,1419.0,14.0,1297.0,648.5,897.3185,1283.0,14.0,2607.0,869.0,643.0389,1419.0,162.0,0.0,0.0,0.0,0.0,104.0,136.0,895.2551,1193.6736,0.0,185.0,41.375,69.77093,4867.982,0.0,0.0,0.0,1.0,0.0,0.0,0.0,0.0,1.0,47.285713,37.0,55.0,104.0,0.0,0.0,0.0,0.0,0.0,0.0,3.0,111.0,4.0,220.0,64240.0,255.0,1.0,32.0,0.0,0.0,0.0,0.0,0.0,0.0,0.0,0.0,Normal
8080.0,16.0,2.0,0.0,0.0,0.0,0.0,0.0,0.0,0.0,0.0,0.0,0.0,0.0,0.0,125000.0,16.0,0.0,16.0,16.0,16.0,16.0,0.0,16.0,16.0,0.0,0.0,0.0,0.0,0.0,0.0,0.0,0.0,0.0,64.0,0.0,125000.0,0.0,0.0,0.0,0.0,0.0,0.0,0.0,0.0,0.0,0.0,1.0,0.0,0.0,0.0,0.0,0.0,0.0,0.0,64.0,0.0,0.0,0.0,0.0,0.0,0.0,2.0,0.0,0.0,0.0,251.0,-1.0,0.0,32.0,0.0,0.0,0.0,0.0,0.0,0.0,0.0,0.0,Normal
8080.0,3635.0,3.0,4.0,111.0,220.0,111.0,0.0,37.0,64.08588,185.0,0.0,55.0,88.223206,91059.15,1925.7222,605.8333,603.2361,1756.0,23.0,1069.0,534.5,723.37024,1046.0,23.0,3287.0,1095.6666,689.6668,1756.0,380.0,0.0,0.0,0.0,0.0,104.0,136.0,825.3095,1100.4126,0.0,185.0,41.375,69.77093,4867.982,0.0,0.0,0.0,1.0,0.0,0.0,0.0,0.0,1.0,47.285713,37.0,55.0,104.0,0.0,0.0,0.0,0.0,0.0,0.0,3.0,111.0,4.0,220.0,64240.0,255.0,1.0,32.0,0.0,0.0,0.0,0.0,0.0,0.0,0.0,0.0,Normal
8080.0,511.0,2.0,0.0,0.0,0.0,0.0,0.0,0.0,0.0,0.0,0.0,0.0,0.0,0.0,3913.8943,511.0,0.0,511.0,511.0,511.0,511.0,0.0,511.0,511.0,0.0,0.0,0.0,0.0,0.0,0.0,0.0,0.0,0.0,64.0,0.0,3913.8943,0.0,0.0,0.0,0.0,0.0,0.0,0.0,0.0,0.0,0.0,1.0,0.0,0.0,0.0,0.0,0.0,0.0,0.0,64.0,0.0,0.0,0.0,0.0,0.0,0.0,2.0,0.0,0.0,0.0,251.0,-1.0,0.0,32.0,0.0,0.0,0.0,0.0,0.0,0.0,0.0,0.0,Normal
8080.0,9164.0,3.0,4.0,111.0,220.0,111.0,0.0,37.0,64.08588,185.0,0.0,55.0,88.223206,36119.598,763.8586,1527.3334,1163.3337,3231.0,0.0,5549.0,2774.5,2625.4875,4631.0,918.0,7764.0,2588.0,2627.8684,5254.0,0.0,0.0,0.0,0.0,0.0,104.0,136.0,327.36795,436.4906,0.0,185.0,41.375,69.77093,4867.982,0.0,0.0,0.0,1.0,0.0,0.0,0.0,0.0,1.0,47.285713,37.0,55.0,104.0,0.0,0.0,0.0,0.0,0.0,0.0,3.0,111.0,4.0,220.0,64240.0,255.0,1.0,32.0,0.0,0.0,0.0,0.0,0.0,0.0,0.0,0.0,Normal
8080.0,160.0,2.0,0.0,0.0,0.0,0.0,0.0,0.0,0.0,0.0,0.0,0.0,0.0,0.0,12500.0,160.0,0.0,160.0,160.0,160.0,160.0,0.0,160.0,160.0,0.0,0.0,0.0,0.0,0.0,0.0,0.0,0.0,0.0,64.0,0.0,12500.0,0.0,0.0,0.0,0.0,0.0,0.0,0.0,0.0,0.0,0.0,1.0,0.0,0.0,0.0,0.0,0.0,0.0,0.0,64.0,0.0,0.0,0.0,0.0,0.0,0.0,2.0,0.0,0.0,0.0,251.0,-1.0,0.0,32.0,0.0,0.0,0.0,0.0,0.0,0.0,0.0,0.0,Normal
8080.0,3080.0,3.0,4.0,111.0,220.0,111.0,0.0,37.0,64.08588,185.0,0.0,55.0,88.223206,107467.53,2272.7273,513.3333,471.08542,1341.0,0.0,1333.0,666.5,695.08594,1158.0,175.0,2386.0,795.3333,704.50006,1341.0,0.0,0.0,0.0,0.0,0.0,104.0,136.0,974.026,1298.7013,0.0,185.0,41.375,69.77093,4867.982,0.0,0.0,0.0,1.0,0.0,0.0,0.0,0.0,1.0,47.285713,37.0,55.0,104.0,0.0,0.0,0.0,0.0,0.0,0.0,3.0,111.0,4.0,220.0,64240.0,255.0,1.0,32.0,0.0,0.0,0.0,0.0,0.0,0.0,0.0,0.0,Normal
8080.0,19.0,2.0,0.0,0.0,0.0,0.0,0.0,0.0,0.0,0.0,0.0,0.0,0.0,0.0,105263.16,19.0,0.0,19.0,19.0,19.0,19.0,0.0,19.0,19.0,0.0,0.0,0.0,0.0,0.0,0.0,0.0,0.0,0.0,64.0,0.0,105263.16,0.0,0.0,0.0,0.0,0.0,0.0,0.0,0.0,0.0,0.0,1.0,0.0,0.0,0.0,0.0,0.0,0.0,0.0,64.0,0.0,0.0,0.0,0.0,0.0,0.0,2.0,0.0,0.0,0.0,251.0,-1.0,0.0,32.0,0.0,0.0,0.0,0.0,0.0,0.0,0.0,0.0,Normal
8080.0,2956.0,3.0,4.0,111.0,220.0,111.0,0.0,37.0,64.08588,185.0,0.0,55.0,88.223206,111975.64,2368.065,492.66666,556.5949,1549.0,0.0,1036.0,518.0,612.3545,951.0,85.0,2414.0,804.6667,776.2605,1549.0,0.0,0.0,0.0,0.0,0.0,104.0,136.0,1014.885,1353.1799,0.0,185.0,41.375,69.77093,4867.982,0.0,0.0,0.0,1.0,0.0,0.0,0.0,0.0,1.0,47.285713,37.0,55.0,104.0,0.0,0.0,0.0,0.0,0.0,0.0,3.0,111.0,4.0,220.0,64240.0,255.0,1.0,32.0,0.0,0.0,0.0,0.0,0.0,0.0,0.0,0.0,Normal
8080.0,112.0,2.0,0.0,0.0,0.0,0.0,0.0,0.0,0.0,0.0,0.0,0.0,0.0,0.0,17857.143,112.0,0.0,112.0,112.0,112.0,112.0,0.0,112.0,112.0,0.0,0.0,0.0,0.0,0.0,0.0,0.0,0.0,0.0,64.0,0.0,17857.143,0.0,0.0,0.0,0.0,0.0,0.0,0.0,0.0,0.0,0.0,1.0,0.0,0.0,0.0,0.0,0.0,0.0,0.0,64.0,0.0,0.0,0.0,0.0,0.0,0.0,2.0,0.0,0.0,0.0,251.0,-1.0,0.0,32.0,0.0,0.0,0.0,0.0,0.0,0.0,0.0,0.0,Normal
8080.0,2865.0,3.0,4.0,111.0,220.0,111.0,0.0,37.0,64.08588,185.0,0.0,55.0,88.223206,115532.29,2443.281,477.5,503.2108,1403.0,0.0,1041.0,520.5,654.0738,983.0,58.0,2342.0,780.6667,714.7757,1403.0,0.0,0.0,0.0,0.0,0.0,104.0,136.0,1047.1204,1396.1605,0.0,185.0,41.375,69.77093,4867.982,0.0,0.0,0.0,1.0,0.0,0.0,0.0,0.0,1.0,47.285713,37.0,55.0,104.0,0.0,0.0,0.0,0.0,0.0,0.0,3.0,111.0,4.0,220.0,64240.0,255.0,1.0,32.0,0.0,0.0,0.0,0.0,0.0,0.0,0.0,0.0,Normal
8080.0,207.0,2.0,0.0,0.0,0.0,0.0,0.0,0.0,0.0,0.0,0.0,0.0,0.0,0.0,9661.836,207.0,0.0,207.0,207.0,207.0,207.0,0.0,207.0,207.0,0.0,0.0,0.0,0.0,0.0,0.0,0.0,0.0,0.0,64.0,0.0,9661.836,0.0,0.0,0.0,0.0,0.0,0.0,0.0,0.0,0.0,0.0,1.0,0.0,0.0,0.0,0.0,0.0,0.0,0.0,64.0,0.0,0.0,0.0,0.0,0.0,0.0,2.0,0.0,0.0,0.0,251.0,-1.0,0.0,32.0,0.0,0.0,0.0,0.0,0.0,0.0,0.0,0.0,Normal
8080.0,2570.0,3.0,4.0,111.0,220.0,111.0,0.0,37.0,64.08588,185.0,0.0,55.0,88.223206,128793.77,2723.7354,428.33334,377.98236,1114.0,0.0,1098.0,549.0,497.80316,901.0,197.0,2094.0,698.0,608.1875,1114.0,0.0,0.0,0.0,0.0,0.0,104.0,136.0,1167.3152,1556.4203,0.0,185.0,41.375,69.77093,4867.982,0.0,0.0,0.0,1.0,0.0,0.0,0.0,0.0,1.0,47.285713,37.0,55.0,104.0,0.0,0.0,0.0,0.0,0.0,0.0,3.0,111.0,4.0,220.0,64240.0,255.0,1.0,32.0,0.0,0.0,0.0,0.0,0.0,0.0,0.0,0.0,Normal
8080.0,183.0,2.0,0.0,0.0,0.0,0.0,0.0,0.0,0.0,0.0,0.0,0.0,0.0,0.0,10928.962,183.0,0.0,183.0,183.0,183.0,183.0,0.0,183.0,183.0,0.0,0.0,0.0,0.0,0.0,0.0,0.0,0.0,0.0,64.0,0.0,10928.962,0.0,0.0,0.0,0.0,0.0,0.0,0.0,0.0,0.0,0.0,1.0,0.0,0.0,0.0,0.0,0.0,0.0,0.0,64.0,0.0,0.0,0.0,0.0,0.0,0.0,2.0,0.0,0.0,0.0,251.0,-1.0,0.0,32.0,0.0,0.0,0.0,0.0,0.0,0.0,0.0,0.0,Normal
8080.0,2395.0,3.0,4.0,111.0,220.0,111.0,0.0,37.0,64.08588,185.0,0.0,55.0,88.223206,138204.6,2922.7559,399.16666,425.2667,1163.0,0.0,879.0,439.5,603.1621,866.0,13.0,1899.0,633.0,588.3018,1163.0,0.0,0.0,0.0,0.0,0.0,104.0,136.0,1252.6096,1670.1461,0.0,185.0,41.375,69.77093,4867.982,0.0,0.0,0.0,1.0,0.0,0.0,0.0,0.0,1.0,47.285713,37.0,55.0,104.0,0.0,0.0,0.0,0.0,0.0,0.0,3.0,111.0,4.0,220.0,64240.0,255.0,1.0,32.0,0.0,0.0,0.0,0.0,0.0,0.0,0.0,0.0,Normal
8080.0,214.0,2.0,0.0,0.0,0.0,0.0,0.0,0.0,0.0,0.0,0.0,0.0,0.0,0.0,9345.794,214.0,0.0,214.0,214.0,214.0,214.0,0.0,214.0,214.0,0.0,0.0,0.0,0.0,0.0,0.0,0.0,0.0,0.0,64.0,0.0,9345.794,0.0,0.0,0.0,0.0,0.0,0.0,0.0,0.0,0.0,0.0,1.0,0.0,0.0,0.0,0.0,0.0,0.0,0.0,64.0,0.0,0.0,0.0,0.0,0.0,0.0,2.0,0.0,0.0,0.0,251.0,-1.0,0.0,32.0,0.0,0.0,0.0,0.0,0.0,0.0,0.0,0.0,Normal
8080.0,4280.0,3.0,4.0,111.0,220.0,111.0,0.0,37.0,64.08588,185.0,0.0,55.0,88.223206,77336.445,1635.514,713.3333,580.1223,1802.0,142.0,1468.0,734.0,837.2144,1326.0,142.0,3438.0,1146.0,611.41473,1802.0,592.0,0.0,0.0,0.0,0.0,104.0,136.0,700.9346,934.57947,0.0,185.0,41.375,69.77093,4867.982,0.0,0.0,0.0,1.0,0.0,0.0,0.0,0.0,1.0,47.285713,37.0,55.0,104.0,0.0,0.0,0.0,0.0,0.0,0.0,3.0,111.0,4.0,220.0,64240.0,255.0,1.0,32.0,0.0,0.0,0.0,0.0,0.0,0.0,0.0,0.0,Normal
8080.0,334.0,2.0,0.0,0.0,0.0,0.0,0.0,0.0,0.0,0.0,0.0,0.0,0.0,0.0,5988.024,334.0,0.0,334.0,334.0,334.0,334.0,0.0,334.0,334.0,0.0,0.0,0.0,0.0,0.0,0.0,0.0,0.0,0.0,64.0,0.0,5988.024,0.0,0.0,0.0,0.0,0.0,0.0,0.0,0.0,0.0,0.0,1.0,0.0,0.0,0.0,0.0,0.0,0.0,0.0,64.0,0.0,0.0,0.0,0.0,0.0,0.0,2.0,0.0,0.0,0.0,251.0,-1.0,0.0,32.0,0.0,0.0,0.0,0.0,0.0,0.0,0.0,0.0,Normal
8080.0,3409.0,3.0,4.0,111.0,220.0,111.0,0.0,37.0,64.08588,185.0,0.0,55.0,88.223206,97095.92,2053.3882,568.1667,638.7708,1829.0,85.0,1164.0,582.0,555.78595,975.0,189.0,2877.0,959.0,872.0069,1829.0,85.0,0.0,0.0,0.0,0.0,104.0,136.0,880.02344,1173.3646,0.0,185.0,41.375,69.77093,4867.982,0.0,0.0,0.0,1.0,0.0,0.0,0.0,0.0,1.0,47.285713,37.0,55.0,104.0,0.0,0.0,0.0,0.0,0.0,0.0,3.0,111.0,4.0,220.0,64240.0,255.0,1.0,32.0,0.0,0.0,0.0,0.0,0.0,0.0,0.0,0.0,Normal
8080.0,79.0,2.0,0.0,0.0,0.0,0.0,0.0,0.0,0.0,0.0,0.0,0.0,0.0,0.0,25316.455,79.0,0.0,79.0,79.0,79.0,79.0,0.0,79.0,79.0,0.0,0.0,0.0,0.0,0.0,0.0,0.0,0.0,0.0,64.0,0.0,25316.455,0.0,0.0,0.0,0.0,0.0,0.0,0.0,0.0,0.0,0.0,1.0,0.0,0.0,0.0,0.0,0.0,0.0,0.0,64.0,0.0,0.0,0.0,0.0,0.0,0.0,2.0,0.0,0.0,0.0,251.0,-1.0,0.0,32.0,0.0,0.0,0.0,0.0,0.0,0.0,0.0,0.0,Normal
8080.0,3634.0,3.0,4.0,111.0,220.0,111.0,0.0,37.0,64.08588,185.0,0.0,55.0,88.223206,91084.2,1926.2521,605.6667,796.7383,2165.0,0.0,1098.0,549.0,692.96466,1039.0,59.0,3056.0,1018.6667,1088.1316,2165.0,0.0,0.0,0.0,0.0,0.0,104.0,136.0,825.5366,1100.7155,0.0,185.0,41.375,69.77093,4867.982,0.0,0.0,0.0,1.0,0.0,0.0,0.0,0.0,1.0,47.285713,37.0,55.0,104.0,0.0,0.0,0.0,0.0,0.0,0.0,3.0,111.0,4.0,220.0,64240.0,255.0,1.0,32.0,0.0,0.0,0.0,0.0,0.0,0.0,0.0,0.0,Normal
8080.0,524.0,2.0,0.0,0.0,0.0,0.0,0.0,0.0,0.0,0.0,0.0,0.0,0.0,0.0,3816.794,524.0,0.0,524.0,524.0,524.0,524.0,0.0,524.0,524.0,0.0,0.0,0.0,0.0,0.0,0.0,0.0,0.0,0.0,64.0,0.0,3816.794,0.0,0.0,0.0,0.0,0.0,0.0,0.0,0.0,0.0,0.0,1.0,0.0,0.0,0.0,0.0,0.0,0.0,0.0,64.0,0.0,0.0,0.0,0.0,0.0,0.0,2.0,0.0,0.0,0.0,251.0,-1.0,0.0,32.0,0.0,0.0,0.0,0.0,0.0,0.0,0.0,0.0,Normal
8080.0,4186.0,3.0,4.0,111.0,220.0,111.0,0.0,37.0,64.08588,185.0,0.0,55.0,88.223206,79073.1,1672.2408,697.6667,1163.6785,3057.0,0.0,869.0,434.5,392.44427,712.0,157.0,3820.0,1273.3334,1591.1135,3057.0,0.0,0.0,0.0,0.0,0.0,104.0,136.0,716.6746,955.56616,0.0,185.0,41.375,69.77093,4867.982,0.0,0.0,0.0,1.0,0.0,0.0,0.0,0.0,1.0,47.285713,37.0,55.0,104.0,0.0,0.0,0.0,0.0,0.0,0.0,3.0,111.0,4.0,220.0,64240.0,255.0,1.0,32.0,0.0,0.0,0.0,0.0,0.0,0.0,0.0,0.0,Normal
8080.0,193.0,2.0,0.0,0.0,0.0,0.0,0.0,0.0,0.0,0.0,0.0,0.0,0.0,0.0,10362.694,193.0,0.0,193.0,193.0,193.0,193.0,0.0,193.0,193.0,0.0,0.0,0.0,0.0,0.0,0.0,0.0,0.0,0.0,64.0,0.0,10362.694,0.0,0.0,0.0,0.0,0.0,0.0,0.0,0.0,0.0,0.0,1.0,0.0,0.0,0.0,0.0,0.0,0.0,0.0,64.0,0.0,0.0,0.0,0.0,0.0,0.0,2.0,0.0,0.0,0.0,251.0,-1.0,0.0,32.0,0.0,0.0,0.0,0.0,0.0,0.0,0.0,0.0,Normal
8080.0,2717.0,3.0,4.0,111.0,220.0,111.0,0.0,37.0,64.08588,185.0,0.0,55.0,88.223206,121825.54,2576.371,452.83334,359.92523,1054.0,1.0,1269.0,634.5,611.64734,1067.0,202.0,2220.0,740.0,642.3947,1165.0,1.0,0.0,0.0,0.0,0.0,104.0,136.0,1104.159,1472.212,0.0,185.0,41.375,69.77093,4867.982,0.0,0.0,0.0,1.0,0.0,0.0,0.0,0.0,1.0,47.285713,37.0,55.0,104.0,0.0,0.0,0.0,0.0,0.0,0.0,3.0,111.0,4.0,220.0,64240.0,255.0,1.0,32.0,0.0,0.0,0.0,0.0,0.0,0.0,0.0,0.0,Normal
8080.0,13.0,2.0,0.0,0.0,0.0,0.0,0.0,0.0,0.0,0.0,0.0,0.0,0.0,0.0,153846.16,13.0,0.0,13.0,13.0,13.0,13.0,0.0,13.0,13.0,0.0,0.0,0.0,0.0,0.0,0.0,0.0,0.0,0.0,64.0,0.0,153846.16,0.0,0.0,0.0,0.0,0.0,0.0,0.0,0.0,0.0,0.0,1.0,0.0,0.0,0.0,0.0,0.0,0.0,0.0,64.0,0.0,0.0,0.0,0.0,0.0,0.0,2.0,0.0,0.0,0.0,251.0,-1.0,0.0,32.0,0.0,0.0,0.0,0.0,0.0,0.0,0.0,0.0,Normal
8080.0,7105.0,3.0,4.0,111.0,220.0,111.0,0.0,37.0,64.08588,185.0,0.0,55.0,88.223206,46586.91,985.2217,1184.1666,2148.205,5558.0,127.0,1080.0,540.0,584.0702,953.0,127.0,6558.0,2186.0,2938.267,5558.0,175.0,0.0,0.0,0.0,0.0,104.0,136.0,422.23785,562.9838,0.0,185.0,41.375,69.77093,4867.982,0.0,0.0,0.0,1.0,0.0,0.0,0.0,0.0,1.0,47.285713,37.0,55.0,104.0,0.0,0.0,0.0,0.0,0.0,0.0,3.0,111.0,4.0,220.0,64240.0,255.0,1.0,32.0,0.0,0.0,0.0,0.0,0.0,0.0,0.0,0.0,Normal
8080.0,333.0,2.0,0.0,0.0,0.0,0.0,0.0,0.0,0.0,0.0,0.0,0.0,0.0,0.0,6006.006,333.0,0.0,333.0,333.0,333.0,333.0,0.0,333.0,333.0,0.0,0.0,0.0,0.0,0.0,0.0,0.0,0.0,0.0,64.0,0.0,6006.006,0.0,0.0,0.0,0.0,0.0,0.0,0.0,0.0,0.0,0.0,1.0,0.0,0.0,0.0,0.0,0.0,0.0,0.0,64.0,0.0,0.0,0.0,0.0,0.0,0.0,2.0,0.0,0.0,0.0,251.0,-1.0,0.0,32.0,0.0,0.0,0.0,0.0,0.0,0.0,0.0,0.0,Normal
8080.0,3182.0,3.0,4.0,111.0,220.0,111.0,0.0,37.0,64.08588,185.0,0.0,55.0,88.223206,104022.625,2199.8743,530.3333,492.29,1477.0,95.0,1133.0,566.5,666.8017,1038.0,95.0,2655.0,885.0,625.88257,1477.0,230.0,0.0,0.0,0.0,0.0,104.0,136.0,942.8033,1257.071,0.0,185.0,41.375,69.77093,4867.982,0.0,0.0,0.0,1.0,0.0,0.0,0.0,0.0,1.0,47.285713,37.0,55.0,104.0,0.0,0.0,0.0,0.0,0.0,0.0,3.0,111.0,4.0,220.0,64240.0,255.0,1.0,32.0,0.0,0.0,0.0,0.0,0.0,0.0,0.0,0.0,Normal
8080.0,179.0,2.0,0.0,0.0,0.0,0.0,0.0,0.0,0.0,0.0,0.0,0.0,0.0,0.0,11173.185,179.0,0.0,179.0,179.0,179.0,179.0,0.0,179.0,179.0,0.0,0.0,0.0,0.0,0.0,0.0,0.0,0.0,0.0,64.0,0.0,11173.185,0.0,0.0,0.0,0.0,0.0,0.0,0.0,0.0,0.0,0.0,1.0,0.0,0.0,0.0,0.0,0.0,0.0,0.0,64.0,0.0,0.0,0.0,0.0,0.0,0.0,2.0,0.0,0.0,0.0,251.0,-1.0,0.0,32.0,0.0,0.0,0.0,0.0,0.0,0.0,0.0,0.0,Normal
8080.0,3462.0,3.0,4.0,111.0,220.0,111.0,0.0,37.0,64.08588,185.0,0.0,55.0,88.223206,95609.48,2021.9526,577.0,651.2213,1867.0,81.0,1024.0,512.0,609.52606,943.0,81.0,2917.0,972.3333,830.8558,1867.0,225.0,0.0,0.0,0.0,0.0,104.0,136.0,866.55115,1155.4015,0.0,185.0,41.375,69.77093,4867.982,0.0,0.0,0.0,1.0,0.0,0.0,0.0,0.0,1.0,47.285713,37.0,55.0,104.0,0.0,0.0,0.0,0.0,0.0,0.0,3.0,111.0,4.0,220.0,64240.0,255.0,1.0,32.0,0.0,0.0,0.0,0.0,0.0,0.0,0.0,0.0,Normal
8080.0,16.0,2.0,0.0,0.0,0.0,0.0,0.0,0.0,0.0,0.0,0.0,0.0,0.0,0.0,125000.0,16.0,0.0,16.0,16.0,16.0,16.0,0.0,16.0,16.0,0.0,0.0,0.0,0.0,0.0,0.0,0.0,0.0,0.0,64.0,0.0,125000.0,0.0,0.0,0.0,0.0,0.0,0.0,0.0,0.0,0.0,0.0,1.0,0.0,0.0,0.0,0.0,0.0,0.0,0.0,64.0,0.0,0.0,0.0,0.0,0.0,0.0,2.0,0.0,0.0,0.0,251.0,-1.0,0.0,32.0,0.0,0.0,0.0,0.0,0.0,0.0,0.0,0.0,Normal
8080.0,3270.0,3.0,4.0,111.0,220.0,111.0,0.0,37.0,64.08588,185.0,0.0,55.0,88.223206,101223.24,2140.6729,545.0,520.4206,1568.0,143.0,1103.0,551.5,577.70624,960.0,143.0,2714.0,904.6667,660.51825,1568.0,247.0,0.0,0.0,0.0,0.0,104.0,136.0,917.4312,1223.2416,0.0,185.0,41.375,69.77093,4867.982,0.0,0.0,0.0,1.0,0.0,0.0,0.0,0.0,1.0,47.285713,37.0,55.0,104.0,0.0,0.0,0.0,0.0,0.0,0.0,3.0,111.0,4.0,220.0,64240.0,255.0,1.0,32.0,0.0,0.0,0.0,0.0,0.0,0.0,0.0,0.0,Normal
8080.0,202.0,2.0,0.0,0.0,0.0,0.0,0.0,0.0,0.0,0.0,0.0,0.0,0.0,0.0,9900.99,202.0,0.0,202.0,202.0,202.0,202.0,0.0,202.0,202.0,0.0,0.0,0.0,0.0,0.0,0.0,0.0,0.0,0.0,64.0,0.0,9900.99,0.0,0.0,0.0,0.0,0.0,0.0,0.0,0.0,0.0,0.0,1.0,0.0,0.0,0.0,0.0,0.0,0.0,0.0,64.0,0.0,0.0,0.0,0.0,0.0,0.0,2.0,0.0,0.0,0.0,251.0,-1.0,0.0,32.0,0.0,0.0,0.0,0.0,0.0,0.0,0.0,0.0,Normal
8080.0,3189.0,3.0,4.0,111.0,220.0,111.0,0.0,37.0,64.08588,185.0,0.0,55.0,88.223206,103794.29,2195.0454,531.5,348.45416,1135.0,74.0,1149.0,574.5,707.8139,1075.0,74.0,2578.0,859.3333,309.8392,1135.0,524.0,0.0,0.0,0.0,0.0,104.0,136.0,940.73376,1254.3116,0.0,185.0,41.375,69.77093,4867.982,0.0,0.0,0.0,1.0,0.0,0.0,0.0,0.0,1.0,47.285713,37.0,55.0,104.0,0.0,0.0,0.0,0.0,0.0,0.0,3.0,111.0,4.0,220.0,64240.0,255.0,1.0,32.0,0.0,0.0,0.0,0.0,0.0,0.0,0.0,0.0,Normal
8080.0,1072.0,2.0,0.0,0.0,0.0,0.0,0.0,0.0,0.0,0.0,0.0,0.0,0.0,0.0,1865.6716,1072.0,0.0,1072.0,1072.0,1072.0,1072.0,0.0,1072.0,1072.0,0.0,0.0,0.0,0.0,0.0,0.0,0.0,0.0,0.0,64.0,0.0,1865.6716,0.0,0.0,0.0,0.0,0.0,0.0,0.0,0.0,0.0,0.0,1.0,0.0,0.0,0.0,0.0,0.0,0.0,0.0,64.0,0.0,0.0,0.0,0.0,0.0,0.0,2.0,0.0,0.0,0.0,251.0,-1.0,0.0,32.0,0.0,0.0,0.0,0.0,0.0,0.0,0.0,0.0,Normal
8080.0,3683.0,3.0,4.0,111.0,220.0,111.0,0.0,37.0,64.08588,185.0,0.0,55.0,88.223206,89872.38,1900.6245,613.8333,902.7198,2395.0,1.0,1022.0,511.0,705.69257,1010.0,12.0,3081.0,1027.0,1233.0985,2395.0,1.0,0.0,0.0,0.0,0.0,104.0,136.0,814.55334,1086.0712,0.0,185.0,41.375,69.77093,4867.982,0.0,0.0,0.0,1.0,0.0,0.0,0.0,0.0,1.0,47.285713,37.0,55.0,104.0,0.0,0.0,0.0,0.0,0.0,0.0,3.0,111.0,4.0,220.0,64240.0,255.0,1.0,32.0,0.0,0.0,0.0,0.0,0.0,0.0,0.0,0.0,Normal
8080.0,11.0,2.0,0.0,0.0,0.0,0.0,0.0,0.0,0.0,0.0,0.0,0.0,0.0,0.0,181818.19,11.0,0.0,11.0,11.0,11.0,11.0,0.0,11.0,11.0,0.0,0.0,0.0,0.0,0.0,0.0,0.0,0.0,0.0,64.0,0.0,181818.19,0.0,0.0,0.0,0.0,0.0,0.0,0.0,0.0,0.0,0.0,1.0,0.0,0.0,0.0,0.0,0.0,0.0,0.0,64.0,0.0,0.0,0.0,0.0,0.0,0.0,2.0,0.0,0.0,0.0,251.0,-1.0,0.0,32.0,0.0,0.0,0.0,0.0,0.0,0.0,0.0,0.0,Normal
8080.0,11579.0,3.0,4.0,111.0,220.0,111.0,0.0,37.0,64.08588,185.0,0.0,55.0,88.223206,28586.234,604.5427,1929.8334,3480.2512,8988.0,0.0,1560.0,780.0,941.8662,1446.0,114.0,10837.0,3612.3333,4746.3716,8988.0,0.0,0.0,0.0,0.0,0.0,104.0,136.0,259.08972,345.45297,0.0,185.0,41.375,69.77093,4867.982,0.0,0.0,0.0,1.0,0.0,0.0,0.0,0.0,1.0,47.285713,37.0,55.0,104.0,0.0,0.0,0.0,0.0,0.0,0.0,3.0,111.0,4.0,220.0,64240.0,255.0,1.0,32.0,0.0,0.0,0.0,0.0,0.0,0.0,0.0,0.0,Normal
8080.0,455.0,2.0,0.0,0.0,0.0,0.0,0.0,0.0,0.0,0.0,0.0,0.0,0.0,0.0,4395.6045,455.0,0.0,455.0,455.0,455.0,455.0,0.0,455.0,455.0,0.0,0.0,0.0,0.0,0.0,0.0,0.0,0.0,0.0,64.0,0.0,4395.6045,0.0,0.0,0.0,0.0,0.0,0.0,0.0,0.0,0.0,0.0,1.0,0.0,0.0,0.0,0.0,0.0,0.0,0.0,64.0,0.0,0.0,0.0,0.0,0.0,0.0,2.0,0.0,0.0,0.0,251.0,-1.0,0.0,32.0,0.0,0.0,0.0,0.0,0.0,0.0,0.0,0.0,Normal
8080.0,4583.0,3.0,4.0,111.0,220.0,111.0,0.0,37.0,64.08588,185.0,0.0,55.0,88.223206,72223.44,1527.3838,763.8333,894.56256,2411.0,0.0,1723.0,861.5,1034.4972,1593.0,130.0,3469.0,1156.3334,1208.5042,2411.0,0.0,0.0,0.0,0.0,0.0,104.0,136.0,654.5931,872.7908,0.0,185.0,41.375,69.77093,4867.982,0.0,0.0,0.0,1.0,0.0,0.0,0.0,0.0,1.0,47.285713,37.0,55.0,104.0,0.0,0.0,0.0,0.0,0.0,0.0,3.0,111.0,4.0,220.0,64240.0,255.0,1.0,32.0,0.0,0.0,0.0,0.0,0.0,0.0,0.0,0.0,Normal
8080.0,131.0,2.0,0.0,0.0,0.0,0.0,0.0,0.0,0.0,0.0,0.0,0.0,0.0,0.0,15267.176,131.0,0.0,131.0,131.0,131.0,131.0,0.0,131.0,131.0,0.0,0.0,0.0,0.0,0.0,0.0,0.0,0.0,0.0,64.0,0.0,15267.176,0.0,0.0,0.0,0.0,0.0,0.0,0.0,0.0,0.0,0.0,1.0,0.0,0.0,0.0,0.0,0.0,0.0,0.0,64.0,0.0,0.0,0.0,0.0,0.0,0.0,2.0,0.0,0.0,0.0,251.0,-1.0,0.0,32.0,0.0,0.0,0.0,0.0,0.0,0.0,0.0,0.0,Normal
8080.0,290.0,1.0,1.0,0.0,0.0,0.0,0.0,0.0,0.0,0.0,0.0,0.0,0.0,0.0,6896.552,290.0,0.0,290.0,290.0,0.0,0.0,0.0,0.0,0.0,0.0,0.0,0.0,0.0,0.0,0.0,0.0,0.0,0.0,32.0,32.0,3448.276,3448.276,0.0,0.0,0.0,0.0,0.0,0.0,0.0,0.0,0.0,1.0,1.0,0.0,0.0,1.0,0.0,0.0,0.0,32.0,0.0,0.0,0.0,0.0,0.0,0.0,1.0,0.0,1.0,0.0,251.0,255.0,0.0,32.0,0.0,0.0,0.0,0.0,0.0,0.0,0.0,0.0,Normal
8080.0,26533.0,4.0,5.0,111.0,220.0,111.0,0.0,27.75,55.5,185.0,0.0,44.0,80.26518,12475.031,339.20026,3316.625,7869.915,22731.0,67.0,26113.0,8704.333,12722.478,23338.0,268.0,24469.0,6117.25,11083.584,22731.0,67.0,0.0,0.0,0.0,0.0,136.0,168.0,150.75566,188.44458,0.0,185.0,33.1,63.957363,4090.5444,0.0,0.0,0.0,1.0,0.0,0.0,0.0,0.0,1.0,36.77778,27.75,44.0,136.0,0.0,0.0,0.0,0.0,0.0,0.0,4.0,111.0,5.0,220.0,64240.0,255.0,1.0,32.0,0.0,0.0,0.0,0.0,0.0,0.0,0.0,0.0,Normal
8080.0,7.0,2.0,0.0,0.0,0.0,0.0,0.0,0.0,0.0,0.0,0.0,0.0,0.0,0.0,285714.28,7.0,0.0,7.0,7.0,7.0,7.0,0.0,7.0,7.0,0.0,0.0,0.0,0.0,0.0,0.0,0.0,0.0,0.0,64.0,0.0,285714.28,0.0,0.0,0.0,0.0,0.0,0.0,0.0,0.0,0.0,0.0,1.0,0.0,0.0,0.0,0.0,0.0,0.0,0.0,64.0,0.0,0.0,0.0,0.0,0.0,0.0,2.0,0.0,0.0,0.0,251.0,-1.0,0.0,32.0,0.0,0.0,0.0,0.0,0.0,0.0,0.0,0.0,Normal
8080.0,2906.0,3.0,4.0,111.0,220.0,111.0,0.0,37.0,64.08588,185.0,0.0,55.0,88.223206,113902.27,2408.8093,484.33334,388.2848,1112.0,0.0,1390.0,695.0,721.2489,1205.0,185.0,2278.0,759.3333,658.156,1166.0,0.0,0.0,0.0,0.0,0.0,104.0,136.0,1032.3469,1376.4625,0.0,185.0,41.375,69.77093,4867.982,0.0,0.0,0.0,1.0,0.0,0.0,0.0,0.0,1.0,47.285713,37.0,55.0,104.0,0.0,0.0,0.0,0.0,0.0,0.0,3.0,111.0,4.0,220.0,64240.0,255.0,1.0,32.0,0.0,0.0,0.0,0.0,0.0,0.0,0.0,0.0,Normal
8080.0,146.0,2.0,0.0,0.0,0.0,0.0,0.0,0.0,0.0,0.0,0.0,0.0,0.0,0.0,13698.63,146.0,0.0,146.0,146.0,146.0,146.0,0.0,146.0,146.0,0.0,0.0,0.0,0.0,0.0,0.0,0.0,0.0,0.0,64.0,0.0,13698.63,0.0,0.0,0.0,0.0,0.0,0.0,0.0,0.0,0.0,0.0,1.0,0.0,0.0,0.0,0.0,0.0,0.0,0.0,64.0,0.0,0.0,0.0,0.0,0.0,0.0,2.0,0.0,0.0,0.0,251.0,-1.0,0.0,32.0,0.0,0.0,0.0,0.0,0.0,0.0,0.0,0.0,Normal
8080.0,3498.0,3.0,4.0,111.0,220.0,111.0,0.0,37.0,64.08588,185.0,0.0,55.0,88.223206,94625.5,2001.1436,583.0,616.08795,1806.0,173.0,1146.0,573.0,565.6854,973.0,173.0,2967.0,989.0,815.50415,1806.0,175.0,0.0,0.0,0.0,0.0,104.0,136.0,857.63293,1143.5106,0.0,185.0,41.375,69.77093,4867.982,0.0,0.0,0.0,1.0,0.0,0.0,0.0,0.0,1.0,47.285713,37.0,55.0,104.0,0.0,0.0,0.0,0.0,0.0,0.0,3.0,111.0,4.0,220.0,64240.0,255.0,1.0,32.0,0.0,0.0,0.0,0.0,0.0,0.0,0.0,0.0,Normal
8080.0,110.0,2.0,0.0,0.0,0.0,0.0,0.0,0.0,0.0,0.0,0.0,0.0,0.0,0.0,18181.818,110.0,0.0,110.0,110.0,110.0,110.0,0.0,110.0,110.0,0.0,0.0,0.0,0.0,0.0,0.0,0.0,0.0,0.0,64.0,0.0,18181.818,0.0,0.0,0.0,0.0,0.0,0.0,0.0,0.0,0.0,0.0,1.0,0.0,0.0,0.0,0.0,0.0,0.0,0.0,64.0,0.0,0.0,0.0,0.0,0.0,0.0,2.0,0.0,0.0,0.0,251.0,-1.0,0.0,32.0,0.0,0.0,0.0,0.0,0.0,0.0,0.0,0.0,Normal
8080.0,9708.0,3.0,4.0,111.0,220.0,111.0,0.0,37.0,64.08588,185.0,0.0,55.0,88.223206,34095.59,721.0548,1618.0,2530.9001,6612.0,0.0,2681.0,1340.5,1628.4669,2492.0,189.0,7869.0,2623.0,3511.2822,6612.0,0.0,0.0,0.0,0.0,0.0,104.0,136.0,309.0235,412.0313,0.0,185.0,41.375,69.77093,4867.982,0.0,0.0,0.0,1.0,0.0,0.0,0.0,0.0,1.0,47.285713,37.0,55.0,104.0,0.0,0.0,0.0,0.0,0.0,0.0,3.0,111.0,4.0,220.0,64240.0,255.0,1.0,32.0,0.0,0.0,0.0,0.0,0.0,0.0,0.0,0.0,Normal
8080.0,228.0,2.0,0.0,0.0,0.0,0.0,0.0,0.0,0.0,0.0,0.0,0.0,0.0,0.0,8771.93,228.0,0.0,228.0,228.0,228.0,228.0,0.0,228.0,228.0,0.0,0.0,0.0,0.0,0.0,0.0,0.0,0.0,0.0,64.0,0.0,8771.93,0.0,0.0,0.0,0.0,0.0,0.0,0.0,0.0,0.0,0.0,1.0,0.0,0.0,0.0,0.0,0.0,0.0,0.0,64.0,0.0,0.0,0.0,0.0,0.0,0.0,2.0,0.0,0.0,0.0,251.0,-1.0,0.0,32.0,0.0,0.0,0.0,0.0,0.0,0.0,0.0,0.0,Normal
8080.0,7028.0,3.0,4.0,111.0,220.0,111.0,0.0,37.0,64.08588,185.0,0.0,55.0,88.223206,47097.324,996.0159,1171.3334,1109.311,2651.0,0.0,1911.0,955.5,409.41483,1245.0,666.0,6236.0,2078.6667,1914.6136,3770.0,0.0,0.0,0.0,0.0,0.0,104.0,136.0,426.86398,569.152,0.0,185.0,41.375,69.77093,4867.982,0.0,0.0,0.0,1.0,0.0,0.0,0.0,0.0,1.0,47.285713,37.0,55.0,104.0,0.0,0.0,0.0,0.0,0.0,0.0,3.0,111.0,4.0,220.0,64240.0,255.0,1.0,32.0,0.0,0.0,0.0,0.0,0.0,0.0,0.0,0.0,Normal
8080.0,117.0,2.0,0.0,0.0,0.0,0.0,0.0,0.0,0.0,0.0,0.0,0.0,0.0,0.0,17094.018,117.0,0.0,117.0,117.0,117.0,117.0,0.0,117.0,117.0,0.0,0.0,0.0,0.0,0.0,0.0,0.0,0.0,0.0,64.0,0.0,17094.018,0.0,0.0,0.0,0.0,0.0,0.0,0.0,0.0,0.0,0.0,1.0,0.0,0.0,0.0,0.0,0.0,0.0,0.0,64.0,0.0,0.0,0.0,0.0,0.0,0.0,2.0,0.0,0.0,0.0,251.0,-1.0,0.0,32.0,0.0,0.0,0.0,0.0,0.0,0.0,0.0,0.0,Normal
8080.0,3055.0,3.0,4.0,111.0,220.0,111.0,0.0,37.0,64.08588,185.0,0.0,55.0,88.223206,108346.97,2291.3257,509.16666,647.82446,1785.0,0.0,921.0,460.5,504.16714,817.0,104.0,2621.0,873.6667,893.09595,1785.0,0.0,0.0,0.0,0.0,0.0,104.0,136.0,981.9967,1309.329,0.0,185.0,41.375,69.77093,4867.982,0.0,0.0,0.0,1.0,0.0,0.0,0.0,0.0,1.0,47.285713,37.0,55.0,104.0,0.0,0.0,0.0,0.0,0.0,0.0,3.0,111.0,4.0,220.0,64240.0,255.0,1.0,32.0,0.0,0.0,0.0,0.0,0.0,0.0,0.0,0.0,Normal
8080.0,734.0,2.0,0.0,0.0,0.0,0.0,0.0,0.0,0.0,0.0,0.0,0.0,0.0,0.0,2724.7957,734.0,0.0,734.0,734.0,734.0,734.0,0.0,734.0,734.0,0.0,0.0,0.0,0.0,0.0,0.0,0.0,0.0,0.0,64.0,0.0,2724.7957,0.0,0.0,0.0,0.0,0.0,0.0,0.0,0.0,0.0,0.0,1.0,0.0,0.0,0.0,0.0,0.0,0.0,0.0,64.0,0.0,0.0,0.0,0.0,0.0,0.0,2.0,0.0,0.0,0.0,251.0,-1.0,0.0,32.0,0.0,0.0,0.0,0.0,0.0,0.0,0.0,0.0,Normal
8080.0,3056.0,3.0,4.0,111.0,220.0,111.0,0.0,37.0,64.08588,185.0,0.0,55.0,88.223206,108311.516,2290.576,509.33334,680.2769,1853.0,0.0,875.0,437.5,516.8951,803.0,72.0,2626.0,875.3333,930.72894,1853.0,0.0,0.0,0.0,0.0,0.0,104.0,136.0,981.6754,1308.9005,0.0,185.0,41.375,69.77093,4867.982,0.0,0.0,0.0,1.0,0.0,0.0,0.0,0.0,1.0,47.285713,37.0,55.0,104.0,0.0,0.0,0.0,0.0,0.0,0.0,3.0,111.0,4.0,220.0,64240.0,255.0,1.0,32.0,0.0,0.0,0.0,0.0,0.0,0.0,0.0,0.0,Normal
8080.0,91.0,2.0,0.0,0.0,0.0,0.0,0.0,0.0,0.0,0.0,0.0,0.0,0.0,0.0,21978.021,91.0,0.0,91.0,91.0,91.0,91.0,0.0,91.0,91.0,0.0,0.0,0.0,0.0,0.0,0.0,0.0,0.0,0.0,64.0,0.0,21978.021,0.0,0.0,0.0,0.0,0.0,0.0,0.0,0.0,0.0,0.0,1.0,0.0,0.0,0.0,0.0,0.0,0.0,0.0,64.0,0.0,0.0,0.0,0.0,0.0,0.0,2.0,0.0,0.0,0.0,251.0,-1.0,0.0,32.0,0.0,0.0,0.0,0.0,0.0,0.0,0.0,0.0,Normal
8080.0,12976.0,3.0,4.0,111.0,220.0,111.0,0.0,37.0,64.08588,185.0,0.0,55.0,88.223206,25508.63,539.45746,2162.6667,3906.7224,10075.0,135.0,2378.0,1189.0,1390.1719,2172.0,206.0,11503.0,3834.3333,5435.502,10075.0,135.0,0.0,0.0,0.0,0.0,104.0,136.0,231.19606,308.2614,0.0,185.0,41.375,69.77093,4867.982,0.0,0.0,0.0,1.0,0.0,0.0,0.0,0.0,1.0,47.285713,37.0,55.0,104.0,0.0,0.0,0.0,0.0,0.0,0.0,3.0,111.0,4.0,220.0,64240.0,255.0,1.0,32.0,0.0,0.0,0.0,0.0,0.0,0.0,0.0,0.0,Normal
8080.0,244.0,2.0,0.0,0.0,0.0,0.0,0.0,0.0,0.0,0.0,0.0,0.0,0.0,0.0,8196.722,244.0,0.0,244.0,244.0,244.0,244.0,0.0,244.0,244.0,0.0,0.0,0.0,0.0,0.0,0.0,0.0,0.0,0.0,64.0,0.0,8196.722,0.0,0.0,0.0,0.0,0.0,0.0,0.0,0.0,0.0,0.0,1.0,0.0,0.0,0.0,0.0,0.0,0.0,0.0,64.0,0.0,0.0,0.0,0.0,0.0,0.0,2.0,0.0,0.0,0.0,251.0,-1.0,0.0,32.0,0.0,0.0,0.0,0.0,0.0,0.0,0.0,0.0,Normal
8080.0,7396.0,3.0,4.0,111.0,220.0,111.0,0.0,37.0,64.08588,185.0,0.0,55.0,88.223206,44753.92,946.4575,1232.6666,1575.3265,4265.0,1.0,2464.0,1232.0,1610.7893,2371.0,93.0,6400.0,2133.3333,2132.0,4265.0,1.0,0.0,0.0,0.0,0.0,104.0,136.0,405.62466,540.8329,0.0,185.0,41.375,69.77093,4867.982,0.0,0.0,0.0,1.0,0.0,0.0,0.0,0.0,1.0,47.285713,37.0,55.0,104.0,0.0,0.0,0.0,0.0,0.0,0.0,3.0,111.0,4.0,220.0,64240.0,255.0,1.0,32.0,0.0,0.0,0.0,0.0,0.0,0.0,0.0,0.0,Normal
8080.0,153.0,2.0,0.0,0.0,0.0,0.0,0.0,0.0,0.0,0.0,0.0,0.0,0.0,0.0,13071.8955,153.0,0.0,153.0,153.0,153.0,153.0,0.0,153.0,153.0,0.0,0.0,0.0,0.0,0.0,0.0,0.0,0.0,0.0,64.0,0.0,13071.8955,0.0,0.0,0.0,0.0,0.0,0.0,0.0,0.0,0.0,0.0,1.0,0.0,0.0,0.0,0.0,0.0,0.0,0.0,64.0,0.0,0.0,0.0,0.0,0.0,0.0,2.0,0.0,0.0,0.0,251.0,-1.0,0.0,32.0,0.0,0.0,0.0,0.0,0.0,0.0,0.0,0.0,Normal
8080.0,2907.0,3.0,4.0,111.0,220.0,111.0,0.0,37.0,64.08588,185.0,0.0,55.0,88.223206,113863.086,2407.9807,484.5,513.4607,1450.0,0.0,1096.0,548.0,602.45496,974.0,122.0,2372.0,790.6667,733.8674,1450.0,0.0,0.0,0.0,0.0,0.0,104.0,136.0,1031.9917,1375.989,0.0,185.0,41.375,69.77093,4867.982,0.0,0.0,0.0,1.0,0.0,0.0,0.0,0.0,1.0,47.285713,37.0,55.0,104.0,0.0,0.0,0.0,0.0,0.0,0.0,3.0,111.0,4.0,220.0,64240.0,255.0,1.0,32.0,0.0,0.0,0.0,0.0,0.0,0.0,0.0,0.0,Normal
8080.0,737.0,2.0,0.0,0.0,0.0,0.0,0.0,0.0,0.0,0.0,0.0,0.0,0.0,0.0,2713.704,737.0,0.0,737.0,737.0,737.0,737.0,0.0,737.0,737.0,0.0,0.0,0.0,0.0,0.0,0.0,0.0,0.0,0.0,64.0,0.0,2713.704,0.0,0.0,0.0,0.0,0.0,0.0,0.0,0.0,0.0,0.0,1.0,0.0,0.0,0.0,0.0,0.0,0.0,0.0,64.0,0.0,0.0,0.0,0.0,0.0,0.0,2.0,0.0,0.0,0.0,251.0,-1.0,0.0,32.0,0.0,0.0,0.0,0.0,0.0,0.0,0.0,0.0,Normal
8080.0,10715.0,3.0,4.0,111.0,220.0,111.0,0.0,37.0,64.08588,185.0,0.0,55.0,88.223206,30891.273,653.2898,1785.8334,2422.9639,6041.0,128.0,4017.0,2008.5,2659.4287,3889.0,128.0,7335.0,2445.0,3157.0137,6041.0,129.0,0.0,0.0,0.0,0.0,104.0,136.0,279.98132,373.30844,0.0,185.0,41.375,69.77093,4867.982,0.0,0.0,0.0,1.0,0.0,0.0,0.0,0.0,1.0,47.285713,37.0,55.0,104.0,0.0,0.0,0.0,0.0,0.0,0.0,3.0,111.0,4.0,220.0,64240.0,255.0,1.0,32.0,0.0,0.0,0.0,0.0,0.0,0.0,0.0,0.0,Normal
8080.0,84.0,2.0,0.0,0.0,0.0,0.0,0.0,0.0,0.0,0.0,0.0,0.0,0.0,0.0,23809.523,84.0,0.0,84.0,84.0,84.0,84.0,0.0,84.0,84.0,0.0,0.0,0.0,0.0,0.0,0.0,0.0,0.0,0.0,64.0,0.0,23809.523,0.0,0.0,0.0,0.0,0.0,0.0,0.0,0.0,0.0,0.0,1.0,0.0,0.0,0.0,0.0,0.0,0.0,0.0,64.0,0.0,0.0,0.0,0.0,0.0,0.0,2.0,0.0,0.0,0.0,251.0,-1.0,0.0,32.0,0.0,0.0,0.0,0.0,0.0,0.0,0.0,0.0,Normal
8080.0,2607.0,3.0,4.0,111.0,220.0,111.0,0.0,37.0,64.08588,185.0,0.0,55.0,88.223206,126965.86,2685.0786,434.5,337.03873,1003.0,1.0,1063.0,531.5,436.28488,840.0,223.0,2170.0,723.3333,630.8457,1166.0,1.0,0.0,0.0,0.0,0.0,104.0,136.0,1150.748,1534.3307,0.0,185.0,41.375,69.77093,4867.982,0.0,0.0,0.0,1.0,0.0,0.0,0.0,0.0,1.0,47.285713,37.0,55.0,104.0,0.0,0.0,0.0,0.0,0.0,0.0,3.0,111.0,4.0,220.0,64240.0,255.0,1.0,32.0,0.0,0.0,0.0,0.0,0.0,0.0,0.0,0.0,Normal
8080.0,190.0,2.0,0.0,0.0,0.0,0.0,0.0,0.0,0.0,0.0,0.0,0.0,0.0,0.0,10526.315,190.0,0.0,190.0,190.0,190.0,190.0,0.0,190.0,190.0,0.0,0.0,0.0,0.0,0.0,0.0,0.0,0.0,0.0,64.0,0.0,10526.315,0.0,0.0,0.0,0.0,0.0,0.0,0.0,0.0,0.0,0.0,1.0,0.0,0.0,0.0,0.0,0.0,0.0,0.0,64.0,0.0,0.0,0.0,0.0,0.0,0.0,2.0,0.0,0.0,0.0,251.0,-1.0,0.0,32.0,0.0,0.0,0.0,0.0,0.0,0.0,0.0,0.0,Normal
8080.0,2734.0,3.0,4.0,111.0,220.0,111.0,0.0,37.0,64.08588,185.0,0.0,55.0,88.223206,121068.03,2560.351,455.66666,357.12332,1002.0,0.0,1299.0,649.5,706.39966,1149.0,150.0,2091.0,697.0,605.1851,1089.0,0.0,0.0,0.0,0.0,0.0,104.0,136.0,1097.2933,1463.0577,0.0,185.0,41.375,69.77093,4867.982,0.0,0.0,0.0,1.0,0.0,0.0,0.0,0.0,1.0,47.285713,37.0,55.0,104.0,0.0,0.0,0.0,0.0,0.0,0.0,3.0,111.0,4.0,220.0,64240.0,255.0,1.0,32.0,0.0,0.0,0.0,0.0,0.0,0.0,0.0,0.0,Normal
8080.0,627.0,2.0,0.0,0.0,0.0,0.0,0.0,0.0,0.0,0.0,0.0,0.0,0.0,0.0,3189.7927,627.0,0.0,627.0,627.0,627.0,627.0,0.0,627.0,627.0,0.0,0.0,0.0,0.0,0.0,0.0,0.0,0.0,0.0,64.0,0.0,3189.7927,0.0,0.0,0.0,0.0,0.0,0.0,0.0,0.0,0.0,0.0,1.0,0.0,0.0,0.0,0.0,0.0,0.0,0.0,64.0,0.0,0.0,0.0,0.0,0.0,0.0,2.0,0.0,0.0,0.0,251.0,-1.0,0.0,32.0,0.0,0.0,0.0,0.0,0.0,0.0,0.0,0.0,Normal
8080.0,3523.0,3.0,4.0,111.0,220.0,111.0,0.0,37.0,64.08588,185.0,0.0,55.0,88.223206,93954.016,1986.943,587.1667,861.84326,2304.0,0.0,937.0,468.5,532.4514,845.0,92.0,2980.0,993.3333,1184.3265,2304.0,0.0,0.0,0.0,0.0,0.0,104.0,136.0,851.547,1135.396,0.0,185.0,41.375,69.77093,4867.982,0.0,0.0,0.0,1.0,0.0,0.0,0.0,0.0,1.0,47.285713,37.0,55.0,104.0,0.0,0.0,0.0,0.0,0.0,0.0,3.0,111.0,4.0,220.0,64240.0,255.0,1.0,32.0,0.0,0.0,0.0,0.0,0.0,0.0,0.0,0.0,Normal
8080.0,153.0,2.0,0.0,0.0,0.0,0.0,0.0,0.0,0.0,0.0,0.0,0.0,0.0,0.0,13071.8955,153.0,0.0,153.0,153.0,153.0,153.0,0.0,153.0,153.0,0.0,0.0,0.0,0.0,0.0,0.0,0.0,0.0,0.0,64.0,0.0,13071.8955,0.0,0.0,0.0,0.0,0.0,0.0,0.0,0.0,0.0,0.0,1.0,0.0,0.0,0.0,0.0,0.0,0.0,0.0,64.0,0.0,0.0,0.0,0.0,0.0,0.0,2.0,0.0,0.0,0.0,251.0,-1.0,0.0,32.0,0.0,0.0,0.0,0.0,0.0,0.0,0.0,0.0,Normal
8080.0,2851.0,3.0,4.0,111.0,220.0,111.0,0.0,37.0,64.08588,185.0,0.0,55.0,88.223206,116099.62,2455.2788,475.16666,687.3114,1839.0,0.0,699.0,349.5,478.7113,688.0,11.0,2506.0,835.3333,930.9846,1839.0,0.0,0.0,0.0,0.0,0.0,104.0,136.0,1052.2623,1403.0165,0.0,185.0,41.375,69.77093,4867.982,0.0,0.0,0.0,1.0,0.0,0.0,0.0,0.0,1.0,47.285713,37.0,55.0,104.0,0.0,0.0,0.0,0.0,0.0,0.0,3.0,111.0,4.0,220.0,64240.0,255.0,1.0,32.0,0.0,0.0,0.0,0.0,0.0,0.0,0.0,0.0,Normal
8080.0,685.0,2.0,0.0,0.0,0.0,0.0,0.0,0.0,0.0,0.0,0.0,0.0,0.0,0.0,2919.708,685.0,0.0,685.0,685.0,685.0,685.0,0.0,685.0,685.0,0.0,0.0,0.0,0.0,0.0,0.0,0.0,0.0,0.0,64.0,0.0,2919.708,0.0,0.0,0.0,0.0,0.0,0.0,0.0,0.0,0.0,0.0,1.0,0.0,0.0,0.0,0.0,0.0,0.0,0.0,64.0,0.0,0.0,0.0,0.0,0.0,0.0,2.0,0.0,0.0,0.0,251.0,-1.0,0.0,32.0,0.0,0.0,0.0,0.0,0.0,0.0,0.0,0.0,Normal
8080.0,2313.0,3.0,4.0,111.0,220.0,111.0,0.0,37.0,64.08588,185.0,0.0,55.0,88.223206,143104.19,3026.3726,385.5,331.54593,853.0,0.0,1076.0,538.0,743.87634,1064.0,12.0,1784.0,594.6667,516.471,931.0,0.0,0.0,0.0,0.0,0.0,104.0,136.0,1297.0168,1729.3558,0.0,185.0,41.375,69.77093,4867.982,0.0,0.0,0.0,1.0,0.0,0.0,0.0,0.0,1.0,47.285713,37.0,55.0,104.0,0.0,0.0,0.0,0.0,0.0,0.0,3.0,111.0,4.0,220.0,64240.0,255.0,1.0,32.0,0.0,0.0,0.0,0.0,0.0,0.0,0.0,0.0,Normal
8080.0,10.0,2.0,0.0,0.0,0.0,0.0,0.0,0.0,0.0,0.0,0.0,0.0,0.0,0.0,200000.0,10.0,0.0,10.0,10.0,10.0,10.0,0.0,10.0,10.0,0.0,0.0,0.0,0.0,0.0,0.0,0.0,0.0,0.0,64.0,0.0,200000.0,0.0,0.0,0.0,0.0,0.0,0.0,0.0,0.0,0.0,0.0,1.0,0.0,0.0,0.0,0.0,0.0,0.0,0.0,64.0,0.0,0.0,0.0,0.0,0.0,0.0,2.0,0.0,0.0,0.0,251.0,-1.0,0.0,32.0,0.0,0.0,0.0,0.0,0.0,0.0,0.0,0.0,Normal
8080.0,4222.0,3.0,4.0,111.0,220.0,111.0,0.0,37.0,64.08588,185.0,0.0,55.0,88.223206,78398.86,1657.982,703.6667,929.8193,2566.0,151.0,1220.0,610.0,649.124,1069.0,151.0,3600.0,1200.0,1233.1144,2566.0,169.0,0.0,0.0,0.0,0.0,104.0,136.0,710.5637,947.4183,0.0,185.0,41.375,69.77093,4867.982,0.0,0.0,0.0,1.0,0.0,0.0,0.0,0.0,1.0,47.285713,37.0,55.0,104.0,0.0,0.0,0.0,0.0,0.0,0.0,3.0,111.0,4.0,220.0,64240.0,255.0,1.0,32.0,0.0,0.0,0.0,0.0,0.0,0.0,0.0,0.0,Normal
8080.0,188.0,2.0,0.0,0.0,0.0,0.0,0.0,0.0,0.0,0.0,0.0,0.0,0.0,0.0,10638.298,188.0,0.0,188.0,188.0,188.0,188.0,0.0,188.0,188.0,0.0,0.0,0.0,0.0,0.0,0.0,0.0,0.0,0.0,64.0,0.0,10638.298,0.0,0.0,0.0,0.0,0.0,0.0,0.0,0.0,0.0,0.0,1.0,0.0,0.0,0.0,0.0,0.0,0.0,0.0,64.0,0.0,0.0,0.0,0.0,0.0,0.0,2.0,0.0,0.0,0.0,251.0,-1.0,0.0,32.0,0.0,0.0,0.0,0.0,0.0,0.0,0.0,0.0,Normal
8080.0,3555.0,3.0,4.0,111.0,220.0,111.0,0.0,37.0,64.08588,185.0,0.0,55.0,88.223206,93108.3,1969.0576,592.5,578.16113,1718.0,126.0,1245.0,622.5,702.15704,1119.0,126.0,2984.0,994.6667,744.8606,1718.0,230.0,0.0,0.0,0.0,0.0,104.0,136.0,843.88184,1125.1758,0.0,185.0,41.375,69.77093,4867.982,0.0,0.0,0.0,1.0,0.0,0.0,0.0,0.0,1.0,47.285713,37.0,55.0,104.0,0.0,0.0,0.0,0.0,0.0,0.0,3.0,111.0,4.0,220.0,64240.0,255.0,1.0,32.0,0.0,0.0,0.0,0.0,0.0,0.0,0.0,0.0,Normal
8080.0,130.0,2.0,0.0,0.0,0.0,0.0,0.0,0.0,0.0,0.0,0.0,0.0,0.0,0.0,15384.615,130.0,0.0,130.0,130.0,130.0,130.0,0.0,130.0,130.0,0.0,0.0,0.0,0.0,0.0,0.0,0.0,0.0,0.0,64.0,0.0,15384.615,0.0,0.0,0.0,0.0,0.0,0.0,0.0,0.0,0.0,0.0,1.0,0.0,0.0,0.0,0.0,0.0,0.0,0.0,64.0,0.0,0.0,0.0,0.0,0.0,0.0,2.0,0.0,0.0,0.0,251.0,-1.0,0.0,32.0,0.0,0.0,0.0,0.0,0.0,0.0,0.0,0.0,Normal
8080.0,19475.0,3.0,4.0,111.0,220.0,111.0,0.0,37.0,64.08588,185.0,0.0,55.0,88.223206,16996.148,359.43518,3245.8333,4607.8975,10421.0,0.0,1308.0,654.0,824.4865,1237.0,71.0,18792.0,6264.0,5670.165,11046.0,0.0,0.0,0.0,0.0,0.0,104.0,136.0,154.04364,205.39153,0.0,185.0,41.375,69.77093,4867.982,0.0,0.0,0.0,1.0,0.0,0.0,0.0,0.0,1.0,47.285713,37.0,55.0,104.0,0.0,0.0,0.0,0.0,0.0,0.0,3.0,111.0,4.0,220.0,64240.0,255.0,1.0,32.0,0.0,0.0,0.0,0.0,0.0,0.0,0.0,0.0,Normal
8080.0,159.0,2.0,0.0,0.0,0.0,0.0,0.0,0.0,0.0,0.0,0.0,0.0,0.0,0.0,12578.616,159.0,0.0,159.0,159.0,159.0,159.0,0.0,159.0,159.0,0.0,0.0,0.0,0.0,0.0,0.0,0.0,0.0,0.0,64.0,0.0,12578.616,0.0,0.0,0.0,0.0,0.0,0.0,0.0,0.0,0.0,0.0,1.0,0.0,0.0,0.0,0.0,0.0,0.0,0.0,64.0,0.0,0.0,0.0,0.0,0.0,0.0,2.0,0.0,0.0,0.0,251.0,-1.0,0.0,32.0,0.0,0.0,0.0,0.0,0.0,0.0,0.0,0.0,Normal
8080.0,3879.0,3.0,4.0,111.0,220.0,111.0,0.0,37.0,64.08588,185.0,0.0,55.0,88.223206,85331.27,1804.5889,646.5,602.9762,1705.0,0.0,1413.0,706.5,795.4951,1269.0,144.0,3162.0,1054.0,1227.0237,2401.0,0.0,0.0,0.0,0.0,0.0,104.0,136.0,773.3952,1031.1936,0.0,185.0,41.375,69.77093,4867.982,0.0,0.0,0.0,1.0,0.0,0.0,0.0,0.0,1.0,47.285713,37.0,55.0,104.0,0.0,0.0,0.0,0.0,0.0,0.0,3.0,111.0,4.0,220.0,64240.0,255.0,1.0,32.0,0.0,0.0,0.0,0.0,0.0,0.0,0.0,0.0,Normal
8080.0,150.0,2.0,0.0,0.0,0.0,0.0,0.0,0.0,0.0,0.0,0.0,0.0,0.0,0.0,13333.333,150.0,0.0,150.0,150.0,150.0,150.0,0.0,150.0,150.0,0.0,0.0,0.0,0.0,0.0,0.0,0.0,0.0,0.0,64.0,0.0,13333.333,0.0,0.0,0.0,0.0,0.0,0.0,0.0,0.0,0.0,0.0,1.0,0.0,0.0,0.0,0.0,0.0,0.0,0.0,64.0,0.0,0.0,0.0,0.0,0.0,0.0,2.0,0.0,0.0,0.0,251.0,-1.0,0.0,32.0,0.0,0.0,0.0,0.0,0.0,0.0,0.0,0.0,Normal
8080.0,2478.0,3.0,4.0,111.0,220.0,111.0,0.0,37.0,64.08588,185.0,0.0,55.0,88.223206,133575.47,2824.8586,413.0,386.58713,1048.0,0.0,1013.0,506.5,695.08594,998.0,15.0,1990.0,663.3333,576.9032,1048.0,0.0,0.0,0.0,0.0,0.0,104.0,136.0,1210.6538,1614.205,0.0,185.0,41.375,69.77093,4867.982,0.0,0.0,0.0,1.0,0.0,0.0,0.0,0.0,1.0,47.285713,37.0,55.0,104.0,0.0,0.0,0.0,0.0,0.0,0.0,3.0,111.0,4.0,220.0,64240.0,255.0,1.0,32.0,0.0,0.0,0.0,0.0,0.0,0.0,0.0,0.0,Normal
8080.0,86.0,2.0,0.0,0.0,0.0,0.0,0.0,0.0,0.0,0.0,0.0,0.0,0.0,0.0,23255.814,86.0,0.0,86.0,86.0,86.0,86.0,0.0,86.0,86.0,0.0,0.0,0.0,0.0,0.0,0.0,0.0,0.0,0.0,64.0,0.0,23255.814,0.0,0.0,0.0,0.0,0.0,0.0,0.0,0.0,0.0,0.0,1.0,0.0,0.0,0.0,0.0,0.0,0.0,0.0,64.0,0.0,0.0,0.0,0.0,0.0,0.0,2.0,0.0,0.0,0.0,251.0,-1.0,0.0,32.0,0.0,0.0,0.0,0.0,0.0,0.0,0.0,0.0,Normal
8080.0,5582.0,3.0,4.0,111.0,220.0,111.0,0.0,37.0,64.08588,185.0,0.0,55.0,88.223206,59297.742,1254.0308,930.3333,1050.841,2884.0,0.0,1459.0,729.5,794.08093,1291.0,168.0,4924.0,1641.3334,1875.1561,3685.0,0.0,0.0,0.0,0.0,0.0,104.0,136.0,537.4418,716.58905,0.0,185.0,41.375,69.77093,4867.982,0.0,0.0,0.0,1.0,0.0,0.0,0.0,0.0,1.0,47.285713,37.0,55.0,104.0,0.0,0.0,0.0,0.0,0.0,0.0,3.0,111.0,4.0,220.0,64240.0,255.0,1.0,32.0,0.0,0.0,0.0,0.0,0.0,0.0,0.0,0.0,Normal
8080.0,168.0,2.0,0.0,0.0,0.0,0.0,0.0,0.0,0.0,0.0,0.0,0.0,0.0,0.0,11904.762,168.0,0.0,168.0,168.0,168.0,168.0,0.0,168.0,168.0,0.0,0.0,0.0,0.0,0.0,0.0,0.0,0.0,0.0,64.0,0.0,11904.762,0.0,0.0,0.0,0.0,0.0,0.0,0.0,0.0,0.0,0.0,1.0,0.0,0.0,0.0,0.0,0.0,0.0,0.0,64.0,0.0,0.0,0.0,0.0,0.0,0.0,2.0,0.0,0.0,0.0,251.0,-1.0,0.0,32.0,0.0,0.0,0.0,0.0,0.0,0.0,0.0,0.0,Normal
8080.0,3357.0,3.0,4.0,111.0,220.0,111.0,0.0,37.0,64.08588,185.0,0.0,55.0,88.223206,98599.94,2085.195,559.5,546.3679,1589.0,0.0,1343.0,671.5,608.8189,1102.0,241.0,2807.0,935.6667,831.2727,1589.0,0.0,0.0,0.0,0.0,0.0,104.0,136.0,893.655,1191.54,0.0,185.0,41.375,69.77093,4867.982,0.0,0.0,0.0,1.0,0.0,0.0,0.0,0.0,1.0,47.285713,37.0,55.0,104.0,0.0,0.0,0.0,0.0,0.0,0.0,3.0,111.0,4.0,220.0,64240.0,255.0,1.0,32.0,0.0,0.0,0.0,0.0,0.0,0.0,0.0,0.0,Normal
8080.0,81.0,2.0,0.0,0.0,0.0,0.0,0.0,0.0,0.0,0.0,0.0,0.0,0.0,0.0,24691.357,81.0,0.0,81.0,81.0,81.0,81.0,0.0,81.0,81.0,0.0,0.0,0.0,0.0,0.0,0.0,0.0,0.0,0.0,64.0,0.0,24691.357,0.0,0.0,0.0,0.0,0.0,0.0,0.0,0.0,0.0,0.0,1.0,0.0,0.0,0.0,0.0,0.0,0.0,0.0,64.0,0.0,0.0,0.0,0.0,0.0,0.0,2.0,0.0,0.0,0.0,251.0,-1.0,0.0,32.0,0.0,0.0,0.0,0.0,0.0,0.0,0.0,0.0,Normal
8080.0,4874.0,3.0,4.0,111.0,220.0,111.0,0.0,37.0,64.08588,185.0,0.0,55.0,88.223206,67911.37,1436.192,812.3333,981.2298,2645.0,0.0,1706.0,853.0,1170.9689,1681.0,25.0,3821.0,1273.6666,1325.202,2645.0,0.0,0.0,0.0,0.0,0.0,104.0,136.0,615.51086,820.68115,0.0,185.0,41.375,69.77093,4867.982,0.0,0.0,0.0,1.0,0.0,0.0,0.0,0.0,1.0,47.285713,37.0,55.0,104.0,0.0,0.0,0.0,0.0,0.0,0.0,3.0,111.0,4.0,220.0,64240.0,255.0,1.0,32.0,0.0,0.0,0.0,0.0,0.0,0.0,0.0,0.0,Normal
8080.0,16.0,2.0,0.0,0.0,0.0,0.0,0.0,0.0,0.0,0.0,0.0,0.0,0.0,0.0,125000.0,16.0,0.0,16.0,16.0,16.0,16.0,0.0,16.0,16.0,0.0,0.0,0.0,0.0,0.0,0.0,0.0,0.0,0.0,64.0,0.0,125000.0,0.0,0.0,0.0,0.0,0.0,0.0,0.0,0.0,0.0,0.0,1.0,0.0,0.0,0.0,0.0,0.0,0.0,0.0,64.0,0.0,0.0,0.0,0.0,0.0,0.0,2.0,0.0,0.0,0.0,251.0,-1.0,0.0,32.0,0.0,0.0,0.0,0.0,0.0,0.0,0.0,0.0,Normal
8080.0,3242.0,3.0,4.0,111.0,220.0,111.0,0.0,37.0,64.08588,185.0,0.0,55.0,88.223206,102097.47,2159.1611,540.3333,507.34708,1429.0,16.0,1255.0,627.5,864.79156,1239.0,16.0,2611.0,870.3333,697.9186,1429.0,88.0,0.0,0.0,0.0,0.0,104.0,136.0,925.35474,1233.8063,0.0,185.0,41.375,69.77093,4867.982,0.0,0.0,0.0,1.0,0.0,0.0,0.0,0.0,1.0,47.285713,37.0,55.0,104.0,0.0,0.0,0.0,0.0,0.0,0.0,3.0,111.0,4.0,220.0,64240.0,255.0,1.0,32.0,0.0,0.0,0.0,0.0,0.0,0.0,0.0,0.0,Normal
8080.0,260.0,2.0,0.0,0.0,0.0,0.0,0.0,0.0,0.0,0.0,0.0,0.0,0.0,0.0,7692.3076,260.0,0.0,260.0,260.0,260.0,260.0,0.0,260.0,260.0,0.0,0.0,0.0,0.0,0.0,0.0,0.0,0.0,0.0,64.0,0.0,7692.3076,0.0,0.0,0.0,0.0,0.0,0.0,0.0,0.0,0.0,0.0,1.0,0.0,0.0,0.0,0.0,0.0,0.0,0.0,64.0,0.0,0.0,0.0,0.0,0.0,0.0,2.0,0.0,0.0,0.0,251.0,-1.0,0.0,32.0,0.0,0.0,0.0,0.0,0.0,0.0,0.0,0.0,Normal
8080.0,4171.0,3.0,4.0,111.0,220.0,111.0,0.0,37.0,64.08588,185.0,0.0,55.0,88.223206,79357.47,1678.2546,695.1667,674.3241,1786.0,0.0,2328.0,1164.0,1518.8654,2238.0,90.0,2385.0,795.0,693.18036,1273.0,0.0,0.0,0.0,0.0,0.0,104.0,136.0,719.25195,959.0026,0.0,185.0,41.375,69.77093,4867.982,0.0,0.0,0.0,1.0,0.0,0.0,0.0,0.0,1.0,47.285713,37.0,55.0,104.0,0.0,0.0,0.0,0.0,0.0,0.0,3.0,111.0,4.0,220.0,64240.0,255.0,1.0,32.0,0.0,0.0,0.0,0.0,0.0,0.0,0.0,0.0,Normal
8080.0,180.0,2.0,0.0,0.0,0.0,0.0,0.0,0.0,0.0,0.0,0.0,0.0,0.0,0.0,11111.111,180.0,0.0,180.0,180.0,180.0,180.0,0.0,180.0,180.0,0.0,0.0,0.0,0.0,0.0,0.0,0.0,0.0,0.0,64.0,0.0,11111.111,0.0,0.0,0.0,0.0,0.0,0.0,0.0,0.0,0.0,0.0,1.0,0.0,0.0,0.0,0.0,0.0,0.0,0.0,64.0,0.0,0.0,0.0,0.0,0.0,0.0,2.0,0.0,0.0,0.0,251.0,-1.0,0.0,32.0,0.0,0.0,0.0,0.0,0.0,0.0,0.0,0.0,Normal
8080.0,3104.0,3.0,4.0,111.0,220.0,111.0,0.0,37.0,64.08588,185.0,0.0,55.0,88.223206,106636.6,2255.1545,517.3333,473.1341,1226.0,0.0,1499.0,749.5,939.74493,1414.0,85.0,2208.0,736.0,648.96533,1226.0,0.0,0.0,0.0,0.0,0.0,104.0,136.0,966.4949,1288.6598,0.0,185.0,41.375,69.77093,4867.982,0.0,0.0,0.0,1.0,0.0,0.0,0.0,0.0,1.0,47.285713,37.0,55.0,104.0,0.0,0.0,0.0,0.0,0.0,0.0,3.0,111.0,4.0,220.0,64240.0,255.0,1.0,32.0,0.0,0.0,0.0,0.0,0.0,0.0,0.0,0.0,Normal
8080.0,201.0,2.0,0.0,0.0,0.0,0.0,0.0,0.0,0.0,0.0,0.0,0.0,0.0,0.0,9950.249,201.0,0.0,201.0,201.0,201.0,201.0,0.0,201.0,201.0,0.0,0.0,0.0,0.0,0.0,0.0,0.0,0.0,0.0,64.0,0.0,9950.249,0.0,0.0,0.0,0.0,0.0,0.0,0.0,0.0,0.0,0.0,1.0,0.0,0.0,0.0,0.0,0.0,0.0,0.0,64.0,0.0,0.0,0.0,0.0,0.0,0.0,2.0,0.0,0.0,0.0,251.0,-1.0,0.0,32.0,0.0,0.0,0.0,0.0,0.0,0.0,0.0,0.0,Normal
8080.0,2537.0,3.0,4.0,111.0,220.0,111.0,0.0,37.0,64.08588,185.0,0.0,55.0,88.223206,130469.055,2759.1643,422.83334,454.95908,1296.0,1.0,947.0,473.5,463.15494,801.0,146.0,2130.0,710.0,656.2035,1296.0,1.0,0.0,0.0,0.0,0.0,104.0,136.0,1182.499,1576.6654,0.0,185.0,41.375,69.77093,4867.982,0.0,0.0,0.0,1.0,0.0,0.0,0.0,0.0,1.0,47.285713,37.0,55.0,104.0,0.0,0.0,0.0,0.0,0.0,0.0,3.0,111.0,4.0,220.0,64240.0,255.0,1.0,32.0,0.0,0.0,0.0,0.0,0.0,0.0,0.0,0.0,Normal
8080.0,241.0,2.0,0.0,0.0,0.0,0.0,0.0,0.0,0.0,0.0,0.0,0.0,0.0,0.0,8298.755,241.0,0.0,241.0,241.0,241.0,241.0,0.0,241.0,241.0,0.0,0.0,0.0,0.0,0.0,0.0,0.0,0.0,0.0,64.0,0.0,8298.755,0.0,0.0,0.0,0.0,0.0,0.0,0.0,0.0,0.0,0.0,1.0,0.0,0.0,0.0,0.0,0.0,0.0,0.0,64.0,0.0,0.0,0.0,0.0,0.0,0.0,2.0,0.0,0.0,0.0,251.0,-1.0,0.0,32.0,0.0,0.0,0.0,0.0,0.0,0.0,0.0,0.0,Normal
8080.0,2034.0,3.0,4.0,111.0,220.0,111.0,0.0,37.0,64.08588,185.0,0.0,55.0,88.223206,162733.53,3441.4946,339.0,257.4024,760.0,1.0,959.0,479.5,449.01282,797.0,162.0,1616.0,538.6667,468.0495,855.0,1.0,0.0,0.0,0.0,0.0,104.0,136.0,1474.9263,1966.5684,0.0,185.0,41.375,69.77093,4867.982,0.0,0.0,0.0,1.0,0.0,0.0,0.0,0.0,1.0,47.285713,37.0,55.0,104.0,0.0,0.0,0.0,0.0,0.0,0.0,3.0,111.0,4.0,220.0,64240.0,255.0,1.0,32.0,0.0,0.0,0.0,0.0,0.0,0.0,0.0,0.0,Normal
8080.0,975.0,2.0,0.0,0.0,0.0,0.0,0.0,0.0,0.0,0.0,0.0,0.0,0.0,0.0,2051.282,975.0,0.0,975.0,975.0,975.0,975.0,0.0,975.0,975.0,0.0,0.0,0.0,0.0,0.0,0.0,0.0,0.0,0.0,64.0,0.0,2051.282,0.0,0.0,0.0,0.0,0.0,0.0,0.0,0.0,0.0,0.0,1.0,0.0,0.0,0.0,0.0,0.0,0.0,0.0,64.0,0.0,0.0,0.0,0.0,0.0,0.0,2.0,0.0,0.0,0.0,251.0,-1.0,0.0,32.0,0.0,0.0,0.0,0.0,0.0,0.0,0.0,0.0,Normal
8080.0,3039.0,3.0,4.0,111.0,220.0,111.0,0.0,37.0,64.08588,185.0,0.0,55.0,88.223206,108917.41,2303.3892,506.5,575.2049,1623.0,0.0,1089.0,544.5,525.3803,916.0,173.0,2542.0,847.3333,813.87,1623.0,0.0,0.0,0.0,0.0,0.0,104.0,136.0,987.1668,1316.2224,0.0,185.0,41.375,69.77093,4867.982,0.0,0.0,0.0,1.0,0.0,0.0,0.0,0.0,1.0,47.285713,37.0,55.0,104.0,0.0,0.0,0.0,0.0,0.0,0.0,3.0,111.0,4.0,220.0,64240.0,255.0,1.0,32.0,0.0,0.0,0.0,0.0,0.0,0.0,0.0,0.0,Normal
8080.0,110.0,2.0,0.0,0.0,0.0,0.0,0.0,0.0,0.0,0.0,0.0,0.0,0.0,0.0,18181.818,110.0,0.0,110.0,110.0,110.0,110.0,0.0,110.0,110.0,0.0,0.0,0.0,0.0,0.0,0.0,0.0,0.0,0.0,64.0,0.0,18181.818,0.0,0.0,0.0,0.0,0.0,0.0,0.0,0.0,0.0,0.0,1.0,0.0,0.0,0.0,0.0,0.0,0.0,0.0,64.0,0.0,0.0,0.0,0.0,0.0,0.0,2.0,0.0,0.0,0.0,251.0,-1.0,0.0,32.0,0.0,0.0,0.0,0.0,0.0,0.0,0.0,0.0,Normal
8080.0,3072.0,3.0,4.0,111.0,220.0,111.0,0.0,37.0,64.08588,185.0,0.0,55.0,88.223206,107747.4,2278.6458,512.0,491.4607,1408.0,25.0,1165.0,582.5,788.4241,1140.0,25.0,2481.0,827.0,638.1434,1408.0,144.0,0.0,0.0,0.0,0.0,104.0,136.0,976.5625,1302.0834,0.0,185.0,41.375,69.77093,4867.982,0.0,0.0,0.0,1.0,0.0,0.0,0.0,0.0,1.0,47.285713,37.0,55.0,104.0,0.0,0.0,0.0,0.0,0.0,0.0,3.0,111.0,4.0,220.0,64240.0,255.0,1.0,32.0,0.0,0.0,0.0,0.0,0.0,0.0,0.0,0.0,Normal
8080.0,153.0,2.0,0.0,0.0,0.0,0.0,0.0,0.0,0.0,0.0,0.0,0.0,0.0,0.0,13071.8955,153.0,0.0,153.0,153.0,153.0,153.0,0.0,153.0,153.0,0.0,0.0,0.0,0.0,0.0,0.0,0.0,0.0,0.0,64.0,0.0,13071.8955,0.0,0.0,0.0,0.0,0.0,0.0,0.0,0.0,0.0,0.0,1.0,0.0,0.0,0.0,0.0,0.0,0.0,0.0,64.0,0.0,0.0,0.0,0.0,0.0,0.0,2.0,0.0,0.0,0.0,251.0,-1.0,0.0,32.0,0.0,0.0,0.0,0.0,0.0,0.0,0.0,0.0,Normal
8080.0,2547.0,3.0,4.0,111.0,220.0,111.0,0.0,37.0,64.08588,185.0,0.0,55.0,88.223206,129956.81,2748.3313,424.5,502.45108,1395.0,0.0,923.0,461.5,488.61078,807.0,116.0,2089.0,696.3333,697.5029,1395.0,0.0,0.0,0.0,0.0,0.0,104.0,136.0,1177.8563,1570.4751,0.0,185.0,41.375,69.77093,4867.982,0.0,0.0,0.0,1.0,0.0,0.0,0.0,0.0,1.0,47.285713,37.0,55.0,104.0,0.0,0.0,0.0,0.0,0.0,0.0,3.0,111.0,4.0,220.0,64240.0,255.0,1.0,32.0,0.0,0.0,0.0,0.0,0.0,0.0,0.0,0.0,Normal
8080.0,15.0,2.0,0.0,0.0,0.0,0.0,0.0,0.0,0.0,0.0,0.0,0.0,0.0,0.0,133333.33,15.0,0.0,15.0,15.0,15.0,15.0,0.0,15.0,15.0,0.0,0.0,0.0,0.0,0.0,0.0,0.0,0.0,0.0,64.0,0.0,133333.33,0.0,0.0,0.0,0.0,0.0,0.0,0.0,0.0,0.0,0.0,1.0,0.0,0.0,0.0,0.0,0.0,0.0,0.0,64.0,0.0,0.0,0.0,0.0,0.0,0.0,2.0,0.0,0.0,0.0,251.0,-1.0,0.0,32.0,0.0,0.0,0.0,0.0,0.0,0.0,0.0,0.0,Normal
8080.0,2866.0,3.0,4.0,111.0,220.0,111.0,0.0,37.0,64.08588,185.0,0.0,55.0,88.223206,115491.98,2442.4285,477.66666,433.75232,1161.0,0.0,1319.0,659.5,861.9632,1269.0,50.0,2181.0,727.0,633.53534,1161.0,0.0,0.0,0.0,0.0,0.0,104.0,136.0,1046.755,1395.6735,0.0,185.0,41.375,69.77093,4867.982,0.0,0.0,0.0,1.0,0.0,0.0,0.0,0.0,1.0,47.285713,37.0,55.0,104.0,0.0,0.0,0.0,0.0,0.0,0.0,3.0,111.0,4.0,220.0,64240.0,255.0,1.0,32.0,0.0,0.0,0.0,0.0,0.0,0.0,0.0,0.0,Normal
8080.0,101.0,2.0,0.0,0.0,0.0,0.0,0.0,0.0,0.0,0.0,0.0,0.0,0.0,0.0,19801.98,101.0,0.0,101.0,101.0,101.0,101.0,0.0,101.0,101.0,0.0,0.0,0.0,0.0,0.0,0.0,0.0,0.0,0.0,64.0,0.0,19801.98,0.0,0.0,0.0,0.0,0.0,0.0,0.0,0.0,0.0,0.0,1.0,0.0,0.0,0.0,0.0,0.0,0.0,0.0,64.0,0.0,0.0,0.0,0.0,0.0,0.0,2.0,0.0,0.0,0.0,251.0,-1.0,0.0,32.0,0.0,0.0,0.0,0.0,0.0,0.0,0.0,0.0,Normal
8080.0,3392.0,3.0,4.0,111.0,220.0,111.0,0.0,37.0,64.08588,185.0,0.0,55.0,88.223206,97582.55,2063.6792,565.3333,537.9976,1389.0,0.0,1623.0,811.5,921.3601,1463.0,160.0,2348.0,782.6667,711.09094,1389.0,0.0,0.0,0.0,0.0,0.0,104.0,136.0,884.43396,1179.2452,0.0,185.0,41.375,69.77093,4867.982,0.0,0.0,0.0,1.0,0.0,0.0,0.0,0.0,1.0,47.285713,37.0,55.0,104.0,0.0,0.0,0.0,0.0,0.0,0.0,3.0,111.0,4.0,220.0,64240.0,255.0,1.0,32.0,0.0,0.0,0.0,0.0,0.0,0.0,0.0,0.0,Normal
8080.0,190.0,2.0,0.0,0.0,0.0,0.0,0.0,0.0,0.0,0.0,0.0,0.0,0.0,0.0,10526.315,190.0,0.0,190.0,190.0,190.0,190.0,0.0,190.0,190.0,0.0,0.0,0.0,0.0,0.0,0.0,0.0,0.0,0.0,64.0,0.0,10526.315,0.0,0.0,0.0,0.0,0.0,0.0,0.0,0.0,0.0,0.0,1.0,0.0,0.0,0.0,0.0,0.0,0.0,0.0,64.0,0.0,0.0,0.0,0.0,0.0,0.0,2.0,0.0,0.0,0.0,251.0,-1.0,0.0,32.0,0.0,0.0,0.0,0.0,0.0,0.0,0.0,0.0,Normal
8080.0,5792.0,3.0,4.0,111.0,220.0,111.0,0.0,37.0,64.08588,185.0,0.0,55.0,88.223206,57147.79,1208.5635,965.3333,1605.7195,4216.0,1.0,1247.0,623.5,608.8189,1054.0,193.0,5202.0,1734.0,2205.064,4216.0,1.0,0.0,0.0,0.0,0.0,104.0,136.0,517.9558,690.6077,0.0,185.0,41.375,69.77093,4867.982,0.0,0.0,0.0,1.0,0.0,0.0,0.0,0.0,1.0,47.285713,37.0,55.0,104.0,0.0,0.0,0.0,0.0,0.0,0.0,3.0,111.0,4.0,220.0,64240.0,255.0,1.0,32.0,0.0,0.0,0.0,0.0,0.0,0.0,0.0,0.0,Normal
8080.0,232.0,2.0,0.0,0.0,0.0,0.0,0.0,0.0,0.0,0.0,0.0,0.0,0.0,0.0,8620.689,232.0,0.0,232.0,232.0,232.0,232.0,0.0,232.0,232.0,0.0,0.0,0.0,0.0,0.0,0.0,0.0,0.0,0.0,64.0,0.0,8620.689,0.0,0.0,0.0,0.0,0.0,0.0,0.0,0.0,0.0,0.0,1.0,0.0,0.0,0.0,0.0,0.0,0.0,0.0,64.0,0.0,0.0,0.0,0.0,0.0,0.0,2.0,0.0,0.0,0.0,251.0,-1.0,0.0,32.0,0.0,0.0,0.0,0.0,0.0,0.0,0.0,0.0,Normal
8080.0,3056.0,3.0,4.0,111.0,220.0,111.0,0.0,37.0,64.08588,185.0,0.0,55.0,88.223206,108311.516,2290.576,509.33334,460.4466,1281.0,0.0,1340.0,670.0,797.61646,1234.0,106.0,2356.0,785.3333,687.8738,1281.0,0.0,0.0,0.0,0.0,0.0,104.0,136.0,981.6754,1308.9005,0.0,185.0,41.375,69.77093,4867.982,0.0,0.0,0.0,1.0,0.0,0.0,0.0,0.0,1.0,47.285713,37.0,55.0,104.0,0.0,0.0,0.0,0.0,0.0,0.0,3.0,111.0,4.0,220.0,64240.0,255.0,1.0,32.0,0.0,0.0,0.0,0.0,0.0,0.0,0.0,0.0,Normal
8080.0,185.0,2.0,0.0,0.0,0.0,0.0,0.0,0.0,0.0,0.0,0.0,0.0,0.0,0.0,10810.811,185.0,0.0,185.0,185.0,185.0,185.0,0.0,185.0,185.0,0.0,0.0,0.0,0.0,0.0,0.0,0.0,0.0,0.0,64.0,0.0,10810.811,0.0,0.0,0.0,0.0,0.0,0.0,0.0,0.0,0.0,0.0,1.0,0.0,0.0,0.0,0.0,0.0,0.0,0.0,64.0,0.0,0.0,0.0,0.0,0.0,0.0,2.0,0.0,0.0,0.0,251.0,-1.0,0.0,32.0,0.0,0.0,0.0,0.0,0.0,0.0,0.0,0.0,Normal
8080.0,6820.0,3.0,4.0,111.0,220.0,111.0,0.0,37.0,64.08588,185.0,0.0,55.0,88.223206,48533.723,1026.393,1136.6666,1543.3799,4200.0,0.0,1574.0,787.0,718.4205,1295.0,279.0,6096.0,2032.0,2103.3003,4200.0,0.0,0.0,0.0,0.0,0.0,104.0,136.0,439.8827,586.51025,0.0,185.0,41.375,69.77093,4867.982,0.0,0.0,0.0,1.0,0.0,0.0,0.0,0.0,1.0,47.285713,37.0,55.0,104.0,0.0,0.0,0.0,0.0,0.0,0.0,3.0,111.0,4.0,220.0,64240.0,255.0,1.0,32.0,0.0,0.0,0.0,0.0,0.0,0.0,0.0,0.0,Normal
8080.0,154.0,2.0,0.0,0.0,0.0,0.0,0.0,0.0,0.0,0.0,0.0,0.0,0.0,0.0,12987.013,154.0,0.0,154.0,154.0,154.0,154.0,0.0,154.0,154.0,0.0,0.0,0.0,0.0,0.0,0.0,0.0,0.0,0.0,64.0,0.0,12987.013,0.0,0.0,0.0,0.0,0.0,0.0,0.0,0.0,0.0,0.0,1.0,0.0,0.0,0.0,0.0,0.0,0.0,0.0,64.0,0.0,0.0,0.0,0.0,0.0,0.0,2.0,0.0,0.0,0.0,251.0,-1.0,0.0,32.0,0.0,0.0,0.0,0.0,0.0,0.0,0.0,0.0,Normal
8080.0,3169.0,3.0,4.0,111.0,220.0,111.0,0.0,37.0,64.08588,185.0,0.0,55.0,88.223206,104449.35,2208.8987,528.1667,496.39557,1411.0,0.0,1381.0,690.5,738.9266,1213.0,168.0,2496.0,832.0,738.7402,1411.0,0.0,0.0,0.0,0.0,0.0,104.0,136.0,946.6709,1262.2278,0.0,185.0,41.375,69.77093,4867.982,0.0,0.0,0.0,1.0,0.0,0.0,0.0,0.0,1.0,47.285713,37.0,55.0,104.0,0.0,0.0,0.0,0.0,0.0,0.0,3.0,111.0,4.0,220.0,64240.0,255.0,1.0,32.0,0.0,0.0,0.0,0.0,0.0,0.0,0.0,0.0,Normal
8080.0,994.0,2.0,0.0,0.0,0.0,0.0,0.0,0.0,0.0,0.0,0.0,0.0,0.0,0.0,2012.0724,994.0,0.0,994.0,994.0,994.0,994.0,0.0,994.0,994.0,0.0,0.0,0.0,0.0,0.0,0.0,0.0,0.0,0.0,64.0,0.0,2012.0724,0.0,0.0,0.0,0.0,0.0,0.0,0.0,0.0,0.0,0.0,1.0,0.0,0.0,0.0,0.0,0.0,0.0,0.0,64.0,0.0,0.0,0.0,0.0,0.0,0.0,2.0,0.0,0.0,0.0,251.0,-1.0,0.0,32.0,0.0,0.0,0.0,0.0,0.0,0.0,0.0,0.0,Normal
8080.0,6248.0,3.0,4.0,111.0,220.0,111.0,0.0,37.0,64.08588,185.0,0.0,55.0,88.223206,52976.953,1120.3585,1041.3334,1325.5922,3561.0,138.0,2173.0,1086.5,1341.3816,2035.0,138.0,4801.0,1600.3334,1760.5071,3561.0,155.0,0.0,0.0,0.0,0.0,104.0,136.0,480.15366,640.2049,0.0,185.0,41.375,69.77093,4867.982,0.0,0.0,0.0,1.0,0.0,0.0,0.0,0.0,1.0,47.285713,37.0,55.0,104.0,0.0,0.0,0.0,0.0,0.0,0.0,3.0,111.0,4.0,220.0,64240.0,255.0,1.0,32.0,0.0,0.0,0.0,0.0,0.0,0.0,0.0,0.0,Normal
8080.0,129.0,2.0,0.0,0.0,0.0,0.0,0.0,0.0,0.0,0.0,0.0,0.0,0.0,0.0,15503.876,129.0,0.0,129.0,129.0,129.0,129.0,0.0,129.0,129.0,0.0,0.0,0.0,0.0,0.0,0.0,0.0,0.0,0.0,64.0,0.0,15503.876,0.0,0.0,0.0,0.0,0.0,0.0,0.0,0.0,0.0,0.0,1.0,0.0,0.0,0.0,0.0,0.0,0.0,0.0,64.0,0.0,0.0,0.0,0.0,0.0,0.0,2.0,0.0,0.0,0.0,251.0,-1.0,0.0,32.0,0.0,0.0,0.0,0.0,0.0,0.0,0.0,0.0,Normal
8080.0,3207.0,3.0,4.0,111.0,220.0,111.0,0.0,37.0,64.08588,185.0,0.0,55.0,88.223206,103211.73,2182.7253,534.5,592.6519,1664.0,0.0,1183.0,591.5,648.41693,1050.0,133.0,2644.0,881.3333,836.3763,1664.0,0.0,0.0,0.0,0.0,0.0,104.0,136.0,935.4537,1247.2716,0.0,185.0,41.375,69.77093,4867.982,0.0,0.0,0.0,1.0,0.0,0.0,0.0,0.0,1.0,47.285713,37.0,55.0,104.0,0.0,0.0,0.0,0.0,0.0,0.0,3.0,111.0,4.0,220.0,64240.0,255.0,1.0,32.0,0.0,0.0,0.0,0.0,0.0,0.0,0.0,0.0,Normal
8080.0,264.0,2.0,0.0,0.0,0.0,0.0,0.0,0.0,0.0,0.0,0.0,0.0,0.0,0.0,7575.758,264.0,0.0,264.0,264.0,264.0,264.0,0.0,264.0,264.0,0.0,0.0,0.0,0.0,0.0,0.0,0.0,0.0,0.0,64.0,0.0,7575.758,0.0,0.0,0.0,0.0,0.0,0.0,0.0,0.0,0.0,0.0,1.0,0.0,0.0,0.0,0.0,0.0,0.0,0.0,64.0,0.0,0.0,0.0,0.0,0.0,0.0,2.0,0.0,0.0,0.0,251.0,-1.0,0.0,32.0,0.0,0.0,0.0,0.0,0.0,0.0,0.0,0.0,Normal
8080.0,1818.0,3.0,4.0,111.0,220.0,111.0,0.0,37.0,64.08588,185.0,0.0,55.0,88.223206,182068.2,3850.385,303.0,337.38702,922.0,1.0,548.0,274.0,379.00925,542.0,6.0,1511.0,503.66666,466.25565,922.0,1.0,0.0,0.0,0.0,0.0,104.0,136.0,1650.165,2200.22,0.0,185.0,41.375,69.77093,4867.982,0.0,0.0,0.0,1.0,0.0,0.0,0.0,0.0,1.0,47.285713,37.0,55.0,104.0,0.0,0.0,0.0,0.0,0.0,0.0,3.0,111.0,4.0,220.0,64240.0,255.0,1.0,32.0,0.0,0.0,0.0,0.0,0.0,0.0,0.0,0.0,Normal
8080.0,139.0,2.0,0.0,0.0,0.0,0.0,0.0,0.0,0.0,0.0,0.0,0.0,0.0,0.0,14388.489,139.0,0.0,139.0,139.0,139.0,139.0,0.0,139.0,139.0,0.0,0.0,0.0,0.0,0.0,0.0,0.0,0.0,0.0,64.0,0.0,14388.489,0.0,0.0,0.0,0.0,0.0,0.0,0.0,0.0,0.0,0.0,1.0,0.0,0.0,0.0,0.0,0.0,0.0,0.0,64.0,0.0,0.0,0.0,0.0,0.0,0.0,2.0,0.0,0.0,0.0,251.0,-1.0,0.0,32.0,0.0,0.0,0.0,0.0,0.0,0.0,0.0,0.0,Normal
8080.0,1576.0,3.0,4.0,111.0,220.0,111.0,0.0,37.0,64.08588,185.0,0.0,55.0,88.223206,210025.38,4441.6245,262.66666,214.71346,534.0,0.0,724.0,362.0,500.6316,716.0,8.0,1188.0,396.0,348.15515,654.0,0.0,0.0,0.0,0.0,0.0,104.0,136.0,1903.5533,2538.071,0.0,185.0,41.375,69.77093,4867.982,0.0,0.0,0.0,1.0,0.0,0.0,0.0,0.0,1.0,47.285713,37.0,55.0,104.0,0.0,0.0,0.0,0.0,0.0,0.0,3.0,111.0,4.0,220.0,64240.0,255.0,1.0,32.0,0.0,0.0,0.0,0.0,0.0,0.0,0.0,0.0,Normal
8080.0,11.0,2.0,0.0,0.0,0.0,0.0,0.0,0.0,0.0,0.0,0.0,0.0,0.0,0.0,181818.19,11.0,0.0,11.0,11.0,11.0,11.0,0.0,11.0,11.0,0.0,0.0,0.0,0.0,0.0,0.0,0.0,0.0,0.0,64.0,0.0,181818.19,0.0,0.0,0.0,0.0,0.0,0.0,0.0,0.0,0.0,0.0,1.0,0.0,0.0,0.0,0.0,0.0,0.0,0.0,64.0,0.0,0.0,0.0,0.0,0.0,0.0,2.0,0.0,0.0,0.0,251.0,-1.0,0.0,32.0,0.0,0.0,0.0,0.0,0.0,0.0,0.0,0.0,Normal
8080.0,2558.0,3.0,4.0,111.0,220.0,111.0,0.0,37.0,64.08588,185.0,0.0,55.0,88.223206,129397.97,2736.513,426.33334,278.4476,776.0,0.0,1395.0,697.5,649.8311,1157.0,238.0,1967.0,655.6667,604.5497,1191.0,0.0,0.0,0.0,0.0,0.0,104.0,136.0,1172.7913,1563.7217,0.0,185.0,41.375,69.77093,4867.982,0.0,0.0,0.0,1.0,0.0,0.0,0.0,0.0,1.0,47.285713,37.0,55.0,104.0,0.0,0.0,0.0,0.0,0.0,0.0,3.0,111.0,4.0,220.0,64240.0,255.0,1.0,32.0,0.0,0.0,0.0,0.0,0.0,0.0,0.0,0.0,Normal
8080.0,12.0,2.0,0.0,0.0,0.0,0.0,0.0,0.0,0.0,0.0,0.0,0.0,0.0,0.0,166666.67,12.0,0.0,12.0,12.0,12.0,12.0,0.0,12.0,12.0,0.0,0.0,0.0,0.0,0.0,0.0,0.0,0.0,0.0,64.0,0.0,166666.67,0.0,0.0,0.0,0.0,0.0,0.0,0.0,0.0,0.0,0.0,1.0,0.0,0.0,0.0,0.0,0.0,0.0,0.0,64.0,0.0,0.0,0.0,0.0,0.0,0.0,2.0,0.0,0.0,0.0,251.0,-1.0,0.0,32.0,0.0,0.0,0.0,0.0,0.0,0.0,0.0,0.0,Normal
8080.0,2967.0,3.0,4.0,111.0,220.0,111.0,0.0,37.0,64.08588,185.0,0.0,55.0,88.223206,111560.5,2359.2854,494.5,546.5125,1495.0,0.0,1068.0,534.0,732.5626,1052.0,16.0,2375.0,791.6667,751.40424,1495.0,0.0,0.0,0.0,0.0,0.0,104.0,136.0,1011.1224,1348.1631,0.0,185.0,41.375,69.77093,4867.982,0.0,0.0,0.0,1.0,0.0,0.0,0.0,0.0,1.0,47.285713,37.0,55.0,104.0,0.0,0.0,0.0,0.0,0.0,0.0,3.0,111.0,4.0,220.0,64240.0,255.0,1.0,32.0,0.0,0.0,0.0,0.0,0.0,0.0,0.0,0.0,Normal
8080.0,168.0,2.0,0.0,0.0,0.0,0.0,0.0,0.0,0.0,0.0,0.0,0.0,0.0,0.0,11904.762,168.0,0.0,168.0,168.0,168.0,168.0,0.0,168.0,168.0,0.0,0.0,0.0,0.0,0.0,0.0,0.0,0.0,0.0,64.0,0.0,11904.762,0.0,0.0,0.0,0.0,0.0,0.0,0.0,0.0,0.0,0.0,1.0,0.0,0.0,0.0,0.0,0.0,0.0,0.0,64.0,0.0,0.0,0.0,0.0,0.0,0.0,2.0,0.0,0.0,0.0,251.0,-1.0,0.0,32.0,0.0,0.0,0.0,0.0,0.0,0.0,0.0,0.0,Normal
8080.0,3665.0,3.0,4.0,111.0,220.0,111.0,0.0,37.0,64.08588,185.0,0.0,55.0,88.223206,90313.78,1909.9591,610.8333,650.14075,1767.0,0.0,1199.0,599.5,828.02203,1185.0,14.0,2933.0,977.6667,898.42883,1767.0,0.0,0.0,0.0,0.0,0.0,104.0,136.0,818.5539,1091.4052,0.0,185.0,41.375,69.77093,4867.982,0.0,0.0,0.0,1.0,0.0,0.0,0.0,0.0,1.0,47.285713,37.0,55.0,104.0,0.0,0.0,0.0,0.0,0.0,0.0,3.0,111.0,4.0,220.0,64240.0,255.0,1.0,32.0,0.0,0.0,0.0,0.0,0.0,0.0,0.0,0.0,Normal
8080.0,136.0,2.0,0.0,0.0,0.0,0.0,0.0,0.0,0.0,0.0,0.0,0.0,0.0,0.0,14705.883,136.0,0.0,136.0,136.0,136.0,136.0,0.0,136.0,136.0,0.0,0.0,0.0,0.0,0.0,0.0,0.0,0.0,0.0,64.0,0.0,14705.883,0.0,0.0,0.0,0.0,0.0,0.0,0.0,0.0,0.0,0.0,1.0,0.0,0.0,0.0,0.0,0.0,0.0,0.0,64.0,0.0,0.0,0.0,0.0,0.0,0.0,2.0,0.0,0.0,0.0,251.0,-1.0,0.0,32.0,0.0,0.0,0.0,0.0,0.0,0.0,0.0,0.0,Normal
8080.0,5587.0,3.0,4.0,111.0,220.0,111.0,0.0,37.0,64.08588,185.0,0.0,55.0,88.223206,59244.676,1252.9086,931.1667,1165.212,3256.0,182.0,1606.0,803.0,878.2266,1424.0,182.0,4724.0,1574.6666,1540.1836,3256.0,232.0,0.0,0.0,0.0,0.0,104.0,136.0,536.9608,715.94775,0.0,185.0,41.375,69.77093,4867.982,0.0,0.0,0.0,1.0,0.0,0.0,0.0,0.0,1.0,47.285713,37.0,55.0,104.0,0.0,0.0,0.0,0.0,0.0,0.0,3.0,111.0,4.0,220.0,64240.0,255.0,1.0,32.0,0.0,0.0,0.0,0.0,0.0,0.0,0.0,0.0,Normal
8080.0,258.0,2.0,0.0,0.0,0.0,0.0,0.0,0.0,0.0,0.0,0.0,0.0,0.0,0.0,7751.938,258.0,0.0,258.0,258.0,258.0,258.0,0.0,258.0,258.0,0.0,0.0,0.0,0.0,0.0,0.0,0.0,0.0,0.0,64.0,0.0,7751.938,0.0,0.0,0.0,0.0,0.0,0.0,0.0,0.0,0.0,0.0,1.0,0.0,0.0,0.0,0.0,0.0,0.0,0.0,64.0,0.0,0.0,0.0,0.0,0.0,0.0,2.0,0.0,0.0,0.0,251.0,-1.0,0.0,32.0,0.0,0.0,0.0,0.0,0.0,0.0,0.0,0.0,Normal
8080.0,3133.0,3.0,4.0,111.0,220.0,111.0,0.0,37.0,64.08588,185.0,0.0,55.0,88.223206,105649.54,2234.2803,522.1667,452.06345,1198.0,0.0,1333.0,666.5,910.04645,1310.0,23.0,2506.0,835.3333,725.5076,1308.0,0.0,0.0,0.0,0.0,0.0,104.0,136.0,957.54865,1276.7316,0.0,185.0,41.375,69.77093,4867.982,0.0,0.0,0.0,1.0,0.0,0.0,0.0,0.0,1.0,47.285713,37.0,55.0,104.0,0.0,0.0,0.0,0.0,0.0,0.0,3.0,111.0,4.0,220.0,64240.0,255.0,1.0,32.0,0.0,0.0,0.0,0.0,0.0,0.0,0.0,0.0,Normal
8080.0,132.0,2.0,0.0,0.0,0.0,0.0,0.0,0.0,0.0,0.0,0.0,0.0,0.0,0.0,15151.516,132.0,0.0,132.0,132.0,132.0,132.0,0.0,132.0,132.0,0.0,0.0,0.0,0.0,0.0,0.0,0.0,0.0,0.0,64.0,0.0,15151.516,0.0,0.0,0.0,0.0,0.0,0.0,0.0,0.0,0.0,0.0,1.0,0.0,0.0,0.0,0.0,0.0,0.0,0.0,64.0,0.0,0.0,0.0,0.0,0.0,0.0,2.0,0.0,0.0,0.0,251.0,-1.0,0.0,32.0,0.0,0.0,0.0,0.0,0.0,0.0,0.0,0.0,Normal
8080.0,3411.0,3.0,4.0,111.0,220.0,111.0,0.0,37.0,64.08588,185.0,0.0,55.0,88.223206,97038.99,2052.184,568.5,624.7434,1737.0,0.0,1348.0,674.0,745.2905,1201.0,147.0,2700.0,900.0,870.21204,1737.0,0.0,0.0,0.0,0.0,0.0,104.0,136.0,879.50745,1172.6766,0.0,185.0,41.375,69.77093,4867.982,0.0,0.0,0.0,1.0,0.0,0.0,0.0,0.0,1.0,47.285713,37.0,55.0,104.0,0.0,0.0,0.0,0.0,0.0,0.0,3.0,111.0,4.0,220.0,64240.0,255.0,1.0,32.0,0.0,0.0,0.0,0.0,0.0,0.0,0.0,0.0,Normal
8080.0,12.0,2.0,0.0,0.0,0.0,0.0,0.0,0.0,0.0,0.0,0.0,0.0,0.0,0.0,166666.67,12.0,0.0,12.0,12.0,12.0,12.0,0.0,12.0,12.0,0.0,0.0,0.0,0.0,0.0,0.0,0.0,0.0,0.0,64.0,0.0,166666.67,0.0,0.0,0.0,0.0,0.0,0.0,0.0,0.0,0.0,0.0,1.0,0.0,0.0,0.0,0.0,0.0,0.0,0.0,64.0,0.0,0.0,0.0,0.0,0.0,0.0,2.0,0.0,0.0,0.0,251.0,-1.0,0.0,32.0,0.0,0.0,0.0,0.0,0.0,0.0,0.0,0.0,Normal
8080.0,5614.0,3.0,4.0,111.0,220.0,111.0,0.0,37.0,64.08588,185.0,0.0,55.0,88.223206,58959.742,1246.8828,935.6667,1397.6387,3764.0,171.0,1301.0,650.5,678.1154,1130.0,171.0,4954.0,1651.3334,1874.7804,3764.0,186.0,0.0,0.0,0.0,0.0,104.0,136.0,534.37836,712.50446,0.0,185.0,41.375,69.77093,4867.982,0.0,0.0,0.0,1.0,0.0,0.0,0.0,0.0,1.0,47.285713,37.0,55.0,104.0,0.0,0.0,0.0,0.0,0.0,0.0,3.0,111.0,4.0,220.0,64240.0,255.0,1.0,32.0,0.0,0.0,0.0,0.0,0.0,0.0,0.0,0.0,Normal
8080.0,172.0,2.0,0.0,0.0,0.0,0.0,0.0,0.0,0.0,0.0,0.0,0.0,0.0,0.0,11627.907,172.0,0.0,172.0,172.0,172.0,172.0,0.0,172.0,172.0,0.0,0.0,0.0,0.0,0.0,0.0,0.0,0.0,0.0,64.0,0.0,11627.907,0.0,0.0,0.0,0.0,0.0,0.0,0.0,0.0,0.0,0.0,1.0,0.0,0.0,0.0,0.0,0.0,0.0,0.0,64.0,0.0,0.0,0.0,0.0,0.0,0.0,2.0,0.0,0.0,0.0,251.0,-1.0,0.0,32.0,0.0,0.0,0.0,0.0,0.0,0.0,0.0,0.0,Normal
8080.0,3405.0,3.0,4.0,111.0,220.0,111.0,0.0,37.0,64.08588,185.0,0.0,55.0,88.223206,97209.984,2055.8003,567.5,469.38715,1212.0,0.0,1202.0,601.0,643.46716,1056.0,146.0,2832.0,944.0,921.3995,1841.0,0.0,0.0,0.0,0.0,0.0,104.0,136.0,881.05725,1174.743,0.0,185.0,41.375,69.77093,4867.982,0.0,0.0,0.0,1.0,0.0,0.0,0.0,0.0,1.0,47.285713,37.0,55.0,104.0,0.0,0.0,0.0,0.0,0.0,0.0,3.0,111.0,4.0,220.0,64240.0,255.0,1.0,32.0,0.0,0.0,0.0,0.0,0.0,0.0,0.0,0.0,Normal
8080.0,152.0,2.0,0.0,0.0,0.0,0.0,0.0,0.0,0.0,0.0,0.0,0.0,0.0,0.0,13157.895,152.0,0.0,152.0,152.0,152.0,152.0,0.0,152.0,152.0,0.0,0.0,0.0,0.0,0.0,0.0,0.0,0.0,0.0,64.0,0.0,13157.895,0.0,0.0,0.0,0.0,0.0,0.0,0.0,0.0,0.0,0.0,1.0,0.0,0.0,0.0,0.0,0.0,0.0,0.0,64.0,0.0,0.0,0.0,0.0,0.0,0.0,2.0,0.0,0.0,0.0,251.0,-1.0,0.0,32.0,0.0,0.0,0.0,0.0,0.0,0.0,0.0,0.0,Normal
8080.0,3110.0,3.0,4.0,111.0,220.0,111.0,0.0,37.0,64.08588,185.0,0.0,55.0,88.223206,106430.87,2250.804,518.3333,450.02917,1241.0,0.0,1480.0,740.0,844.2855,1337.0,143.0,2344.0,781.3333,680.16345,1241.0,0.0,0.0,0.0,0.0,0.0,104.0,136.0,964.63025,1286.1736,0.0,185.0,41.375,69.77093,4867.982,0.0,0.0,0.0,1.0,0.0,0.0,0.0,0.0,1.0,47.285713,37.0,55.0,104.0,0.0,0.0,0.0,0.0,0.0,0.0,3.0,111.0,4.0,220.0,64240.0,255.0,1.0,32.0,0.0,0.0,0.0,0.0,0.0,0.0,0.0,0.0,Normal
8080.0,170.0,2.0,0.0,0.0,0.0,0.0,0.0,0.0,0.0,0.0,0.0,0.0,0.0,0.0,11764.706,170.0,0.0,170.0,170.0,170.0,170.0,0.0,170.0,170.0,0.0,0.0,0.0,0.0,0.0,0.0,0.0,0.0,0.0,64.0,0.0,11764.706,0.0,0.0,0.0,0.0,0.0,0.0,0.0,0.0,0.0,0.0,1.0,0.0,0.0,0.0,0.0,0.0,0.0,0.0,64.0,0.0,0.0,0.0,0.0,0.0,0.0,2.0,0.0,0.0,0.0,251.0,-1.0,0.0,32.0,0.0,0.0,0.0,0.0,0.0,0.0,0.0,0.0,Normal
8080.0,2903.0,3.0,4.0,111.0,220.0,111.0,0.0,37.0,64.08588,185.0,0.0,55.0,88.223206,114019.98,2411.2986,483.83334,407.39142,1178.0,0.0,1297.0,648.5,672.45856,1124.0,173.0,2310.0,770.0,667.2361,1178.0,0.0,0.0,0.0,0.0,0.0,104.0,136.0,1033.4137,1377.8849,0.0,185.0,41.375,69.77093,4867.982,0.0,0.0,0.0,1.0,0.0,0.0,0.0,0.0,1.0,47.285713,37.0,55.0,104.0,0.0,0.0,0.0,0.0,0.0,0.0,3.0,111.0,4.0,220.0,64240.0,255.0,1.0,32.0,0.0,0.0,0.0,0.0,0.0,0.0,0.0,0.0,Normal
8080.0,319.0,2.0,0.0,0.0,0.0,0.0,0.0,0.0,0.0,0.0,0.0,0.0,0.0,0.0,6269.5923,319.0,0.0,319.0,319.0,319.0,319.0,0.0,319.0,319.0,0.0,0.0,0.0,0.0,0.0,0.0,0.0,0.0,0.0,64.0,0.0,6269.5923,0.0,0.0,0.0,0.0,0.0,0.0,0.0,0.0,0.0,0.0,1.0,0.0,0.0,0.0,0.0,0.0,0.0,0.0,64.0,0.0,0.0,0.0,0.0,0.0,0.0,2.0,0.0,0.0,0.0,251.0,-1.0,0.0,32.0,0.0,0.0,0.0,0.0,0.0,0.0,0.0,0.0,Normal
8080.0,2511.0,3.0,4.0,111.0,220.0,111.0,0.0,37.0,64.08588,185.0,0.0,55.0,88.223206,131819.98,2787.734,418.5,424.95306,1153.0,0.0,806.0,403.0,541.6438,786.0,20.0,2190.0,730.0,634.8535,1153.0,0.0,0.0,0.0,0.0,0.0,104.0,136.0,1194.7432,1592.9908,0.0,185.0,41.375,69.77093,4867.982,0.0,0.0,0.0,1.0,0.0,0.0,0.0,0.0,1.0,47.285713,37.0,55.0,104.0,0.0,0.0,0.0,0.0,0.0,0.0,3.0,111.0,4.0,220.0,64240.0,255.0,1.0,32.0,0.0,0.0,0.0,0.0,0.0,0.0,0.0,0.0,Normal
8080.0,163.0,2.0,0.0,0.0,0.0,0.0,0.0,0.0,0.0,0.0,0.0,0.0,0.0,0.0,12269.938,163.0,0.0,163.0,163.0,163.0,163.0,0.0,163.0,163.0,0.0,0.0,0.0,0.0,0.0,0.0,0.0,0.0,0.0,64.0,0.0,12269.938,0.0,0.0,0.0,0.0,0.0,0.0,0.0,0.0,0.0,0.0,1.0,0.0,0.0,0.0,0.0,0.0,0.0,0.0,64.0,0.0,0.0,0.0,0.0,0.0,0.0,2.0,0.0,0.0,0.0,251.0,-1.0,0.0,32.0,0.0,0.0,0.0,0.0,0.0,0.0,0.0,0.0,Normal
8080.0,3586.0,3.0,4.0,111.0,220.0,111.0,0.0,37.0,64.08588,185.0,0.0,55.0,88.223206,92303.4,1952.0356,597.6667,560.4797,1625.0,74.0,1546.0,773.0,783.4743,1327.0,219.0,2815.0,938.3333,790.61646,1625.0,74.0,0.0,0.0,0.0,0.0,104.0,136.0,836.58673,1115.449,0.0,185.0,41.375,69.77093,4867.982,0.0,0.0,0.0,1.0,0.0,0.0,0.0,0.0,1.0,47.285713,37.0,55.0,104.0,0.0,0.0,0.0,0.0,0.0,0.0,3.0,111.0,4.0,220.0,64240.0,255.0,1.0,32.0,0.0,0.0,0.0,0.0,0.0,0.0,0.0,0.0,Normal
8080.0,62.0,2.0,0.0,0.0,0.0,0.0,0.0,0.0,0.0,0.0,0.0,0.0,0.0,0.0,32258.064,62.0,0.0,62.0,62.0,62.0,62.0,0.0,62.0,62.0,0.0,0.0,0.0,0.0,0.0,0.0,0.0,0.0,0.0,64.0,0.0,32258.064,0.0,0.0,0.0,0.0,0.0,0.0,0.0,0.0,0.0,0.0,1.0,0.0,0.0,0.0,0.0,0.0,0.0,0.0,64.0,0.0,0.0,0.0,0.0,0.0,0.0,2.0,0.0,0.0,0.0,251.0,-1.0,0.0,32.0,0.0,0.0,0.0,0.0,0.0,0.0,0.0,0.0,Normal
8080.0,2971.0,3.0,4.0,111.0,220.0,111.0,0.0,37.0,64.08588,185.0,0.0,55.0,88.223206,111410.3,2356.1091,495.16666,398.8581,1114.0,0.0,1490.0,745.0,794.788,1307.0,183.0,2277.0,759.0,657.7697,1163.0,0.0,0.0,0.0,0.0,0.0,104.0,136.0,1009.76105,1346.348,0.0,185.0,41.375,69.77093,4867.982,0.0,0.0,0.0,1.0,0.0,0.0,0.0,0.0,1.0,47.285713,37.0,55.0,104.0,0.0,0.0,0.0,0.0,0.0,0.0,3.0,111.0,4.0,220.0,64240.0,255.0,1.0,32.0,0.0,0.0,0.0,0.0,0.0,0.0,0.0,0.0,Normal
8080.0,166.0,2.0,0.0,0.0,0.0,0.0,0.0,0.0,0.0,0.0,0.0,0.0,0.0,0.0,12048.192,166.0,0.0,166.0,166.0,166.0,166.0,0.0,166.0,166.0,0.0,0.0,0.0,0.0,0.0,0.0,0.0,0.0,0.0,64.0,0.0,12048.192,0.0,0.0,0.0,0.0,0.0,0.0,0.0,0.0,0.0,0.0,1.0,0.0,0.0,0.0,0.0,0.0,0.0,0.0,64.0,0.0,0.0,0.0,0.0,0.0,0.0,2.0,0.0,0.0,0.0,251.0,-1.0,0.0,32.0,0.0,0.0,0.0,0.0,0.0,0.0,0.0,0.0,Normal
8080.0,4710.0,3.0,4.0,111.0,220.0,111.0,0.0,37.0,64.08588,185.0,0.0,55.0,88.223206,70276.01,1486.1996,785.0,999.8302,2791.0,97.0,1297.0,648.5,583.3631,1061.0,236.0,4145.0,1381.6666,1351.3198,2791.0,97.0,0.0,0.0,0.0,0.0,104.0,136.0,636.9427,849.2569,0.0,185.0,41.375,69.77093,4867.982,0.0,0.0,0.0,1.0,0.0,0.0,0.0,0.0,1.0,47.285713,37.0,55.0,104.0,0.0,0.0,0.0,0.0,0.0,0.0,3.0,111.0,4.0,220.0,64240.0,255.0,1.0,32.0,0.0,0.0,0.0,0.0,0.0,0.0,0.0,0.0,Normal
8080.0,109.0,2.0,0.0,0.0,0.0,0.0,0.0,0.0,0.0,0.0,0.0,0.0,0.0,0.0,18348.623,109.0,0.0,109.0,109.0,109.0,109.0,0.0,109.0,109.0,0.0,0.0,0.0,0.0,0.0,0.0,0.0,0.0,0.0,64.0,0.0,18348.623,0.0,0.0,0.0,0.0,0.0,0.0,0.0,0.0,0.0,0.0,1.0,0.0,0.0,0.0,0.0,0.0,0.0,0.0,64.0,0.0,0.0,0.0,0.0,0.0,0.0,2.0,0.0,0.0,0.0,251.0,-1.0,0.0,32.0,0.0,0.0,0.0,0.0,0.0,0.0,0.0,0.0,Normal
8080.0,4104.0,3.0,4.0,111.0,220.0,111.0,0.0,37.0,64.08588,185.0,0.0,55.0,88.223206,80653.02,1705.6531,684.0,943.9144,2567.0,0.0,1151.0,575.5,574.8778,982.0,169.0,3533.0,1177.6666,1296.5239,2567.0,0.0,0.0,0.0,0.0,0.0,104.0,136.0,730.99414,974.6589,0.0,185.0,41.375,69.77093,4867.982,0.0,0.0,0.0,1.0,0.0,0.0,0.0,0.0,1.0,47.285713,37.0,55.0,104.0,0.0,0.0,0.0,0.0,0.0,0.0,3.0,111.0,4.0,220.0,64240.0,255.0,1.0,32.0,0.0,0.0,0.0,0.0,0.0,0.0,0.0,0.0,Normal
8080.0,243.0,2.0,0.0,0.0,0.0,0.0,0.0,0.0,0.0,0.0,0.0,0.0,0.0,0.0,8230.453,243.0,0.0,243.0,243.0,243.0,243.0,0.0,243.0,243.0,0.0,0.0,0.0,0.0,0.0,0.0,0.0,0.0,0.0,64.0,0.0,8230.453,0.0,0.0,0.0,0.0,0.0,0.0,0.0,0.0,0.0,0.0,1.0,0.0,0.0,0.0,0.0,0.0,0.0,0.0,64.0,0.0,0.0,0.0,0.0,0.0,0.0,2.0,0.0,0.0,0.0,251.0,-1.0,0.0,32.0,0.0,0.0,0.0,0.0,0.0,0.0,0.0,0.0,Normal
8080.0,2840.0,3.0,4.0,111.0,220.0,111.0,0.0,37.0,64.08588,185.0,0.0,55.0,88.223206,116549.3,2464.7888,473.33334,521.6691,1468.0,0.0,1016.0,508.0,560.02856,904.0,112.0,2356.0,785.3333,739.3655,1468.0,0.0,0.0,0.0,0.0,0.0,104.0,136.0,1056.338,1408.4507,0.0,185.0,41.375,69.77093,4867.982,0.0,0.0,0.0,1.0,0.0,0.0,0.0,0.0,1.0,47.285713,37.0,55.0,104.0,0.0,0.0,0.0,0.0,0.0,0.0,3.0,111.0,4.0,220.0,64240.0,255.0,1.0,32.0,0.0,0.0,0.0,0.0,0.0,0.0,0.0,0.0,Normal
8080.0,234.0,2.0,0.0,0.0,0.0,0.0,0.0,0.0,0.0,0.0,0.0,0.0,0.0,0.0,8547.009,234.0,0.0,234.0,234.0,234.0,234.0,0.0,234.0,234.0,0.0,0.0,0.0,0.0,0.0,0.0,0.0,0.0,0.0,64.0,0.0,8547.009,0.0,0.0,0.0,0.0,0.0,0.0,0.0,0.0,0.0,0.0,1.0,0.0,0.0,0.0,0.0,0.0,0.0,0.0,64.0,0.0,0.0,0.0,0.0,0.0,0.0,2.0,0.0,0.0,0.0,251.0,-1.0,0.0,32.0,0.0,0.0,0.0,0.0,0.0,0.0,0.0,0.0,Normal
8080.0,4062.0,3.0,4.0,111.0,220.0,111.0,0.0,37.0,64.08588,185.0,0.0,55.0,88.223206,81486.95,1723.2891,677.0,776.8987,2206.0,0.0,1431.0,715.5,552.25037,1106.0,325.0,3551.0,1183.6666,1111.814,2206.0,0.0,0.0,0.0,0.0,0.0,104.0,136.0,738.5524,984.7366,0.0,185.0,41.375,69.77093,4867.982,0.0,0.0,0.0,1.0,0.0,0.0,0.0,0.0,1.0,47.285713,37.0,55.0,104.0,0.0,0.0,0.0,0.0,0.0,0.0,3.0,111.0,4.0,220.0,64240.0,255.0,1.0,32.0,0.0,0.0,0.0,0.0,0.0,0.0,0.0,0.0,Normal
8080.0,15.0,2.0,0.0,0.0,0.0,0.0,0.0,0.0,0.0,0.0,0.0,0.0,0.0,0.0,133333.33,15.0,0.0,15.0,15.0,15.0,15.0,0.0,15.0,15.0,0.0,0.0,0.0,0.0,0.0,0.0,0.0,0.0,0.0,64.0,0.0,133333.33,0.0,0.0,0.0,0.0,0.0,0.0,0.0,0.0,0.0,0.0,1.0,0.0,0.0,0.0,0.0,0.0,0.0,0.0,64.0,0.0,0.0,0.0,0.0,0.0,0.0,2.0,0.0,0.0,0.0,251.0,-1.0,0.0,32.0,0.0,0.0,0.0,0.0,0.0,0.0,0.0,0.0,Normal
8080.0,5615.0,3.0,4.0,111.0,220.0,111.0,0.0,37.0,64.08588,185.0,0.0,55.0,88.223206,58949.242,1246.6608,935.8333,1518.2968,4005.0,1.0,1297.0,648.5,632.8606,1096.0,201.0,5032.0,1677.3334,2079.9473,4005.0,1.0,0.0,0.0,0.0,0.0,104.0,136.0,534.28314,712.37756,0.0,185.0,41.375,69.77093,4867.982,0.0,0.0,0.0,1.0,0.0,0.0,0.0,0.0,1.0,47.285713,37.0,55.0,104.0,0.0,0.0,0.0,0.0,0.0,0.0,3.0,111.0,4.0,220.0,64240.0,255.0,1.0,32.0,0.0,0.0,0.0,0.0,0.0,0.0,0.0,0.0,Normal
8080.0,222.0,2.0,0.0,0.0,0.0,0.0,0.0,0.0,0.0,0.0,0.0,0.0,0.0,0.0,9009.009,222.0,0.0,222.0,222.0,222.0,222.0,0.0,222.0,222.0,0.0,0.0,0.0,0.0,0.0,0.0,0.0,0.0,0.0,64.0,0.0,9009.009,0.0,0.0,0.0,0.0,0.0,0.0,0.0,0.0,0.0,0.0,1.0,0.0,0.0,0.0,0.0,0.0,0.0,0.0,64.0,0.0,0.0,0.0,0.0,0.0,0.0,2.0,0.0,0.0,0.0,251.0,-1.0,0.0,32.0,0.0,0.0,0.0,0.0,0.0,0.0,0.0,0.0,Normal
8080.0,2618.0,3.0,4.0,111.0,220.0,111.0,0.0,37.0,64.08588,185.0,0.0,55.0,88.223206,126432.39,2673.7969,436.33334,436.69608,1238.0,0.0,1034.0,517.0,576.99915,925.0,109.0,2112.0,704.0,636.2672,1238.0,0.0,0.0,0.0,0.0,0.0,104.0,136.0,1145.913,1527.8839,0.0,185.0,41.375,69.77093,4867.982,0.0,0.0,0.0,1.0,0.0,0.0,0.0,0.0,1.0,47.285713,37.0,55.0,104.0,0.0,0.0,0.0,0.0,0.0,0.0,3.0,111.0,4.0,220.0,64240.0,255.0,1.0,32.0,0.0,0.0,0.0,0.0,0.0,0.0,0.0,0.0,Normal
8080.0,168.0,2.0,0.0,0.0,0.0,0.0,0.0,0.0,0.0,0.0,0.0,0.0,0.0,0.0,11904.762,168.0,0.0,168.0,168.0,168.0,168.0,0.0,168.0,168.0,0.0,0.0,0.0,0.0,0.0,0.0,0.0,0.0,0.0,64.0,0.0,11904.762,0.0,0.0,0.0,0.0,0.0,0.0,0.0,0.0,0.0,0.0,1.0,0.0,0.0,0.0,0.0,0.0,0.0,0.0,64.0,0.0,0.0,0.0,0.0,0.0,0.0,2.0,0.0,0.0,0.0,251.0,-1.0,0.0,32.0,0.0,0.0,0.0,0.0,0.0,0.0,0.0,0.0,Normal
8080.0,6329.0,3.0,4.0,111.0,220.0,111.0,0.0,37.0,64.08588,185.0,0.0,55.0,88.223206,52298.94,1106.0199,1054.8334,1285.4293,3595.0,0.0,2138.0,1069.0,93.3381,1135.0,1003.0,5697.0,1899.0,1806.0767,3595.0,0.0,0.0,0.0,0.0,0.0,104.0,136.0,474.00854,632.01135,0.0,185.0,41.375,69.77093,4867.982,0.0,0.0,0.0,1.0,0.0,0.0,0.0,0.0,1.0,47.285713,37.0,55.0,104.0,0.0,0.0,0.0,0.0,0.0,0.0,3.0,111.0,4.0,220.0,64240.0,255.0,1.0,32.0,0.0,0.0,0.0,0.0,0.0,0.0,0.0,0.0,Normal
8080.0,196.0,2.0,0.0,0.0,0.0,0.0,0.0,0.0,0.0,0.0,0.0,0.0,0.0,0.0,10204.082,196.0,0.0,196.0,196.0,196.0,196.0,0.0,196.0,196.0,0.0,0.0,0.0,0.0,0.0,0.0,0.0,0.0,0.0,64.0,0.0,10204.082,0.0,0.0,0.0,0.0,0.0,0.0,0.0,0.0,0.0,0.0,1.0,0.0,0.0,0.0,0.0,0.0,0.0,0.0,64.0,0.0,0.0,0.0,0.0,0.0,0.0,2.0,0.0,0.0,0.0,251.0,-1.0,0.0,32.0,0.0,0.0,0.0,0.0,0.0,0.0,0.0,0.0,Normal
8080.0,2674.0,3.0,4.0,111.0,220.0,111.0,0.0,37.0,64.08588,185.0,0.0,55.0,88.223206,123784.59,2617.801,445.66666,340.20444,871.0,0.0,1402.0,701.0,834.386,1291.0,111.0,1977.0,659.0,582.68085,1106.0,0.0,0.0,0.0,0.0,0.0,104.0,136.0,1121.9148,1495.8864,0.0,185.0,41.375,69.77093,4867.982,0.0,0.0,0.0,1.0,0.0,0.0,0.0,0.0,1.0,47.285713,37.0,55.0,104.0,0.0,0.0,0.0,0.0,0.0,0.0,3.0,111.0,4.0,220.0,64240.0,255.0,1.0,32.0,0.0,0.0,0.0,0.0,0.0,0.0,0.0,0.0,Normal
8080.0,83.0,2.0,0.0,0.0,0.0,0.0,0.0,0.0,0.0,0.0,0.0,0.0,0.0,0.0,24096.385,83.0,0.0,83.0,83.0,83.0,83.0,0.0,83.0,83.0,0.0,0.0,0.0,0.0,0.0,0.0,0.0,0.0,0.0,64.0,0.0,24096.385,0.0,0.0,0.0,0.0,0.0,0.0,0.0,0.0,0.0,0.0,1.0,0.0,0.0,0.0,0.0,0.0,0.0,0.0,64.0,0.0,0.0,0.0,0.0,0.0,0.0,2.0,0.0,0.0,0.0,251.0,-1.0,0.0,32.0,0.0,0.0,0.0,0.0,0.0,0.0,0.0,0.0,Normal
8080.0,6640.0,3.0,4.0,111.0,220.0,111.0,0.0,37.0,64.08588,185.0,0.0,55.0,88.223206,49849.4,1054.2169,1106.6666,1859.3029,4852.0,0.0,1282.0,641.0,888.1261,1269.0,13.0,5883.0,1961.0,2556.1985,4852.0,0.0,0.0,0.0,0.0,0.0,104.0,136.0,451.80722,602.40967,0.0,185.0,41.375,69.77093,4867.982,0.0,0.0,0.0,1.0,0.0,0.0,0.0,0.0,1.0,47.285713,37.0,55.0,104.0,0.0,0.0,0.0,0.0,0.0,0.0,3.0,111.0,4.0,220.0,64240.0,255.0,1.0,32.0,0.0,0.0,0.0,0.0,0.0,0.0,0.0,0.0,Normal
39826.0,7267.0,1.0,2.0,35.0,0.0,35.0,35.0,35.0,0.0,0.0,0.0,0.0,0.0,4816.293,412.8251,3633.5,5096.1187,7237.0,30.0,0.0,0.0,0.0,0.0,0.0,30.0,30.0,0.0,30.0,30.0,1.0,0.0,0.0,0.0,32.0,64.0,137.60837,275.21674,0.0,35.0,17.5,20.20726,408.33334,0.0,1.0,0.0,0.0,1.0,1.0,0.0,0.0,2.0,23.333334,35.0,0.0,32.0,0.0,0.0,0.0,0.0,0.0,0.0,1.0,35.0,2.0,0.0,255.0,251.0,0.0,32.0,0.0,0.0,0.0,0.0,0.0,0.0,0.0,0.0,Normal
8080.0,3977.0,3.0,4.0,111.0,220.0,111.0,0.0,37.0,64.08588,185.0,0.0,55.0,88.223206,83228.56,1760.1207,662.8333,891.0375,2398.0,0.0,1210.0,605.0,828.7291,1191.0,19.0,3312.0,1104.0,1210.238,2398.0,0.0,0.0,0.0,0.0,0.0,104.0,136.0,754.33746,1005.78326,0.0,185.0,41.375,69.77093,4867.982,0.0,0.0,0.0,1.0,0.0,0.0,0.0,0.0,1.0,47.285713,37.0,55.0,104.0,0.0,0.0,0.0,0.0,0.0,0.0,3.0,111.0,4.0,220.0,64240.0,255.0,1.0,32.0,0.0,0.0,0.0,0.0,0.0,0.0,0.0,0.0,Normal
8080.0,255.0,2.0,0.0,0.0,0.0,0.0,0.0,0.0,0.0,0.0,0.0,0.0,0.0,0.0,7843.137,255.0,0.0,255.0,255.0,255.0,255.0,0.0,255.0,255.0,0.0,0.0,0.0,0.0,0.0,0.0,0.0,0.0,0.0,64.0,0.0,7843.137,0.0,0.0,0.0,0.0,0.0,0.0,0.0,0.0,0.0,0.0,1.0,0.0,0.0,0.0,0.0,0.0,0.0,0.0,64.0,0.0,0.0,0.0,0.0,0.0,0.0,2.0,0.0,0.0,0.0,251.0,-1.0,0.0,32.0,0.0,0.0,0.0,0.0,0.0,0.0,0.0,0.0,Normal
8080.0,3508.0,3.0,4.0,111.0,220.0,111.0,0.0,37.0,64.08588,185.0,0.0,55.0,88.223206,94355.76,1995.439,584.6667,707.9759,1965.0,0.0,1160.0,580.0,634.9819,1029.0,131.0,2957.0,985.6667,982.5153,1965.0,0.0,0.0,0.0,0.0,0.0,104.0,136.0,855.1882,1140.2509,0.0,185.0,41.375,69.77093,4867.982,0.0,0.0,0.0,1.0,0.0,0.0,0.0,0.0,1.0,47.285713,37.0,55.0,104.0,0.0,0.0,0.0,0.0,0.0,0.0,3.0,111.0,4.0,220.0,64240.0,255.0,1.0,32.0,0.0,0.0,0.0,0.0,0.0,0.0,0.0,0.0,Normal
8080.0,184.0,2.0,0.0,0.0,0.0,0.0,0.0,0.0,0.0,0.0,0.0,0.0,0.0,0.0,10869.565,184.0,0.0,184.0,184.0,184.0,184.0,0.0,184.0,184.0,0.0,0.0,0.0,0.0,0.0,0.0,0.0,0.0,0.0,64.0,0.0,10869.565,0.0,0.0,0.0,0.0,0.0,0.0,0.0,0.0,0.0,0.0,1.0,0.0,0.0,0.0,0.0,0.0,0.0,0.0,64.0,0.0,0.0,0.0,0.0,0.0,0.0,2.0,0.0,0.0,0.0,251.0,-1.0,0.0,32.0,0.0,0.0,0.0,0.0,0.0,0.0,0.0,0.0,Normal
8080.0,3780.0,3.0,4.0,111.0,220.0,111.0,0.0,37.0,64.08588,185.0,0.0,55.0,88.223206,87566.14,1851.8518,630.0,512.85785,1218.0,1.0,1678.0,839.0,1131.3708,1639.0,39.0,2750.0,916.6667,808.2861,1531.0,1.0,0.0,0.0,0.0,0.0,104.0,136.0,793.6508,1058.201,0.0,185.0,41.375,69.77093,4867.982,0.0,0.0,0.0,1.0,0.0,0.0,0.0,0.0,1.0,47.285713,37.0,55.0,104.0,0.0,0.0,0.0,0.0,0.0,0.0,3.0,111.0,4.0,220.0,64240.0,255.0,1.0,32.0,0.0,0.0,0.0,0.0,0.0,0.0,0.0,0.0,Normal
8080.0,140.0,2.0,0.0,0.0,0.0,0.0,0.0,0.0,0.0,0.0,0.0,0.0,0.0,0.0,14285.714,140.0,0.0,140.0,140.0,140.0,140.0,0.0,140.0,140.0,0.0,0.0,0.0,0.0,0.0,0.0,0.0,0.0,0.0,64.0,0.0,14285.714,0.0,0.0,0.0,0.0,0.0,0.0,0.0,0.0,0.0,0.0,1.0,0.0,0.0,0.0,0.0,0.0,0.0,0.0,64.0,0.0,0.0,0.0,0.0,0.0,0.0,2.0,0.0,0.0,0.0,251.0,-1.0,0.0,32.0,0.0,0.0,0.0,0.0,0.0,0.0,0.0,0.0,Normal
8080.0,6504.0,3.0,4.0,111.0,220.0,111.0,0.0,37.0,64.08588,185.0,0.0,55.0,88.223206,50891.758,1076.2607,1084.0,1552.0884,4215.0,133.0,1302.0,651.0,732.5626,1169.0,133.0,5723.0,1907.6666,1999.8911,4215.0,672.0,0.0,0.0,0.0,0.0,104.0,136.0,461.2546,615.00616,0.0,185.0,41.375,69.77093,4867.982,0.0,0.0,0.0,1.0,0.0,0.0,0.0,0.0,1.0,47.285713,37.0,55.0,104.0,0.0,0.0,0.0,0.0,0.0,0.0,3.0,111.0,4.0,220.0,64240.0,255.0,1.0,32.0,0.0,0.0,0.0,0.0,0.0,0.0,0.0,0.0,Normal
8080.0,192.0,2.0,0.0,0.0,0.0,0.0,0.0,0.0,0.0,0.0,0.0,0.0,0.0,0.0,10416.667,192.0,0.0,192.0,192.0,192.0,192.0,0.0,192.0,192.0,0.0,0.0,0.0,0.0,0.0,0.0,0.0,0.0,0.0,64.0,0.0,10416.667,0.0,0.0,0.0,0.0,0.0,0.0,0.0,0.0,0.0,0.0,1.0,0.0,0.0,0.0,0.0,0.0,0.0,0.0,64.0,0.0,0.0,0.0,0.0,0.0,0.0,2.0,0.0,0.0,0.0,251.0,-1.0,0.0,32.0,0.0,0.0,0.0,0.0,0.0,0.0,0.0,0.0,Normal
8080.0,3587.0,3.0,4.0,111.0,220.0,111.0,0.0,37.0,64.08588,185.0,0.0,55.0,88.223206,92277.67,1951.4915,597.8333,517.36,1558.0,165.0,1479.0,739.5,796.90936,1303.0,176.0,2931.0,977.0,724.6606,1558.0,165.0,0.0,0.0,0.0,0.0,104.0,136.0,836.3535,1115.138,0.0,185.0,41.375,69.77093,4867.982,0.0,0.0,0.0,1.0,0.0,0.0,0.0,0.0,1.0,47.285713,37.0,55.0,104.0,0.0,0.0,0.0,0.0,0.0,0.0,3.0,111.0,4.0,220.0,64240.0,255.0,1.0,32.0,0.0,0.0,0.0,0.0,0.0,0.0,0.0,0.0,Normal
8080.0,178.0,2.0,0.0,0.0,0.0,0.0,0.0,0.0,0.0,0.0,0.0,0.0,0.0,0.0,11235.955,178.0,0.0,178.0,178.0,178.0,178.0,0.0,178.0,178.0,0.0,0.0,0.0,0.0,0.0,0.0,0.0,0.0,0.0,64.0,0.0,11235.955,0.0,0.0,0.0,0.0,0.0,0.0,0.0,0.0,0.0,0.0,1.0,0.0,0.0,0.0,0.0,0.0,0.0,0.0,64.0,0.0,0.0,0.0,0.0,0.0,0.0,2.0,0.0,0.0,0.0,251.0,-1.0,0.0,32.0,0.0,0.0,0.0,0.0,0.0,0.0,0.0,0.0,Normal
8080.0,3655.0,3.0,4.0,111.0,220.0,111.0,0.0,37.0,64.08588,185.0,0.0,55.0,88.223206,90560.875,1915.1847,609.1667,532.6903,1259.0,0.0,1964.0,982.0,1151.1698,1796.0,168.0,2416.0,805.3333,699.30133,1259.0,0.0,0.0,0.0,0.0,0.0,104.0,136.0,820.79346,1094.3912,0.0,185.0,41.375,69.77093,4867.982,0.0,0.0,0.0,1.0,0.0,0.0,0.0,0.0,1.0,47.285713,37.0,55.0,104.0,0.0,0.0,0.0,0.0,0.0,0.0,3.0,111.0,4.0,220.0,64240.0,255.0,1.0,32.0,0.0,0.0,0.0,0.0,0.0,0.0,0.0,0.0,Normal
8080.0,136.0,2.0,0.0,0.0,0.0,0.0,0.0,0.0,0.0,0.0,0.0,0.0,0.0,0.0,14705.883,136.0,0.0,136.0,136.0,136.0,136.0,0.0,136.0,136.0,0.0,0.0,0.0,0.0,0.0,0.0,0.0,0.0,0.0,64.0,0.0,14705.883,0.0,0.0,0.0,0.0,0.0,0.0,0.0,0.0,0.0,0.0,1.0,0.0,0.0,0.0,0.0,0.0,0.0,0.0,64.0,0.0,0.0,0.0,0.0,0.0,0.0,2.0,0.0,0.0,0.0,251.0,-1.0,0.0,32.0,0.0,0.0,0.0,0.0,0.0,0.0,0.0,0.0,Normal
8080.0,2543.0,3.0,4.0,111.0,220.0,111.0,0.0,37.0,64.08588,185.0,0.0,55.0,88.223206,130161.23,2752.6543,423.83334,361.8781,1027.0,0.0,1151.0,575.5,635.689,1025.0,126.0,1989.0,663.0,575.09393,1027.0,0.0,0.0,0.0,0.0,0.0,104.0,136.0,1179.709,1572.9453,0.0,185.0,41.375,69.77093,4867.982,0.0,0.0,0.0,1.0,0.0,0.0,0.0,0.0,1.0,47.285713,37.0,55.0,104.0,0.0,0.0,0.0,0.0,0.0,0.0,3.0,111.0,4.0,220.0,64240.0,255.0,1.0,32.0,0.0,0.0,0.0,0.0,0.0,0.0,0.0,0.0,Normal
8080.0,168.0,2.0,0.0,0.0,0.0,0.0,0.0,0.0,0.0,0.0,0.0,0.0,0.0,0.0,11904.762,168.0,0.0,168.0,168.0,168.0,168.0,0.0,168.0,168.0,0.0,0.0,0.0,0.0,0.0,0.0,0.0,0.0,0.0,64.0,0.0,11904.762,0.0,0.0,0.0,0.0,0.0,0.0,0.0,0.0,0.0,0.0,1.0,0.0,0.0,0.0,0.0,0.0,0.0,0.0,64.0,0.0,0.0,0.0,0.0,0.0,0.0,2.0,0.0,0.0,0.0,251.0,-1.0,0.0,32.0,0.0,0.0,0.0,0.0,0.0,0.0,0.0,0.0,Normal
8080.0,3934.0,3.0,4.0,111.0,220.0,111.0,0.0,37.0,64.08588,185.0,0.0,55.0,88.223206,84138.28,1779.3594,655.6667,950.8478,2554.0,0.0,1082.0,541.0,582.656,953.0,129.0,3364.0,1121.3334,1305.1533,2554.0,0.0,0.0,0.0,0.0,0.0,104.0,136.0,762.58264,1016.7768,0.0,185.0,41.375,69.77093,4867.982,0.0,0.0,0.0,1.0,0.0,0.0,0.0,0.0,1.0,47.285713,37.0,55.0,104.0,0.0,0.0,0.0,0.0,0.0,0.0,3.0,111.0,4.0,220.0,64240.0,255.0,1.0,32.0,0.0,0.0,0.0,0.0,0.0,0.0,0.0,0.0,Normal
8080.0,226.0,2.0,0.0,0.0,0.0,0.0,0.0,0.0,0.0,0.0,0.0,0.0,0.0,0.0,8849.558,226.0,0.0,226.0,226.0,226.0,226.0,0.0,226.0,226.0,0.0,0.0,0.0,0.0,0.0,0.0,0.0,0.0,0.0,64.0,0.0,8849.558,0.0,0.0,0.0,0.0,0.0,0.0,0.0,0.0,0.0,0.0,1.0,0.0,0.0,0.0,0.0,0.0,0.0,0.0,64.0,0.0,0.0,0.0,0.0,0.0,0.0,2.0,0.0,0.0,0.0,251.0,-1.0,0.0,32.0,0.0,0.0,0.0,0.0,0.0,0.0,0.0,0.0,Normal
8080.0,2452.0,3.0,4.0,111.0,220.0,111.0,0.0,37.0,64.08588,185.0,0.0,55.0,88.223206,134991.84,2854.8125,408.66666,388.72903,1115.0,0.0,968.0,484.0,517.6022,850.0,118.0,1988.0,662.6667,586.5035,1115.0,0.0,0.0,0.0,0.0,0.0,104.0,136.0,1223.491,1631.3214,0.0,185.0,41.375,69.77093,4867.982,0.0,0.0,0.0,1.0,0.0,0.0,0.0,0.0,1.0,47.285713,37.0,55.0,104.0,0.0,0.0,0.0,0.0,0.0,0.0,3.0,111.0,4.0,220.0,64240.0,255.0,1.0,32.0,0.0,0.0,0.0,0.0,0.0,0.0,0.0,0.0,Normal
8080.0,177.0,2.0,0.0,0.0,0.0,0.0,0.0,0.0,0.0,0.0,0.0,0.0,0.0,0.0,11299.435,177.0,0.0,177.0,177.0,177.0,177.0,0.0,177.0,177.0,0.0,0.0,0.0,0.0,0.0,0.0,0.0,0.0,0.0,64.0,0.0,11299.435,0.0,0.0,0.0,0.0,0.0,0.0,0.0,0.0,0.0,0.0,1.0,0.0,0.0,0.0,0.0,0.0,0.0,0.0,64.0,0.0,0.0,0.0,0.0,0.0,0.0,2.0,0.0,0.0,0.0,251.0,-1.0,0.0,32.0,0.0,0.0,0.0,0.0,0.0,0.0,0.0,0.0,Normal
8080.0,3313.0,3.0,4.0,111.0,220.0,111.0,0.0,37.0,64.08588,185.0,0.0,55.0,88.223206,99909.445,2112.8887,552.1667,523.6993,1560.0,14.0,981.0,490.5,673.87274,967.0,14.0,2804.0,934.6667,590.74304,1560.0,386.0,0.0,0.0,0.0,0.0,104.0,136.0,905.5237,1207.3649,0.0,185.0,41.375,69.77093,4867.982,0.0,0.0,0.0,1.0,0.0,0.0,0.0,0.0,1.0,47.285713,37.0,55.0,104.0,0.0,0.0,0.0,0.0,0.0,0.0,3.0,111.0,4.0,220.0,64240.0,255.0,1.0,32.0,0.0,0.0,0.0,0.0,0.0,0.0,0.0,0.0,Normal
8080.0,104.0,2.0,0.0,0.0,0.0,0.0,0.0,0.0,0.0,0.0,0.0,0.0,0.0,0.0,19230.77,104.0,0.0,104.0,104.0,104.0,104.0,0.0,104.0,104.0,0.0,0.0,0.0,0.0,0.0,0.0,0.0,0.0,0.0,64.0,0.0,19230.77,0.0,0.0,0.0,0.0,0.0,0.0,0.0,0.0,0.0,0.0,1.0,0.0,0.0,0.0,0.0,0.0,0.0,0.0,64.0,0.0,0.0,0.0,0.0,0.0,0.0,2.0,0.0,0.0,0.0,251.0,-1.0,0.0,32.0,0.0,0.0,0.0,0.0,0.0,0.0,0.0,0.0,Normal
8080.0,12418.0,3.0,4.0,111.0,220.0,111.0,0.0,37.0,64.08588,185.0,0.0,55.0,88.223206,26654.855,563.6979,2069.6667,1412.1305,3708.0,128.0,2834.0,1417.0,1822.9213,2706.0,128.0,10392.0,3464.0,634.2366,3940.0,2744.0,0.0,0.0,0.0,0.0,104.0,136.0,241.5848,322.11307,0.0,185.0,41.375,69.77093,4867.982,0.0,0.0,0.0,1.0,0.0,0.0,0.0,0.0,1.0,47.285713,37.0,55.0,104.0,0.0,0.0,0.0,0.0,0.0,0.0,3.0,111.0,4.0,220.0,64240.0,255.0,1.0,32.0,0.0,0.0,0.0,0.0,0.0,0.0,0.0,0.0,Normal
8080.0,271.0,2.0,0.0,0.0,0.0,0.0,0.0,0.0,0.0,0.0,0.0,0.0,0.0,0.0,7380.0737,271.0,0.0,271.0,271.0,271.0,271.0,0.0,271.0,271.0,0.0,0.0,0.0,0.0,0.0,0.0,0.0,0.0,0.0,64.0,0.0,7380.0737,0.0,0.0,0.0,0.0,0.0,0.0,0.0,0.0,0.0,0.0,1.0,0.0,0.0,0.0,0.0,0.0,0.0,0.0,64.0,0.0,0.0,0.0,0.0,0.0,0.0,2.0,0.0,0.0,0.0,251.0,-1.0,0.0,32.0,0.0,0.0,0.0,0.0,0.0,0.0,0.0,0.0,Normal
8080.0,3922.0,3.0,4.0,111.0,220.0,111.0,0.0,37.0,64.08588,185.0,0.0,55.0,88.223206,84395.72,1784.8037,653.6667,604.4818,1429.0,0.0,2108.0,1054.0,1233.1942,1926.0,182.0,2493.0,831.0,729.68555,1367.0,0.0,0.0,0.0,0.0,0.0,104.0,136.0,764.91583,1019.8878,0.0,185.0,41.375,69.77093,4867.982,0.0,0.0,0.0,1.0,0.0,0.0,0.0,0.0,1.0,47.285713,37.0,55.0,104.0,0.0,0.0,0.0,0.0,0.0,0.0,3.0,111.0,4.0,220.0,64240.0,255.0,1.0,32.0,0.0,0.0,0.0,0.0,0.0,0.0,0.0,0.0,Normal
8080.0,970.0,2.0,0.0,0.0,0.0,0.0,0.0,0.0,0.0,0.0,0.0,0.0,0.0,0.0,2061.8557,970.0,0.0,970.0,970.0,970.0,970.0,0.0,970.0,970.0,0.0,0.0,0.0,0.0,0.0,0.0,0.0,0.0,0.0,64.0,0.0,2061.8557,0.0,0.0,0.0,0.0,0.0,0.0,0.0,0.0,0.0,0.0,1.0,0.0,0.0,0.0,0.0,0.0,0.0,0.0,64.0,0.0,0.0,0.0,0.0,0.0,0.0,2.0,0.0,0.0,0.0,251.0,-1.0,0.0,32.0,0.0,0.0,0.0,0.0,0.0,0.0,0.0,0.0,Normal
8080.0,2832.0,3.0,4.0,111.0,220.0,111.0,0.0,37.0,64.08588,185.0,0.0,55.0,88.223206,116878.53,2471.7515,472.0,453.75235,1280.0,1.0,1184.0,592.0,681.65094,1074.0,110.0,2249.0,749.6667,666.86755,1280.0,1.0,0.0,0.0,0.0,0.0,104.0,136.0,1059.322,1412.4293,0.0,185.0,41.375,69.77093,4867.982,0.0,0.0,0.0,1.0,0.0,0.0,0.0,0.0,1.0,47.285713,37.0,55.0,104.0,0.0,0.0,0.0,0.0,0.0,0.0,3.0,111.0,4.0,220.0,64240.0,255.0,1.0,32.0,0.0,0.0,0.0,0.0,0.0,0.0,0.0,0.0,Normal
8080.0,250.0,2.0,0.0,0.0,0.0,0.0,0.0,0.0,0.0,0.0,0.0,0.0,0.0,0.0,8000.0,250.0,0.0,250.0,250.0,250.0,250.0,0.0,250.0,250.0,0.0,0.0,0.0,0.0,0.0,0.0,0.0,0.0,0.0,64.0,0.0,8000.0,0.0,0.0,0.0,0.0,0.0,0.0,0.0,0.0,0.0,0.0,1.0,0.0,0.0,0.0,0.0,0.0,0.0,0.0,64.0,0.0,0.0,0.0,0.0,0.0,0.0,2.0,0.0,0.0,0.0,251.0,-1.0,0.0,32.0,0.0,0.0,0.0,0.0,0.0,0.0,0.0,0.0,Normal
8080.0,12662.0,3.0,4.0,111.0,220.0,111.0,0.0,37.0,64.08588,185.0,0.0,55.0,88.223206,26141.209,552.83527,2110.3333,3564.667,9265.0,0.0,1591.0,795.5,960.9581,1475.0,116.0,11763.0,3921.0,4793.6157,9265.0,0.0,0.0,0.0,0.0,0.0,104.0,136.0,236.9294,315.90585,0.0,185.0,41.375,69.77093,4867.982,0.0,0.0,0.0,1.0,0.0,0.0,0.0,0.0,1.0,47.285713,37.0,55.0,104.0,0.0,0.0,0.0,0.0,0.0,0.0,3.0,111.0,4.0,220.0,64240.0,255.0,1.0,32.0,0.0,0.0,0.0,0.0,0.0,0.0,0.0,0.0,Normal
50018.0,1668.0,1.0,3.0,35.0,0.0,35.0,35.0,35.0,0.0,0.0,0.0,0.0,0.0,20983.213,2398.0815,556.0,950.0521,1653.0,1.0,0.0,0.0,0.0,0.0,0.0,15.0,7.5,9.192389,14.0,1.0,1.0,0.0,0.0,0.0,32.0,108.0,599.5204,1798.5612,0.0,35.0,14.0,19.17029,367.5,0.0,1.0,0.0,0.0,1.0,1.0,0.0,0.0,3.0,17.5,35.0,0.0,32.0,0.0,0.0,0.0,0.0,0.0,0.0,1.0,35.0,3.0,0.0,255.0,251.0,0.0,32.0,0.0,0.0,0.0,0.0,0.0,0.0,0.0,0.0,Normal
8080.0,7051.0,3.0,4.0,111.0,220.0,111.0,0.0,37.0,64.08588,185.0,0.0,55.0,88.223206,46943.695,992.76697,1175.1666,1798.284,4745.0,1.0,1118.0,559.0,644.8814,1015.0,103.0,6491.0,2163.6667,2399.551,4745.0,1.0,0.0,0.0,0.0,0.0,104.0,136.0,425.47156,567.2954,0.0,185.0,41.375,69.77093,4867.982,0.0,0.0,0.0,1.0,0.0,0.0,0.0,0.0,1.0,47.285713,37.0,55.0,104.0,0.0,0.0,0.0,0.0,0.0,0.0,3.0,111.0,4.0,220.0,64240.0,255.0,1.0,32.0,0.0,0.0,0.0,0.0,0.0,0.0,0.0,0.0,Normal
8080.0,271.0,2.0,0.0,0.0,0.0,0.0,0.0,0.0,0.0,0.0,0.0,0.0,0.0,0.0,7380.0737,271.0,0.0,271.0,271.0,271.0,271.0,0.0,271.0,271.0,0.0,0.0,0.0,0.0,0.0,0.0,0.0,0.0,0.0,64.0,0.0,7380.0737,0.0,0.0,0.0,0.0,0.0,0.0,0.0,0.0,0.0,0.0,1.0,0.0,0.0,0.0,0.0,0.0,0.0,0.0,64.0,0.0,0.0,0.0,0.0,0.0,0.0,2.0,0.0,0.0,0.0,251.0,-1.0,0.0,32.0,0.0,0.0,0.0,0.0,0.0,0.0,0.0,0.0,Normal
8080.0,32887.0,3.0,4.0,111.0,220.0,111.0,0.0,37.0,64.08588,185.0,0.0,55.0,88.223206,10064.768,212.85007,5481.1665,5733.4175,14380.0,0.0,18861.0,9430.5,7913.232,15026.0,3835.0,32241.0,10747.0,10871.57,21739.0,0.0,0.0,0.0,0.0,0.0,104.0,136.0,91.22146,121.62861,0.0,185.0,41.375,69.77093,4867.982,0.0,0.0,0.0,1.0,0.0,0.0,0.0,0.0,1.0,47.285713,37.0,55.0,104.0,0.0,0.0,0.0,0.0,0.0,0.0,3.0,111.0,4.0,220.0,64240.0,255.0,1.0,32.0,0.0,0.0,0.0,0.0,0.0,0.0,0.0,0.0,Normal
8080.0,13.0,2.0,0.0,0.0,0.0,0.0,0.0,0.0,0.0,0.0,0.0,0.0,0.0,0.0,153846.16,13.0,0.0,13.0,13.0,13.0,13.0,0.0,13.0,13.0,0.0,0.0,0.0,0.0,0.0,0.0,0.0,0.0,0.0,64.0,0.0,153846.16,0.0,0.0,0.0,0.0,0.0,0.0,0.0,0.0,0.0,0.0,1.0,0.0,0.0,0.0,0.0,0.0,0.0,0.0,64.0,0.0,0.0,0.0,0.0,0.0,0.0,2.0,0.0,0.0,0.0,251.0,-1.0,0.0,32.0,0.0,0.0,0.0,0.0,0.0,0.0,0.0,0.0,Normal
8080.0,4386.0,3.0,4.0,111.0,220.0,111.0,0.0,37.0,64.08588,185.0,0.0,55.0,88.223206,75467.4,1595.9872,731.0,696.88275,1640.0,1.0,2335.0,1167.5,1125.0068,1963.0,372.0,2808.0,936.0,843.56445,1640.0,1.0,0.0,0.0,0.0,0.0,104.0,136.0,683.9945,911.9927,0.0,185.0,41.375,69.77093,4867.982,0.0,0.0,0.0,1.0,0.0,0.0,0.0,0.0,1.0,47.285713,37.0,55.0,104.0,0.0,0.0,0.0,0.0,0.0,0.0,3.0,111.0,4.0,220.0,64240.0,255.0,1.0,32.0,0.0,0.0,0.0,0.0,0.0,0.0,0.0,0.0,Normal
8080.0,106.0,2.0,0.0,0.0,0.0,0.0,0.0,0.0,0.0,0.0,0.0,0.0,0.0,0.0,18867.924,106.0,0.0,106.0,106.0,106.0,106.0,0.0,106.0,106.0,0.0,0.0,0.0,0.0,0.0,0.0,0.0,0.0,0.0,64.0,0.0,18867.924,0.0,0.0,0.0,0.0,0.0,0.0,0.0,0.0,0.0,0.0,1.0,0.0,0.0,0.0,0.0,0.0,0.0,0.0,64.0,0.0,0.0,0.0,0.0,0.0,0.0,2.0,0.0,0.0,0.0,251.0,-1.0,0.0,32.0,0.0,0.0,0.0,0.0,0.0,0.0,0.0,0.0,Normal
8080.0,7864.0,3.0,4.0,111.0,220.0,111.0,0.0,37.0,64.08588,185.0,0.0,55.0,88.223206,42090.54,890.13226,1310.6666,2390.9937,6156.0,0.0,1403.0,701.5,819.53674,1281.0,122.0,7041.0,2347.0,3328.2378,6156.0,0.0,0.0,0.0,0.0,0.0,104.0,136.0,381.48526,508.647,0.0,185.0,41.375,69.77093,4867.982,0.0,0.0,0.0,1.0,0.0,0.0,0.0,0.0,1.0,47.285713,37.0,55.0,104.0,0.0,0.0,0.0,0.0,0.0,0.0,3.0,111.0,4.0,220.0,64240.0,255.0,1.0,32.0,0.0,0.0,0.0,0.0,0.0,0.0,0.0,0.0,Normal
8080.0,266.0,2.0,0.0,0.0,0.0,0.0,0.0,0.0,0.0,0.0,0.0,0.0,0.0,0.0,7518.797,266.0,0.0,266.0,266.0,266.0,266.0,0.0,266.0,266.0,0.0,0.0,0.0,0.0,0.0,0.0,0.0,0.0,0.0,64.0,0.0,7518.797,0.0,0.0,0.0,0.0,0.0,0.0,0.0,0.0,0.0,0.0,1.0,0.0,0.0,0.0,0.0,0.0,0.0,0.0,64.0,0.0,0.0,0.0,0.0,0.0,0.0,2.0,0.0,0.0,0.0,251.0,-1.0,0.0,32.0,0.0,0.0,0.0,0.0,0.0,0.0,0.0,0.0,Normal
8080.0,2195.0,3.0,4.0,111.0,220.0,111.0,0.0,37.0,64.08588,185.0,0.0,55.0,88.223206,150797.27,3189.0662,365.83334,264.45523,660.0,1.0,1061.0,530.5,605.99054,959.0,102.0,1608.0,536.0,485.0371,947.0,1.0,0.0,0.0,0.0,0.0,104.0,136.0,1366.7426,1822.3235,0.0,185.0,41.375,69.77093,4867.982,0.0,0.0,0.0,1.0,0.0,0.0,0.0,0.0,1.0,47.285713,37.0,55.0,104.0,0.0,0.0,0.0,0.0,0.0,0.0,3.0,111.0,4.0,220.0,64240.0,255.0,1.0,32.0,0.0,0.0,0.0,0.0,0.0,0.0,0.0,0.0,Normal
8080.0,157.0,2.0,0.0,0.0,0.0,0.0,0.0,0.0,0.0,0.0,0.0,0.0,0.0,0.0,12738.854,157.0,0.0,157.0,157.0,157.0,157.0,0.0,157.0,157.0,0.0,0.0,0.0,0.0,0.0,0.0,0.0,0.0,0.0,64.0,0.0,12738.854,0.0,0.0,0.0,0.0,0.0,0.0,0.0,0.0,0.0,0.0,1.0,0.0,0.0,0.0,0.0,0.0,0.0,0.0,64.0,0.0,0.0,0.0,0.0,0.0,0.0,2.0,0.0,0.0,0.0,251.0,-1.0,0.0,32.0,0.0,0.0,0.0,0.0,0.0,0.0,0.0,0.0,Normal
8080.0,4091.0,3.0,4.0,111.0,220.0,111.0,0.0,37.0,64.08588,185.0,0.0,55.0,88.223206,80909.31,1711.0731,681.8333,433.241,1440.0,219.0,1311.0,655.5,617.3042,1092.0,219.0,3502.0,1167.3334,268.597,1440.0,903.0,0.0,0.0,0.0,0.0,104.0,136.0,733.317,977.75604,0.0,185.0,41.375,69.77093,4867.982,0.0,0.0,0.0,1.0,0.0,0.0,0.0,0.0,1.0,47.285713,37.0,55.0,104.0,0.0,0.0,0.0,0.0,0.0,0.0,3.0,111.0,4.0,220.0,64240.0,255.0,1.0,32.0,0.0,0.0,0.0,0.0,0.0,0.0,0.0,0.0,Normal
8080.0,241.0,2.0,0.0,0.0,0.0,0.0,0.0,0.0,0.0,0.0,0.0,0.0,0.0,0.0,8298.755,241.0,0.0,241.0,241.0,241.0,241.0,0.0,241.0,241.0,0.0,0.0,0.0,0.0,0.0,0.0,0.0,0.0,0.0,64.0,0.0,8298.755,0.0,0.0,0.0,0.0,0.0,0.0,0.0,0.0,0.0,0.0,1.0,0.0,0.0,0.0,0.0,0.0,0.0,0.0,64.0,0.0,0.0,0.0,0.0,0.0,0.0,2.0,0.0,0.0,0.0,251.0,-1.0,0.0,32.0,0.0,0.0,0.0,0.0,0.0,0.0,0.0,0.0,Normal
8080.0,3797.0,3.0,4.0,111.0,220.0,111.0,0.0,37.0,64.08588,185.0,0.0,55.0,88.223206,87174.086,1843.5607,632.8333,522.5757,1405.0,0.0,1449.0,724.5,860.54895,1333.0,116.0,3091.0,1030.3334,903.28864,1686.0,0.0,0.0,0.0,0.0,0.0,104.0,136.0,790.0975,1053.4633,0.0,185.0,41.375,69.77093,4867.982,0.0,0.0,0.0,1.0,0.0,0.0,0.0,0.0,1.0,47.285713,37.0,55.0,104.0,0.0,0.0,0.0,0.0,0.0,0.0,3.0,111.0,4.0,220.0,64240.0,255.0,1.0,32.0,0.0,0.0,0.0,0.0,0.0,0.0,0.0,0.0,Normal
8080.0,144.0,2.0,0.0,0.0,0.0,0.0,0.0,0.0,0.0,0.0,0.0,0.0,0.0,0.0,13888.889,144.0,0.0,144.0,144.0,144.0,144.0,0.0,144.0,144.0,0.0,0.0,0.0,0.0,0.0,0.0,0.0,0.0,0.0,64.0,0.0,13888.889,0.0,0.0,0.0,0.0,0.0,0.0,0.0,0.0,0.0,0.0,1.0,0.0,0.0,0.0,0.0,0.0,0.0,0.0,64.0,0.0,0.0,0.0,0.0,0.0,0.0,2.0,0.0,0.0,0.0,251.0,-1.0,0.0,32.0,0.0,0.0,0.0,0.0,0.0,0.0,0.0,0.0,Normal
8080.0,4144.0,3.0,4.0,111.0,220.0,111.0,0.0,37.0,64.08588,185.0,0.0,55.0,88.223206,79874.516,1689.1892,690.6667,637.31177,1948.0,154.0,1319.0,659.5,714.88495,1165.0,154.0,3503.0,1167.6666,735.9771,1948.0,486.0,0.0,0.0,0.0,0.0,104.0,136.0,723.93823,965.251,0.0,185.0,41.375,69.77093,4867.982,0.0,0.0,0.0,1.0,0.0,0.0,0.0,0.0,1.0,47.285713,37.0,55.0,104.0,0.0,0.0,0.0,0.0,0.0,0.0,3.0,111.0,4.0,220.0,64240.0,255.0,1.0,32.0,0.0,0.0,0.0,0.0,0.0,0.0,0.0,0.0,Normal
8080.0,153.0,2.0,0.0,0.0,0.0,0.0,0.0,0.0,0.0,0.0,0.0,0.0,0.0,0.0,13071.8955,153.0,0.0,153.0,153.0,153.0,153.0,0.0,153.0,153.0,0.0,0.0,0.0,0.0,0.0,0.0,0.0,0.0,0.0,64.0,0.0,13071.8955,0.0,0.0,0.0,0.0,0.0,0.0,0.0,0.0,0.0,0.0,1.0,0.0,0.0,0.0,0.0,0.0,0.0,0.0,64.0,0.0,0.0,0.0,0.0,0.0,0.0,2.0,0.0,0.0,0.0,251.0,-1.0,0.0,32.0,0.0,0.0,0.0,0.0,0.0,0.0,0.0,0.0,Normal
8080.0,3479.0,3.0,4.0,111.0,220.0,111.0,0.0,37.0,64.08588,185.0,0.0,55.0,88.223206,95142.28,2012.0724,579.8333,498.02225,1358.0,0.0,1720.0,860.0,963.0794,1541.0,179.0,2580.0,860.0,747.8797,1358.0,0.0,0.0,0.0,0.0,0.0,104.0,136.0,862.3168,1149.7557,0.0,185.0,41.375,69.77093,4867.982,0.0,0.0,0.0,1.0,0.0,0.0,0.0,0.0,1.0,47.285713,37.0,55.0,104.0,0.0,0.0,0.0,0.0,0.0,0.0,3.0,111.0,4.0,220.0,64240.0,255.0,1.0,32.0,0.0,0.0,0.0,0.0,0.0,0.0,0.0,0.0,Normal
8080.0,201.0,2.0,0.0,0.0,0.0,0.0,0.0,0.0,0.0,0.0,0.0,0.0,0.0,0.0,9950.249,201.0,0.0,201.0,201.0,201.0,201.0,0.0,201.0,201.0,0.0,0.0,0.0,0.0,0.0,0.0,0.0,0.0,0.0,64.0,0.0,9950.249,0.0,0.0,0.0,0.0,0.0,0.0,0.0,0.0,0.0,0.0,1.0,0.0,0.0,0.0,0.0,0.0,0.0,0.0,64.0,0.0,0.0,0.0,0.0,0.0,0.0,2.0,0.0,0.0,0.0,251.0,-1.0,0.0,32.0,0.0,0.0,0.0,0.0,0.0,0.0,0.0,0.0,Normal
8080.0,3591.0,3.0,4.0,111.0,220.0,111.0,0.0,37.0,64.08588,185.0,0.0,55.0,88.223206,92174.88,1949.3177,598.5,355.81274,1013.0,146.0,1423.0,711.5,799.7378,1277.0,146.0,2889.0,963.0,711.3192,1648.0,228.0,0.0,0.0,0.0,0.0,104.0,136.0,835.4219,1113.8959,0.0,185.0,41.375,69.77093,4867.982,0.0,0.0,0.0,1.0,0.0,0.0,0.0,0.0,1.0,47.285713,37.0,55.0,104.0,0.0,0.0,0.0,0.0,0.0,0.0,3.0,111.0,4.0,220.0,64240.0,255.0,1.0,32.0,0.0,0.0,0.0,0.0,0.0,0.0,0.0,0.0,Normal
8080.0,218.0,2.0,0.0,0.0,0.0,0.0,0.0,0.0,0.0,0.0,0.0,0.0,0.0,0.0,9174.312,218.0,0.0,218.0,218.0,218.0,218.0,0.0,218.0,218.0,0.0,0.0,0.0,0.0,0.0,0.0,0.0,0.0,0.0,64.0,0.0,9174.312,0.0,0.0,0.0,0.0,0.0,0.0,0.0,0.0,0.0,0.0,1.0,0.0,0.0,0.0,0.0,0.0,0.0,0.0,64.0,0.0,0.0,0.0,0.0,0.0,0.0,2.0,0.0,0.0,0.0,251.0,-1.0,0.0,32.0,0.0,0.0,0.0,0.0,0.0,0.0,0.0,0.0,Normal
8080.0,3286.0,3.0,4.0,111.0,220.0,111.0,0.0,37.0,64.08588,185.0,0.0,55.0,88.223206,100730.375,2130.2495,547.6667,438.47266,1403.0,151.0,1135.0,567.5,589.01996,984.0,151.0,2740.0,913.3333,515.72504,1403.0,375.0,0.0,0.0,0.0,0.0,104.0,136.0,912.9641,1217.2854,0.0,185.0,41.375,69.77093,4867.982,0.0,0.0,0.0,1.0,0.0,0.0,0.0,0.0,1.0,47.285713,37.0,55.0,104.0,0.0,0.0,0.0,0.0,0.0,0.0,3.0,111.0,4.0,220.0,64240.0,255.0,1.0,32.0,0.0,0.0,0.0,0.0,0.0,0.0,0.0,0.0,Normal
8080.0,140.0,2.0,0.0,0.0,0.0,0.0,0.0,0.0,0.0,0.0,0.0,0.0,0.0,0.0,14285.714,140.0,0.0,140.0,140.0,140.0,140.0,0.0,140.0,140.0,0.0,0.0,0.0,0.0,0.0,0.0,0.0,0.0,0.0,64.0,0.0,14285.714,0.0,0.0,0.0,0.0,0.0,0.0,0.0,0.0,0.0,0.0,1.0,0.0,0.0,0.0,0.0,0.0,0.0,0.0,64.0,0.0,0.0,0.0,0.0,0.0,0.0,2.0,0.0,0.0,0.0,251.0,-1.0,0.0,32.0,0.0,0.0,0.0,0.0,0.0,0.0,0.0,0.0,Normal
8080.0,2693.0,3.0,4.0,111.0,220.0,111.0,0.0,37.0,64.08588,185.0,0.0,55.0,88.223206,122911.25,2599.3315,448.83334,499.0689,1416.0,0.0,905.0,452.5,422.14276,751.0,154.0,2268.0,756.0,712.8646,1416.0,0.0,0.0,0.0,0.0,0.0,104.0,136.0,1113.9993,1485.3324,0.0,185.0,41.375,69.77093,4867.982,0.0,0.0,0.0,1.0,0.0,0.0,0.0,0.0,1.0,47.285713,37.0,55.0,104.0,0.0,0.0,0.0,0.0,0.0,0.0,3.0,111.0,4.0,220.0,64240.0,255.0,1.0,32.0,0.0,0.0,0.0,0.0,0.0,0.0,0.0,0.0,Normal
8080.0,156.0,2.0,0.0,0.0,0.0,0.0,0.0,0.0,0.0,0.0,0.0,0.0,0.0,0.0,12820.513,156.0,0.0,156.0,156.0,156.0,156.0,0.0,156.0,156.0,0.0,0.0,0.0,0.0,0.0,0.0,0.0,0.0,0.0,64.0,0.0,12820.513,0.0,0.0,0.0,0.0,0.0,0.0,0.0,0.0,0.0,0.0,1.0,0.0,0.0,0.0,0.0,0.0,0.0,0.0,64.0,0.0,0.0,0.0,0.0,0.0,0.0,2.0,0.0,0.0,0.0,251.0,-1.0,0.0,32.0,0.0,0.0,0.0,0.0,0.0,0.0,0.0,0.0,Normal
8080.0,2905.0,3.0,4.0,111.0,220.0,111.0,0.0,37.0,64.08588,185.0,0.0,55.0,88.223206,113941.48,2409.6387,484.16666,533.5292,1449.0,0.0,1076.0,538.0,739.63367,1061.0,15.0,2268.0,756.0,726.55145,1449.0,0.0,0.0,0.0,0.0,0.0,104.0,136.0,1032.7023,1376.9363,0.0,185.0,41.375,69.77093,4867.982,0.0,0.0,0.0,1.0,0.0,0.0,0.0,0.0,1.0,47.285713,37.0,55.0,104.0,0.0,0.0,0.0,0.0,0.0,0.0,3.0,111.0,4.0,220.0,64240.0,255.0,1.0,32.0,0.0,0.0,0.0,0.0,0.0,0.0,0.0,0.0,Normal
8080.0,186.0,2.0,0.0,0.0,0.0,0.0,0.0,0.0,0.0,0.0,0.0,0.0,0.0,0.0,10752.688,186.0,0.0,186.0,186.0,186.0,186.0,0.0,186.0,186.0,0.0,0.0,0.0,0.0,0.0,0.0,0.0,0.0,0.0,64.0,0.0,10752.688,0.0,0.0,0.0,0.0,0.0,0.0,0.0,0.0,0.0,0.0,1.0,0.0,0.0,0.0,0.0,0.0,0.0,0.0,64.0,0.0,0.0,0.0,0.0,0.0,0.0,2.0,0.0,0.0,0.0,251.0,-1.0,0.0,32.0,0.0,0.0,0.0,0.0,0.0,0.0,0.0,0.0,Normal
8080.0,4834.0,3.0,4.0,111.0,220.0,111.0,0.0,37.0,64.08588,185.0,0.0,55.0,88.223206,68473.31,1448.0762,805.6667,1163.0686,3142.0,103.0,1300.0,650.0,685.89355,1135.0,165.0,4165.0,1388.3334,1572.6991,3142.0,103.0,0.0,0.0,0.0,0.0,104.0,136.0,620.60406,827.47205,0.0,185.0,41.375,69.77093,4867.982,0.0,0.0,0.0,1.0,0.0,0.0,0.0,0.0,1.0,47.285713,37.0,55.0,104.0,0.0,0.0,0.0,0.0,0.0,0.0,3.0,111.0,4.0,220.0,64240.0,255.0,1.0,32.0,0.0,0.0,0.0,0.0,0.0,0.0,0.0,0.0,Normal
8080.0,192.0,2.0,0.0,0.0,0.0,0.0,0.0,0.0,0.0,0.0,0.0,0.0,0.0,0.0,10416.667,192.0,0.0,192.0,192.0,192.0,192.0,0.0,192.0,192.0,0.0,0.0,0.0,0.0,0.0,0.0,0.0,0.0,0.0,64.0,0.0,10416.667,0.0,0.0,0.0,0.0,0.0,0.0,0.0,0.0,0.0,0.0,1.0,0.0,0.0,0.0,0.0,0.0,0.0,0.0,64.0,0.0,0.0,0.0,0.0,0.0,0.0,2.0,0.0,0.0,0.0,251.0,-1.0,0.0,32.0,0.0,0.0,0.0,0.0,0.0,0.0,0.0,0.0,Normal
8080.0,18325.0,3.0,4.0,111.0,220.0,111.0,0.0,37.0,64.08588,185.0,0.0,55.0,88.223206,18062.756,381.99182,3054.1667,6218.6797,15712.0,0.0,1617.0,808.5,1127.8353,1606.0,11.0,17821.0,5940.3335,9439.543,16825.0,0.0,0.0,0.0,0.0,0.0,104.0,136.0,163.71078,218.28104,0.0,185.0,41.375,69.77093,4867.982,0.0,0.0,0.0,1.0,0.0,0.0,0.0,0.0,1.0,47.285713,37.0,55.0,104.0,0.0,0.0,0.0,0.0,0.0,0.0,3.0,111.0,4.0,220.0,64240.0,255.0,1.0,32.0,0.0,0.0,0.0,0.0,0.0,0.0,0.0,0.0,Normal
8080.0,10.0,2.0,0.0,0.0,0.0,0.0,0.0,0.0,0.0,0.0,0.0,0.0,0.0,0.0,200000.0,10.0,0.0,10.0,10.0,10.0,10.0,0.0,10.0,10.0,0.0,0.0,0.0,0.0,0.0,0.0,0.0,0.0,0.0,64.0,0.0,200000.0,0.0,0.0,0.0,0.0,0.0,0.0,0.0,0.0,0.0,0.0,1.0,0.0,0.0,0.0,0.0,0.0,0.0,0.0,64.0,0.0,0.0,0.0,0.0,0.0,0.0,2.0,0.0,0.0,0.0,251.0,-1.0,0.0,32.0,0.0,0.0,0.0,0.0,0.0,0.0,0.0,0.0,Normal
8080.0,3952.0,3.0,4.0,111.0,220.0,111.0,0.0,37.0,64.08588,185.0,0.0,55.0,88.223206,83755.06,1771.255,658.6667,883.3309,2387.0,0.0,1283.0,641.5,692.25757,1131.0,152.0,3207.0,1069.0,1212.8243,2387.0,0.0,0.0,0.0,0.0,0.0,104.0,136.0,759.1093,1012.14575,0.0,185.0,41.375,69.77093,4867.982,0.0,0.0,0.0,1.0,0.0,0.0,0.0,0.0,1.0,47.285713,37.0,55.0,104.0,0.0,0.0,0.0,0.0,0.0,0.0,3.0,111.0,4.0,220.0,64240.0,255.0,1.0,32.0,0.0,0.0,0.0,0.0,0.0,0.0,0.0,0.0,Normal
8080.0,95.0,2.0,0.0,0.0,0.0,0.0,0.0,0.0,0.0,0.0,0.0,0.0,0.0,0.0,21052.63,95.0,0.0,95.0,95.0,95.0,95.0,0.0,95.0,95.0,0.0,0.0,0.0,0.0,0.0,0.0,0.0,0.0,0.0,64.0,0.0,21052.63,0.0,0.0,0.0,0.0,0.0,0.0,0.0,0.0,0.0,0.0,1.0,0.0,0.0,0.0,0.0,0.0,0.0,0.0,64.0,0.0,0.0,0.0,0.0,0.0,0.0,2.0,0.0,0.0,0.0,251.0,-1.0,0.0,32.0,0.0,0.0,0.0,0.0,0.0,0.0,0.0,0.0,Normal
8080.0,7743.0,3.0,4.0,111.0,220.0,111.0,0.0,37.0,64.08588,185.0,0.0,55.0,88.223206,42748.29,904.04236,1290.5,1894.3505,5057.0,1.0,2174.0,1087.0,1333.6034,2030.0,144.0,6827.0,2275.6667,2565.7976,5057.0,1.0,0.0,0.0,0.0,0.0,104.0,136.0,387.44672,516.59564,0.0,185.0,41.375,69.77093,4867.982,0.0,0.0,0.0,1.0,0.0,0.0,0.0,0.0,1.0,47.285713,37.0,55.0,104.0,0.0,0.0,0.0,0.0,0.0,0.0,3.0,111.0,4.0,220.0,64240.0,255.0,1.0,32.0,0.0,0.0,0.0,0.0,0.0,0.0,0.0,0.0,Normal
8080.0,168.0,2.0,0.0,0.0,0.0,0.0,0.0,0.0,0.0,0.0,0.0,0.0,0.0,0.0,11904.762,168.0,0.0,168.0,168.0,168.0,168.0,0.0,168.0,168.0,0.0,0.0,0.0,0.0,0.0,0.0,0.0,0.0,0.0,64.0,0.0,11904.762,0.0,0.0,0.0,0.0,0.0,0.0,0.0,0.0,0.0,0.0,1.0,0.0,0.0,0.0,0.0,0.0,0.0,0.0,64.0,0.0,0.0,0.0,0.0,0.0,0.0,2.0,0.0,0.0,0.0,251.0,-1.0,0.0,32.0,0.0,0.0,0.0,0.0,0.0,0.0,0.0,0.0,Normal
8080.0,3491.0,3.0,4.0,111.0,220.0,111.0,0.0,37.0,64.08588,185.0,0.0,55.0,88.223206,94815.24,2005.1561,581.8333,572.3577,1325.0,0.0,1804.0,902.0,1237.4369,1777.0,27.0,2284.0,761.3333,684.259,1325.0,0.0,0.0,0.0,0.0,0.0,104.0,136.0,859.3526,1145.8035,0.0,185.0,41.375,69.77093,4867.982,0.0,0.0,0.0,1.0,0.0,0.0,0.0,0.0,1.0,47.285713,37.0,55.0,104.0,0.0,0.0,0.0,0.0,0.0,0.0,3.0,111.0,4.0,220.0,64240.0,255.0,1.0,32.0,0.0,0.0,0.0,0.0,0.0,0.0,0.0,0.0,Normal
8080.0,110.0,2.0,0.0,0.0,0.0,0.0,0.0,0.0,0.0,0.0,0.0,0.0,0.0,0.0,18181.818,110.0,0.0,110.0,110.0,110.0,110.0,0.0,110.0,110.0,0.0,0.0,0.0,0.0,0.0,0.0,0.0,0.0,0.0,64.0,0.0,18181.818,0.0,0.0,0.0,0.0,0.0,0.0,0.0,0.0,0.0,0.0,1.0,0.0,0.0,0.0,0.0,0.0,0.0,0.0,64.0,0.0,0.0,0.0,0.0,0.0,0.0,2.0,0.0,0.0,0.0,251.0,-1.0,0.0,32.0,0.0,0.0,0.0,0.0,0.0,0.0,0.0,0.0,Normal
8080.0,2700.0,3.0,4.0,111.0,220.0,111.0,0.0,37.0,64.08588,185.0,0.0,55.0,88.223206,122592.59,2592.5925,450.0,515.81934,1443.0,1.0,930.0,465.0,517.6022,831.0,99.0,2255.0,751.6667,722.8287,1443.0,1.0,0.0,0.0,0.0,0.0,104.0,136.0,1111.1111,1481.4814,0.0,185.0,41.375,69.77093,4867.982,0.0,0.0,0.0,1.0,0.0,0.0,0.0,0.0,1.0,47.285713,37.0,55.0,104.0,0.0,0.0,0.0,0.0,0.0,0.0,3.0,111.0,4.0,220.0,64240.0,255.0,1.0,32.0,0.0,0.0,0.0,0.0,0.0,0.0,0.0,0.0,Normal
8080.0,95.0,2.0,0.0,0.0,0.0,0.0,0.0,0.0,0.0,0.0,0.0,0.0,0.0,0.0,21052.63,95.0,0.0,95.0,95.0,95.0,95.0,0.0,95.0,95.0,0.0,0.0,0.0,0.0,0.0,0.0,0.0,0.0,0.0,64.0,0.0,21052.63,0.0,0.0,0.0,0.0,0.0,0.0,0.0,0.0,0.0,0.0,1.0,0.0,0.0,0.0,0.0,0.0,0.0,0.0,64.0,0.0,0.0,0.0,0.0,0.0,0.0,2.0,0.0,0.0,0.0,251.0,-1.0,0.0,32.0,0.0,0.0,0.0,0.0,0.0,0.0,0.0,0.0,Normal
8080.0,3767.0,3.0,4.0,111.0,220.0,111.0,0.0,37.0,64.08588,185.0,0.0,55.0,88.223206,87868.33,1858.2427,627.8333,599.6434,1691.0,1.0,1646.0,823.0,924.8957,1477.0,169.0,3023.0,1007.6667,890.18726,1691.0,1.0,0.0,0.0,0.0,0.0,104.0,136.0,796.3897,1061.8529,0.0,185.0,41.375,69.77093,4867.982,0.0,0.0,0.0,1.0,0.0,0.0,0.0,0.0,1.0,47.285713,37.0,55.0,104.0,0.0,0.0,0.0,0.0,0.0,0.0,3.0,111.0,4.0,220.0,64240.0,255.0,1.0,32.0,0.0,0.0,0.0,0.0,0.0,0.0,0.0,0.0,Normal
8080.0,243.0,2.0,0.0,0.0,0.0,0.0,0.0,0.0,0.0,0.0,0.0,0.0,0.0,0.0,8230.453,243.0,0.0,243.0,243.0,243.0,243.0,0.0,243.0,243.0,0.0,0.0,0.0,0.0,0.0,0.0,0.0,0.0,0.0,64.0,0.0,8230.453,0.0,0.0,0.0,0.0,0.0,0.0,0.0,0.0,0.0,0.0,1.0,0.0,0.0,0.0,0.0,0.0,0.0,0.0,64.0,0.0,0.0,0.0,0.0,0.0,0.0,2.0,0.0,0.0,0.0,251.0,-1.0,0.0,32.0,0.0,0.0,0.0,0.0,0.0,0.0,0.0,0.0,Normal
8080.0,3685.0,3.0,4.0,111.0,220.0,111.0,0.0,37.0,64.08588,185.0,0.0,55.0,88.223206,89823.61,1899.5929,614.1667,649.31885,1840.0,1.0,1347.0,673.5,729.0271,1189.0,158.0,3032.0,1010.6667,932.6684,1840.0,1.0,0.0,0.0,0.0,0.0,104.0,136.0,814.11127,1085.4817,0.0,185.0,41.375,69.77093,4867.982,0.0,0.0,0.0,1.0,0.0,0.0,0.0,0.0,1.0,47.285713,37.0,55.0,104.0,0.0,0.0,0.0,0.0,0.0,0.0,3.0,111.0,4.0,220.0,64240.0,255.0,1.0,32.0,0.0,0.0,0.0,0.0,0.0,0.0,0.0,0.0,Normal
8080.0,177.0,2.0,0.0,0.0,0.0,0.0,0.0,0.0,0.0,0.0,0.0,0.0,0.0,0.0,11299.435,177.0,0.0,177.0,177.0,177.0,177.0,0.0,177.0,177.0,0.0,0.0,0.0,0.0,0.0,0.0,0.0,0.0,0.0,64.0,0.0,11299.435,0.0,0.0,0.0,0.0,0.0,0.0,0.0,0.0,0.0,0.0,1.0,0.0,0.0,0.0,0.0,0.0,0.0,0.0,64.0,0.0,0.0,0.0,0.0,0.0,0.0,2.0,0.0,0.0,0.0,251.0,-1.0,0.0,32.0,0.0,0.0,0.0,0.0,0.0,0.0,0.0,0.0,Normal
8080.0,2768.0,3.0,4.0,111.0,220.0,111.0,0.0,37.0,64.08588,185.0,0.0,55.0,88.223206,119580.92,2528.9019,461.33334,492.85602,1389.0,0.0,1055.0,527.5,577.70624,936.0,119.0,2250.0,750.0,701.1212,1389.0,0.0,0.0,0.0,0.0,0.0,104.0,136.0,1083.8151,1445.0867,0.0,185.0,41.375,69.77093,4867.982,0.0,0.0,0.0,1.0,0.0,0.0,0.0,0.0,1.0,47.285713,37.0,55.0,104.0,0.0,0.0,0.0,0.0,0.0,0.0,3.0,111.0,4.0,220.0,64240.0,255.0,1.0,32.0,0.0,0.0,0.0,0.0,0.0,0.0,0.0,0.0,Normal
8080.0,12.0,2.0,0.0,0.0,0.0,0.0,0.0,0.0,0.0,0.0,0.0,0.0,0.0,0.0,166666.67,12.0,0.0,12.0,12.0,12.0,12.0,0.0,12.0,12.0,0.0,0.0,0.0,0.0,0.0,0.0,0.0,0.0,0.0,64.0,0.0,166666.67,0.0,0.0,0.0,0.0,0.0,0.0,0.0,0.0,0.0,0.0,1.0,0.0,0.0,0.0,0.0,0.0,0.0,0.0,64.0,0.0,0.0,0.0,0.0,0.0,0.0,2.0,0.0,0.0,0.0,251.0,-1.0,0.0,32.0,0.0,0.0,0.0,0.0,0.0,0.0,0.0,0.0,Normal
34054.0,338.0,2.0,1.0,35.0,0.0,35.0,0.0,17.5,24.748737,0.0,0.0,0.0,0.0,103550.3,8875.739,169.0,60.811184,212.0,126.0,212.0,212.0,0.0,212.0,212.0,0.0,0.0,0.0,0.0,0.0,1.0,0.0,0.0,0.0,64.0,44.0,5917.1597,2958.5798,0.0,35.0,17.5,20.20726,408.33334,0.0,1.0,0.0,0.0,1.0,1.0,0.0,0.0,0.0,23.333334,17.5,0.0,64.0,0.0,0.0,0.0,0.0,0.0,0.0,2.0,35.0,1.0,0.0,255.0,251.0,0.0,32.0,0.0,0.0,0.0,0.0,0.0,0.0,0.0,0.0,Normal
8080.0,200.0,1.0,1.0,0.0,0.0,0.0,0.0,0.0,0.0,0.0,0.0,0.0,0.0,0.0,10000.0,200.0,0.0,200.0,200.0,0.0,0.0,0.0,0.0,0.0,0.0,0.0,0.0,0.0,0.0,0.0,0.0,0.0,0.0,32.0,32.0,5000.0,5000.0,0.0,0.0,0.0,0.0,0.0,0.0,0.0,0.0,0.0,1.0,0.0,0.0,0.0,1.0,0.0,0.0,0.0,32.0,0.0,0.0,0.0,0.0,0.0,0.0,1.0,0.0,1.0,0.0,251.0,255.0,0.0,32.0,0.0,0.0,0.0,0.0,0.0,0.0,0.0,0.0,Normal
8080.0,535.0,1.0,1.0,0.0,0.0,0.0,0.0,0.0,0.0,0.0,0.0,0.0,0.0,0.0,3738.3179,535.0,0.0,535.0,535.0,0.0,0.0,0.0,0.0,0.0,0.0,0.0,0.0,0.0,0.0,0.0,0.0,0.0,0.0,44.0,32.0,1869.1589,1869.1589,0.0,0.0,0.0,0.0,0.0,0.0,0.0,0.0,0.0,1.0,0.0,0.0,0.0,1.0,0.0,0.0,0.0,44.0,0.0,0.0,0.0,0.0,0.0,0.0,1.0,0.0,1.0,0.0,251.0,255.0,0.0,44.0,0.0,0.0,0.0,0.0,0.0,0.0,0.0,0.0,Normal
